Training on device: cuda
Parallel envs: 512
Rollout steps: 64
Batch per update: 32768
PPO config: lr=0.0001, ppo_epochs=2, num_minibatches=16, kl_target=0.05
[kaggle_environments.envs.open_spiel_env.open_spiel_env] INFO: Successfully loaded OpenSpiel environments: 24.
[kaggle_environments.envs.open_spiel_env.open_spiel_env] INFO:    open_spiel_amazons
[kaggle_environments.envs.open_spiel_env.open_spiel_env] INFO:    open_spiel_backgammon
[kaggle_environments.envs.open_spiel_env.open_spiel_env] INFO:    open_spiel_checkers
[kaggle_environments.envs.open_spiel_env.open_spiel_env] INFO:    open_spiel_chess
[kaggle_environments.envs.open_spiel_env.open_spiel_env] INFO:    open_spiel_clobber
[kaggle_environments.envs.open_spiel_env.open_spiel_env] INFO:    open_spiel_coin_game
[kaggle_environments.envs.open_spiel_env.open_spiel_env] INFO:    open_spiel_coin_game_arena
[kaggle_environments.envs.open_spiel_env.open_spiel_env] INFO:    open_spiel_connect_four
[kaggle_environments.envs.open_spiel_env.open_spiel_env] INFO:    open_spiel_dark_hex
[kaggle_environments.envs.open_spiel_env.open_spiel_env] INFO:    open_spiel_gin_rummy
[kaggle_environments.envs.open_spiel_env.open_spiel_env] INFO:    open_spiel_go
[kaggle_environments.envs.open_spiel_env.open_spiel_env] INFO:    open_spiel_goofspiel
[kaggle_environments.envs.open_spiel_env.open_spiel_env] INFO:    open_spiel_hearts
[kaggle_environments.envs.open_spiel_env.open_spiel_env] INFO:    open_spiel_hex
[kaggle_environments.envs.open_spiel_env.open_spiel_env] INFO:    open_spiel_lines_of_action
[kaggle_environments.envs.open_spiel_env.open_spiel_env] INFO:    open_spiel_matching_pennies_3p
[kaggle_environments.envs.open_spiel_env.open_spiel_env] INFO:    open_spiel_oshi_zumo
[kaggle_environments.envs.open_spiel_env.open_spiel_env] INFO:    open_spiel_othello
[kaggle_environments.envs.open_spiel_env.open_spiel_env] INFO:    open_spiel_repeated_game
[kaggle_environments.envs.open_spiel_env.open_spiel_env] INFO:    open_spiel_tic_tac_toe
[kaggle_environments.envs.open_spiel_env.open_spiel_env] INFO:    open_spiel_y
[kaggle_environments.envs.open_spiel_env.open_spiel_env] INFO:    open_spiel_universal_poker
[kaggle_environments.envs.open_spiel_env.open_spiel_env] INFO:    open_spiel_repeated_poker
[kaggle_environments.envs.open_spiel_env.open_spiel_env] INFO:    open_spiel_python_repeated_pokerkit
[kaggle_environments.envs.open_spiel_env.open_spiel_env] INFO: OpenSpiel games skipped: 1.
[kaggle_environments.envs.open_spiel_env.open_spiel_env] INFO:    snake
Model params: 307,482
Resumed from checkpoints/torch_step_5013504.pt
Baseline policy snapshotted for periodic eval.


Starting self-play training (target 100,000,000 env steps)
======================================================================
iter     1 | steps      32,768 | SPS   2,034 | reward +0.000 | clip_frac 0.000 | KL 0.0000 | V_loss 0.0006 | LR 0.000001 | early_stop=0
iter     2 | steps      65,536 | SPS   2,059 | reward -0.333 | clip_frac 0.034 | KL 0.0001 | V_loss 0.0007 | LR 0.000001 | early_stop=0
iter     3 | steps      98,304 | SPS   2,069 | reward +0.200 | clip_frac 0.123 | KL -0.0000 | V_loss 0.0010 | LR 0.000002 | early_stop=0
iter     4 | steps     131,072 | SPS   2,073 | reward +0.333 | clip_frac 0.207 | KL 0.0001 | V_loss 0.0010 | LR 0.000003 | early_stop=0
iter     5 | steps     163,840 | SPS   2,073 | reward +0.375 | clip_frac 0.265 | KL 0.0011 | V_loss 0.0012 | LR 0.000003 | early_stop=0
iter     6 | steps     196,608 | SPS   2,076 | reward +0.263 | clip_frac 0.306 | KL 0.0021 | V_loss 0.0021 | LR 0.000004 | early_stop=0
iter     7 | steps     229,376 | SPS   2,077 | reward +0.143 | clip_frac 0.336 | KL 0.0014 | V_loss 0.0028 | LR 0.000005 | early_stop=0
iter     8 | steps     262,144 | SPS   1,977 | reward +0.150 | clip_frac 0.340 | KL 0.0043 | V_loss 0.0105 | LR 0.000005 | early_stop=0
  ★ best updated: reward=+0.150
iter     9 | steps     294,912 | SPS   1,989 | reward +0.150 | clip_frac 0.304 | KL 0.0002 | V_loss 0.0009 | LR 0.000006 | early_stop=0
iter    10 | steps     327,680 | SPS   1,998 | reward +0.150 | clip_frac 0.289 | KL 0.0005 | V_loss 0.0008 | LR 0.000006 | early_stop=0
iter    11 | steps     360,448 | SPS   2,006 | reward +0.150 | clip_frac 0.295 | KL 0.0003 | V_loss 0.0009 | LR 0.000007 | early_stop=0
iter    12 | steps     393,216 | SPS   2,012 | reward +0.160 | clip_frac 0.310 | KL 0.0017 | V_loss 0.0010 | LR 0.000008 | early_stop=0
iter    13 | steps     425,984 | SPS   2,017 | reward +0.110 | clip_frac 0.324 | KL 0.0014 | V_loss 0.0018 | LR 0.000008 | early_stop=0
iter    14 | steps     458,752 | SPS   2,021 | reward +0.090 | clip_frac 0.338 | KL 0.0037 | V_loss 0.0027 | LR 0.000009 | early_stop=0
iter    15 | steps     491,520 | SPS   2,024 | reward +0.140 | clip_frac 0.348 | KL 0.0029 | V_loss 0.0038 | LR 0.000010 | early_stop=0
iter    16 | steps     524,288 | SPS   1,979 | reward +0.200 | clip_frac 0.342 | KL 0.0024 | V_loss 0.0066 | LR 0.000010 | early_stop=0
  ★ best updated: reward=+0.200
iter    17 | steps     557,056 | SPS   1,985 | reward +0.210 | clip_frac 0.325 | KL 0.0007 | V_loss 0.0011 | LR 0.000011 | early_stop=0
iter    18 | steps     589,824 | SPS   1,990 | reward +0.180 | clip_frac 0.317 | KL 0.0012 | V_loss 0.0011 | LR 0.000012 | early_stop=0
iter    19 | steps     622,592 | SPS   1,994 | reward +0.170 | clip_frac 0.319 | KL 0.0014 | V_loss 0.0012 | LR 0.000012 | early_stop=0
iter    20 | steps     655,360 | SPS   1,998 | reward +0.170 | clip_frac 0.326 | KL 0.0015 | V_loss 0.0019 | LR 0.000013 | early_stop=0
iter    21 | steps     688,128 | SPS   2,000 | reward +0.200 | clip_frac 0.331 | KL 0.0015 | V_loss 0.0031 | LR 0.000013 | early_stop=0
iter    22 | steps     720,896 | SPS   2,003 | reward +0.170 | clip_frac 0.337 | KL 0.0030 | V_loss 0.0031 | LR 0.000014 | early_stop=0
iter    23 | steps     753,664 | SPS   2,006 | reward +0.160 | clip_frac 0.342 | KL 0.0075 | V_loss 0.0034 | LR 0.000015 | early_stop=0
iter    24 | steps     786,432 | SPS   1,980 | reward +0.100 | clip_frac 0.335 | KL 0.0035 | V_loss 0.0072 | LR 0.000015 | early_stop=0
iter    25 | steps     819,200 | SPS   1,984 | reward +0.100 | clip_frac 0.325 | KL 0.0012 | V_loss 0.0011 | LR 0.000016 | early_stop=0
iter    26 | steps     851,968 | SPS   1,987 | reward +0.110 | clip_frac 0.321 | KL 0.0019 | V_loss 0.0015 | LR 0.000017 | early_stop=0
iter    27 | steps     884,736 | SPS   1,990 | reward +0.100 | clip_frac 0.323 | KL 0.0013 | V_loss 0.0015 | LR 0.000017 | early_stop=0
iter    28 | steps     917,504 | SPS   1,993 | reward +0.100 | clip_frac 0.328 | KL 0.0033 | V_loss 0.0018 | LR 0.000018 | early_stop=0
iter    29 | steps     950,272 | SPS   1,995 | reward +0.120 | clip_frac 0.333 | KL 0.0028 | V_loss 0.0023 | LR 0.000019 | early_stop=0
iter    30 | steps     983,040 | SPS   1,997 | reward +0.080 | clip_frac 0.337 | KL 0.0029 | V_loss 0.0028 | LR 0.000019 | early_stop=0
iter    31 | steps   1,015,808 | SPS   1,998 | reward +0.070 | clip_frac 0.342 | KL 0.0132 | V_loss 0.0041 | LR 0.000020 | early_stop=0
iter    32 | steps   1,048,576 | SPS   1,981 | reward +0.210 | clip_frac 0.336 | KL 0.0028 | V_loss 0.0052 | LR 0.000021 | early_stop=0
iter    33 | steps   1,081,344 | SPS   1,984 | reward +0.220 | clip_frac 0.330 | KL 0.0020 | V_loss 0.0013 | LR 0.000021 | early_stop=0
iter    34 | steps   1,114,112 | SPS   1,986 | reward +0.240 | clip_frac 0.330 | KL 0.0030 | V_loss 0.0017 | LR 0.000022 | early_stop=0
  ★ best updated: reward=+0.240
iter    35 | steps   1,146,880 | SPS   1,988 | reward +0.220 | clip_frac 0.333 | KL 0.0026 | V_loss 0.0014 | LR 0.000022 | early_stop=0
iter    36 | steps   1,179,648 | SPS   1,989 | reward +0.240 | clip_frac 0.336 | KL 0.0058 | V_loss 0.0022 | LR 0.000023 | early_stop=0
iter    37 | steps   1,212,416 | SPS   1,990 | reward +0.250 | clip_frac 0.339 | KL 0.0041 | V_loss 0.0029 | LR 0.000024 | early_stop=0
iter    38 | steps   1,245,184 | SPS   1,992 | reward +0.200 | clip_frac 0.340 | KL 0.0032 | V_loss 0.0029 | LR 0.000024 | early_stop=0
iter    39 | steps   1,277,952 | SPS   1,978 | reward +0.100 | clip_frac 0.342 | KL 0.0033 | V_loss 0.0079 | LR 0.000025 | early_stop=0
iter    40 | steps   1,310,720 | SPS   1,981 | reward +0.090 | clip_frac 0.335 | KL 0.0016 | V_loss 0.0011 | LR 0.000026 | early_stop=0
iter    41 | steps   1,343,488 | SPS   1,983 | reward +0.050 | clip_frac 0.331 | KL 0.0029 | V_loss 0.0013 | LR 0.000026 | early_stop=0
iter    42 | steps   1,376,256 | SPS   1,985 | reward +0.040 | clip_frac 0.331 | KL 0.0032 | V_loss 0.0013 | LR 0.000027 | early_stop=0
iter    43 | steps   1,409,024 | SPS   1,986 | reward +0.030 | clip_frac 0.333 | KL 0.0030 | V_loss 0.0014 | LR 0.000028 | early_stop=0
iter    44 | steps   1,441,792 | SPS   1,987 | reward +0.060 | clip_frac 0.335 | KL 0.0033 | V_loss 0.0015 | LR 0.000028 | early_stop=0
iter    45 | steps   1,474,560 | SPS   1,988 | reward +0.020 | clip_frac 0.336 | KL 0.0056 | V_loss 0.0019 | LR 0.000029 | early_stop=0
iter    46 | steps   1,507,328 | SPS   1,989 | reward +0.020 | clip_frac 0.337 | KL 0.0054 | V_loss 0.0028 | LR 0.000029 | early_stop=0
iter    47 | steps   1,540,096 | SPS   1,978 | reward +0.230 | clip_frac 0.337 | KL 0.0055 | V_loss 0.0045 | LR 0.000030 | early_stop=0
iter    48 | steps   1,572,864 | SPS   1,980 | reward +0.250 | clip_frac 0.333 | KL 0.0018 | V_loss 0.0009 | LR 0.000031 | early_stop=0
iter    49 | steps   1,605,632 | SPS   1,982 | reward +0.210 | clip_frac 0.330 | KL 0.0030 | V_loss 0.0012 | LR 0.000031 | early_stop=0
iter    50 | steps   1,638,400 | SPS   1,983 | reward +0.210 | clip_frac 0.330 | KL 0.0028 | V_loss 0.0018 | LR 0.000032 | early_stop=0
iter    51 | steps   1,671,168 | SPS   1,984 | reward +0.180 | clip_frac 0.338 | KL 0.0049 | V_loss 0.0014 | LR 0.000033 | early_stop=0
iter    52 | steps   1,703,936 | SPS   1,985 | reward +0.130 | clip_frac 0.344 | KL 0.0036 | V_loss 0.0016 | LR 0.000033 | early_stop=0
iter    53 | steps   1,736,704 | SPS   1,986 | reward +0.170 | clip_frac 0.345 | KL 0.0052 | V_loss 0.0024 | LR 0.000034 | early_stop=0
iter    54 | steps   1,769,472 | SPS   1,987 | reward +0.160 | clip_frac 0.343 | KL 0.0068 | V_loss 0.0037 | LR 0.000035 | early_stop=0
iter    55 | steps   1,802,240 | SPS   1,978 | reward +0.050 | clip_frac 0.339 | KL 0.0063 | V_loss 0.0054 | LR 0.000035 | early_stop=0
iter    56 | steps   1,835,008 | SPS   1,980 | reward +0.060 | clip_frac 0.332 | KL 0.0033 | V_loss 0.0012 | LR 0.000036 | early_stop=0
iter    57 | steps   1,867,776 | SPS   1,981 | reward +0.070 | clip_frac 0.327 | KL 0.0034 | V_loss 0.0017 | LR 0.000036 | early_stop=0
iter    58 | steps   1,900,544 | SPS   1,982 | reward +0.050 | clip_frac 0.327 | KL 0.0038 | V_loss 0.0019 | LR 0.000037 | early_stop=0
iter    59 | steps   1,933,312 | SPS   1,983 | reward -0.040 | clip_frac 0.336 | KL 0.0065 | V_loss 0.0017 | LR 0.000038 | early_stop=0
iter    60 | steps   1,966,080 | SPS   1,984 | reward -0.030 | clip_frac 0.341 | KL 0.0047 | V_loss 0.0020 | LR 0.000038 | early_stop=0
iter    61 | steps   1,998,848 | SPS   1,984 | reward +0.010 | clip_frac 0.342 | KL 0.0060 | V_loss 0.0026 | LR 0.000039 | early_stop=0
iter    62 | steps   2,031,616 | SPS   1,985 | reward +0.030 | clip_frac 0.342 | KL 0.0102 | V_loss 0.0027 | LR 0.000040 | early_stop=0
iter    63 | steps   2,064,384 | SPS   1,978 | reward +0.230 | clip_frac 0.336 | KL 0.0051 | V_loss 0.0031 | LR 0.000040 | early_stop=0
iter    64 | steps   2,097,152 | SPS   1,980 | reward +0.200 | clip_frac 0.329 | KL 0.0019 | V_loss 0.0018 | LR 0.000041 | early_stop=0
iter    65 | steps   2,129,920 | SPS   1,980 | reward +0.170 | clip_frac 0.325 | KL 0.0043 | V_loss 0.0021 | LR 0.000042 | early_stop=0
iter    66 | steps   2,162,688 | SPS   1,981 | reward +0.130 | clip_frac 0.328 | KL 0.0043 | V_loss 0.0017 | LR 0.000042 | early_stop=0
iter    67 | steps   2,195,456 | SPS   1,982 | reward +0.080 | clip_frac 0.335 | KL 0.0058 | V_loss 0.0022 | LR 0.000043 | early_stop=0
iter    68 | steps   2,228,224 | SPS   1,982 | reward +0.140 | clip_frac 0.339 | KL 0.0070 | V_loss 0.0017 | LR 0.000044 | early_stop=0
iter    69 | steps   2,260,992 | SPS   1,983 | reward +0.080 | clip_frac 0.340 | KL 0.0044 | V_loss 0.0027 | LR 0.000044 | early_stop=0
iter    70 | steps   2,293,760 | SPS   1,983 | reward +0.080 | clip_frac 0.340 | KL 0.0080 | V_loss 0.0027 | LR 0.000045 | early_stop=0
iter    71 | steps   2,326,528 | SPS   1,977 | reward +0.070 | clip_frac 0.335 | KL 0.0054 | V_loss 0.0042 | LR 0.000045 | early_stop=0
iter    72 | steps   2,359,296 | SPS   1,979 | reward +0.050 | clip_frac 0.330 | KL 0.0034 | V_loss 0.0016 | LR 0.000046 | early_stop=0
iter    73 | steps   2,392,064 | SPS   1,979 | reward +0.060 | clip_frac 0.327 | KL 0.0043 | V_loss 0.0015 | LR 0.000047 | early_stop=0
iter    74 | steps   2,424,832 | SPS   1,980 | reward +0.060 | clip_frac 0.332 | KL 0.0040 | V_loss 0.0019 | LR 0.000047 | early_stop=0
iter    75 | steps   2,457,600 | SPS   1,981 | reward +0.070 | clip_frac 0.339 | KL 0.0067 | V_loss 0.0020 | LR 0.000048 | early_stop=0
iter    76 | steps   2,490,368 | SPS   1,982 | reward +0.040 | clip_frac 0.344 | KL 0.0068 | V_loss 0.0022 | LR 0.000049 | early_stop=0
iter    77 | steps   2,523,136 | SPS   1,982 | reward +0.080 | clip_frac 0.344 | KL 0.0085 | V_loss 0.0041 | LR 0.000049 | early_stop=0
iter    78 | steps   2,555,904 | SPS   1,976 | reward +0.160 | clip_frac 0.343 | KL 0.0091 | V_loss 0.0059 | LR 0.000050 | early_stop=0
iter    79 | steps   2,588,672 | SPS   1,977 | reward +0.140 | clip_frac 0.337 | KL 0.0030 | V_loss 0.0014 | LR 0.000051 | early_stop=0
iter    80 | steps   2,621,440 | SPS   1,978 | reward +0.140 | clip_frac 0.333 | KL 0.0040 | V_loss 0.0014 | LR 0.000051 | early_stop=0
iter    81 | steps   2,654,208 | SPS   1,979 | reward +0.170 | clip_frac 0.331 | KL 0.0047 | V_loss 0.0014 | LR 0.000052 | early_stop=0
iter    82 | steps   2,686,976 | SPS   1,980 | reward +0.150 | clip_frac 0.335 | KL 0.0059 | V_loss 0.0017 | LR 0.000053 | early_stop=0
iter    83 | steps   2,719,744 | SPS   1,980 | reward +0.190 | clip_frac 0.340 | KL 0.0053 | V_loss 0.0019 | LR 0.000053 | early_stop=0
iter    84 | steps   2,752,512 | SPS   1,980 | reward +0.130 | clip_frac 0.341 | KL 0.0079 | V_loss 0.0027 | LR 0.000054 | early_stop=0
iter    85 | steps   2,785,280 | SPS   1,980 | reward +0.070 | clip_frac 0.340 | KL 0.0067 | V_loss 0.0033 | LR 0.000054 | early_stop=0
iter    86 | steps   2,818,048 | SPS   1,977 | reward +0.050 | clip_frac 0.337 | KL 0.0075 | V_loss 0.0047 | LR 0.000055 | early_stop=0
iter    87 | steps   2,850,816 | SPS   1,978 | reward +0.020 | clip_frac 0.333 | KL 0.0048 | V_loss 0.0013 | LR 0.000056 | early_stop=0
iter    88 | steps   2,883,584 | SPS   1,978 | reward +0.030 | clip_frac 0.330 | KL 0.0055 | V_loss 0.0025 | LR 0.000056 | early_stop=0
iter    89 | steps   2,916,352 | SPS   1,978 | reward +0.070 | clip_frac 0.331 | KL 0.0062 | V_loss 0.0016 | LR 0.000057 | early_stop=0
iter    90 | steps   2,949,120 | SPS   1,979 | reward +0.120 | clip_frac 0.338 | KL 0.0060 | V_loss 0.0019 | LR 0.000058 | early_stop=0
iter    91 | steps   2,981,888 | SPS   1,979 | reward +0.120 | clip_frac 0.343 | KL 0.0095 | V_loss 0.0020 | LR 0.000058 | early_stop=0
iter    92 | steps   3,014,656 | SPS   1,979 | reward +0.160 | clip_frac 0.345 | KL 0.0112 | V_loss 0.0024 | LR 0.000059 | early_stop=0
iter    93 | steps   3,047,424 | SPS   1,980 | reward +0.180 | clip_frac 0.345 | KL 0.0053 | V_loss 0.0031 | LR 0.000060 | early_stop=0
iter    94 | steps   3,080,192 | SPS   1,976 | reward +0.210 | clip_frac 0.344 | KL 0.0068 | V_loss 0.0053 | LR 0.000060 | early_stop=0
iter    95 | steps   3,112,960 | SPS   1,977 | reward +0.210 | clip_frac 0.340 | KL 0.0049 | V_loss 0.0012 | LR 0.000061 | early_stop=0
iter    96 | steps   3,145,728 | SPS   1,978 | reward +0.120 | clip_frac 0.338 | KL 0.0060 | V_loss 0.0012 | LR 0.000061 | early_stop=0
iter    97 | steps   3,178,496 | SPS   1,978 | reward +0.040 | clip_frac 0.338 | KL 0.0043 | V_loss 0.0018 | LR 0.000062 | early_stop=0
iter    98 | steps   3,211,264 | SPS   1,978 | reward +0.110 | clip_frac 0.344 | KL 0.0058 | V_loss 0.0015 | LR 0.000063 | early_stop=0
iter    99 | steps   3,244,032 | SPS   1,978 | reward +0.110 | clip_frac 0.347 | KL 0.0069 | V_loss 0.0032 | LR 0.000063 | early_stop=0
iter   100 | steps   3,276,800 | SPS   1,979 | reward +0.140 | clip_frac 0.348 | KL 0.0062 | V_loss 0.0021 | LR 0.000064 | early_stop=0
iter   101 | steps   3,309,568 | SPS   1,979 | reward +0.200 | clip_frac 0.349 | KL 0.0093 | V_loss 0.0034 | LR 0.000065 | early_stop=0
iter   102 | steps   3,342,336 | SPS   1,977 | reward +0.060 | clip_frac 0.347 | KL 0.0098 | V_loss 0.0036 | LR 0.000065 | early_stop=0
iter   103 | steps   3,375,104 | SPS   1,978 | reward +0.020 | clip_frac 0.345 | KL 0.0058 | V_loss 0.0016 | LR 0.000066 | early_stop=0
iter   104 | steps   3,407,872 | SPS   1,978 | reward +0.080 | clip_frac 0.344 | KL 0.0068 | V_loss 0.0018 | LR 0.000067 | early_stop=0
iter   105 | steps   3,440,640 | SPS   1,978 | reward +0.080 | clip_frac 0.346 | KL 0.0049 | V_loss 0.0017 | LR 0.000067 | early_stop=0
iter   106 | steps   3,473,408 | SPS   1,979 | reward +0.100 | clip_frac 0.351 | KL 0.0079 | V_loss 0.0018 | LR 0.000068 | early_stop=0
iter   107 | steps   3,506,176 | SPS   1,978 | reward +0.100 | clip_frac 0.353 | KL 0.0068 | V_loss 0.0022 | LR 0.000069 | early_stop=0
iter   108 | steps   3,538,944 | SPS   1,979 | reward +0.180 | clip_frac 0.354 | KL 0.0078 | V_loss 0.0021 | LR 0.000069 | early_stop=0
iter   109 | steps   3,571,712 | SPS   1,979 | reward +0.110 | clip_frac 0.353 | KL 0.0091 | V_loss 0.0024 | LR 0.000070 | early_stop=0
iter   110 | steps   3,604,480 | SPS   1,976 | reward +0.240 | clip_frac 0.349 | KL 0.0068 | V_loss 0.0038 | LR 0.000070 | early_stop=0
iter   111 | steps   3,637,248 | SPS   1,977 | reward +0.210 | clip_frac 0.347 | KL 0.0094 | V_loss 0.0014 | LR 0.000071 | early_stop=0
iter   112 | steps   3,670,016 | SPS   1,977 | reward +0.240 | clip_frac 0.345 | KL 0.0072 | V_loss 0.0021 | LR 0.000072 | early_stop=0
iter   113 | steps   3,702,784 | SPS   1,978 | reward +0.190 | clip_frac 0.348 | KL 0.0070 | V_loss 0.0014 | LR 0.000072 | early_stop=0
iter   114 | steps   3,735,552 | SPS   1,978 | reward +0.210 | clip_frac 0.352 | KL 0.0089 | V_loss 0.0014 | LR 0.000073 | early_stop=0
iter   115 | steps   3,768,320 | SPS   1,978 | reward +0.220 | clip_frac 0.354 | KL 0.0102 | V_loss 0.0012 | LR 0.000074 | early_stop=0
iter   116 | steps   3,801,088 | SPS   1,978 | reward +0.150 | clip_frac 0.354 | KL 0.0081 | V_loss 0.0016 | LR 0.000074 | early_stop=0
iter   117 | steps   3,833,856 | SPS   1,976 | reward +0.090 | clip_frac 0.353 | KL 0.0088 | V_loss 0.0023 | LR 0.000075 | early_stop=0
iter   118 | steps   3,866,624 | SPS   1,976 | reward +0.100 | clip_frac 0.348 | KL 0.0067 | V_loss 0.0012 | LR 0.000076 | early_stop=0
iter   119 | steps   3,899,392 | SPS   1,977 | reward +0.120 | clip_frac 0.345 | KL 0.0081 | V_loss 0.0015 | LR 0.000076 | early_stop=0
iter   120 | steps   3,932,160 | SPS   1,977 | reward +0.150 | clip_frac 0.344 | KL 0.0100 | V_loss 0.0014 | LR 0.000077 | early_stop=0
iter   121 | steps   3,964,928 | SPS   1,977 | reward +0.110 | clip_frac 0.347 | KL 0.0077 | V_loss 0.0017 | LR 0.000077 | early_stop=0
iter   122 | steps   3,997,696 | SPS   1,978 | reward +0.110 | clip_frac 0.348 | KL 0.0074 | V_loss 0.0021 | LR 0.000078 | early_stop=0
iter   123 | steps   4,030,464 | SPS   1,978 | reward +0.110 | clip_frac 0.348 | KL 0.0086 | V_loss 0.0021 | LR 0.000079 | early_stop=0
iter   124 | steps   4,063,232 | SPS   1,978 | reward +0.090 | clip_frac 0.347 | KL 0.0106 | V_loss 0.0019 | LR 0.000079 | early_stop=0
iter   125 | steps   4,096,000 | SPS   1,975 | reward +0.250 | clip_frac 0.344 | KL 0.0072 | V_loss 0.0044 | LR 0.000080 | early_stop=0
iter   126 | steps   4,128,768 | SPS   1,976 | reward +0.210 | clip_frac 0.339 | KL 0.0074 | V_loss 0.0010 | LR 0.000081 | early_stop=0
iter   127 | steps   4,161,536 | SPS   1,976 | reward +0.220 | clip_frac 0.336 | KL 0.0068 | V_loss 0.0016 | LR 0.000081 | early_stop=0
iter   128 | steps   4,194,304 | SPS   1,976 | reward +0.170 | clip_frac 0.335 | KL 0.0082 | V_loss 0.0013 | LR 0.000082 | early_stop=0
iter   129 | steps   4,227,072 | SPS   1,977 | reward +0.110 | clip_frac 0.338 | KL 0.0089 | V_loss 0.0023 | LR 0.000083 | early_stop=0
iter   130 | steps   4,259,840 | SPS   1,977 | reward +0.060 | clip_frac 0.340 | KL 0.0078 | V_loss 0.0017 | LR 0.000083 | early_stop=0
iter   131 | steps   4,292,608 | SPS   1,977 | reward +0.080 | clip_frac 0.340 | KL 0.0098 | V_loss 0.0024 | LR 0.000084 | early_stop=0
iter   132 | steps   4,325,376 | SPS   1,977 | reward +0.090 | clip_frac 0.340 | KL 0.0124 | V_loss 0.0023 | LR 0.000085 | early_stop=0
iter   133 | steps   4,358,144 | SPS   1,975 | reward +0.070 | clip_frac 0.338 | KL 0.0068 | V_loss 0.0029 | LR 0.000085 | early_stop=0
iter   134 | steps   4,390,912 | SPS   1,975 | reward +0.070 | clip_frac 0.334 | KL 0.0076 | V_loss 0.0011 | LR 0.000086 | early_stop=0
iter   135 | steps   4,423,680 | SPS   1,976 | reward +0.080 | clip_frac 0.333 | KL 0.0103 | V_loss 0.0015 | LR 0.000086 | early_stop=0
iter   136 | steps   4,456,448 | SPS   1,976 | reward -0.010 | clip_frac 0.334 | KL 0.0090 | V_loss 0.0017 | LR 0.000087 | early_stop=0
iter   137 | steps   4,489,216 | SPS   1,976 | reward +0.150 | clip_frac 0.338 | KL 0.0080 | V_loss 0.0015 | LR 0.000088 | early_stop=0
iter   138 | steps   4,521,984 | SPS   1,977 | reward +0.190 | clip_frac 0.340 | KL 0.0082 | V_loss 0.0011 | LR 0.000088 | early_stop=0
iter   139 | steps   4,554,752 | SPS   1,976 | reward +0.210 | clip_frac 0.340 | KL 0.0083 | V_loss 0.0015 | LR 0.000089 | early_stop=0
iter   140 | steps   4,587,520 | SPS   1,976 | reward +0.220 | clip_frac 0.339 | KL 0.0154 | V_loss 0.0015 | LR 0.000090 | early_stop=0
iter   141 | steps   4,620,288 | SPS   1,975 | reward +0.130 | clip_frac 0.336 | KL 0.0078 | V_loss 0.0023 | LR 0.000090 | early_stop=0
iter   142 | steps   4,653,056 | SPS   1,975 | reward +0.130 | clip_frac 0.333 | KL 0.0091 | V_loss 0.0016 | LR 0.000091 | early_stop=0
iter   143 | steps   4,685,824 | SPS   1,976 | reward +0.150 | clip_frac 0.332 | KL 0.0082 | V_loss 0.0026 | LR 0.000092 | early_stop=0
iter   144 | steps   4,718,592 | SPS   1,976 | reward +0.120 | clip_frac 0.333 | KL 0.0100 | V_loss 0.0022 | LR 0.000092 | early_stop=0
iter   145 | steps   4,751,360 | SPS   1,976 | reward +0.210 | clip_frac 0.336 | KL 0.0102 | V_loss 0.0020 | LR 0.000093 | early_stop=0
iter   146 | steps   4,784,128 | SPS   1,976 | reward +0.190 | clip_frac 0.339 | KL 0.0096 | V_loss 0.0020 | LR 0.000093 | early_stop=0
iter   147 | steps   4,816,896 | SPS   1,976 | reward +0.220 | clip_frac 0.340 | KL 0.0123 | V_loss 0.0022 | LR 0.000094 | early_stop=0
iter   148 | steps   4,849,664 | SPS   1,976 | reward +0.250 | clip_frac 0.340 | KL 0.0092 | V_loss 0.0031 | LR 0.000095 | early_stop=0
iter   149 | steps   4,882,432 | SPS   1,975 | reward +0.200 | clip_frac 0.338 | KL 0.0092 | V_loss 0.0034 | LR 0.000095 | early_stop=0
iter   150 | steps   4,915,200 | SPS   1,975 | reward +0.170 | clip_frac 0.337 | KL 0.0101 | V_loss 0.0014 | LR 0.000096 | early_stop=0
iter   151 | steps   4,947,968 | SPS   1,975 | reward +0.230 | clip_frac 0.336 | KL 0.0130 | V_loss 0.0019 | LR 0.000097 | early_stop=0
iter   152 | steps   4,980,736 | SPS   1,976 | reward +0.140 | clip_frac 0.338 | KL 0.0241 | V_loss 0.0021 | LR 0.000097 | early_stop=0
iter   153 | steps   5,013,504 | SPS   1,976 | reward +0.160 | clip_frac 0.341 | KL 0.0136 | V_loss 0.0021 | LR 0.000098 | early_stop=0
  saved checkpoints/torch_step_5013504.pt
  ★ EVAL @ step 5,013,504: vs initial = 51.6% (64 games)  | vs heuristic: 0.0% (16 games) [best=0.0%, no_improve=0]
iter   154 | steps   5,046,272 | SPS   1,899 | reward +0.160 | clip_frac 0.343 | KL 0.0130 | V_loss 0.0019 | LR 0.000099 | early_stop=0
iter   155 | steps   5,079,040 | SPS   1,899 | reward +0.170 | clip_frac 0.344 | KL 0.0100 | V_loss 0.0017 | LR 0.000099 | early_stop=0
iter   156 | steps   5,111,808 | SPS   1,899 | reward +0.220 | clip_frac 0.343 | KL 0.0163 | V_loss 0.0038 | LR 0.000100 | early_stop=0
iter   157 | steps   5,144,576 | SPS   1,900 | reward +0.120 | clip_frac 0.341 | KL 0.0084 | V_loss 0.0018 | LR 0.000100 | early_stop=0
iter   158 | steps   5,177,344 | SPS   1,900 | reward +0.080 | clip_frac 0.340 | KL 0.0093 | V_loss 0.0026 | LR 0.000100 | early_stop=0
iter   159 | steps   5,210,112 | SPS   1,901 | reward +0.070 | clip_frac 0.340 | KL 0.0120 | V_loss 0.0024 | LR 0.000100 | early_stop=0
iter   160 | steps   5,242,880 | SPS   1,901 | reward +0.110 | clip_frac 0.344 | KL 0.0119 | V_loss 0.0021 | LR 0.000100 | early_stop=0
iter   161 | steps   5,275,648 | SPS   1,902 | reward +0.230 | clip_frac 0.347 | KL 0.0094 | V_loss 0.0016 | LR 0.000100 | early_stop=0
iter   162 | steps   5,308,416 | SPS   1,902 | reward +0.250 | clip_frac 0.349 | KL 0.0126 | V_loss 0.0031 | LR 0.000100 | early_stop=0
iter   163 | steps   5,341,184 | SPS   1,903 | reward +0.290 | clip_frac 0.351 | KL 0.0158 | V_loss 0.0027 | LR 0.000100 | early_stop=0
  ★ best updated: reward=+0.290
iter   164 | steps   5,373,952 | SPS   1,902 | reward +0.250 | clip_frac 0.351 | KL 0.0148 | V_loss 0.0024 | LR 0.000100 | early_stop=0
iter   165 | steps   5,406,720 | SPS   1,903 | reward +0.260 | clip_frac 0.350 | KL 0.0127 | V_loss 0.0019 | LR 0.000100 | early_stop=0
iter   166 | steps   5,439,488 | SPS   1,904 | reward +0.160 | clip_frac 0.350 | KL 0.0148 | V_loss 0.0018 | LR 0.000100 | early_stop=0
iter   167 | steps   5,472,256 | SPS   1,904 | reward +0.150 | clip_frac 0.352 | KL 0.0140 | V_loss 0.0021 | LR 0.000100 | early_stop=0
iter   168 | steps   5,505,024 | SPS   1,905 | reward +0.190 | clip_frac 0.357 | KL 0.0100 | V_loss 0.0014 | LR 0.000100 | early_stop=0
iter   169 | steps   5,537,792 | SPS   1,905 | reward +0.170 | clip_frac 0.360 | KL 0.0181 | V_loss 0.0016 | LR 0.000100 | early_stop=0
iter   170 | steps   5,570,560 | SPS   1,906 | reward +0.210 | clip_frac 0.362 | KL 0.0094 | V_loss 0.0027 | LR 0.000100 | early_stop=0
iter   171 | steps   5,603,328 | SPS   1,906 | reward +0.200 | clip_frac 0.365 | KL 0.0131 | V_loss 0.0027 | LR 0.000100 | early_stop=0
iter   172 | steps   5,636,096 | SPS   1,906 | reward +0.260 | clip_frac 0.367 | KL 0.0158 | V_loss 0.0025 | LR 0.000100 | early_stop=0
iter   173 | steps   5,668,864 | SPS   1,906 | reward +0.320 | clip_frac 0.368 | KL 0.0087 | V_loss 0.0016 | LR 0.000100 | early_stop=0
  ★ best updated: reward=+0.320
iter   174 | steps   5,701,632 | SPS   1,907 | reward +0.330 | clip_frac 0.369 | KL 0.0118 | V_loss 0.0017 | LR 0.000100 | early_stop=0
iter   175 | steps   5,734,400 | SPS   1,907 | reward +0.250 | clip_frac 0.372 | KL 0.0105 | V_loss 0.0018 | LR 0.000100 | early_stop=0
iter   176 | steps   5,767,168 | SPS   1,908 | reward +0.230 | clip_frac 0.376 | KL 0.0124 | V_loss 0.0013 | LR 0.000100 | early_stop=0
iter   177 | steps   5,799,936 | SPS   1,908 | reward +0.170 | clip_frac 0.380 | KL 0.0128 | V_loss 0.0014 | LR 0.000100 | early_stop=0
iter   178 | steps   5,832,704 | SPS   1,908 | reward +0.310 | clip_frac 0.381 | KL 0.0108 | V_loss 0.0023 | LR 0.000100 | early_stop=0
iter   179 | steps   5,865,472 | SPS   1,909 | reward +0.310 | clip_frac 0.382 | KL 0.0119 | V_loss 0.0018 | LR 0.000100 | early_stop=0
iter   180 | steps   5,898,240 | SPS   1,908 | reward +0.290 | clip_frac 0.381 | KL 0.0075 | V_loss 0.0017 | LR 0.000100 | early_stop=0
iter   181 | steps   5,931,008 | SPS   1,909 | reward +0.230 | clip_frac 0.380 | KL 0.0119 | V_loss 0.0013 | LR 0.000100 | early_stop=0
iter   182 | steps   5,963,776 | SPS   1,909 | reward +0.180 | clip_frac 0.380 | KL 0.0117 | V_loss 0.0014 | LR 0.000100 | early_stop=0
iter   183 | steps   5,996,544 | SPS   1,910 | reward +0.180 | clip_frac 0.383 | KL 0.0095 | V_loss 0.0016 | LR 0.000100 | early_stop=0
iter   184 | steps   6,029,312 | SPS   1,910 | reward +0.220 | clip_frac 0.385 | KL 0.0132 | V_loss 0.0018 | LR 0.000100 | early_stop=0
iter   185 | steps   6,062,080 | SPS   1,910 | reward +0.150 | clip_frac 0.386 | KL 0.0087 | V_loss 0.0021 | LR 0.000100 | early_stop=0
iter   186 | steps   6,094,848 | SPS   1,911 | reward +0.150 | clip_frac 0.386 | KL 0.0109 | V_loss 0.0027 | LR 0.000100 | early_stop=0
iter   187 | steps   6,127,616 | SPS   1,911 | reward +0.080 | clip_frac 0.385 | KL 0.0135 | V_loss 0.0028 | LR 0.000100 | early_stop=0
iter   188 | steps   6,160,384 | SPS   1,911 | reward +0.100 | clip_frac 0.382 | KL 0.0107 | V_loss 0.0021 | LR 0.000100 | early_stop=0
iter   189 | steps   6,193,152 | SPS   1,911 | reward +0.220 | clip_frac 0.380 | KL 0.0085 | V_loss 0.0018 | LR 0.000100 | early_stop=0
iter   190 | steps   6,225,920 | SPS   1,912 | reward +0.120 | clip_frac 0.378 | KL 0.0148 | V_loss 0.0019 | LR 0.000100 | early_stop=0
iter   191 | steps   6,258,688 | SPS   1,912 | reward +0.130 | clip_frac 0.380 | KL 0.0102 | V_loss 0.0021 | LR 0.000100 | early_stop=0
iter   192 | steps   6,291,456 | SPS   1,912 | reward +0.100 | clip_frac 0.381 | KL 0.0083 | V_loss 0.0020 | LR 0.000100 | early_stop=0
iter   193 | steps   6,324,224 | SPS   1,913 | reward +0.120 | clip_frac 0.383 | KL 0.0159 | V_loss 0.0021 | LR 0.000100 | early_stop=0
iter   194 | steps   6,356,992 | SPS   1,913 | reward +0.180 | clip_frac 0.384 | KL 0.0120 | V_loss 0.0028 | LR 0.000100 | early_stop=0
iter   195 | steps   6,389,760 | SPS   1,913 | reward +0.220 | clip_frac 0.383 | KL 0.0155 | V_loss 0.0038 | LR 0.000100 | early_stop=0
iter   196 | steps   6,422,528 | SPS   1,913 | reward +0.190 | clip_frac 0.382 | KL 0.0139 | V_loss 0.0015 | LR 0.000100 | early_stop=0
iter   197 | steps   6,455,296 | SPS   1,914 | reward +0.110 | clip_frac 0.381 | KL 0.0101 | V_loss 0.0016 | LR 0.000100 | early_stop=0
iter   198 | steps   6,488,064 | SPS   1,914 | reward +0.120 | clip_frac 0.381 | KL 0.0115 | V_loss 0.0016 | LR 0.000100 | early_stop=0
iter   199 | steps   6,520,832 | SPS   1,915 | reward +0.120 | clip_frac 0.383 | KL 0.0101 | V_loss 0.0020 | LR 0.000100 | early_stop=0
iter   200 | steps   6,553,600 | SPS   1,915 | reward +0.180 | clip_frac 0.386 | KL 0.0110 | V_loss 0.0026 | LR 0.000100 | early_stop=0
iter   201 | steps   6,586,368 | SPS   1,915 | reward +0.210 | clip_frac 0.388 | KL 0.0102 | V_loss 0.0017 | LR 0.000100 | early_stop=0
iter   202 | steps   6,619,136 | SPS   1,916 | reward +0.230 | clip_frac 0.390 | KL 0.0104 | V_loss 0.0024 | LR 0.000100 | early_stop=0
iter   203 | steps   6,651,904 | SPS   1,915 | reward +0.300 | clip_frac 0.390 | KL 0.0120 | V_loss 0.0021 | LR 0.000100 | early_stop=0
iter   204 | steps   6,684,672 | SPS   1,916 | reward +0.310 | clip_frac 0.389 | KL 0.0095 | V_loss 0.0023 | LR 0.000100 | early_stop=0
iter   205 | steps   6,717,440 | SPS   1,916 | reward +0.420 | clip_frac 0.389 | KL 0.0108 | V_loss 0.0014 | LR 0.000100 | early_stop=0
  ★ best updated: reward=+0.420
iter   206 | steps   6,750,208 | SPS   1,916 | reward +0.350 | clip_frac 0.391 | KL 0.0121 | V_loss 0.0019 | LR 0.000100 | early_stop=0
iter   207 | steps   6,782,976 | SPS   1,916 | reward +0.290 | clip_frac 0.394 | KL 0.0119 | V_loss 0.0021 | LR 0.000100 | early_stop=0
iter   208 | steps   6,815,744 | SPS   1,917 | reward +0.230 | clip_frac 0.396 | KL 0.0095 | V_loss 0.0025 | LR 0.000100 | early_stop=0
iter   209 | steps   6,848,512 | SPS   1,917 | reward +0.170 | clip_frac 0.397 | KL 0.0116 | V_loss 0.0016 | LR 0.000100 | early_stop=0
iter   210 | steps   6,881,280 | SPS   1,917 | reward +0.170 | clip_frac 0.396 | KL 0.0096 | V_loss 0.0013 | LR 0.000100 | early_stop=0
iter   211 | steps   6,914,048 | SPS   1,917 | reward +0.290 | clip_frac 0.394 | KL 0.0088 | V_loss 0.0024 | LR 0.000100 | early_stop=0
iter   212 | steps   6,946,816 | SPS   1,917 | reward +0.300 | clip_frac 0.392 | KL 0.0090 | V_loss 0.0014 | LR 0.000100 | early_stop=0
iter   213 | steps   6,979,584 | SPS   1,917 | reward +0.280 | clip_frac 0.390 | KL 0.0127 | V_loss 0.0022 | LR 0.000100 | early_stop=0
iter   214 | steps   7,012,352 | SPS   1,918 | reward +0.190 | clip_frac 0.390 | KL 0.0114 | V_loss 0.0027 | LR 0.000100 | early_stop=0
iter   215 | steps   7,045,120 | SPS   1,918 | reward +0.270 | clip_frac 0.391 | KL 0.0144 | V_loss 0.0018 | LR 0.000100 | early_stop=0
iter   216 | steps   7,077,888 | SPS   1,918 | reward +0.200 | clip_frac 0.391 | KL 0.0122 | V_loss 0.0026 | LR 0.000100 | early_stop=0
iter   217 | steps   7,110,656 | SPS   1,918 | reward +0.140 | clip_frac 0.390 | KL 0.0128 | V_loss 0.0020 | LR 0.000100 | early_stop=0
iter   218 | steps   7,143,424 | SPS   1,919 | reward +0.070 | clip_frac 0.389 | KL 0.0100 | V_loss 0.0021 | LR 0.000100 | early_stop=0
iter   219 | steps   7,176,192 | SPS   1,919 | reward +0.180 | clip_frac 0.386 | KL 0.0108 | V_loss 0.0032 | LR 0.000100 | early_stop=0
iter   220 | steps   7,208,960 | SPS   1,919 | reward +0.230 | clip_frac 0.383 | KL 0.0090 | V_loss 0.0014 | LR 0.000100 | early_stop=0
iter   221 | steps   7,241,728 | SPS   1,919 | reward +0.230 | clip_frac 0.379 | KL 0.0082 | V_loss 0.0021 | LR 0.000100 | early_stop=0
iter   222 | steps   7,274,496 | SPS   1,919 | reward +0.220 | clip_frac 0.377 | KL 0.0097 | V_loss 0.0016 | LR 0.000100 | early_stop=0
iter   223 | steps   7,307,264 | SPS   1,920 | reward +0.210 | clip_frac 0.377 | KL 0.0075 | V_loss 0.0014 | LR 0.000100 | early_stop=0
iter   224 | steps   7,340,032 | SPS   1,920 | reward +0.150 | clip_frac 0.376 | KL 0.0124 | V_loss 0.0021 | LR 0.000100 | early_stop=0
iter   225 | steps   7,372,800 | SPS   1,920 | reward +0.140 | clip_frac 0.375 | KL 0.0099 | V_loss 0.0016 | LR 0.000100 | early_stop=0
iter   226 | steps   7,405,568 | SPS   1,920 | reward +0.200 | clip_frac 0.373 | KL 0.0088 | V_loss 0.0023 | LR 0.000100 | early_stop=0
iter   227 | steps   7,438,336 | SPS   1,920 | reward +0.300 | clip_frac 0.370 | KL 0.0099 | V_loss 0.0019 | LR 0.000100 | early_stop=0
iter   228 | steps   7,471,104 | SPS   1,920 | reward +0.300 | clip_frac 0.367 | KL 0.0105 | V_loss 0.0020 | LR 0.000100 | early_stop=0
iter   229 | steps   7,503,872 | SPS   1,921 | reward +0.250 | clip_frac 0.366 | KL 0.0102 | V_loss 0.0016 | LR 0.000100 | early_stop=0
iter   230 | steps   7,536,640 | SPS   1,921 | reward +0.160 | clip_frac 0.366 | KL 0.0138 | V_loss 0.0012 | LR 0.000100 | early_stop=0
iter   231 | steps   7,569,408 | SPS   1,921 | reward +0.070 | clip_frac 0.367 | KL 0.0103 | V_loss 0.0015 | LR 0.000100 | early_stop=0
iter   232 | steps   7,602,176 | SPS   1,922 | reward +0.010 | clip_frac 0.366 | KL 0.0106 | V_loss 0.0016 | LR 0.000100 | early_stop=0
iter   233 | steps   7,634,944 | SPS   1,922 | reward +0.110 | clip_frac 0.364 | KL 0.0078 | V_loss 0.0018 | LR 0.000100 | early_stop=0
iter   234 | steps   7,667,712 | SPS   1,921 | reward +0.220 | clip_frac 0.364 | KL 0.0138 | V_loss 0.0022 | LR 0.000100 | early_stop=0
iter   235 | steps   7,700,480 | SPS   1,922 | reward +0.280 | clip_frac 0.362 | KL 0.0113 | V_loss 0.0017 | LR 0.000100 | early_stop=0
iter   236 | steps   7,733,248 | SPS   1,922 | reward +0.240 | clip_frac 0.362 | KL 0.0112 | V_loss 0.0016 | LR 0.000100 | early_stop=0
iter   237 | steps   7,766,016 | SPS   1,922 | reward +0.250 | clip_frac 0.361 | KL 0.0106 | V_loss 0.0013 | LR 0.000100 | early_stop=0
iter   238 | steps   7,798,784 | SPS   1,923 | reward +0.190 | clip_frac 0.362 | KL 0.0129 | V_loss 0.0015 | LR 0.000100 | early_stop=0
iter   239 | steps   7,831,552 | SPS   1,923 | reward +0.120 | clip_frac 0.363 | KL 0.0092 | V_loss 0.0014 | LR 0.000100 | early_stop=0
iter   240 | steps   7,864,320 | SPS   1,923 | reward +0.060 | clip_frac 0.363 | KL 0.0147 | V_loss 0.0021 | LR 0.000100 | early_stop=0
iter   241 | steps   7,897,088 | SPS   1,923 | reward +0.100 | clip_frac 0.361 | KL 0.0105 | V_loss 0.0021 | LR 0.000100 | early_stop=0
iter   242 | steps   7,929,856 | SPS   1,923 | reward +0.040 | clip_frac 0.359 | KL 0.0081 | V_loss 0.0015 | LR 0.000100 | early_stop=0
iter   243 | steps   7,962,624 | SPS   1,923 | reward -0.010 | clip_frac 0.356 | KL 0.0094 | V_loss 0.0012 | LR 0.000100 | early_stop=0
iter   244 | steps   7,995,392 | SPS   1,924 | reward -0.010 | clip_frac 0.354 | KL 0.0110 | V_loss 0.0019 | LR 0.000100 | early_stop=0
iter   245 | steps   8,028,160 | SPS   1,924 | reward +0.080 | clip_frac 0.352 | KL 0.0107 | V_loss 0.0018 | LR 0.000100 | early_stop=0
iter   246 | steps   8,060,928 | SPS   1,924 | reward +0.040 | clip_frac 0.352 | KL 0.0121 | V_loss 0.0018 | LR 0.000100 | early_stop=0
iter   247 | steps   8,093,696 | SPS   1,924 | reward +0.040 | clip_frac 0.352 | KL 0.0154 | V_loss 0.0017 | LR 0.000100 | early_stop=0
iter   248 | steps   8,126,464 | SPS   1,924 | reward +0.070 | clip_frac 0.350 | KL 0.0119 | V_loss 0.0021 | LR 0.000100 | early_stop=0
iter   249 | steps   8,159,232 | SPS   1,924 | reward +0.100 | clip_frac 0.348 | KL 0.0126 | V_loss 0.0024 | LR 0.000100 | early_stop=0
iter   250 | steps   8,192,000 | SPS   1,924 | reward +0.010 | clip_frac 0.345 | KL 0.0126 | V_loss 0.0016 | LR 0.000100 | early_stop=0
iter   251 | steps   8,224,768 | SPS   1,925 | reward +0.070 | clip_frac 0.342 | KL 0.0140 | V_loss 0.0012 | LR 0.000100 | early_stop=0
iter   252 | steps   8,257,536 | SPS   1,925 | reward +0.120 | clip_frac 0.339 | KL 0.0116 | V_loss 0.0014 | LR 0.000100 | early_stop=0
iter   253 | steps   8,290,304 | SPS   1,925 | reward +0.160 | clip_frac 0.337 | KL 0.0103 | V_loss 0.0012 | LR 0.000100 | early_stop=0
iter   254 | steps   8,323,072 | SPS   1,925 | reward +0.160 | clip_frac 0.337 | KL 0.0178 | V_loss 0.0012 | LR 0.000100 | early_stop=0
iter   255 | steps   8,355,840 | SPS   1,925 | reward +0.120 | clip_frac 0.336 | KL 0.0137 | V_loss 0.0018 | LR 0.000100 | early_stop=0
iter   256 | steps   8,388,608 | SPS   1,926 | reward +0.220 | clip_frac 0.334 | KL 0.0150 | V_loss 0.0016 | LR 0.000100 | early_stop=0
iter   257 | steps   8,421,376 | SPS   1,926 | reward +0.240 | clip_frac 0.331 | KL 0.0139 | V_loss 0.0013 | LR 0.000100 | early_stop=0
iter   258 | steps   8,454,144 | SPS   1,926 | reward +0.280 | clip_frac 0.328 | KL 0.0133 | V_loss 0.0014 | LR 0.000100 | early_stop=0
iter   259 | steps   8,486,912 | SPS   1,926 | reward +0.260 | clip_frac 0.325 | KL 0.0078 | V_loss 0.0022 | LR 0.000100 | early_stop=0
iter   260 | steps   8,519,680 | SPS   1,926 | reward +0.200 | clip_frac 0.324 | KL 0.0122 | V_loss 0.0016 | LR 0.000100 | early_stop=0
iter   261 | steps   8,552,448 | SPS   1,926 | reward +0.190 | clip_frac 0.323 | KL 0.0088 | V_loss 0.0010 | LR 0.000100 | early_stop=0
iter   262 | steps   8,585,216 | SPS   1,927 | reward +0.120 | clip_frac 0.323 | KL 0.0151 | V_loss 0.0020 | LR 0.000100 | early_stop=0
iter   263 | steps   8,617,984 | SPS   1,927 | reward +0.170 | clip_frac 0.323 | KL 0.0151 | V_loss 0.0021 | LR 0.000100 | early_stop=0
iter   264 | steps   8,650,752 | SPS   1,927 | reward +0.170 | clip_frac 0.322 | KL 0.0114 | V_loss 0.0030 | LR 0.000100 | early_stop=0
iter   265 | steps   8,683,520 | SPS   1,927 | reward +0.180 | clip_frac 0.320 | KL 0.0096 | V_loss 0.0017 | LR 0.000100 | early_stop=0
iter   266 | steps   8,716,288 | SPS   1,927 | reward +0.070 | clip_frac 0.318 | KL 0.0103 | V_loss 0.0011 | LR 0.000100 | early_stop=0
iter   267 | steps   8,749,056 | SPS   1,928 | reward +0.060 | clip_frac 0.317 | KL 0.0122 | V_loss 0.0018 | LR 0.000100 | early_stop=0
iter   268 | steps   8,781,824 | SPS   1,928 | reward +0.140 | clip_frac 0.316 | KL 0.0120 | V_loss 0.0016 | LR 0.000100 | early_stop=0
iter   269 | steps   8,814,592 | SPS   1,928 | reward +0.130 | clip_frac 0.317 | KL 0.0136 | V_loss 0.0019 | LR 0.000100 | early_stop=0
iter   270 | steps   8,847,360 | SPS   1,928 | reward +0.060 | clip_frac 0.319 | KL 0.0137 | V_loss 0.0017 | LR 0.000100 | early_stop=0
iter   271 | steps   8,880,128 | SPS   1,928 | reward +0.040 | clip_frac 0.320 | KL 0.0089 | V_loss 0.0023 | LR 0.000100 | early_stop=0
iter   272 | steps   8,912,896 | SPS   1,928 | reward +0.110 | clip_frac 0.320 | KL 0.0137 | V_loss 0.0016 | LR 0.000100 | early_stop=0
iter   273 | steps   8,945,664 | SPS   1,928 | reward +0.170 | clip_frac 0.321 | KL 0.0111 | V_loss 0.0020 | LR 0.000100 | early_stop=0
iter   274 | steps   8,978,432 | SPS   1,928 | reward +0.190 | clip_frac 0.320 | KL 0.0138 | V_loss 0.0020 | LR 0.000100 | early_stop=0
iter   275 | steps   9,011,200 | SPS   1,929 | reward +0.140 | clip_frac 0.320 | KL 0.0111 | V_loss 0.0018 | LR 0.000100 | early_stop=0
iter   276 | steps   9,043,968 | SPS   1,929 | reward +0.180 | clip_frac 0.321 | KL 0.0168 | V_loss 0.0022 | LR 0.000100 | early_stop=0
iter   277 | steps   9,076,736 | SPS   1,929 | reward +0.220 | clip_frac 0.324 | KL 0.0136 | V_loss 0.0026 | LR 0.000100 | early_stop=0
iter   278 | steps   9,109,504 | SPS   1,929 | reward +0.200 | clip_frac 0.325 | KL 0.0121 | V_loss 0.0022 | LR 0.000100 | early_stop=0
iter   279 | steps   9,142,272 | SPS   1,929 | reward +0.160 | clip_frac 0.326 | KL 0.0131 | V_loss 0.0020 | LR 0.000100 | early_stop=0
iter   280 | steps   9,175,040 | SPS   1,930 | reward +0.160 | clip_frac 0.326 | KL 0.0129 | V_loss 0.0027 | LR 0.000100 | early_stop=0
iter   281 | steps   9,207,808 | SPS   1,929 | reward +0.110 | clip_frac 0.326 | KL 0.0118 | V_loss 0.0036 | LR 0.000100 | early_stop=0
iter   282 | steps   9,240,576 | SPS   1,930 | reward +0.110 | clip_frac 0.325 | KL 0.0089 | V_loss 0.0015 | LR 0.000100 | early_stop=0
iter   283 | steps   9,273,344 | SPS   1,930 | reward +0.030 | clip_frac 0.324 | KL 0.0097 | V_loss 0.0022 | LR 0.000100 | early_stop=0
iter   284 | steps   9,306,112 | SPS   1,930 | reward +0.040 | clip_frac 0.324 | KL 0.0110 | V_loss 0.0019 | LR 0.000100 | early_stop=0
iter   285 | steps   9,338,880 | SPS   1,930 | reward +0.070 | clip_frac 0.324 | KL 0.0104 | V_loss 0.0018 | LR 0.000100 | early_stop=0
iter   286 | steps   9,371,648 | SPS   1,930 | reward +0.070 | clip_frac 0.325 | KL 0.0100 | V_loss 0.0025 | LR 0.000100 | early_stop=0
iter   287 | steps   9,404,416 | SPS   1,930 | reward +0.080 | clip_frac 0.325 | KL 0.0115 | V_loss 0.0016 | LR 0.000099 | early_stop=0
iter   288 | steps   9,437,184 | SPS   1,930 | reward +0.230 | clip_frac 0.324 | KL 0.0120 | V_loss 0.0022 | LR 0.000099 | early_stop=0
iter   289 | steps   9,469,952 | SPS   1,930 | reward +0.220 | clip_frac 0.323 | KL 0.0124 | V_loss 0.0019 | LR 0.000099 | early_stop=0
iter   290 | steps   9,502,720 | SPS   1,930 | reward +0.240 | clip_frac 0.322 | KL 0.0091 | V_loss 0.0016 | LR 0.000099 | early_stop=0
iter   291 | steps   9,535,488 | SPS   1,931 | reward +0.250 | clip_frac 0.322 | KL 0.0085 | V_loss 0.0016 | LR 0.000099 | early_stop=0
iter   292 | steps   9,568,256 | SPS   1,931 | reward +0.270 | clip_frac 0.323 | KL 0.0125 | V_loss 0.0018 | LR 0.000099 | early_stop=0
iter   293 | steps   9,601,024 | SPS   1,931 | reward +0.290 | clip_frac 0.324 | KL 0.0130 | V_loss 0.0025 | LR 0.000099 | early_stop=0
iter   294 | steps   9,633,792 | SPS   1,931 | reward +0.190 | clip_frac 0.324 | KL 0.0116 | V_loss 0.0020 | LR 0.000099 | early_stop=0
iter   295 | steps   9,666,560 | SPS   1,931 | reward +0.110 | clip_frac 0.325 | KL 0.0157 | V_loss 0.0026 | LR 0.000099 | early_stop=0
iter   296 | steps   9,699,328 | SPS   1,932 | reward +0.080 | clip_frac 0.324 | KL 0.0091 | V_loss 0.0017 | LR 0.000099 | early_stop=0
iter   297 | steps   9,732,096 | SPS   1,931 | reward +0.090 | clip_frac 0.323 | KL 0.0104 | V_loss 0.0023 | LR 0.000099 | early_stop=0
iter   298 | steps   9,764,864 | SPS   1,932 | reward +0.120 | clip_frac 0.322 | KL 0.0089 | V_loss 0.0019 | LR 0.000099 | early_stop=0
iter   299 | steps   9,797,632 | SPS   1,932 | reward +0.130 | clip_frac 0.322 | KL 0.0099 | V_loss 0.0026 | LR 0.000099 | early_stop=0
iter   300 | steps   9,830,400 | SPS   1,932 | reward +0.200 | clip_frac 0.322 | KL 0.0125 | V_loss 0.0026 | LR 0.000099 | early_stop=0
iter   301 | steps   9,863,168 | SPS   1,932 | reward +0.310 | clip_frac 0.322 | KL 0.0135 | V_loss 0.0016 | LR 0.000099 | early_stop=0
iter   302 | steps   9,895,936 | SPS   1,932 | reward +0.310 | clip_frac 0.321 | KL 0.0094 | V_loss 0.0020 | LR 0.000099 | early_stop=0
iter   303 | steps   9,928,704 | SPS   1,932 | reward +0.270 | clip_frac 0.320 | KL 0.0083 | V_loss 0.0022 | LR 0.000099 | early_stop=0
iter   304 | steps   9,961,472 | SPS   1,932 | reward +0.160 | clip_frac 0.318 | KL 0.0127 | V_loss 0.0018 | LR 0.000099 | early_stop=0
iter   305 | steps   9,994,240 | SPS   1,932 | reward +0.170 | clip_frac 0.316 | KL 0.0112 | V_loss 0.0022 | LR 0.000099 | early_stop=0
iter   306 | steps  10,027,008 | SPS   1,933 | reward +0.160 | clip_frac 0.315 | KL 0.0151 | V_loss 0.0024 | LR 0.000099 | early_stop=0
  saved checkpoints/torch_step_10027008.pt
  ★ EVAL @ step 10,027,008: vs initial = 67.2% (64 games)  | vs heuristic: 0.0% (16 games) [best=51.6%, no_improve=0]
iter   307 | steps  10,059,776 | SPS   1,873 | reward +0.200 | clip_frac 0.314 | KL 0.0111 | V_loss 0.0021 | LR 0.000099 | early_stop=0
iter   308 | steps  10,092,544 | SPS   1,873 | reward +0.180 | clip_frac 0.314 | KL 0.0131 | V_loss 0.0026 | LR 0.000099 | early_stop=0
iter   309 | steps  10,125,312 | SPS   1,873 | reward +0.210 | clip_frac 0.314 | KL 0.0117 | V_loss 0.0020 | LR 0.000099 | early_stop=0
iter   310 | steps  10,158,080 | SPS   1,874 | reward +0.260 | clip_frac 0.314 | KL 0.0130 | V_loss 0.0018 | LR 0.000099 | early_stop=0
iter   311 | steps  10,190,848 | SPS   1,874 | reward +0.120 | clip_frac 0.315 | KL 0.0200 | V_loss 0.0021 | LR 0.000099 | early_stop=0
iter   312 | steps  10,223,616 | SPS   1,874 | reward +0.050 | clip_frac 0.314 | KL 0.0138 | V_loss 0.0029 | LR 0.000099 | early_stop=0
iter   313 | steps  10,256,384 | SPS   1,874 | reward +0.130 | clip_frac 0.314 | KL 0.0096 | V_loss 0.0021 | LR 0.000099 | early_stop=0
iter   314 | steps  10,289,152 | SPS   1,875 | reward +0.150 | clip_frac 0.315 | KL 0.0122 | V_loss 0.0024 | LR 0.000099 | early_stop=0
iter   315 | steps  10,321,920 | SPS   1,875 | reward +0.220 | clip_frac 0.316 | KL 0.0109 | V_loss 0.0012 | LR 0.000099 | early_stop=0
iter   316 | steps  10,354,688 | SPS   1,875 | reward +0.230 | clip_frac 0.319 | KL 0.0093 | V_loss 0.0016 | LR 0.000099 | early_stop=0
iter   317 | steps  10,387,456 | SPS   1,876 | reward +0.170 | clip_frac 0.321 | KL 0.0084 | V_loss 0.0024 | LR 0.000099 | early_stop=0
iter   318 | steps  10,420,224 | SPS   1,876 | reward +0.150 | clip_frac 0.322 | KL 0.0137 | V_loss 0.0017 | LR 0.000099 | early_stop=0
iter   319 | steps  10,452,992 | SPS   1,876 | reward +0.110 | clip_frac 0.323 | KL 0.0128 | V_loss 0.0020 | LR 0.000099 | early_stop=0
iter   320 | steps  10,485,760 | SPS   1,876 | reward +0.160 | clip_frac 0.323 | KL 0.0138 | V_loss 0.0019 | LR 0.000099 | early_stop=0
iter   321 | steps  10,518,528 | SPS   1,876 | reward +0.130 | clip_frac 0.321 | KL 0.0064 | V_loss 0.0017 | LR 0.000099 | early_stop=0
iter   322 | steps  10,551,296 | SPS   1,877 | reward +0.140 | clip_frac 0.321 | KL 0.0121 | V_loss 0.0021 | LR 0.000099 | early_stop=0
iter   323 | steps  10,584,064 | SPS   1,877 | reward +0.050 | clip_frac 0.322 | KL 0.0150 | V_loss 0.0021 | LR 0.000099 | early_stop=0
iter   324 | steps  10,616,832 | SPS   1,877 | reward +0.070 | clip_frac 0.323 | KL 0.0107 | V_loss 0.0028 | LR 0.000099 | early_stop=0
iter   325 | steps  10,649,600 | SPS   1,878 | reward -0.010 | clip_frac 0.322 | KL 0.0159 | V_loss 0.0022 | LR 0.000099 | early_stop=0
iter   326 | steps  10,682,368 | SPS   1,878 | reward +0.000 | clip_frac 0.322 | KL 0.0109 | V_loss 0.0021 | LR 0.000099 | early_stop=0
iter   327 | steps  10,715,136 | SPS   1,878 | reward +0.030 | clip_frac 0.321 | KL 0.0143 | V_loss 0.0018 | LR 0.000099 | early_stop=0
iter   328 | steps  10,747,904 | SPS   1,878 | reward +0.160 | clip_frac 0.319 | KL 0.0106 | V_loss 0.0016 | LR 0.000099 | early_stop=0
iter   329 | steps  10,780,672 | SPS   1,879 | reward +0.200 | clip_frac 0.319 | KL 0.0114 | V_loss 0.0013 | LR 0.000099 | early_stop=0
iter   330 | steps  10,813,440 | SPS   1,879 | reward +0.110 | clip_frac 0.319 | KL 0.0101 | V_loss 0.0012 | LR 0.000099 | early_stop=0
iter   331 | steps  10,846,208 | SPS   1,879 | reward +0.050 | clip_frac 0.319 | KL 0.0102 | V_loss 0.0014 | LR 0.000099 | early_stop=0
iter   332 | steps  10,878,976 | SPS   1,880 | reward +0.090 | clip_frac 0.320 | KL 0.0114 | V_loss 0.0022 | LR 0.000099 | early_stop=0
iter   333 | steps  10,911,744 | SPS   1,880 | reward +0.090 | clip_frac 0.322 | KL 0.0116 | V_loss 0.0018 | LR 0.000099 | early_stop=0
iter   334 | steps  10,944,512 | SPS   1,880 | reward +0.090 | clip_frac 0.324 | KL 0.0104 | V_loss 0.0012 | LR 0.000099 | early_stop=0
iter   335 | steps  10,977,280 | SPS   1,880 | reward +0.040 | clip_frac 0.324 | KL 0.0121 | V_loss 0.0014 | LR 0.000099 | early_stop=0
iter   336 | steps  11,010,048 | SPS   1,880 | reward +0.260 | clip_frac 0.325 | KL 0.0103 | V_loss 0.0016 | LR 0.000099 | early_stop=0
iter   337 | steps  11,042,816 | SPS   1,881 | reward +0.340 | clip_frac 0.326 | KL 0.0114 | V_loss 0.0018 | LR 0.000099 | early_stop=0
iter   338 | steps  11,075,584 | SPS   1,881 | reward +0.400 | clip_frac 0.327 | KL 0.0103 | V_loss 0.0013 | LR 0.000099 | early_stop=0
iter   339 | steps  11,108,352 | SPS   1,881 | reward +0.310 | clip_frac 0.328 | KL 0.0156 | V_loss 0.0019 | LR 0.000099 | early_stop=0
iter   340 | steps  11,141,120 | SPS   1,882 | reward +0.250 | clip_frac 0.330 | KL 0.0149 | V_loss 0.0018 | LR 0.000099 | early_stop=0
iter   341 | steps  11,173,888 | SPS   1,882 | reward +0.170 | clip_frac 0.333 | KL 0.0111 | V_loss 0.0025 | LR 0.000099 | early_stop=0
iter   342 | steps  11,206,656 | SPS   1,882 | reward +0.150 | clip_frac 0.334 | KL 0.0105 | V_loss 0.0015 | LR 0.000099 | early_stop=0
iter   343 | steps  11,239,424 | SPS   1,882 | reward +0.110 | clip_frac 0.335 | KL 0.0166 | V_loss 0.0018 | LR 0.000099 | early_stop=0
iter   344 | steps  11,272,192 | SPS   1,882 | reward +0.120 | clip_frac 0.336 | KL 0.0131 | V_loss 0.0016 | LR 0.000099 | early_stop=0
iter   345 | steps  11,304,960 | SPS   1,883 | reward +0.100 | clip_frac 0.336 | KL 0.0120 | V_loss 0.0013 | LR 0.000099 | early_stop=0
iter   346 | steps  11,337,728 | SPS   1,883 | reward +0.040 | clip_frac 0.338 | KL 0.0144 | V_loss 0.0021 | LR 0.000099 | early_stop=0
iter   347 | steps  11,370,496 | SPS   1,883 | reward +0.060 | clip_frac 0.340 | KL 0.0110 | V_loss 0.0018 | LR 0.000099 | early_stop=0
iter   348 | steps  11,403,264 | SPS   1,883 | reward +0.010 | clip_frac 0.342 | KL 0.0100 | V_loss 0.0021 | LR 0.000099 | early_stop=0
iter   349 | steps  11,436,032 | SPS   1,884 | reward +0.030 | clip_frac 0.344 | KL 0.0111 | V_loss 0.0022 | LR 0.000099 | early_stop=0
iter   350 | steps  11,468,800 | SPS   1,884 | reward +0.040 | clip_frac 0.347 | KL 0.0121 | V_loss 0.0021 | LR 0.000099 | early_stop=0
iter   351 | steps  11,501,568 | SPS   1,884 | reward +0.190 | clip_frac 0.349 | KL 0.0157 | V_loss 0.0024 | LR 0.000099 | early_stop=0
iter   352 | steps  11,534,336 | SPS   1,884 | reward +0.270 | clip_frac 0.351 | KL 0.0094 | V_loss 0.0014 | LR 0.000099 | early_stop=0
iter   353 | steps  11,567,104 | SPS   1,885 | reward +0.250 | clip_frac 0.354 | KL 0.0113 | V_loss 0.0018 | LR 0.000099 | early_stop=0
iter   354 | steps  11,599,872 | SPS   1,885 | reward +0.250 | clip_frac 0.356 | KL 0.0124 | V_loss 0.0019 | LR 0.000099 | early_stop=0
iter   355 | steps  11,632,640 | SPS   1,885 | reward +0.210 | clip_frac 0.359 | KL 0.0148 | V_loss 0.0018 | LR 0.000099 | early_stop=0
iter   356 | steps  11,665,408 | SPS   1,885 | reward +0.210 | clip_frac 0.361 | KL 0.0153 | V_loss 0.0022 | LR 0.000099 | early_stop=0
iter   357 | steps  11,698,176 | SPS   1,886 | reward +0.100 | clip_frac 0.364 | KL 0.0136 | V_loss 0.0023 | LR 0.000099 | early_stop=0
iter   358 | steps  11,730,944 | SPS   1,886 | reward +0.080 | clip_frac 0.367 | KL 0.0102 | V_loss 0.0022 | LR 0.000099 | early_stop=0
iter   359 | steps  11,763,712 | SPS   1,886 | reward +0.150 | clip_frac 0.368 | KL 0.0093 | V_loss 0.0025 | LR 0.000099 | early_stop=0
iter   360 | steps  11,796,480 | SPS   1,886 | reward +0.190 | clip_frac 0.369 | KL 0.0099 | V_loss 0.0017 | LR 0.000099 | early_stop=0
iter   361 | steps  11,829,248 | SPS   1,887 | reward +0.180 | clip_frac 0.370 | KL 0.0097 | V_loss 0.0015 | LR 0.000099 | early_stop=0
iter   362 | steps  11,862,016 | SPS   1,887 | reward +0.180 | clip_frac 0.372 | KL 0.0125 | V_loss 0.0023 | LR 0.000099 | early_stop=0
iter   363 | steps  11,894,784 | SPS   1,887 | reward +0.180 | clip_frac 0.373 | KL 0.0143 | V_loss 0.0024 | LR 0.000099 | early_stop=0
iter   364 | steps  11,927,552 | SPS   1,887 | reward +0.230 | clip_frac 0.373 | KL 0.0128 | V_loss 0.0023 | LR 0.000099 | early_stop=0
iter   365 | steps  11,960,320 | SPS   1,888 | reward +0.120 | clip_frac 0.373 | KL 0.0136 | V_loss 0.0027 | LR 0.000099 | early_stop=0
iter   366 | steps  11,993,088 | SPS   1,888 | reward +0.180 | clip_frac 0.371 | KL 0.0081 | V_loss 0.0022 | LR 0.000099 | early_stop=0
iter   367 | steps  12,025,856 | SPS   1,888 | reward +0.110 | clip_frac 0.370 | KL 0.0121 | V_loss 0.0021 | LR 0.000099 | early_stop=0
iter   368 | steps  12,058,624 | SPS   1,888 | reward +0.200 | clip_frac 0.369 | KL 0.0098 | V_loss 0.0021 | LR 0.000099 | early_stop=0
iter   369 | steps  12,091,392 | SPS   1,889 | reward +0.120 | clip_frac 0.368 | KL 0.0102 | V_loss 0.0025 | LR 0.000099 | early_stop=0
iter   370 | steps  12,124,160 | SPS   1,889 | reward +0.130 | clip_frac 0.368 | KL 0.0139 | V_loss 0.0029 | LR 0.000099 | early_stop=0
iter   371 | steps  12,156,928 | SPS   1,889 | reward +0.070 | clip_frac 0.369 | KL 0.0124 | V_loss 0.0021 | LR 0.000099 | early_stop=0
iter   372 | steps  12,189,696 | SPS   1,889 | reward +0.140 | clip_frac 0.369 | KL 0.0107 | V_loss 0.0022 | LR 0.000099 | early_stop=0
iter   373 | steps  12,222,464 | SPS   1,889 | reward +0.150 | clip_frac 0.368 | KL 0.0094 | V_loss 0.0019 | LR 0.000099 | early_stop=0
iter   374 | steps  12,255,232 | SPS   1,890 | reward +0.170 | clip_frac 0.367 | KL 0.0117 | V_loss 0.0022 | LR 0.000099 | early_stop=0
iter   375 | steps  12,288,000 | SPS   1,890 | reward +0.110 | clip_frac 0.366 | KL 0.0114 | V_loss 0.0021 | LR 0.000099 | early_stop=0
iter   376 | steps  12,320,768 | SPS   1,890 | reward +0.170 | clip_frac 0.366 | KL 0.0118 | V_loss 0.0029 | LR 0.000099 | early_stop=0
iter   377 | steps  12,353,536 | SPS   1,890 | reward +0.190 | clip_frac 0.367 | KL 0.0148 | V_loss 0.0022 | LR 0.000099 | early_stop=0
iter   378 | steps  12,386,304 | SPS   1,890 | reward +0.210 | clip_frac 0.368 | KL 0.0111 | V_loss 0.0019 | LR 0.000099 | early_stop=0
iter   379 | steps  12,419,072 | SPS   1,890 | reward +0.220 | clip_frac 0.369 | KL 0.0162 | V_loss 0.0024 | LR 0.000099 | early_stop=0
iter   380 | steps  12,451,840 | SPS   1,891 | reward +0.220 | clip_frac 0.369 | KL 0.0102 | V_loss 0.0019 | LR 0.000099 | early_stop=0
iter   381 | steps  12,484,608 | SPS   1,891 | reward +0.270 | clip_frac 0.369 | KL 0.0108 | V_loss 0.0034 | LR 0.000099 | early_stop=0
iter   382 | steps  12,517,376 | SPS   1,891 | reward +0.170 | clip_frac 0.369 | KL 0.0113 | V_loss 0.0038 | LR 0.000099 | early_stop=0
iter   383 | steps  12,550,144 | SPS   1,891 | reward +0.060 | clip_frac 0.368 | KL 0.0088 | V_loss 0.0024 | LR 0.000098 | early_stop=0
iter   384 | steps  12,582,912 | SPS   1,891 | reward +0.010 | clip_frac 0.369 | KL 0.0101 | V_loss 0.0030 | LR 0.000098 | early_stop=0
iter   385 | steps  12,615,680 | SPS   1,892 | reward +0.070 | clip_frac 0.369 | KL 0.0132 | V_loss 0.0022 | LR 0.000098 | early_stop=0
iter   386 | steps  12,648,448 | SPS   1,892 | reward +0.160 | clip_frac 0.371 | KL 0.0139 | V_loss 0.0024 | LR 0.000098 | early_stop=0
iter   387 | steps  12,681,216 | SPS   1,892 | reward +0.220 | clip_frac 0.371 | KL 0.0131 | V_loss 0.0027 | LR 0.000098 | early_stop=0
iter   388 | steps  12,713,984 | SPS   1,892 | reward +0.310 | clip_frac 0.371 | KL 0.0089 | V_loss 0.0021 | LR 0.000098 | early_stop=0
iter   389 | steps  12,746,752 | SPS   1,892 | reward +0.290 | clip_frac 0.371 | KL 0.0136 | V_loss 0.0022 | LR 0.000098 | early_stop=0
iter   390 | steps  12,779,520 | SPS   1,893 | reward +0.260 | clip_frac 0.370 | KL 0.0113 | V_loss 0.0020 | LR 0.000098 | early_stop=0
iter   391 | steps  12,812,288 | SPS   1,893 | reward +0.150 | clip_frac 0.368 | KL 0.0083 | V_loss 0.0019 | LR 0.000098 | early_stop=0
iter   392 | steps  12,845,056 | SPS   1,893 | reward +0.110 | clip_frac 0.367 | KL 0.0134 | V_loss 0.0020 | LR 0.000098 | early_stop=0
iter   393 | steps  12,877,824 | SPS   1,893 | reward +0.060 | clip_frac 0.366 | KL 0.0105 | V_loss 0.0020 | LR 0.000098 | early_stop=0
iter   394 | steps  12,910,592 | SPS   1,894 | reward +0.090 | clip_frac 0.366 | KL 0.0124 | V_loss 0.0025 | LR 0.000098 | early_stop=0
iter   395 | steps  12,943,360 | SPS   1,894 | reward +0.180 | clip_frac 0.365 | KL 0.0101 | V_loss 0.0025 | LR 0.000098 | early_stop=0
iter   396 | steps  12,976,128 | SPS   1,894 | reward +0.150 | clip_frac 0.364 | KL 0.0111 | V_loss 0.0022 | LR 0.000098 | early_stop=0
iter   397 | steps  13,008,896 | SPS   1,894 | reward +0.180 | clip_frac 0.362 | KL 0.0122 | V_loss 0.0022 | LR 0.000098 | early_stop=0
iter   398 | steps  13,041,664 | SPS   1,894 | reward +0.150 | clip_frac 0.359 | KL 0.0082 | V_loss 0.0018 | LR 0.000098 | early_stop=0
iter   399 | steps  13,074,432 | SPS   1,894 | reward +0.080 | clip_frac 0.357 | KL 0.0115 | V_loss 0.0020 | LR 0.000098 | early_stop=0
iter   400 | steps  13,107,200 | SPS   1,895 | reward +0.150 | clip_frac 0.355 | KL 0.0099 | V_loss 0.0021 | LR 0.000098 | early_stop=0
iter   401 | steps  13,139,968 | SPS   1,895 | reward +0.010 | clip_frac 0.353 | KL 0.0134 | V_loss 0.0022 | LR 0.000098 | early_stop=0
iter   402 | steps  13,172,736 | SPS   1,895 | reward +0.110 | clip_frac 0.351 | KL 0.0125 | V_loss 0.0022 | LR 0.000098 | early_stop=0
iter   403 | steps  13,205,504 | SPS   1,895 | reward +0.110 | clip_frac 0.348 | KL 0.0101 | V_loss 0.0020 | LR 0.000098 | early_stop=0
iter   404 | steps  13,238,272 | SPS   1,895 | reward +0.130 | clip_frac 0.347 | KL 0.0129 | V_loss 0.0027 | LR 0.000098 | early_stop=0
iter   405 | steps  13,271,040 | SPS   1,895 | reward +0.120 | clip_frac 0.346 | KL 0.0141 | V_loss 0.0021 | LR 0.000098 | early_stop=0
iter   406 | steps  13,303,808 | SPS   1,896 | reward +0.140 | clip_frac 0.344 | KL 0.0110 | V_loss 0.0021 | LR 0.000098 | early_stop=0
iter   407 | steps  13,336,576 | SPS   1,896 | reward +0.170 | clip_frac 0.342 | KL 0.0097 | V_loss 0.0028 | LR 0.000098 | early_stop=0
iter   408 | steps  13,369,344 | SPS   1,896 | reward +0.150 | clip_frac 0.340 | KL 0.0087 | V_loss 0.0023 | LR 0.000098 | early_stop=0
iter   409 | steps  13,402,112 | SPS   1,896 | reward +0.090 | clip_frac 0.339 | KL 0.0085 | V_loss 0.0025 | LR 0.000098 | early_stop=0
iter   410 | steps  13,434,880 | SPS   1,896 | reward +0.110 | clip_frac 0.337 | KL 0.0098 | V_loss 0.0035 | LR 0.000098 | early_stop=0
iter   411 | steps  13,467,648 | SPS   1,896 | reward +0.240 | clip_frac 0.336 | KL 0.0106 | V_loss 0.0036 | LR 0.000098 | early_stop=0
iter   412 | steps  13,500,416 | SPS   1,897 | reward +0.270 | clip_frac 0.335 | KL 0.0101 | V_loss 0.0025 | LR 0.000098 | early_stop=0
iter   413 | steps  13,533,184 | SPS   1,897 | reward +0.300 | clip_frac 0.334 | KL 0.0118 | V_loss 0.0023 | LR 0.000098 | early_stop=0
iter   414 | steps  13,565,952 | SPS   1,897 | reward +0.210 | clip_frac 0.333 | KL 0.0141 | V_loss 0.0023 | LR 0.000098 | early_stop=0
iter   415 | steps  13,598,720 | SPS   1,897 | reward +0.290 | clip_frac 0.333 | KL 0.0109 | V_loss 0.0016 | LR 0.000098 | early_stop=0
iter   416 | steps  13,631,488 | SPS   1,897 | reward +0.170 | clip_frac 0.335 | KL 0.0141 | V_loss 0.0015 | LR 0.000098 | early_stop=0
iter   417 | steps  13,664,256 | SPS   1,897 | reward +0.160 | clip_frac 0.336 | KL 0.0139 | V_loss 0.0018 | LR 0.000098 | early_stop=0
iter   418 | steps  13,697,024 | SPS   1,898 | reward +0.100 | clip_frac 0.336 | KL 0.0096 | V_loss 0.0019 | LR 0.000098 | early_stop=0
iter   419 | steps  13,729,792 | SPS   1,898 | reward +0.180 | clip_frac 0.336 | KL 0.0091 | V_loss 0.0017 | LR 0.000098 | early_stop=0
iter   420 | steps  13,762,560 | SPS   1,898 | reward +0.190 | clip_frac 0.335 | KL 0.0112 | V_loss 0.0019 | LR 0.000098 | early_stop=0
iter   421 | steps  13,795,328 | SPS   1,898 | reward +0.210 | clip_frac 0.335 | KL 0.0113 | V_loss 0.0027 | LR 0.000098 | early_stop=0
iter   422 | steps  13,828,096 | SPS   1,898 | reward +0.150 | clip_frac 0.335 | KL 0.0105 | V_loss 0.0029 | LR 0.000098 | early_stop=0
iter   423 | steps  13,860,864 | SPS   1,899 | reward +0.170 | clip_frac 0.335 | KL 0.0105 | V_loss 0.0017 | LR 0.000098 | early_stop=0
iter   424 | steps  13,893,632 | SPS   1,899 | reward +0.080 | clip_frac 0.334 | KL 0.0092 | V_loss 0.0021 | LR 0.000098 | early_stop=0
iter   425 | steps  13,926,400 | SPS   1,899 | reward +0.060 | clip_frac 0.334 | KL 0.0088 | V_loss 0.0017 | LR 0.000098 | early_stop=0
iter   426 | steps  13,959,168 | SPS   1,899 | reward +0.100 | clip_frac 0.334 | KL 0.0129 | V_loss 0.0023 | LR 0.000098 | early_stop=0
iter   427 | steps  13,991,936 | SPS   1,899 | reward +0.220 | clip_frac 0.333 | KL 0.0080 | V_loss 0.0025 | LR 0.000098 | early_stop=0
iter   428 | steps  14,024,704 | SPS   1,900 | reward +0.330 | clip_frac 0.332 | KL 0.0120 | V_loss 0.0029 | LR 0.000098 | early_stop=0
iter   429 | steps  14,057,472 | SPS   1,900 | reward +0.280 | clip_frac 0.330 | KL 0.0102 | V_loss 0.0026 | LR 0.000098 | early_stop=0
iter   430 | steps  14,090,240 | SPS   1,900 | reward +0.170 | clip_frac 0.329 | KL 0.0132 | V_loss 0.0020 | LR 0.000098 | early_stop=0
iter   431 | steps  14,123,008 | SPS   1,900 | reward +0.220 | clip_frac 0.328 | KL 0.0108 | V_loss 0.0029 | LR 0.000098 | early_stop=0
iter   432 | steps  14,155,776 | SPS   1,900 | reward +0.220 | clip_frac 0.326 | KL 0.0071 | V_loss 0.0022 | LR 0.000098 | early_stop=0
iter   433 | steps  14,188,544 | SPS   1,900 | reward +0.230 | clip_frac 0.324 | KL 0.0084 | V_loss 0.0025 | LR 0.000098 | early_stop=0
iter   434 | steps  14,221,312 | SPS   1,901 | reward +0.250 | clip_frac 0.323 | KL 0.0104 | V_loss 0.0027 | LR 0.000098 | early_stop=0
iter   435 | steps  14,254,080 | SPS   1,901 | reward +0.210 | clip_frac 0.321 | KL 0.0105 | V_loss 0.0023 | LR 0.000098 | early_stop=0
iter   436 | steps  14,286,848 | SPS   1,901 | reward +0.260 | clip_frac 0.318 | KL 0.0091 | V_loss 0.0021 | LR 0.000098 | early_stop=0
iter   437 | steps  14,319,616 | SPS   1,901 | reward +0.190 | clip_frac 0.316 | KL 0.0108 | V_loss 0.0024 | LR 0.000098 | early_stop=0
iter   438 | steps  14,352,384 | SPS   1,901 | reward +0.190 | clip_frac 0.315 | KL 0.0093 | V_loss 0.0020 | LR 0.000098 | early_stop=0
iter   439 | steps  14,385,152 | SPS   1,901 | reward +0.020 | clip_frac 0.314 | KL 0.0122 | V_loss 0.0023 | LR 0.000098 | early_stop=0
iter   440 | steps  14,417,920 | SPS   1,902 | reward -0.010 | clip_frac 0.314 | KL 0.0136 | V_loss 0.0019 | LR 0.000098 | early_stop=0
iter   441 | steps  14,450,688 | SPS   1,902 | reward -0.030 | clip_frac 0.314 | KL 0.0124 | V_loss 0.0018 | LR 0.000098 | early_stop=0
iter   442 | steps  14,483,456 | SPS   1,902 | reward +0.060 | clip_frac 0.312 | KL 0.0097 | V_loss 0.0021 | LR 0.000098 | early_stop=0
iter   443 | steps  14,516,224 | SPS   1,902 | reward +0.100 | clip_frac 0.311 | KL 0.0109 | V_loss 0.0035 | LR 0.000098 | early_stop=0
iter   444 | steps  14,548,992 | SPS   1,902 | reward +0.210 | clip_frac 0.310 | KL 0.0090 | V_loss 0.0023 | LR 0.000098 | early_stop=0
iter   445 | steps  14,581,760 | SPS   1,902 | reward +0.280 | clip_frac 0.308 | KL 0.0101 | V_loss 0.0029 | LR 0.000098 | early_stop=0
iter   446 | steps  14,614,528 | SPS   1,902 | reward +0.210 | clip_frac 0.307 | KL 0.0116 | V_loss 0.0025 | LR 0.000098 | early_stop=0
iter   447 | steps  14,647,296 | SPS   1,902 | reward +0.210 | clip_frac 0.306 | KL 0.0085 | V_loss 0.0022 | LR 0.000098 | early_stop=0
iter   448 | steps  14,680,064 | SPS   1,903 | reward +0.100 | clip_frac 0.306 | KL 0.0109 | V_loss 0.0019 | LR 0.000098 | early_stop=0
iter   449 | steps  14,712,832 | SPS   1,903 | reward +0.090 | clip_frac 0.305 | KL 0.0092 | V_loss 0.0025 | LR 0.000097 | early_stop=0
iter   450 | steps  14,745,600 | SPS   1,903 | reward +0.060 | clip_frac 0.305 | KL 0.0121 | V_loss 0.0018 | LR 0.000097 | early_stop=0
iter   451 | steps  14,778,368 | SPS   1,903 | reward +0.140 | clip_frac 0.304 | KL 0.0096 | V_loss 0.0016 | LR 0.000097 | early_stop=0
iter   452 | steps  14,811,136 | SPS   1,903 | reward +0.210 | clip_frac 0.303 | KL 0.0122 | V_loss 0.0022 | LR 0.000097 | early_stop=0
iter   453 | steps  14,843,904 | SPS   1,903 | reward +0.210 | clip_frac 0.302 | KL 0.0104 | V_loss 0.0031 | LR 0.000097 | early_stop=0
iter   454 | steps  14,876,672 | SPS   1,903 | reward +0.140 | clip_frac 0.300 | KL 0.0089 | V_loss 0.0035 | LR 0.000097 | early_stop=0
iter   455 | steps  14,909,440 | SPS   1,903 | reward +0.130 | clip_frac 0.298 | KL 0.0140 | V_loss 0.0021 | LR 0.000097 | early_stop=0
iter   456 | steps  14,942,208 | SPS   1,904 | reward +0.110 | clip_frac 0.297 | KL 0.0101 | V_loss 0.0019 | LR 0.000097 | early_stop=0
iter   457 | steps  14,974,976 | SPS   1,904 | reward +0.180 | clip_frac 0.296 | KL 0.0124 | V_loss 0.0020 | LR 0.000097 | early_stop=0
iter   458 | steps  15,007,744 | SPS   1,904 | reward +0.130 | clip_frac 0.295 | KL 0.0105 | V_loss 0.0022 | LR 0.000097 | early_stop=0
iter   459 | steps  15,040,512 | SPS   1,904 | reward +0.120 | clip_frac 0.294 | KL 0.0100 | V_loss 0.0025 | LR 0.000097 | early_stop=0
  saved checkpoints/torch_step_15040512.pt
    EVAL @ step 15,040,512: vs initial = 59.4% (64 games)  | vs heuristic: 0.0% (16 games) [best=67.2%, no_improve=0]
iter   460 | steps  15,073,280 | SPS   1,875 | reward +0.170 | clip_frac 0.293 | KL 0.0117 | V_loss 0.0025 | LR 0.000097 | early_stop=0
iter   461 | steps  15,106,048 | SPS   1,876 | reward +0.130 | clip_frac 0.291 | KL 0.0093 | V_loss 0.0027 | LR 0.000097 | early_stop=0
iter   462 | steps  15,138,816 | SPS   1,876 | reward +0.130 | clip_frac 0.289 | KL 0.0109 | V_loss 0.0028 | LR 0.000097 | early_stop=0
iter   463 | steps  15,171,584 | SPS   1,876 | reward +0.020 | clip_frac 0.288 | KL 0.0101 | V_loss 0.0022 | LR 0.000097 | early_stop=0
iter   464 | steps  15,204,352 | SPS   1,876 | reward +0.080 | clip_frac 0.288 | KL 0.0149 | V_loss 0.0036 | LR 0.000097 | early_stop=0
iter   465 | steps  15,237,120 | SPS   1,876 | reward +0.100 | clip_frac 0.287 | KL 0.0137 | V_loss 0.0037 | LR 0.000097 | early_stop=0
iter   466 | steps  15,269,888 | SPS   1,877 | reward +0.150 | clip_frac 0.285 | KL 0.0104 | V_loss 0.0028 | LR 0.000097 | early_stop=0
iter   467 | steps  15,302,656 | SPS   1,877 | reward +0.180 | clip_frac 0.284 | KL 0.0126 | V_loss 0.0023 | LR 0.000097 | early_stop=0
iter   468 | steps  15,335,424 | SPS   1,877 | reward +0.120 | clip_frac 0.282 | KL 0.0093 | V_loss 0.0034 | LR 0.000097 | early_stop=0
iter   469 | steps  15,368,192 | SPS   1,877 | reward +0.090 | clip_frac 0.281 | KL 0.0108 | V_loss 0.0032 | LR 0.000097 | early_stop=0
iter   470 | steps  15,400,960 | SPS   1,877 | reward +0.100 | clip_frac 0.280 | KL 0.0093 | V_loss 0.0022 | LR 0.000097 | early_stop=0
iter   471 | steps  15,433,728 | SPS   1,877 | reward +0.100 | clip_frac 0.279 | KL 0.0131 | V_loss 0.0026 | LR 0.000097 | early_stop=0
iter   472 | steps  15,466,496 | SPS   1,878 | reward +0.120 | clip_frac 0.280 | KL 0.0133 | V_loss 0.0020 | LR 0.000097 | early_stop=0
iter   473 | steps  15,499,264 | SPS   1,878 | reward +0.130 | clip_frac 0.281 | KL 0.0099 | V_loss 0.0021 | LR 0.000097 | early_stop=0
iter   474 | steps  15,532,032 | SPS   1,878 | reward +0.160 | clip_frac 0.282 | KL 0.0099 | V_loss 0.0029 | LR 0.000097 | early_stop=0
iter   475 | steps  15,564,800 | SPS   1,878 | reward +0.200 | clip_frac 0.282 | KL 0.0093 | V_loss 0.0024 | LR 0.000097 | early_stop=0
iter   476 | steps  15,597,568 | SPS   1,878 | reward +0.270 | clip_frac 0.281 | KL 0.0092 | V_loss 0.0025 | LR 0.000097 | early_stop=0
iter   477 | steps  15,630,336 | SPS   1,879 | reward +0.310 | clip_frac 0.281 | KL 0.0115 | V_loss 0.0018 | LR 0.000097 | early_stop=0
iter   478 | steps  15,663,104 | SPS   1,879 | reward +0.290 | clip_frac 0.281 | KL 0.0081 | V_loss 0.0018 | LR 0.000097 | early_stop=0
iter   479 | steps  15,695,872 | SPS   1,879 | reward +0.240 | clip_frac 0.282 | KL 0.0073 | V_loss 0.0017 | LR 0.000097 | early_stop=0
iter   480 | steps  15,728,640 | SPS   1,879 | reward +0.150 | clip_frac 0.284 | KL 0.0112 | V_loss 0.0020 | LR 0.000097 | early_stop=0
iter   481 | steps  15,761,408 | SPS   1,879 | reward +0.110 | clip_frac 0.285 | KL 0.0119 | V_loss 0.0017 | LR 0.000097 | early_stop=0
iter   482 | steps  15,794,176 | SPS   1,880 | reward +0.190 | clip_frac 0.286 | KL 0.0081 | V_loss 0.0020 | LR 0.000097 | early_stop=0
iter   483 | steps  15,826,944 | SPS   1,880 | reward +0.190 | clip_frac 0.287 | KL 0.0094 | V_loss 0.0029 | LR 0.000097 | early_stop=0
iter   484 | steps  15,859,712 | SPS   1,880 | reward +0.160 | clip_frac 0.289 | KL 0.0100 | V_loss 0.0027 | LR 0.000097 | early_stop=0
iter   485 | steps  15,892,480 | SPS   1,880 | reward +0.070 | clip_frac 0.290 | KL 0.0087 | V_loss 0.0033 | LR 0.000097 | early_stop=0
iter   486 | steps  15,925,248 | SPS   1,880 | reward +0.170 | clip_frac 0.291 | KL 0.0081 | V_loss 0.0023 | LR 0.000097 | early_stop=0
iter   487 | steps  15,958,016 | SPS   1,880 | reward +0.210 | clip_frac 0.292 | KL 0.0076 | V_loss 0.0018 | LR 0.000097 | early_stop=0
iter   488 | steps  15,990,784 | SPS   1,880 | reward +0.250 | clip_frac 0.293 | KL 0.0093 | V_loss 0.0029 | LR 0.000097 | early_stop=0
iter   489 | steps  16,023,552 | SPS   1,881 | reward +0.140 | clip_frac 0.295 | KL 0.0100 | V_loss 0.0020 | LR 0.000097 | early_stop=0
iter   490 | steps  16,056,320 | SPS   1,881 | reward +0.140 | clip_frac 0.295 | KL 0.0091 | V_loss 0.0018 | LR 0.000097 | early_stop=0
iter   491 | steps  16,089,088 | SPS   1,881 | reward +0.080 | clip_frac 0.296 | KL 0.0088 | V_loss 0.0032 | LR 0.000097 | early_stop=0
iter   492 | steps  16,121,856 | SPS   1,881 | reward +0.180 | clip_frac 0.297 | KL 0.0101 | V_loss 0.0026 | LR 0.000097 | early_stop=0
iter   493 | steps  16,154,624 | SPS   1,881 | reward +0.180 | clip_frac 0.299 | KL 0.0113 | V_loss 0.0024 | LR 0.000097 | early_stop=0
iter   494 | steps  16,187,392 | SPS   1,881 | reward +0.180 | clip_frac 0.300 | KL 0.0089 | V_loss 0.0018 | LR 0.000097 | early_stop=0
iter   495 | steps  16,220,160 | SPS   1,882 | reward +0.140 | clip_frac 0.302 | KL 0.0097 | V_loss 0.0024 | LR 0.000097 | early_stop=0
iter   496 | steps  16,252,928 | SPS   1,882 | reward +0.260 | clip_frac 0.304 | KL 0.0104 | V_loss 0.0034 | LR 0.000097 | early_stop=0
iter   497 | steps  16,285,696 | SPS   1,882 | reward +0.300 | clip_frac 0.306 | KL 0.0090 | V_loss 0.0019 | LR 0.000097 | early_stop=0
iter   498 | steps  16,318,464 | SPS   1,882 | reward +0.280 | clip_frac 0.307 | KL 0.0114 | V_loss 0.0022 | LR 0.000097 | early_stop=0
iter   499 | steps  16,351,232 | SPS   1,882 | reward +0.240 | clip_frac 0.308 | KL 0.0115 | V_loss 0.0034 | LR 0.000097 | early_stop=0
iter   500 | steps  16,384,000 | SPS   1,882 | reward +0.180 | clip_frac 0.309 | KL 0.0072 | V_loss 0.0022 | LR 0.000097 | early_stop=0
iter   501 | steps  16,416,768 | SPS   1,883 | reward +0.220 | clip_frac 0.310 | KL 0.0089 | V_loss 0.0015 | LR 0.000097 | early_stop=0
iter   502 | steps  16,449,536 | SPS   1,883 | reward +0.220 | clip_frac 0.311 | KL 0.0090 | V_loss 0.0018 | LR 0.000097 | early_stop=0
iter   503 | steps  16,482,304 | SPS   1,883 | reward +0.310 | clip_frac 0.312 | KL 0.0085 | V_loss 0.0023 | LR 0.000097 | early_stop=0
iter   504 | steps  16,515,072 | SPS   1,883 | reward +0.330 | clip_frac 0.314 | KL 0.0111 | V_loss 0.0022 | LR 0.000096 | early_stop=0
iter   505 | steps  16,547,840 | SPS   1,883 | reward +0.320 | clip_frac 0.315 | KL 0.0101 | V_loss 0.0023 | LR 0.000096 | early_stop=0
iter   506 | steps  16,580,608 | SPS   1,883 | reward +0.300 | clip_frac 0.315 | KL 0.0145 | V_loss 0.0029 | LR 0.000096 | early_stop=0
iter   507 | steps  16,613,376 | SPS   1,884 | reward +0.240 | clip_frac 0.316 | KL 0.0129 | V_loss 0.0022 | LR 0.000096 | early_stop=0
iter   508 | steps  16,646,144 | SPS   1,884 | reward +0.210 | clip_frac 0.317 | KL 0.0082 | V_loss 0.0022 | LR 0.000096 | early_stop=0
iter   509 | steps  16,678,912 | SPS   1,884 | reward +0.290 | clip_frac 0.318 | KL 0.0092 | V_loss 0.0018 | LR 0.000096 | early_stop=0
iter   510 | steps  16,711,680 | SPS   1,884 | reward +0.370 | clip_frac 0.319 | KL 0.0111 | V_loss 0.0019 | LR 0.000096 | early_stop=0
iter   511 | steps  16,744,448 | SPS   1,884 | reward +0.330 | clip_frac 0.321 | KL 0.0117 | V_loss 0.0033 | LR 0.000096 | early_stop=0
iter   512 | steps  16,777,216 | SPS   1,884 | reward +0.280 | clip_frac 0.322 | KL 0.0088 | V_loss 0.0023 | LR 0.000096 | early_stop=0
iter   513 | steps  16,809,984 | SPS   1,884 | reward +0.150 | clip_frac 0.322 | KL 0.0100 | V_loss 0.0032 | LR 0.000096 | early_stop=0
iter   514 | steps  16,842,752 | SPS   1,885 | reward +0.160 | clip_frac 0.322 | KL 0.0073 | V_loss 0.0026 | LR 0.000096 | early_stop=0
iter   515 | steps  16,875,520 | SPS   1,885 | reward +0.100 | clip_frac 0.321 | KL 0.0085 | V_loss 0.0028 | LR 0.000096 | early_stop=0
iter   516 | steps  16,908,288 | SPS   1,885 | reward +0.190 | clip_frac 0.322 | KL 0.0115 | V_loss 0.0027 | LR 0.000096 | early_stop=0
iter   517 | steps  16,941,056 | SPS   1,885 | reward +0.160 | clip_frac 0.322 | KL 0.0096 | V_loss 0.0019 | LR 0.000096 | early_stop=0
iter   518 | steps  16,973,824 | SPS   1,885 | reward +0.190 | clip_frac 0.323 | KL 0.0102 | V_loss 0.0027 | LR 0.000096 | early_stop=0
iter   519 | steps  17,006,592 | SPS   1,885 | reward +0.070 | clip_frac 0.324 | KL 0.0099 | V_loss 0.0030 | LR 0.000096 | early_stop=0
iter   520 | steps  17,039,360 | SPS   1,885 | reward +0.170 | clip_frac 0.324 | KL 0.0122 | V_loss 0.0024 | LR 0.000096 | early_stop=0
iter   521 | steps  17,072,128 | SPS   1,885 | reward +0.280 | clip_frac 0.324 | KL 0.0100 | V_loss 0.0023 | LR 0.000096 | early_stop=0
iter   522 | steps  17,104,896 | SPS   1,886 | reward +0.280 | clip_frac 0.322 | KL 0.0075 | V_loss 0.0021 | LR 0.000096 | early_stop=0
iter   523 | steps  17,137,664 | SPS   1,886 | reward +0.220 | clip_frac 0.321 | KL 0.0097 | V_loss 0.0021 | LR 0.000096 | early_stop=0
iter   524 | steps  17,170,432 | SPS   1,886 | reward +0.190 | clip_frac 0.320 | KL 0.0108 | V_loss 0.0020 | LR 0.000096 | early_stop=0
iter   525 | steps  17,203,200 | SPS   1,886 | reward +0.190 | clip_frac 0.318 | KL 0.0080 | V_loss 0.0020 | LR 0.000096 | early_stop=0
iter   526 | steps  17,235,968 | SPS   1,886 | reward +0.250 | clip_frac 0.318 | KL 0.0099 | V_loss 0.0024 | LR 0.000096 | early_stop=0
iter   527 | steps  17,268,736 | SPS   1,886 | reward +0.310 | clip_frac 0.317 | KL 0.0090 | V_loss 0.0026 | LR 0.000096 | early_stop=0
iter   528 | steps  17,301,504 | SPS   1,887 | reward +0.340 | clip_frac 0.316 | KL 0.0085 | V_loss 0.0017 | LR 0.000096 | early_stop=0
iter   529 | steps  17,334,272 | SPS   1,887 | reward +0.260 | clip_frac 0.314 | KL 0.0079 | V_loss 0.0018 | LR 0.000096 | early_stop=0
iter   530 | steps  17,367,040 | SPS   1,887 | reward +0.220 | clip_frac 0.312 | KL 0.0098 | V_loss 0.0021 | LR 0.000096 | early_stop=0
iter   531 | steps  17,399,808 | SPS   1,887 | reward +0.220 | clip_frac 0.310 | KL 0.0084 | V_loss 0.0031 | LR 0.000096 | early_stop=0
iter   532 | steps  17,432,576 | SPS   1,887 | reward +0.230 | clip_frac 0.309 | KL 0.0079 | V_loss 0.0025 | LR 0.000096 | early_stop=0
iter   533 | steps  17,465,344 | SPS   1,887 | reward +0.160 | clip_frac 0.308 | KL 0.0107 | V_loss 0.0024 | LR 0.000096 | early_stop=0
iter   534 | steps  17,498,112 | SPS   1,887 | reward +0.130 | clip_frac 0.307 | KL 0.0090 | V_loss 0.0019 | LR 0.000096 | early_stop=0
iter   535 | steps  17,530,880 | SPS   1,888 | reward -0.030 | clip_frac 0.306 | KL 0.0128 | V_loss 0.0020 | LR 0.000096 | early_stop=0
iter   536 | steps  17,563,648 | SPS   1,888 | reward +0.070 | clip_frac 0.305 | KL 0.0082 | V_loss 0.0021 | LR 0.000096 | early_stop=0
iter   537 | steps  17,596,416 | SPS   1,888 | reward +0.190 | clip_frac 0.305 | KL 0.0117 | V_loss 0.0029 | LR 0.000096 | early_stop=0
iter   538 | steps  17,629,184 | SPS   1,888 | reward +0.240 | clip_frac 0.304 | KL 0.0101 | V_loss 0.0021 | LR 0.000096 | early_stop=0
iter   539 | steps  17,661,952 | SPS   1,888 | reward +0.210 | clip_frac 0.303 | KL 0.0142 | V_loss 0.0022 | LR 0.000096 | early_stop=0
iter   540 | steps  17,694,720 | SPS   1,888 | reward +0.180 | clip_frac 0.302 | KL 0.0131 | V_loss 0.0026 | LR 0.000096 | early_stop=0
iter   541 | steps  17,727,488 | SPS   1,888 | reward +0.230 | clip_frac 0.302 | KL 0.0103 | V_loss 0.0020 | LR 0.000096 | early_stop=0
iter   542 | steps  17,760,256 | SPS   1,889 | reward +0.260 | clip_frac 0.301 | KL 0.0094 | V_loss 0.0021 | LR 0.000096 | early_stop=0
iter   543 | steps  17,793,024 | SPS   1,889 | reward +0.280 | clip_frac 0.300 | KL 0.0093 | V_loss 0.0021 | LR 0.000096 | early_stop=0
iter   544 | steps  17,825,792 | SPS   1,889 | reward +0.290 | clip_frac 0.300 | KL 0.0096 | V_loss 0.0028 | LR 0.000096 | early_stop=0
iter   545 | steps  17,858,560 | SPS   1,889 | reward +0.250 | clip_frac 0.299 | KL 0.0125 | V_loss 0.0028 | LR 0.000096 | early_stop=0
iter   546 | steps  17,891,328 | SPS   1,889 | reward +0.260 | clip_frac 0.298 | KL 0.0106 | V_loss 0.0022 | LR 0.000096 | early_stop=0
iter   547 | steps  17,924,096 | SPS   1,889 | reward +0.320 | clip_frac 0.298 | KL 0.0114 | V_loss 0.0023 | LR 0.000096 | early_stop=0
iter   548 | steps  17,956,864 | SPS   1,889 | reward +0.320 | clip_frac 0.297 | KL 0.0122 | V_loss 0.0028 | LR 0.000096 | early_stop=0
iter   549 | steps  17,989,632 | SPS   1,889 | reward +0.230 | clip_frac 0.298 | KL 0.0085 | V_loss 0.0020 | LR 0.000096 | early_stop=0
iter   550 | steps  18,022,400 | SPS   1,890 | reward +0.200 | clip_frac 0.298 | KL 0.0112 | V_loss 0.0022 | LR 0.000096 | early_stop=0
iter   551 | steps  18,055,168 | SPS   1,890 | reward +0.260 | clip_frac 0.299 | KL 0.0083 | V_loss 0.0021 | LR 0.000095 | early_stop=0
iter   552 | steps  18,087,936 | SPS   1,890 | reward +0.360 | clip_frac 0.299 | KL 0.0081 | V_loss 0.0018 | LR 0.000095 | early_stop=0
iter   553 | steps  18,120,704 | SPS   1,890 | reward +0.270 | clip_frac 0.299 | KL 0.0088 | V_loss 0.0018 | LR 0.000095 | early_stop=0
iter   554 | steps  18,153,472 | SPS   1,890 | reward +0.250 | clip_frac 0.299 | KL 0.0097 | V_loss 0.0016 | LR 0.000095 | early_stop=0
iter   555 | steps  18,186,240 | SPS   1,890 | reward +0.200 | clip_frac 0.299 | KL 0.0109 | V_loss 0.0020 | LR 0.000095 | early_stop=0
iter   556 | steps  18,219,008 | SPS   1,890 | reward +0.250 | clip_frac 0.299 | KL 0.0104 | V_loss 0.0028 | LR 0.000095 | early_stop=0
iter   557 | steps  18,251,776 | SPS   1,891 | reward +0.220 | clip_frac 0.298 | KL 0.0093 | V_loss 0.0021 | LR 0.000095 | early_stop=0
iter   558 | steps  18,284,544 | SPS   1,891 | reward +0.190 | clip_frac 0.298 | KL 0.0073 | V_loss 0.0017 | LR 0.000095 | early_stop=0
iter   559 | steps  18,317,312 | SPS   1,891 | reward +0.160 | clip_frac 0.298 | KL 0.0086 | V_loss 0.0019 | LR 0.000095 | early_stop=0
iter   560 | steps  18,350,080 | SPS   1,891 | reward +0.230 | clip_frac 0.298 | KL 0.0114 | V_loss 0.0023 | LR 0.000095 | early_stop=0
iter   561 | steps  18,382,848 | SPS   1,891 | reward +0.230 | clip_frac 0.297 | KL 0.0098 | V_loss 0.0024 | LR 0.000095 | early_stop=0
iter   562 | steps  18,415,616 | SPS   1,891 | reward +0.200 | clip_frac 0.296 | KL 0.0116 | V_loss 0.0019 | LR 0.000095 | early_stop=0
iter   563 | steps  18,448,384 | SPS   1,891 | reward +0.260 | clip_frac 0.296 | KL 0.0111 | V_loss 0.0032 | LR 0.000095 | early_stop=0
iter   564 | steps  18,481,152 | SPS   1,891 | reward +0.210 | clip_frac 0.296 | KL 0.0083 | V_loss 0.0022 | LR 0.000095 | early_stop=0
iter   565 | steps  18,513,920 | SPS   1,891 | reward +0.220 | clip_frac 0.295 | KL 0.0085 | V_loss 0.0019 | LR 0.000095 | early_stop=0
iter   566 | steps  18,546,688 | SPS   1,892 | reward +0.210 | clip_frac 0.294 | KL 0.0111 | V_loss 0.0020 | LR 0.000095 | early_stop=0
iter   567 | steps  18,579,456 | SPS   1,892 | reward +0.200 | clip_frac 0.293 | KL 0.0085 | V_loss 0.0029 | LR 0.000095 | early_stop=0
iter   568 | steps  18,612,224 | SPS   1,892 | reward +0.140 | clip_frac 0.293 | KL 0.0085 | V_loss 0.0018 | LR 0.000095 | early_stop=0
iter   569 | steps  18,644,992 | SPS   1,892 | reward +0.080 | clip_frac 0.292 | KL 0.0090 | V_loss 0.0023 | LR 0.000095 | early_stop=0
iter   570 | steps  18,677,760 | SPS   1,892 | reward +0.160 | clip_frac 0.291 | KL 0.0118 | V_loss 0.0021 | LR 0.000095 | early_stop=0
iter   571 | steps  18,710,528 | SPS   1,892 | reward +0.300 | clip_frac 0.291 | KL 0.0103 | V_loss 0.0022 | LR 0.000095 | early_stop=0
iter   572 | steps  18,743,296 | SPS   1,892 | reward +0.400 | clip_frac 0.291 | KL 0.0097 | V_loss 0.0024 | LR 0.000095 | early_stop=0
iter   573 | steps  18,776,064 | SPS   1,892 | reward +0.380 | clip_frac 0.291 | KL 0.0107 | V_loss 0.0022 | LR 0.000095 | early_stop=0
iter   574 | steps  18,808,832 | SPS   1,893 | reward +0.430 | clip_frac 0.291 | KL 0.0081 | V_loss 0.0022 | LR 0.000095 | early_stop=0
iter   575 | steps  18,841,600 | SPS   1,893 | reward +0.420 | clip_frac 0.291 | KL 0.0080 | V_loss 0.0023 | LR 0.000095 | early_stop=0
iter   576 | steps  18,874,368 | SPS   1,893 | reward +0.370 | clip_frac 0.291 | KL 0.0088 | V_loss 0.0031 | LR 0.000095 | early_stop=0
iter   577 | steps  18,907,136 | SPS   1,893 | reward +0.370 | clip_frac 0.292 | KL 0.0096 | V_loss 0.0029 | LR 0.000095 | early_stop=0
iter   578 | steps  18,939,904 | SPS   1,893 | reward +0.220 | clip_frac 0.294 | KL 0.0098 | V_loss 0.0020 | LR 0.000095 | early_stop=0
iter   579 | steps  18,972,672 | SPS   1,893 | reward +0.180 | clip_frac 0.296 | KL 0.0112 | V_loss 0.0019 | LR 0.000095 | early_stop=0
iter   580 | steps  19,005,440 | SPS   1,893 | reward +0.160 | clip_frac 0.297 | KL 0.0083 | V_loss 0.0032 | LR 0.000095 | early_stop=0
iter   581 | steps  19,038,208 | SPS   1,893 | reward +0.260 | clip_frac 0.297 | KL 0.0078 | V_loss 0.0022 | LR 0.000095 | early_stop=0
iter   582 | steps  19,070,976 | SPS   1,893 | reward +0.370 | clip_frac 0.296 | KL 0.0077 | V_loss 0.0029 | LR 0.000095 | early_stop=0
iter   583 | steps  19,103,744 | SPS   1,894 | reward +0.380 | clip_frac 0.296 | KL 0.0087 | V_loss 0.0024 | LR 0.000095 | early_stop=0
iter   584 | steps  19,136,512 | SPS   1,894 | reward +0.340 | clip_frac 0.296 | KL 0.0086 | V_loss 0.0025 | LR 0.000095 | early_stop=0
iter   585 | steps  19,169,280 | SPS   1,894 | reward +0.220 | clip_frac 0.296 | KL 0.0095 | V_loss 0.0026 | LR 0.000095 | early_stop=0
iter   586 | steps  19,202,048 | SPS   1,894 | reward +0.150 | clip_frac 0.295 | KL 0.0114 | V_loss 0.0027 | LR 0.000095 | early_stop=0
iter   587 | steps  19,234,816 | SPS   1,894 | reward +0.160 | clip_frac 0.295 | KL 0.0125 | V_loss 0.0018 | LR 0.000095 | early_stop=0
iter   588 | steps  19,267,584 | SPS   1,894 | reward +0.150 | clip_frac 0.294 | KL 0.0083 | V_loss 0.0022 | LR 0.000095 | early_stop=0
iter   589 | steps  19,300,352 | SPS   1,894 | reward +0.230 | clip_frac 0.293 | KL 0.0090 | V_loss 0.0024 | LR 0.000095 | early_stop=0
iter   590 | steps  19,333,120 | SPS   1,894 | reward +0.330 | clip_frac 0.294 | KL 0.0123 | V_loss 0.0020 | LR 0.000095 | early_stop=0
iter   591 | steps  19,365,888 | SPS   1,894 | reward +0.430 | clip_frac 0.294 | KL 0.0094 | V_loss 0.0021 | LR 0.000095 | early_stop=0
iter   592 | steps  19,398,656 | SPS   1,895 | reward +0.360 | clip_frac 0.294 | KL 0.0084 | V_loss 0.0022 | LR 0.000095 | early_stop=0
iter   593 | steps  19,431,424 | SPS   1,895 | reward +0.310 | clip_frac 0.293 | KL 0.0096 | V_loss 0.0024 | LR 0.000094 | early_stop=0
iter   594 | steps  19,464,192 | SPS   1,895 | reward +0.250 | clip_frac 0.292 | KL 0.0087 | V_loss 0.0019 | LR 0.000094 | early_stop=0
iter   595 | steps  19,496,960 | SPS   1,895 | reward +0.270 | clip_frac 0.291 | KL 0.0083 | V_loss 0.0013 | LR 0.000094 | early_stop=0
iter   596 | steps  19,529,728 | SPS   1,895 | reward +0.310 | clip_frac 0.291 | KL 0.0086 | V_loss 0.0026 | LR 0.000094 | early_stop=0
iter   597 | steps  19,562,496 | SPS   1,895 | reward +0.300 | clip_frac 0.290 | KL 0.0095 | V_loss 0.0025 | LR 0.000094 | early_stop=0
iter   598 | steps  19,595,264 | SPS   1,895 | reward +0.330 | clip_frac 0.289 | KL 0.0124 | V_loss 0.0025 | LR 0.000094 | early_stop=0
iter   599 | steps  19,628,032 | SPS   1,895 | reward +0.250 | clip_frac 0.288 | KL 0.0111 | V_loss 0.0019 | LR 0.000094 | early_stop=0
iter   600 | steps  19,660,800 | SPS   1,895 | reward +0.280 | clip_frac 0.286 | KL 0.0091 | V_loss 0.0020 | LR 0.000094 | early_stop=0
iter   601 | steps  19,693,568 | SPS   1,895 | reward +0.220 | clip_frac 0.284 | KL 0.0091 | V_loss 0.0026 | LR 0.000094 | early_stop=0
iter   602 | steps  19,726,336 | SPS   1,896 | reward +0.310 | clip_frac 0.283 | KL 0.0088 | V_loss 0.0027 | LR 0.000094 | early_stop=0
iter   603 | steps  19,759,104 | SPS   1,896 | reward +0.280 | clip_frac 0.282 | KL 0.0066 | V_loss 0.0023 | LR 0.000094 | early_stop=0
iter   604 | steps  19,791,872 | SPS   1,896 | reward +0.350 | clip_frac 0.282 | KL 0.0066 | V_loss 0.0020 | LR 0.000094 | early_stop=0
iter   605 | steps  19,824,640 | SPS   1,896 | reward +0.350 | clip_frac 0.281 | KL 0.0104 | V_loss 0.0031 | LR 0.000094 | early_stop=0
iter   606 | steps  19,857,408 | SPS   1,896 | reward +0.370 | clip_frac 0.279 | KL 0.0081 | V_loss 0.0023 | LR 0.000094 | early_stop=0
iter   607 | steps  19,890,176 | SPS   1,896 | reward +0.340 | clip_frac 0.278 | KL 0.0108 | V_loss 0.0026 | LR 0.000094 | early_stop=0
iter   608 | steps  19,922,944 | SPS   1,896 | reward +0.290 | clip_frac 0.277 | KL 0.0096 | V_loss 0.0030 | LR 0.000094 | early_stop=0
iter   609 | steps  19,955,712 | SPS   1,896 | reward +0.250 | clip_frac 0.275 | KL 0.0095 | V_loss 0.0023 | LR 0.000094 | early_stop=0
iter   610 | steps  19,988,480 | SPS   1,896 | reward +0.240 | clip_frac 0.274 | KL 0.0126 | V_loss 0.0025 | LR 0.000094 | early_stop=0
iter   611 | steps  20,021,248 | SPS   1,897 | reward +0.200 | clip_frac 0.274 | KL 0.0091 | V_loss 0.0020 | LR 0.000094 | early_stop=0
iter   612 | steps  20,054,016 | SPS   1,897 | reward +0.140 | clip_frac 0.274 | KL 0.0088 | V_loss 0.0021 | LR 0.000094 | early_stop=0
  saved checkpoints/torch_step_20054016.pt
    EVAL @ step 20,054,016: vs initial = 62.5% (64 games)  | vs heuristic: 0.0% (16 games) [best=67.2%, no_improve=1]
iter   613 | steps  20,086,784 | SPS   1,863 | reward +0.120 | clip_frac 0.273 | KL 0.0078 | V_loss 0.0020 | LR 0.000094 | early_stop=0
iter   614 | steps  20,119,552 | SPS   1,864 | reward +0.250 | clip_frac 0.273 | KL 0.0086 | V_loss 0.0020 | LR 0.000094 | early_stop=0
iter   615 | steps  20,152,320 | SPS   1,864 | reward +0.270 | clip_frac 0.273 | KL 0.0102 | V_loss 0.0017 | LR 0.000094 | early_stop=0
iter   616 | steps  20,185,088 | SPS   1,864 | reward +0.270 | clip_frac 0.273 | KL 0.0088 | V_loss 0.0019 | LR 0.000094 | early_stop=0
iter   617 | steps  20,217,856 | SPS   1,864 | reward +0.210 | clip_frac 0.273 | KL 0.0111 | V_loss 0.0017 | LR 0.000094 | early_stop=0
iter   618 | steps  20,250,624 | SPS   1,864 | reward +0.240 | clip_frac 0.273 | KL 0.0132 | V_loss 0.0017 | LR 0.000094 | early_stop=0
iter   619 | steps  20,283,392 | SPS   1,864 | reward +0.280 | clip_frac 0.274 | KL 0.0149 | V_loss 0.0025 | LR 0.000094 | early_stop=0
iter   620 | steps  20,316,160 | SPS   1,864 | reward +0.290 | clip_frac 0.274 | KL 0.0076 | V_loss 0.0017 | LR 0.000094 | early_stop=0
iter   621 | steps  20,348,928 | SPS   1,865 | reward +0.310 | clip_frac 0.274 | KL 0.0121 | V_loss 0.0018 | LR 0.000094 | early_stop=0
iter   622 | steps  20,381,696 | SPS   1,865 | reward +0.290 | clip_frac 0.274 | KL 0.0093 | V_loss 0.0030 | LR 0.000094 | early_stop=0
iter   623 | steps  20,414,464 | SPS   1,865 | reward +0.200 | clip_frac 0.274 | KL 0.0071 | V_loss 0.0024 | LR 0.000094 | early_stop=0
iter   624 | steps  20,447,232 | SPS   1,865 | reward +0.230 | clip_frac 0.274 | KL 0.0078 | V_loss 0.0024 | LR 0.000094 | early_stop=0
iter   625 | steps  20,480,000 | SPS   1,865 | reward +0.270 | clip_frac 0.274 | KL 0.0097 | V_loss 0.0021 | LR 0.000094 | early_stop=0
iter   626 | steps  20,512,768 | SPS   1,865 | reward +0.300 | clip_frac 0.273 | KL 0.0105 | V_loss 0.0033 | LR 0.000094 | early_stop=0
iter   627 | steps  20,545,536 | SPS   1,866 | reward +0.310 | clip_frac 0.272 | KL 0.0086 | V_loss 0.0020 | LR 0.000094 | early_stop=0
iter   628 | steps  20,578,304 | SPS   1,866 | reward +0.280 | clip_frac 0.271 | KL 0.0092 | V_loss 0.0026 | LR 0.000094 | early_stop=0
iter   629 | steps  20,611,072 | SPS   1,866 | reward +0.260 | clip_frac 0.271 | KL 0.0111 | V_loss 0.0027 | LR 0.000094 | early_stop=0
iter   630 | steps  20,643,840 | SPS   1,866 | reward +0.230 | clip_frac 0.271 | KL 0.0110 | V_loss 0.0025 | LR 0.000094 | early_stop=0
iter   631 | steps  20,676,608 | SPS   1,866 | reward +0.160 | clip_frac 0.272 | KL 0.0115 | V_loss 0.0020 | LR 0.000094 | early_stop=0
iter   632 | steps  20,709,376 | SPS   1,866 | reward +0.170 | clip_frac 0.273 | KL 0.0080 | V_loss 0.0022 | LR 0.000093 | early_stop=0
iter   633 | steps  20,742,144 | SPS   1,867 | reward +0.190 | clip_frac 0.273 | KL 0.0083 | V_loss 0.0020 | LR 0.000093 | early_stop=0
iter   634 | steps  20,774,912 | SPS   1,867 | reward +0.180 | clip_frac 0.273 | KL 0.0096 | V_loss 0.0021 | LR 0.000093 | early_stop=0
iter   635 | steps  20,807,680 | SPS   1,867 | reward +0.180 | clip_frac 0.273 | KL 0.0086 | V_loss 0.0019 | LR 0.000093 | early_stop=0
iter   636 | steps  20,840,448 | SPS   1,867 | reward +0.230 | clip_frac 0.272 | KL 0.0077 | V_loss 0.0023 | LR 0.000093 | early_stop=0
iter   637 | steps  20,873,216 | SPS   1,867 | reward +0.390 | clip_frac 0.271 | KL 0.0073 | V_loss 0.0020 | LR 0.000093 | early_stop=0
iter   638 | steps  20,905,984 | SPS   1,867 | reward +0.380 | clip_frac 0.271 | KL 0.0084 | V_loss 0.0026 | LR 0.000093 | early_stop=0
iter   639 | steps  20,938,752 | SPS   1,867 | reward +0.460 | clip_frac 0.271 | KL 0.0113 | V_loss 0.0022 | LR 0.000093 | early_stop=0
  ★ best updated: reward=+0.460
iter   640 | steps  20,971,520 | SPS   1,867 | reward +0.440 | clip_frac 0.271 | KL 0.0102 | V_loss 0.0027 | LR 0.000093 | early_stop=0
iter   641 | steps  21,004,288 | SPS   1,868 | reward +0.420 | clip_frac 0.271 | KL 0.0089 | V_loss 0.0020 | LR 0.000093 | early_stop=0
iter   642 | steps  21,037,056 | SPS   1,868 | reward +0.370 | clip_frac 0.270 | KL 0.0077 | V_loss 0.0022 | LR 0.000093 | early_stop=0
iter   643 | steps  21,069,824 | SPS   1,868 | reward +0.440 | clip_frac 0.271 | KL 0.0107 | V_loss 0.0025 | LR 0.000093 | early_stop=0
iter   644 | steps  21,102,592 | SPS   1,868 | reward +0.450 | clip_frac 0.271 | KL 0.0089 | V_loss 0.0021 | LR 0.000093 | early_stop=0
iter   645 | steps  21,135,360 | SPS   1,868 | reward +0.410 | clip_frac 0.272 | KL 0.0070 | V_loss 0.0020 | LR 0.000093 | early_stop=0
iter   646 | steps  21,168,128 | SPS   1,868 | reward +0.430 | clip_frac 0.272 | KL 0.0106 | V_loss 0.0022 | LR 0.000093 | early_stop=0
iter   647 | steps  21,200,896 | SPS   1,868 | reward +0.420 | clip_frac 0.272 | KL 0.0067 | V_loss 0.0018 | LR 0.000093 | early_stop=0
iter   648 | steps  21,233,664 | SPS   1,869 | reward +0.320 | clip_frac 0.272 | KL 0.0086 | V_loss 0.0019 | LR 0.000093 | early_stop=0
iter   649 | steps  21,266,432 | SPS   1,869 | reward +0.250 | clip_frac 0.273 | KL 0.0086 | V_loss 0.0018 | LR 0.000093 | early_stop=0
iter   650 | steps  21,299,200 | SPS   1,869 | reward +0.260 | clip_frac 0.274 | KL 0.0091 | V_loss 0.0017 | LR 0.000093 | early_stop=0
iter   651 | steps  21,331,968 | SPS   1,869 | reward +0.250 | clip_frac 0.274 | KL 0.0077 | V_loss 0.0018 | LR 0.000093 | early_stop=0
iter   652 | steps  21,364,736 | SPS   1,869 | reward +0.270 | clip_frac 0.274 | KL 0.0072 | V_loss 0.0021 | LR 0.000093 | early_stop=0
iter   653 | steps  21,397,504 | SPS   1,869 | reward +0.290 | clip_frac 0.275 | KL 0.0098 | V_loss 0.0021 | LR 0.000093 | early_stop=0
iter   654 | steps  21,430,272 | SPS   1,869 | reward +0.340 | clip_frac 0.276 | KL 0.0089 | V_loss 0.0023 | LR 0.000093 | early_stop=0
iter   655 | steps  21,463,040 | SPS   1,870 | reward +0.330 | clip_frac 0.277 | KL 0.0070 | V_loss 0.0018 | LR 0.000093 | early_stop=0
iter   656 | steps  21,495,808 | SPS   1,870 | reward +0.280 | clip_frac 0.278 | KL 0.0101 | V_loss 0.0024 | LR 0.000093 | early_stop=0
iter   657 | steps  21,528,576 | SPS   1,870 | reward +0.330 | clip_frac 0.279 | KL 0.0091 | V_loss 0.0020 | LR 0.000093 | early_stop=0
iter   658 | steps  21,561,344 | SPS   1,870 | reward +0.370 | clip_frac 0.279 | KL 0.0090 | V_loss 0.0018 | LR 0.000093 | early_stop=0
iter   659 | steps  21,594,112 | SPS   1,870 | reward +0.420 | clip_frac 0.279 | KL 0.0130 | V_loss 0.0018 | LR 0.000093 | early_stop=0
iter   660 | steps  21,626,880 | SPS   1,870 | reward +0.440 | clip_frac 0.279 | KL 0.0080 | V_loss 0.0022 | LR 0.000093 | early_stop=0
iter   661 | steps  21,659,648 | SPS   1,870 | reward +0.360 | clip_frac 0.280 | KL 0.0085 | V_loss 0.0017 | LR 0.000093 | early_stop=0
iter   662 | steps  21,692,416 | SPS   1,870 | reward +0.280 | clip_frac 0.281 | KL 0.0091 | V_loss 0.0025 | LR 0.000093 | early_stop=0
iter   663 | steps  21,725,184 | SPS   1,871 | reward +0.250 | clip_frac 0.281 | KL 0.0085 | V_loss 0.0022 | LR 0.000093 | early_stop=0
iter   664 | steps  21,757,952 | SPS   1,871 | reward +0.310 | clip_frac 0.282 | KL 0.0090 | V_loss 0.0020 | LR 0.000093 | early_stop=0
iter   665 | steps  21,790,720 | SPS   1,871 | reward +0.340 | clip_frac 0.283 | KL 0.0080 | V_loss 0.0018 | LR 0.000093 | early_stop=0
iter   666 | steps  21,823,488 | SPS   1,871 | reward +0.360 | clip_frac 0.282 | KL 0.0095 | V_loss 0.0021 | LR 0.000093 | early_stop=0
iter   667 | steps  21,856,256 | SPS   1,871 | reward +0.320 | clip_frac 0.283 | KL 0.0094 | V_loss 0.0023 | LR 0.000093 | early_stop=0
iter   668 | steps  21,889,024 | SPS   1,871 | reward +0.340 | clip_frac 0.283 | KL 0.0104 | V_loss 0.0023 | LR 0.000092 | early_stop=0
iter   669 | steps  21,921,792 | SPS   1,871 | reward +0.280 | clip_frac 0.283 | KL 0.0096 | V_loss 0.0017 | LR 0.000092 | early_stop=0
iter   670 | steps  21,954,560 | SPS   1,872 | reward +0.350 | clip_frac 0.283 | KL 0.0079 | V_loss 0.0019 | LR 0.000092 | early_stop=0
iter   671 | steps  21,987,328 | SPS   1,872 | reward +0.320 | clip_frac 0.282 | KL 0.0081 | V_loss 0.0021 | LR 0.000092 | early_stop=0
iter   672 | steps  22,020,096 | SPS   1,872 | reward +0.360 | clip_frac 0.282 | KL 0.0083 | V_loss 0.0021 | LR 0.000092 | early_stop=0
iter   673 | steps  22,052,864 | SPS   1,872 | reward +0.230 | clip_frac 0.282 | KL 0.0113 | V_loss 0.0024 | LR 0.000092 | early_stop=0
iter   674 | steps  22,085,632 | SPS   1,872 | reward +0.130 | clip_frac 0.282 | KL 0.0126 | V_loss 0.0021 | LR 0.000092 | early_stop=0
iter   675 | steps  22,118,400 | SPS   1,872 | reward +0.130 | clip_frac 0.281 | KL 0.0109 | V_loss 0.0029 | LR 0.000092 | early_stop=0
iter   676 | steps  22,151,168 | SPS   1,872 | reward +0.150 | clip_frac 0.280 | KL 0.0072 | V_loss 0.0018 | LR 0.000092 | early_stop=0
iter   677 | steps  22,183,936 | SPS   1,872 | reward +0.210 | clip_frac 0.281 | KL 0.0103 | V_loss 0.0019 | LR 0.000092 | early_stop=0
iter   678 | steps  22,216,704 | SPS   1,872 | reward +0.250 | clip_frac 0.281 | KL 0.0069 | V_loss 0.0020 | LR 0.000092 | early_stop=0
iter   679 | steps  22,249,472 | SPS   1,873 | reward +0.210 | clip_frac 0.280 | KL 0.0098 | V_loss 0.0018 | LR 0.000092 | early_stop=0
iter   680 | steps  22,282,240 | SPS   1,873 | reward +0.210 | clip_frac 0.279 | KL 0.0078 | V_loss 0.0016 | LR 0.000092 | early_stop=0
iter   681 | steps  22,315,008 | SPS   1,873 | reward +0.210 | clip_frac 0.278 | KL 0.0092 | V_loss 0.0025 | LR 0.000092 | early_stop=0
iter   682 | steps  22,347,776 | SPS   1,873 | reward +0.270 | clip_frac 0.277 | KL 0.0084 | V_loss 0.0018 | LR 0.000092 | early_stop=0
iter   683 | steps  22,380,544 | SPS   1,873 | reward +0.230 | clip_frac 0.276 | KL 0.0098 | V_loss 0.0015 | LR 0.000092 | early_stop=0
iter   684 | steps  22,413,312 | SPS   1,873 | reward +0.300 | clip_frac 0.276 | KL 0.0074 | V_loss 0.0020 | LR 0.000092 | early_stop=0
iter   685 | steps  22,446,080 | SPS   1,874 | reward +0.330 | clip_frac 0.276 | KL 0.0099 | V_loss 0.0019 | LR 0.000092 | early_stop=0
iter   686 | steps  22,478,848 | SPS   1,874 | reward +0.310 | clip_frac 0.275 | KL 0.0077 | V_loss 0.0015 | LR 0.000092 | early_stop=0
iter   687 | steps  22,511,616 | SPS   1,874 | reward +0.240 | clip_frac 0.274 | KL 0.0088 | V_loss 0.0014 | LR 0.000092 | early_stop=0
iter   688 | steps  22,544,384 | SPS   1,874 | reward +0.200 | clip_frac 0.272 | KL 0.0078 | V_loss 0.0017 | LR 0.000092 | early_stop=0
iter   689 | steps  22,577,152 | SPS   1,874 | reward +0.130 | clip_frac 0.271 | KL 0.0085 | V_loss 0.0019 | LR 0.000092 | early_stop=0
iter   690 | steps  22,609,920 | SPS   1,874 | reward +0.260 | clip_frac 0.271 | KL 0.0160 | V_loss 0.0024 | LR 0.000092 | early_stop=0
iter   691 | steps  22,642,688 | SPS   1,874 | reward +0.280 | clip_frac 0.270 | KL 0.0099 | V_loss 0.0023 | LR 0.000092 | early_stop=0
iter   692 | steps  22,675,456 | SPS   1,874 | reward +0.310 | clip_frac 0.269 | KL 0.0110 | V_loss 0.0016 | LR 0.000092 | early_stop=0
iter   693 | steps  22,708,224 | SPS   1,875 | reward +0.260 | clip_frac 0.268 | KL 0.0099 | V_loss 0.0021 | LR 0.000092 | early_stop=0
iter   694 | steps  22,740,992 | SPS   1,875 | reward +0.250 | clip_frac 0.266 | KL 0.0108 | V_loss 0.0022 | LR 0.000092 | early_stop=0
iter   695 | steps  22,773,760 | SPS   1,875 | reward +0.320 | clip_frac 0.266 | KL 0.0148 | V_loss 0.0018 | LR 0.000092 | early_stop=0
iter   696 | steps  22,806,528 | SPS   1,875 | reward +0.350 | clip_frac 0.265 | KL 0.0094 | V_loss 0.0025 | LR 0.000092 | early_stop=0
iter   697 | steps  22,839,296 | SPS   1,875 | reward +0.310 | clip_frac 0.264 | KL 0.0106 | V_loss 0.0030 | LR 0.000092 | early_stop=0
iter   698 | steps  22,872,064 | SPS   1,875 | reward +0.330 | clip_frac 0.264 | KL 0.0094 | V_loss 0.0024 | LR 0.000092 | early_stop=0
iter   699 | steps  22,904,832 | SPS   1,875 | reward +0.240 | clip_frac 0.264 | KL 0.0121 | V_loss 0.0017 | LR 0.000092 | early_stop=0
iter   700 | steps  22,937,600 | SPS   1,875 | reward +0.300 | clip_frac 0.262 | KL 0.0097 | V_loss 0.0028 | LR 0.000092 | early_stop=0
iter   701 | steps  22,970,368 | SPS   1,876 | reward +0.350 | clip_frac 0.262 | KL 0.0108 | V_loss 0.0019 | LR 0.000092 | early_stop=0
iter   702 | steps  23,003,136 | SPS   1,876 | reward +0.420 | clip_frac 0.262 | KL 0.0097 | V_loss 0.0018 | LR 0.000091 | early_stop=0
iter   703 | steps  23,035,904 | SPS   1,876 | reward +0.390 | clip_frac 0.261 | KL 0.0088 | V_loss 0.0019 | LR 0.000091 | early_stop=0
iter   704 | steps  23,068,672 | SPS   1,876 | reward +0.320 | clip_frac 0.260 | KL 0.0093 | V_loss 0.0019 | LR 0.000091 | early_stop=0
iter   705 | steps  23,101,440 | SPS   1,876 | reward +0.220 | clip_frac 0.259 | KL 0.0174 | V_loss 0.0018 | LR 0.000091 | early_stop=0
iter   706 | steps  23,134,208 | SPS   1,876 | reward +0.200 | clip_frac 0.259 | KL 0.0147 | V_loss 0.0019 | LR 0.000091 | early_stop=0
iter   707 | steps  23,166,976 | SPS   1,876 | reward +0.180 | clip_frac 0.260 | KL 0.0124 | V_loss 0.0016 | LR 0.000091 | early_stop=0
iter   708 | steps  23,199,744 | SPS   1,876 | reward +0.230 | clip_frac 0.260 | KL 0.0077 | V_loss 0.0026 | LR 0.000091 | early_stop=0
iter   709 | steps  23,232,512 | SPS   1,877 | reward +0.230 | clip_frac 0.260 | KL 0.0081 | V_loss 0.0020 | LR 0.000091 | early_stop=0
iter   710 | steps  23,265,280 | SPS   1,877 | reward +0.200 | clip_frac 0.260 | KL 0.0093 | V_loss 0.0018 | LR 0.000091 | early_stop=0
iter   711 | steps  23,298,048 | SPS   1,877 | reward +0.170 | clip_frac 0.259 | KL 0.0081 | V_loss 0.0015 | LR 0.000091 | early_stop=0
iter   712 | steps  23,330,816 | SPS   1,877 | reward +0.180 | clip_frac 0.259 | KL 0.0101 | V_loss 0.0015 | LR 0.000091 | early_stop=0
iter   713 | steps  23,363,584 | SPS   1,877 | reward +0.210 | clip_frac 0.258 | KL 0.0073 | V_loss 0.0016 | LR 0.000091 | early_stop=0
iter   714 | steps  23,396,352 | SPS   1,877 | reward +0.220 | clip_frac 0.257 | KL 0.0096 | V_loss 0.0014 | LR 0.000091 | early_stop=0
iter   715 | steps  23,429,120 | SPS   1,877 | reward +0.240 | clip_frac 0.256 | KL 0.0077 | V_loss 0.0012 | LR 0.000091 | early_stop=0
iter   716 | steps  23,461,888 | SPS   1,878 | reward +0.250 | clip_frac 0.256 | KL 0.0109 | V_loss 0.0028 | LR 0.000091 | early_stop=0
iter   717 | steps  23,494,656 | SPS   1,878 | reward +0.320 | clip_frac 0.255 | KL 0.0081 | V_loss 0.0021 | LR 0.000091 | early_stop=0
iter   718 | steps  23,527,424 | SPS   1,878 | reward +0.350 | clip_frac 0.255 | KL 0.0105 | V_loss 0.0014 | LR 0.000091 | early_stop=0
iter   719 | steps  23,560,192 | SPS   1,878 | reward +0.240 | clip_frac 0.254 | KL 0.0089 | V_loss 0.0014 | LR 0.000091 | early_stop=0
iter   720 | steps  23,592,960 | SPS   1,878 | reward +0.180 | clip_frac 0.253 | KL 0.0085 | V_loss 0.0015 | LR 0.000091 | early_stop=0
iter   721 | steps  23,625,728 | SPS   1,878 | reward +0.190 | clip_frac 0.252 | KL 0.0118 | V_loss 0.0016 | LR 0.000091 | early_stop=0
iter   722 | steps  23,658,496 | SPS   1,878 | reward +0.270 | clip_frac 0.252 | KL 0.0073 | V_loss 0.0014 | LR 0.000091 | early_stop=0
iter   723 | steps  23,691,264 | SPS   1,878 | reward +0.260 | clip_frac 0.251 | KL 0.0084 | V_loss 0.0018 | LR 0.000091 | early_stop=0
iter   724 | steps  23,724,032 | SPS   1,878 | reward +0.180 | clip_frac 0.250 | KL 0.0096 | V_loss 0.0016 | LR 0.000091 | early_stop=0
iter   725 | steps  23,756,800 | SPS   1,879 | reward +0.230 | clip_frac 0.249 | KL 0.0078 | V_loss 0.0019 | LR 0.000091 | early_stop=0
iter   726 | steps  23,789,568 | SPS   1,879 | reward +0.290 | clip_frac 0.249 | KL 0.0094 | V_loss 0.0024 | LR 0.000091 | early_stop=0
iter   727 | steps  23,822,336 | SPS   1,879 | reward +0.260 | clip_frac 0.248 | KL 0.0092 | V_loss 0.0019 | LR 0.000091 | early_stop=0
iter   728 | steps  23,855,104 | SPS   1,879 | reward +0.260 | clip_frac 0.247 | KL 0.0093 | V_loss 0.0020 | LR 0.000091 | early_stop=0
iter   729 | steps  23,887,872 | SPS   1,879 | reward +0.220 | clip_frac 0.247 | KL 0.0087 | V_loss 0.0021 | LR 0.000091 | early_stop=0
iter   730 | steps  23,920,640 | SPS   1,879 | reward +0.210 | clip_frac 0.247 | KL 0.0083 | V_loss 0.0020 | LR 0.000091 | early_stop=0
iter   731 | steps  23,953,408 | SPS   1,879 | reward +0.220 | clip_frac 0.247 | KL 0.0090 | V_loss 0.0022 | LR 0.000091 | early_stop=0
iter   732 | steps  23,986,176 | SPS   1,879 | reward +0.280 | clip_frac 0.246 | KL 0.0081 | V_loss 0.0019 | LR 0.000091 | early_stop=0
iter   733 | steps  24,018,944 | SPS   1,880 | reward +0.300 | clip_frac 0.245 | KL 0.0056 | V_loss 0.0021 | LR 0.000091 | early_stop=0
iter   734 | steps  24,051,712 | SPS   1,880 | reward +0.330 | clip_frac 0.245 | KL 0.0071 | V_loss 0.0016 | LR 0.000090 | early_stop=0
iter   735 | steps  24,084,480 | SPS   1,880 | reward +0.440 | clip_frac 0.245 | KL 0.0090 | V_loss 0.0018 | LR 0.000090 | early_stop=0
iter   736 | steps  24,117,248 | SPS   1,880 | reward +0.440 | clip_frac 0.245 | KL 0.0079 | V_loss 0.0023 | LR 0.000090 | early_stop=0
iter   737 | steps  24,150,016 | SPS   1,880 | reward +0.370 | clip_frac 0.245 | KL 0.0083 | V_loss 0.0023 | LR 0.000090 | early_stop=0
iter   738 | steps  24,182,784 | SPS   1,880 | reward +0.280 | clip_frac 0.246 | KL 0.0096 | V_loss 0.0030 | LR 0.000090 | early_stop=0
iter   739 | steps  24,215,552 | SPS   1,880 | reward +0.290 | clip_frac 0.246 | KL 0.0070 | V_loss 0.0016 | LR 0.000090 | early_stop=0
iter   740 | steps  24,248,320 | SPS   1,880 | reward +0.360 | clip_frac 0.245 | KL 0.0078 | V_loss 0.0018 | LR 0.000090 | early_stop=0
iter   741 | steps  24,281,088 | SPS   1,880 | reward +0.360 | clip_frac 0.244 | KL 0.0083 | V_loss 0.0016 | LR 0.000090 | early_stop=0
iter   742 | steps  24,313,856 | SPS   1,881 | reward +0.330 | clip_frac 0.244 | KL 0.0087 | V_loss 0.0015 | LR 0.000090 | early_stop=0
iter   743 | steps  24,346,624 | SPS   1,881 | reward +0.190 | clip_frac 0.244 | KL 0.0091 | V_loss 0.0021 | LR 0.000090 | early_stop=0
iter   744 | steps  24,379,392 | SPS   1,881 | reward +0.220 | clip_frac 0.244 | KL 0.0070 | V_loss 0.0020 | LR 0.000090 | early_stop=0
iter   745 | steps  24,412,160 | SPS   1,881 | reward +0.260 | clip_frac 0.243 | KL 0.0100 | V_loss 0.0017 | LR 0.000090 | early_stop=0
iter   746 | steps  24,444,928 | SPS   1,881 | reward +0.350 | clip_frac 0.243 | KL 0.0120 | V_loss 0.0020 | LR 0.000090 | early_stop=0
iter   747 | steps  24,477,696 | SPS   1,881 | reward +0.340 | clip_frac 0.243 | KL 0.0105 | V_loss 0.0018 | LR 0.000090 | early_stop=0
iter   748 | steps  24,510,464 | SPS   1,881 | reward +0.360 | clip_frac 0.243 | KL 0.0095 | V_loss 0.0019 | LR 0.000090 | early_stop=0
iter   749 | steps  24,543,232 | SPS   1,881 | reward +0.300 | clip_frac 0.242 | KL 0.0095 | V_loss 0.0017 | LR 0.000090 | early_stop=0
iter   750 | steps  24,576,000 | SPS   1,881 | reward +0.270 | clip_frac 0.242 | KL 0.0113 | V_loss 0.0024 | LR 0.000090 | early_stop=0
iter   751 | steps  24,608,768 | SPS   1,881 | reward +0.380 | clip_frac 0.242 | KL 0.0105 | V_loss 0.0019 | LR 0.000090 | early_stop=0
iter   752 | steps  24,641,536 | SPS   1,882 | reward +0.340 | clip_frac 0.241 | KL 0.0100 | V_loss 0.0016 | LR 0.000090 | early_stop=0
iter   753 | steps  24,674,304 | SPS   1,882 | reward +0.360 | clip_frac 0.242 | KL 0.0094 | V_loss 0.0016 | LR 0.000090 | early_stop=0
iter   754 | steps  24,707,072 | SPS   1,882 | reward +0.350 | clip_frac 0.242 | KL 0.0078 | V_loss 0.0016 | LR 0.000090 | early_stop=0
iter   755 | steps  24,739,840 | SPS   1,882 | reward +0.380 | clip_frac 0.243 | KL 0.0103 | V_loss 0.0020 | LR 0.000090 | early_stop=0
iter   756 | steps  24,772,608 | SPS   1,882 | reward +0.400 | clip_frac 0.243 | KL 0.0108 | V_loss 0.0018 | LR 0.000090 | early_stop=0
iter   757 | steps  24,805,376 | SPS   1,882 | reward +0.420 | clip_frac 0.242 | KL 0.0095 | V_loss 0.0019 | LR 0.000090 | early_stop=0
iter   758 | steps  24,838,144 | SPS   1,882 | reward +0.440 | clip_frac 0.243 | KL 0.0102 | V_loss 0.0019 | LR 0.000090 | early_stop=0
iter   759 | steps  24,870,912 | SPS   1,882 | reward +0.420 | clip_frac 0.243 | KL 0.0088 | V_loss 0.0020 | LR 0.000090 | early_stop=0
iter   760 | steps  24,903,680 | SPS   1,882 | reward +0.350 | clip_frac 0.244 | KL 0.0101 | V_loss 0.0019 | LR 0.000090 | early_stop=0
iter   761 | steps  24,936,448 | SPS   1,882 | reward +0.370 | clip_frac 0.243 | KL 0.0093 | V_loss 0.0017 | LR 0.000090 | early_stop=0
iter   762 | steps  24,969,216 | SPS   1,883 | reward +0.240 | clip_frac 0.243 | KL 0.0098 | V_loss 0.0022 | LR 0.000090 | early_stop=0
iter   763 | steps  25,001,984 | SPS   1,883 | reward +0.250 | clip_frac 0.244 | KL 0.0076 | V_loss 0.0025 | LR 0.000090 | early_stop=0
iter   764 | steps  25,034,752 | SPS   1,883 | reward +0.220 | clip_frac 0.244 | KL 0.0088 | V_loss 0.0017 | LR 0.000090 | early_stop=0
iter   765 | steps  25,067,520 | SPS   1,883 | reward +0.330 | clip_frac 0.244 | KL 0.0088 | V_loss 0.0016 | LR 0.000089 | early_stop=0
  saved checkpoints/torch_step_25067520.pt
    EVAL @ step 25,067,520: vs initial = 58.5% (65 games)  | vs heuristic: 0.0% (16 games) [best=67.2%, no_improve=2]

Early stop: no eval improvement for 3 consecutive checks (best win_rate = 67.2%)

Training complete: 25,067,520 env steps in 13472s
Final SPS: 1,861
Best eval win_rate vs initial: 67.2%
Eval history (step, win_rate):
     5,013,504  51.6%
    10,027,008  67.2%
    15,040,512  59.4%
    20,054,016  62.5%
    25,067,520  58.5%
