Training on device: cuda
Parallel envs: 256
Rollout steps: 128
Batch per update: 65536  (T=128 x N=256 x P=2 players)
PPO config: lr=0.0001, ppo_epochs=2, num_minibatches=16, clip_eps=0.2, entropy_coef_fire=0.02, gae_lambda=0.99, kl_target=0.05
Entropy coefs: fire=0.02, angle=0.03, ships=0.05 | max_grad_norm=10.0
Action decode: target
Win margin coeff: 0.5
Shaping coeff: 0.0
Expansion coeff: 0.03
Defense coeff: 0.0
Early capture coeff: 0.3 (decay over 400 steps)
First Strike: off
Speed coeff: 0.0
srcs_multi penalty: coef=0.001, threshold=2.0, decay_frac=0.0 (constant)
Checkpoint declares num_ship_bins=32
Checkpoint declares ship_bin_mode=absolute
[kaggle_environments.envs.open_spiel.open_spiel] INFO: Successfully loaded OpenSpiel environments: 6.
[kaggle_environments.envs.open_spiel.open_spiel] INFO:    open_spiel_chess
[kaggle_environments.envs.open_spiel.open_spiel] INFO:    open_spiel_connect_four
[kaggle_environments.envs.open_spiel.open_spiel] INFO:    open_spiel_gin_rummy
[kaggle_environments.envs.open_spiel.open_spiel] INFO:    open_spiel_go
[kaggle_environments.envs.open_spiel.open_spiel] INFO:    open_spiel_tic_tac_toe
[kaggle_environments.envs.open_spiel.open_spiel] INFO:    open_spiel_universal_poker
[kaggle_environments.envs.open_spiel.open_spiel] INFO: OpenSpiel games skipped: 0.
Model params: 405,011
Resumed from /home/saheb/orbit_wars_rl/seed_checkpoints/rev32b_6M_pairwise15.pt
LR schedule: warmup=0 updates (skip_warmup=True), total_updates=29280, lr_schedule_steps=200000000, peak_lr=0.0001
Pool initialised: mode=mixed, members=1, fraction=0.75, snapshot_every=500,000 steps

Run timestamp: rev38_20260605_181635

Starting self-play training (target 30,000,000 env steps)
======================================================================
iter     1 | steps      32,768 | SPS     923 | r_p0 +0.710 r_p1 -0.210 | clip_frac 0.172(fire:0.022) | KL 0.1191 | H_fire 0.020 H_ang 0.00 H_ship 3.38 | V_loss 2.0178 | LR 0.000100 | early_stop=1 | fire[0]=0.11 fire[rest_max]=0.21 srcs_multi=0.48 ship0=0.00 meanshipbin=18.5 avgfleet=49.9 p90fleet=94.3 | Vμ=+0.859 Vσ=2.328 Rμ=+0.758 Rσ=2.489 Aσ=1.201 rewμ=+0.0169 rewσ=0.1476 rewNZ=0.205 featσ[p/f/g/pw]=0.426/0.132/0.393/0.311
iter     2 | steps      65,536 | SPS     760 | r_p0 +0.023 r_p1 +0.479 | clip_frac 0.180(fire:0.008) | KL 0.0246 | H_fire 0.154 H_ang 0.00 H_ship 3.44 | V_loss 0.2736 | LR 0.000100 | early_stop=0 | fire[0]=0.19 fire[rest_max]=0.51 srcs_multi=2.85 ship0=0.01 meanshipbin=17.0 avgfleet=121.4 p90fleet=212.9 | Vμ=+0.340 Vσ=2.169 Rμ=+0.281 Rσ=2.095 Aσ=0.538 rewμ=+0.0032 rewσ=0.1195 rewNZ=0.299 featσ[p/f/g/pw]=0.449/0.302/0.432/0.400
iter     3 | steps      98,304 | SPS     714 | r_p0 +0.104 r_p1 +0.398 | clip_frac 0.169(fire:0.006) | KL 0.0221 | H_fire 0.126 H_ang 0.00 H_ship 3.42 | V_loss 0.4650 | LR 0.000100 | early_stop=0 | fire[0]=0.16 fire[rest_max]=0.53 srcs_multi=2.39 ship0=0.01 meanshipbin=21.1 avgfleet=117.6 p90fleet=249.2 | Vμ=+0.435 Vσ=1.894 Rμ=+0.350 Rσ=1.962 Aσ=0.694 rewμ=+0.0081 rewσ=0.1276 rewNZ=0.286 featσ[p/f/g/pw]=0.446/0.272/0.436/0.391
  ★ best updated: reward=+0.104
iter     4 | steps     131,072 | SPS     692 | r_p0 +0.099 r_p1 +0.389 | clip_frac 0.160(fire:0.004) | KL 0.0112 | H_fire 0.136 H_ang 0.00 H_ship 3.44 | V_loss 0.2798 | LR 0.000100 | early_stop=0 | fire[0]=0.16 fire[rest_max]=0.49 srcs_multi=2.12 ship0=0.01 meanshipbin=19.9 avgfleet=125.1 p90fleet=231.4 | Vμ=+0.180 Vσ=1.852 Rμ=+0.084 Rσ=1.832 Aσ=0.545 rewμ=+0.0034 rewσ=0.1206 rewNZ=0.276 featσ[p/f/g/pw]=0.448/0.298/0.437/0.398
iter     5 | steps     163,840 | SPS     682 | r_p0 -0.024 r_p1 +0.511 | clip_frac 0.153(fire:0.006) | KL 0.0194 | H_fire 0.111 H_ang 0.00 H_ship 3.43 | V_loss 0.4381 | LR 0.000100 | early_stop=0 | fire[0]=0.14 fire[rest_max]=0.47 srcs_multi=1.53 ship0=0.01 meanshipbin=20.0 avgfleet=120.7 p90fleet=246.4 | Vμ=+0.129 Vσ=1.793 Rμ=+0.094 Rσ=1.854 Aσ=0.677 rewμ=+0.0046 rewσ=0.1201 rewNZ=0.260 featσ[p/f/g/pw]=0.444/0.274/0.429/0.381
iter     6 | steps     196,608 | SPS     676 | r_p0 -0.163 r_p1 +0.642 | clip_frac 0.149(fire:0.006) | KL 0.0189 | H_fire 0.138 H_ang 0.00 H_ship 3.43 | V_loss 0.3726 | LR 0.000100 | early_stop=0 | fire[0]=0.15 fire[rest_max]=0.46 srcs_multi=1.80 ship0=0.01 meanshipbin=21.5 avgfleet=129.7 p90fleet=245.9 | Vμ=+0.179 Vσ=1.742 Rμ=+0.140 Rσ=1.817 Aσ=0.618 rewμ=+0.0036 rewσ=0.1172 rewNZ=0.280 featσ[p/f/g/pw]=0.447/0.301/0.436/0.392
iter     7 | steps     229,376 | SPS     669 | r_p0 -0.052 r_p1 +0.526 | clip_frac 0.149(fire:0.008) | KL 0.0289 | H_fire 0.118 H_ang 0.00 H_ship 3.43 | V_loss 0.4588 | LR 0.000100 | early_stop=0 | fire[0]=0.15 fire[rest_max]=0.49 srcs_multi=1.80 ship0=0.01 meanshipbin=22.2 avgfleet=118.6 p90fleet=240.5 | Vμ=+0.351 Vσ=1.797 Rμ=+0.305 Rσ=1.918 Aσ=0.687 rewμ=+0.0066 rewσ=0.1264 rewNZ=0.265 featσ[p/f/g/pw]=0.443/0.270/0.432/0.377
iter     8 | steps     262,144 | SPS     666 | r_p0 -0.050 r_p1 +0.527 | clip_frac 0.149(fire:0.007) | KL 0.0202 | H_fire 0.163 H_ang 0.00 H_ship 3.42 | V_loss 0.3830 | LR 0.000100 | early_stop=0 | fire[0]=0.18 fire[rest_max]=0.48 srcs_multi=2.15 ship0=0.01 meanshipbin=21.0 avgfleet=120.0 p90fleet=233.2 | Vμ=+0.511 Vσ=1.784 Rμ=+0.445 Rσ=1.857 Aσ=0.631 rewμ=+0.0075 rewσ=0.1227 rewNZ=0.322 featσ[p/f/g/pw]=0.447/0.281/0.436/0.403
iter     9 | steps     294,912 | SPS     662 | r_p0 +0.095 r_p1 +0.389 | clip_frac 0.149(fire:0.005) | KL 0.0148 | H_fire 0.148 H_ang 0.00 H_ship 3.42 | V_loss 0.4639 | LR 0.000100 | early_stop=0 | fire[0]=0.16 fire[rest_max]=0.45 srcs_multi=1.74 ship0=0.01 meanshipbin=22.3 avgfleet=116.7 p90fleet=224.4 | Vμ=+0.430 Vσ=1.820 Rμ=+0.339 Rσ=1.919 Aσ=0.691 rewμ=+0.0079 rewσ=0.1306 rewNZ=0.309 featσ[p/f/g/pw]=0.445/0.271/0.437/0.396
iter    10 | steps     327,680 | SPS     660 | r_p0 +0.210 r_p1 +0.275 | clip_frac 0.146(fire:0.003) | KL 0.0127 | H_fire 0.168 H_ang 0.00 H_ship 3.43 | V_loss 0.3904 | LR 0.000100 | early_stop=0 | fire[0]=0.16 fire[rest_max]=0.46 srcs_multi=1.93 ship0=0.01 meanshipbin=23.0 avgfleet=125.3 p90fleet=241.1 | Vμ=+0.438 Vσ=1.737 Rμ=+0.399 Rσ=1.804 Aσ=0.646 rewμ=+0.0068 rewσ=0.1200 rewNZ=0.317 featσ[p/f/g/pw]=0.446/0.289/0.442/0.412
  ★ best updated: reward=+0.210
iter    11 | steps     360,448 | SPS     658 | r_p0 +0.242 r_p1 +0.239 | clip_frac 0.147(fire:0.007) | KL 0.0241 | H_fire 0.158 H_ang 0.00 H_ship 3.43 | V_loss 0.4105 | LR 0.000100 | early_stop=0 | fire[0]=0.17 fire[rest_max]=0.46 srcs_multi=1.91 ship0=0.01 meanshipbin=23.3 avgfleet=130.2 p90fleet=252.0 | Vμ=+0.291 Vσ=1.815 Rμ=+0.238 Rσ=1.858 Aσ=0.663 rewμ=+0.0063 rewσ=0.1202 rewNZ=0.308 featσ[p/f/g/pw]=0.446/0.288/0.441/0.404
  ★ best updated: reward=+0.242
iter    12 | steps     393,216 | SPS     656 | r_p0 +0.310 r_p1 +0.167 | clip_frac 0.144(fire:0.004) | KL 0.0108 | H_fire 0.150 H_ang 0.00 H_ship 3.42 | V_loss 0.3880 | LR 0.000100 | early_stop=0 | fire[0]=0.17 fire[rest_max]=0.40 srcs_multi=1.58 ship0=0.01 meanshipbin=22.2 avgfleet=123.8 p90fleet=238.7 | Vμ=+0.549 Vσ=1.749 Rμ=+0.540 Rσ=1.863 Aσ=0.641 rewμ=+0.0087 rewσ=0.1288 rewNZ=0.304 featσ[p/f/g/pw]=0.444/0.269/0.437/0.399
  ★ best updated: reward=+0.310
iter    13 | steps     425,984 | SPS     655 | r_p0 +0.214 r_p1 +0.262 | clip_frac 0.140(fire:0.005) | KL 0.0162 | H_fire 0.128 H_ang 0.00 H_ship 3.43 | V_loss 0.3565 | LR 0.000100 | early_stop=0 | fire[0]=0.14 fire[rest_max]=0.42 srcs_multi=1.09 ship0=0.02 meanshipbin=23.3 avgfleet=116.7 p90fleet=228.9 | Vμ=+0.195 Vσ=1.818 Rμ=+0.155 Rσ=1.908 Aσ=0.611 rewμ=+0.0051 rewσ=0.1228 rewNZ=0.270 featσ[p/f/g/pw]=0.447/0.282/0.430/0.381
iter    14 | steps     458,752 | SPS     654 | r_p0 +0.007 r_p1 +0.476 | clip_frac 0.139(fire:0.005) | KL 0.0140 | H_fire 0.174 H_ang 0.00 H_ship 3.41 | V_loss 0.4308 | LR 0.000100 | early_stop=0 | fire[0]=0.18 fire[rest_max]=0.40 srcs_multi=1.52 ship0=0.01 meanshipbin=23.6 avgfleet=120.8 p90fleet=242.3 | Vμ=+0.476 Vσ=1.797 Rμ=+0.433 Rσ=1.903 Aσ=0.669 rewμ=+0.0094 rewσ=0.1318 rewNZ=0.341 featσ[p/f/g/pw]=0.446/0.271/0.443/0.407
iter    15 | steps     491,520 | SPS     653 | r_p0 -0.012 r_p1 +0.502 | clip_frac 0.138(fire:0.005) | KL 0.0183 | H_fire 0.150 H_ang 0.00 H_ship 3.42 | V_loss 0.4594 | LR 0.000100 | early_stop=0 | fire[0]=0.18 fire[rest_max]=0.43 srcs_multi=1.66 ship0=0.01 meanshipbin=24.3 avgfleet=115.2 p90fleet=229.9 | Vμ=+0.195 Vσ=1.789 Rμ=+0.263 Rσ=1.974 Aσ=0.691 rewμ=+0.0068 rewσ=0.1281 rewNZ=0.306 featσ[p/f/g/pw]=0.444/0.270/0.438/0.390
iter    16 | steps     524,288 | SPS     652 | r_p0 +0.340 r_p1 +0.150 | clip_frac 0.137(fire:0.006) | KL 0.0200 | H_fire 0.151 H_ang 0.00 H_ship 3.41 | V_loss 0.5159 | LR 0.000100 | early_stop=0 | fire[0]=0.18 fire[rest_max]=0.46 srcs_multi=1.81 ship0=0.01 meanshipbin=24.7 avgfleet=114.1 p90fleet=235.4 | Vμ=+0.433 Vσ=1.868 Rμ=+0.420 Rσ=2.014 Aσ=0.732 rewμ=+0.0068 rewσ=0.1309 rewNZ=0.310 featσ[p/f/g/pw]=0.443/0.276/0.436/0.384
  ★ best updated: reward=+0.340
  saved checkpoints/torch_step_524288_rev38_20260605_181635.pt
  saved checkpoints/pool_step_524288_rev38_20260605_181635.pt (1 members)
  pool snapshot @ step 524,288
  pool size=2  alpha=2.0
    self                 self_step_0                    wr=0.48 (n=1096)  pfsp_w=0.274
    self                 self_step_524288               wr=0.50 (n=0)  pfsp_w=0.250
iter    17 | steps     557,056 | SPS     651 | r_p0 +0.365 r_p1 +0.126 | clip_frac 0.136(fire:0.005) | KL 0.0151 | H_fire 0.136 H_ang 0.00 H_ship 3.42 | V_loss 0.4427 | LR 0.000100 | early_stop=0 | fire[0]=0.16 fire[rest_max]=0.46 srcs_multi=1.87 ship0=0.01 meanshipbin=25.4 avgfleet=113.7 p90fleet=226.6 | Vμ=+0.230 Vσ=1.826 Rμ=+0.236 Rσ=1.909 Aσ=0.659 rewμ=+0.0072 rewσ=0.1282 rewNZ=0.285 featσ[p/f/g/pw]=0.442/0.262/0.434/0.383
  ★ best updated: reward=+0.365
iter    18 | steps     589,824 | SPS     650 | r_p0 +0.139 r_p1 +0.352 | clip_frac 0.135(fire:0.005) | KL 0.0118 | H_fire 0.122 H_ang 0.00 H_ship 3.43 | V_loss 0.3268 | LR 0.000100 | early_stop=0 | fire[0]=0.14 fire[rest_max]=0.46 srcs_multi=1.62 ship0=0.01 meanshipbin=23.3 avgfleet=121.7 p90fleet=238.6 | Vμ=+0.116 Vσ=1.865 Rμ=+0.135 Rσ=1.966 Aσ=0.586 rewμ=+0.0049 rewσ=0.1199 rewNZ=0.262 featσ[p/f/g/pw]=0.445/0.263/0.433/0.386
iter    19 | steps     622,592 | SPS     649 | r_p0 +0.018 r_p1 +0.472 | clip_frac 0.137(fire:0.004) | KL 0.0148 | H_fire 0.184 H_ang 0.00 H_ship 3.42 | V_loss 0.3721 | LR 0.000100 | early_stop=0 | fire[0]=0.21 fire[rest_max]=0.51 srcs_multi=3.03 ship0=0.01 meanshipbin=22.1 avgfleet=121.8 p90fleet=233.8 | Vμ=+0.580 Vσ=1.806 Rμ=+0.613 Rσ=1.874 Aσ=0.627 rewμ=+0.0085 rewσ=0.1210 rewNZ=0.346 featσ[p/f/g/pw]=0.443/0.286/0.442/0.406
iter    20 | steps     655,360 | SPS     649 | r_p0 -0.000 r_p1 +0.484 | clip_frac 0.139(fire:0.006) | KL 0.0158 | H_fire 0.166 H_ang 0.00 H_ship 3.42 | V_loss 0.4966 | LR 0.000100 | early_stop=0 | fire[0]=0.20 fire[rest_max]=0.49 srcs_multi=2.76 ship0=0.00 meanshipbin=20.0 avgfleet=116.5 p90fleet=228.1 | Vμ=+0.562 Vσ=1.860 Rμ=+0.534 Rσ=1.967 Aσ=0.719 rewμ=+0.0090 rewσ=0.1327 rewNZ=0.340 featσ[p/f/g/pw]=0.442/0.276/0.441/0.403
iter    21 | steps     688,128 | SPS     648 | r_p0 +0.102 r_p1 +0.382 | clip_frac 0.140(fire:0.005) | KL 0.0191 | H_fire 0.162 H_ang 0.00 H_ship 3.42 | V_loss 0.3921 | LR 0.000100 | early_stop=0 | fire[0]=0.20 fire[rest_max]=0.50 srcs_multi=2.59 ship0=0.01 meanshipbin=20.6 avgfleet=121.4 p90fleet=238.8 | Vμ=+0.448 Vσ=1.735 Rμ=+0.416 Rσ=1.789 Aσ=0.636 rewμ=+0.0073 rewσ=0.1257 rewNZ=0.318 featσ[p/f/g/pw]=0.443/0.282/0.443/0.399
iter    22 | steps     720,896 | SPS     648 | r_p0 +0.129 r_p1 +0.358 | clip_frac 0.138(fire:0.004) | KL 0.0128 | H_fire 0.122 H_ang 0.00 H_ship 3.43 | V_loss 0.4127 | LR 0.000100 | early_stop=0 | fire[0]=0.14 fire[rest_max]=0.48 srcs_multi=1.67 ship0=0.01 meanshipbin=20.0 avgfleet=120.3 p90fleet=237.6 | Vμ=+0.273 Vσ=1.747 Rμ=+0.236 Rσ=1.840 Aσ=0.660 rewμ=+0.0061 rewσ=0.1217 rewNZ=0.264 featσ[p/f/g/pw]=0.439/0.267/0.429/0.382
iter    23 | steps     753,664 | SPS     648 | r_p0 +0.080 r_p1 +0.406 | clip_frac 0.137(fire:0.003) | KL 0.0073 | H_fire 0.140 H_ang 0.00 H_ship 3.43 | V_loss 0.2224 | LR 0.000100 | early_stop=0 | fire[0]=0.16 fire[rest_max]=0.50 srcs_multi=2.09 ship0=0.01 meanshipbin=19.7 avgfleet=129.2 p90fleet=243.9 | Vμ=+0.145 Vσ=1.687 Rμ=+0.139 Rσ=1.768 Aσ=0.487 rewμ=+0.0037 rewσ=0.1136 rewNZ=0.277 featσ[p/f/g/pw]=0.443/0.294/0.432/0.387
iter    24 | steps     786,432 | SPS     648 | r_p0 +0.040 r_p1 +0.444 | clip_frac 0.136(fire:0.003) | KL 0.0058 | H_fire 0.137 H_ang 0.00 H_ship 3.42 | V_loss 0.2992 | LR 0.000100 | early_stop=0 | fire[0]=0.18 fire[rest_max]=0.51 srcs_multi=2.33 ship0=0.01 meanshipbin=16.7 avgfleet=126.8 p90fleet=248.0 | Vμ=+0.183 Vσ=1.624 Rμ=+0.175 Rσ=1.711 Aσ=0.563 rewμ=+0.0051 rewσ=0.1213 rewNZ=0.277 featσ[p/f/g/pw]=0.444/0.284/0.436/0.382
iter    25 | steps     819,200 | SPS     647 | r_p0 +0.051 r_p1 +0.427 | clip_frac 0.136(fire:0.004) | KL 0.0103 | H_fire 0.127 H_ang 0.00 H_ship 3.42 | V_loss 0.3474 | LR 0.000100 | early_stop=0 | fire[0]=0.15 fire[rest_max]=0.49 srcs_multi=1.85 ship0=0.01 meanshipbin=17.5 avgfleet=119.5 p90fleet=225.6 | Vμ=+0.146 Vσ=1.765 Rμ=+0.113 Rσ=1.878 Aσ=0.612 rewμ=+0.0054 rewσ=0.1203 rewNZ=0.272 featσ[p/f/g/pw]=0.445/0.276/0.430/0.381
iter    26 | steps     851,968 | SPS     647 | r_p0 -0.033 r_p1 +0.515 | clip_frac 0.136(fire:0.002) | KL 0.0084 | H_fire 0.187 H_ang 0.00 H_ship 3.42 | V_loss 0.2795 | LR 0.000100 | early_stop=0 | fire[0]=0.21 fire[rest_max]=0.50 srcs_multi=2.86 ship0=0.01 meanshipbin=19.3 avgfleet=124.0 p90fleet=233.7 | Vμ=+0.496 Vσ=1.681 Rμ=+0.477 Rσ=1.787 Aσ=0.546 rewμ=+0.0076 rewσ=0.1197 rewNZ=0.346 featσ[p/f/g/pw]=0.448/0.307/0.442/0.404
iter    27 | steps     884,736 | SPS     647 | r_p0 -0.070 r_p1 +0.557 | clip_frac 0.137(fire:0.003) | KL 0.0111 | H_fire 0.165 H_ang 0.00 H_ship 3.42 | V_loss 0.3288 | LR 0.000100 | early_stop=0 | fire[0]=0.20 fire[rest_max]=0.51 srcs_multi=2.60 ship0=0.01 meanshipbin=19.8 avgfleet=131.8 p90fleet=256.5 | Vμ=+0.501 Vσ=1.702 Rμ=+0.477 Rσ=1.774 Aσ=0.588 rewμ=+0.0083 rewσ=0.1219 rewNZ=0.315 featσ[p/f/g/pw]=0.443/0.274/0.446/0.405
iter    28 | steps     917,504 | SPS     647 | r_p0 +0.069 r_p1 +0.410 | clip_frac 0.137(fire:0.006) | KL 0.0152 | H_fire 0.160 H_ang 0.00 H_ship 3.42 | V_loss 0.3352 | LR 0.000100 | early_stop=0 | fire[0]=0.18 fire[rest_max]=0.49 srcs_multi=2.01 ship0=0.01 meanshipbin=20.1 avgfleet=128.5 p90fleet=248.3 | Vμ=+0.363 Vσ=1.761 Rμ=+0.326 Rσ=1.844 Aσ=0.594 rewμ=+0.0060 rewσ=0.1221 rewNZ=0.312 featσ[p/f/g/pw]=0.443/0.289/0.438/0.400
iter    29 | steps     950,272 | SPS     647 | r_p0 +0.169 r_p1 +0.307 | clip_frac 0.137(fire:0.005) | KL 0.0146 | H_fire 0.161 H_ang 0.00 H_ship 3.42 | V_loss 0.3737 | LR 0.000100 | early_stop=0 | fire[0]=0.19 fire[rest_max]=0.49 srcs_multi=2.22 ship0=0.01 meanshipbin=20.3 avgfleet=117.9 p90fleet=239.0 | Vμ=+0.413 Vσ=1.728 Rμ=+0.389 Rσ=1.791 Aσ=0.628 rewμ=+0.0067 rewσ=0.1268 rewNZ=0.321 featσ[p/f/g/pw]=0.439/0.290/0.437/0.385
iter    30 | steps     983,040 | SPS     646 | r_p0 +0.056 r_p1 +0.426 | clip_frac 0.137(fire:0.004) | KL 0.0104 | H_fire 0.133 H_ang 0.00 H_ship 3.43 | V_loss 0.3188 | LR 0.000100 | early_stop=0 | fire[0]=0.16 fire[rest_max]=0.49 srcs_multi=1.69 ship0=0.01 meanshipbin=22.0 avgfleet=117.8 p90fleet=228.2 | Vμ=+0.081 Vσ=1.693 Rμ=+0.069 Rσ=1.772 Aσ=0.581 rewμ=+0.0052 rewσ=0.1231 rewNZ=0.276 featσ[p/f/g/pw]=0.437/0.272/0.431/0.375
iter    31 | steps   1,015,808 | SPS     646 | r_p0 -0.011 r_p1 +0.497 | clip_frac 0.135(fire:0.003) | KL 0.0074 | H_fire 0.129 H_ang 0.00 H_ship 3.43 | V_loss 0.3766 | LR 0.000100 | early_stop=0 | fire[0]=0.15 fire[rest_max]=0.46 srcs_multi=1.53 ship0=0.01 meanshipbin=21.2 avgfleet=126.0 p90fleet=242.3 | Vμ=+0.087 Vσ=1.734 Rμ=+0.131 Rσ=1.866 Aσ=0.631 rewμ=+0.0044 rewσ=0.1178 rewNZ=0.265 featσ[p/f/g/pw]=0.442/0.274/0.429/0.383
iter    32 | steps   1,048,576 | SPS     646 | r_p0 -0.022 r_p1 +0.505 | clip_frac 0.135(fire:0.004) | KL 0.0098 | H_fire 0.167 H_ang 0.00 H_ship 3.43 | V_loss 0.3610 | LR 0.000100 | early_stop=0 | fire[0]=0.18 fire[rest_max]=0.47 srcs_multi=1.80 ship0=0.01 meanshipbin=21.1 avgfleet=124.7 p90fleet=243.5 | Vμ=+0.211 Vσ=1.740 Rμ=+0.184 Rσ=1.835 Aσ=0.620 rewμ=+0.0055 rewσ=0.1199 rewNZ=0.321 featσ[p/f/g/pw]=0.448/0.307/0.438/0.393
  saved checkpoints/torch_step_1048576_rev38_20260605_181635.pt
  saved checkpoints/pool_step_1048576_rev38_20260605_181635.pt (2 members)
  pool snapshot @ step 1,048,576
  pool size=3  alpha=2.0
    self                 self_step_524288               wr=0.47 (n=794)  pfsp_w=0.284
    self                 self_step_0                    wr=0.49 (n=1436)  pfsp_w=0.261
    self                 self_step_1048576              wr=0.50 (n=0)  pfsp_w=0.250
iter    33 | steps   1,081,344 | SPS     646 | r_p0 -0.004 r_p1 +0.484 | clip_frac 0.135(fire:0.004) | KL 0.0108 | H_fire 0.169 H_ang 0.00 H_ship 3.42 | V_loss 0.5082 | LR 0.000100 | early_stop=0 | fire[0]=0.18 fire[rest_max]=0.46 srcs_multi=1.85 ship0=0.01 meanshipbin=19.9 avgfleet=118.7 p90fleet=230.6 | Vμ=+0.484 Vσ=1.859 Rμ=+0.417 Rσ=1.920 Aσ=0.727 rewμ=+0.0081 rewσ=0.1257 rewNZ=0.328 featσ[p/f/g/pw]=0.446/0.285/0.441/0.395
iter    34 | steps   1,114,112 | SPS     646 | r_p0 +0.156 r_p1 +0.328 | clip_frac 0.134(fire:0.004) | KL 0.0089 | H_fire 0.155 H_ang 0.00 H_ship 3.43 | V_loss 0.2704 | LR 0.000100 | early_stop=0 | fire[0]=0.16 fire[rest_max]=0.45 srcs_multi=1.58 ship0=0.01 meanshipbin=22.2 avgfleet=120.4 p90fleet=229.5 | Vμ=+0.173 Vσ=1.720 Rμ=+0.179 Rσ=1.800 Aσ=0.534 rewμ=+0.0061 rewσ=0.1166 rewNZ=0.301 featσ[p/f/g/pw]=0.445/0.285/0.439/0.392
iter    35 | steps   1,146,880 | SPS     645 | r_p0 +0.093 r_p1 +0.393 | clip_frac 0.133(fire:0.005) | KL 0.0119 | H_fire 0.135 H_ang 0.00 H_ship 3.43 | V_loss 0.3237 | LR 0.000100 | early_stop=0 | fire[0]=0.15 fire[rest_max]=0.46 srcs_multi=1.43 ship0=0.01 meanshipbin=21.4 avgfleet=122.0 p90fleet=228.4 | Vμ=+0.024 Vσ=1.646 Rμ=+0.027 Rσ=1.746 Aσ=0.580 rewμ=+0.0048 rewσ=0.1181 rewNZ=0.276 featσ[p/f/g/pw]=0.446/0.276/0.436/0.381
iter    36 | steps   1,179,648 | SPS     645 | r_p0 +0.006 r_p1 +0.483 | clip_frac 0.132(fire:0.004) | KL 0.0084 | H_fire 0.128 H_ang 0.00 H_ship 3.43 | V_loss 0.4106 | LR 0.000100 | early_stop=0 | fire[0]=0.15 fire[rest_max]=0.42 srcs_multi=1.20 ship0=0.02 meanshipbin=21.6 avgfleet=123.3 p90fleet=234.4 | Vμ=-0.052 Vσ=1.764 Rμ=-0.085 Rσ=1.892 Aσ=0.662 rewμ=+0.0028 rewσ=0.1210 rewNZ=0.273 featσ[p/f/g/pw]=0.447/0.289/0.432/0.374
iter    37 | steps   1,212,416 | SPS     645 | r_p0 -0.136 r_p1 +0.623 | clip_frac 0.131(fire:0.003) | KL 0.0110 | H_fire 0.202 H_ang 0.00 H_ship 3.42 | V_loss 0.4121 | LR 0.000100 | early_stop=0 | fire[0]=0.20 fire[rest_max]=0.46 srcs_multi=2.11 ship0=0.01 meanshipbin=22.6 avgfleet=117.7 p90fleet=221.0 | Vμ=+0.556 Vσ=1.780 Rμ=+0.585 Rσ=1.859 Aσ=0.657 rewμ=+0.0104 rewσ=0.1259 rewNZ=0.367 featσ[p/f/g/pw]=0.443/0.285/0.446/0.407
iter    38 | steps   1,245,184 | SPS     645 | r_p0 -0.178 r_p1 +0.665 | clip_frac 0.130(fire:0.004) | KL 0.0101 | H_fire 0.129 H_ang 0.00 H_ship 3.43 | V_loss 0.3172 | LR 0.000100 | early_stop=0 | fire[0]=0.15 fire[rest_max]=0.46 srcs_multi=1.28 ship0=0.01 meanshipbin=21.6 avgfleet=118.7 p90fleet=219.4 | Vμ=+0.119 Vσ=1.784 Rμ=+0.133 Rσ=1.908 Aσ=0.582 rewμ=+0.0048 rewσ=0.1186 rewNZ=0.265 featσ[p/f/g/pw]=0.445/0.276/0.433/0.373
iter    39 | steps   1,277,952 | SPS     645 | r_p0 +0.016 r_p1 +0.475 | clip_frac 0.129(fire:0.002) | KL 0.0078 | H_fire 0.164 H_ang 0.00 H_ship 3.43 | V_loss 0.3387 | LR 0.000100 | early_stop=0 | fire[0]=0.17 fire[rest_max]=0.46 srcs_multi=1.86 ship0=0.01 meanshipbin=18.5 avgfleet=121.9 p90fleet=224.8 | Vμ=+0.412 Vσ=1.706 Rμ=+0.436 Rσ=1.771 Aσ=0.600 rewμ=+0.0084 rewσ=0.1177 rewNZ=0.307 featσ[p/f/g/pw]=0.443/0.279/0.440/0.393
iter    40 | steps   1,310,720 | SPS     644 | r_p0 +0.145 r_p1 +0.343 | clip_frac 0.129(fire:0.005) | KL 0.0221 | H_fire 0.173 H_ang 0.00 H_ship 3.43 | V_loss 0.3662 | LR 0.000100 | early_stop=0 | fire[0]=0.17 fire[rest_max]=0.44 srcs_multi=1.67 ship0=0.01 meanshipbin=17.9 avgfleet=135.3 p90fleet=249.1 | Vμ=+0.341 Vσ=1.750 Rμ=+0.328 Rσ=1.848 Aσ=0.619 rewμ=+0.0070 rewσ=0.1156 rewNZ=0.324 featσ[p/f/g/pw]=0.445/0.290/0.442/0.405
iter    41 | steps   1,343,488 | SPS     645 | r_p0 +0.271 r_p1 +0.208 | clip_frac 0.129(fire:0.003) | KL 0.0088 | H_fire 0.165 H_ang 0.00 H_ship 3.43 | V_loss 0.3583 | LR 0.000100 | early_stop=0 | fire[0]=0.17 fire[rest_max]=0.46 srcs_multi=1.80 ship0=0.01 meanshipbin=17.1 avgfleet=127.5 p90fleet=245.0 | Vμ=+0.333 Vσ=1.738 Rμ=+0.348 Rσ=1.860 Aσ=0.618 rewμ=+0.0068 rewσ=0.1221 rewNZ=0.316 featσ[p/f/g/pw]=0.445/0.281/0.442/0.395
iter    42 | steps   1,376,256 | SPS     644 | r_p0 +0.171 r_p1 +0.310 | clip_frac 0.128(fire:0.003) | KL 0.0081 | H_fire 0.164 H_ang 0.00 H_ship 3.43 | V_loss 0.3149 | LR 0.000100 | early_stop=0 | fire[0]=0.16 fire[rest_max]=0.44 srcs_multi=1.35 ship0=0.01 meanshipbin=17.4 avgfleet=120.2 p90fleet=221.2 | Vμ=+0.238 Vσ=1.798 Rμ=+0.182 Rσ=1.876 Aσ=0.575 rewμ=+0.0049 rewσ=0.1171 rewNZ=0.314 featσ[p/f/g/pw]=0.445/0.297/0.442/0.390
iter    43 | steps   1,409,024 | SPS     644 | r_p0 +0.105 r_p1 +0.381 | clip_frac 0.128(fire:0.006) | KL 0.0201 | H_fire 0.185 H_ang 0.00 H_ship 3.42 | V_loss 0.3782 | LR 0.000100 | early_stop=0 | fire[0]=0.20 fire[rest_max]=0.46 srcs_multi=2.08 ship0=0.01 meanshipbin=17.6 avgfleet=125.5 p90fleet=247.0 | Vμ=+0.581 Vσ=1.787 Rμ=+0.562 Rσ=1.878 Aσ=0.633 rewμ=+0.0084 rewσ=0.1252 rewNZ=0.344 featσ[p/f/g/pw]=0.445/0.295/0.443/0.398
iter    44 | steps   1,441,792 | SPS     644 | r_p0 +0.036 r_p1 +0.451 | clip_frac 0.127(fire:0.005) | KL 0.0159 | H_fire 0.176 H_ang 0.00 H_ship 3.42 | V_loss 0.3762 | LR 0.000100 | early_stop=0 | fire[0]=0.18 fire[rest_max]=0.45 srcs_multi=1.78 ship0=0.01 meanshipbin=19.9 avgfleet=122.9 p90fleet=236.5 | Vμ=+0.461 Vσ=1.830 Rμ=+0.460 Rσ=1.923 Aσ=0.629 rewμ=+0.0087 rewσ=0.1222 rewNZ=0.327 featσ[p/f/g/pw]=0.441/0.272/0.441/0.395
iter    45 | steps   1,474,560 | SPS     644 | r_p0 +0.048 r_p1 +0.443 | clip_frac 0.127(fire:0.004) | KL 0.0089 | H_fire 0.160 H_ang 0.00 H_ship 3.43 | V_loss 0.2700 | LR 0.000100 | early_stop=0 | fire[0]=0.17 fire[rest_max]=0.45 srcs_multi=1.60 ship0=0.01 meanshipbin=16.0 avgfleet=127.5 p90fleet=234.2 | Vμ=+0.350 Vσ=1.749 Rμ=+0.326 Rσ=1.788 Aσ=0.533 rewμ=+0.0059 rewσ=0.1120 rewNZ=0.296 featσ[p/f/g/pw]=0.444/0.280/0.438/0.392
iter    46 | steps   1,507,328 | SPS     644 | r_p0 +0.219 r_p1 +0.269 | clip_frac 0.126(fire:0.006) | KL 0.0178 | H_fire 0.170 H_ang 0.00 H_ship 3.43 | V_loss 0.3976 | LR 0.000100 | early_stop=0 | fire[0]=0.17 fire[rest_max]=0.45 srcs_multi=1.69 ship0=0.01 meanshipbin=19.4 avgfleet=127.8 p90fleet=238.9 | Vμ=+0.479 Vσ=1.654 Rμ=+0.388 Rσ=1.727 Aσ=0.646 rewμ=+0.0067 rewσ=0.1166 rewNZ=0.318 featσ[p/f/g/pw]=0.444/0.283/0.443/0.398
iter    47 | steps   1,540,096 | SPS     644 | r_p0 +0.278 r_p1 +0.208 | clip_frac 0.126(fire:0.003) | KL 0.0084 | H_fire 0.147 H_ang 0.00 H_ship 3.43 | V_loss 0.3449 | LR 0.000100 | early_stop=0 | fire[0]=0.14 fire[rest_max]=0.42 srcs_multi=1.24 ship0=0.01 meanshipbin=18.0 avgfleet=124.7 p90fleet=234.4 | Vμ=+0.241 Vσ=1.709 Rμ=+0.221 Rσ=1.820 Aσ=0.598 rewμ=+0.0053 rewσ=0.1148 rewNZ=0.289 featσ[p/f/g/pw]=0.443/0.270/0.439/0.390
iter    48 | steps   1,572,864 | SPS     644 | r_p0 +0.072 r_p1 +0.410 | clip_frac 0.125(fire:0.004) | KL 0.0095 | H_fire 0.144 H_ang 0.00 H_ship 3.43 | V_loss 0.3929 | LR 0.000100 | early_stop=0 | fire[0]=0.14 fire[rest_max]=0.40 srcs_multi=0.84 ship0=0.02 meanshipbin=18.7 avgfleet=122.5 p90fleet=223.4 | Vμ=+0.277 Vσ=1.756 Rμ=+0.190 Rσ=1.813 Aσ=0.642 rewμ=+0.0048 rewσ=0.1157 rewNZ=0.280 featσ[p/f/g/pw]=0.443/0.279/0.438/0.381
  saved checkpoints/torch_step_1572864_rev38_20260605_181635.pt
  saved checkpoints/pool_step_1572864_rev38_20260605_181635.pt (3 members)
  pool snapshot @ step 1,572,864
  pool size=4  alpha=2.0
    self                 self_step_524288               wr=0.47 (n=1175)  pfsp_w=0.278
    self                 self_step_0                    wr=0.48 (n=1989)  pfsp_w=0.267
    self                 self_step_1572864              wr=0.50 (n=0)  pfsp_w=0.250
    self                 self_step_1048576              wr=0.62 (n=208)  pfsp_w=0.148
iter    49 | steps   1,605,632 | SPS     644 | r_p0 -0.022 r_p1 +0.504 | clip_frac 0.123(fire:0.002) | KL 0.0055 | H_fire 0.129 H_ang 0.00 H_ship 3.43 | V_loss 0.3643 | LR 0.000100 | early_stop=0 | fire[0]=0.13 fire[rest_max]=0.40 srcs_multi=0.82 ship0=0.02 meanshipbin=20.3 avgfleet=114.8 p90fleet=215.0 | Vμ=+0.124 Vσ=1.740 Rμ=+0.050 Rσ=1.814 Aσ=0.623 rewμ=+0.0043 rewσ=0.1186 rewNZ=0.263 featσ[p/f/g/pw]=0.441/0.267/0.431/0.371
iter    50 | steps   1,638,400 | SPS     644 | r_p0 -0.002 r_p1 +0.490 | clip_frac 0.123(fire:0.002) | KL 0.0085 | H_fire 0.189 H_ang 0.00 H_ship 3.43 | V_loss 0.3197 | LR 0.000100 | early_stop=0 | fire[0]=0.16 fire[rest_max]=0.41 srcs_multi=1.31 ship0=0.01 meanshipbin=20.2 avgfleet=124.6 p90fleet=224.2 | Vμ=+0.582 Vσ=1.721 Rμ=+0.629 Rσ=1.808 Aσ=0.583 rewμ=+0.0102 rewσ=0.1177 rewNZ=0.338 featσ[p/f/g/pw]=0.442/0.267/0.443/0.407
iter    51 | steps   1,671,168 | SPS     644 | r_p0 +0.011 r_p1 +0.478 | clip_frac 0.121(fire:0.002) | KL 0.0076 | H_fire 0.185 H_ang 0.00 H_ship 3.43 | V_loss 0.2988 | LR 0.000100 | early_stop=0 | fire[0]=0.16 fire[rest_max]=0.39 srcs_multi=1.03 ship0=0.01 meanshipbin=21.3 avgfleet=129.8 p90fleet=235.7 | Vμ=+0.441 Vσ=1.719 Rμ=+0.442 Rσ=1.819 Aσ=0.564 rewμ=+0.0075 rewσ=0.1163 rewNZ=0.329 featσ[p/f/g/pw]=0.444/0.280/0.444/0.406
iter    52 | steps   1,703,936 | SPS     644 | r_p0 +0.082 r_p1 +0.411 | clip_frac 0.119(fire:0.003) | KL 0.0094 | H_fire 0.169 H_ang 0.00 H_ship 3.43 | V_loss 0.3642 | LR 0.000100 | early_stop=0 | fire[0]=0.16 fire[rest_max]=0.39 srcs_multi=1.19 ship0=0.01 meanshipbin=21.0 avgfleet=131.6 p90fleet=243.5 | Vμ=+0.391 Vσ=1.710 Rμ=+0.380 Rσ=1.792 Aσ=0.624 rewμ=+0.0072 rewσ=0.1163 rewNZ=0.312 featσ[p/f/g/pw]=0.443/0.268/0.444/0.402
iter    53 | steps   1,736,704 | SPS     644 | r_p0 +0.098 r_p1 +0.397 | clip_frac 0.118(fire:0.004) | KL 0.0083 | H_fire 0.151 H_ang 0.00 H_ship 3.43 | V_loss 0.2968 | LR 0.000100 | early_stop=0 | fire[0]=0.13 fire[rest_max]=0.37 srcs_multi=0.84 ship0=0.01 meanshipbin=23.0 avgfleet=129.9 p90fleet=232.2 | Vμ=+0.358 Vσ=1.778 Rμ=+0.346 Rσ=1.867 Aσ=0.562 rewμ=+0.0064 rewσ=0.1169 rewNZ=0.285 featσ[p/f/g/pw]=0.445/0.269/0.441/0.397
iter    54 | steps   1,769,472 | SPS     644 | r_p0 +0.098 r_p1 +0.393 | clip_frac 0.117(fire:0.005) | KL 0.0125 | H_fire 0.150 H_ang 0.00 H_ship 3.43 | V_loss 0.3977 | LR 0.000100 | early_stop=0 | fire[0]=0.14 fire[rest_max]=0.40 srcs_multi=0.90 ship0=0.01 meanshipbin=22.5 avgfleet=127.1 p90fleet=241.5 | Vμ=+0.292 Vσ=1.750 Rμ=+0.244 Rσ=1.839 Aσ=0.651 rewμ=+0.0060 rewσ=0.1183 rewNZ=0.289 featσ[p/f/g/pw]=0.443/0.268/0.439/0.388
iter    55 | steps   1,802,240 | SPS     644 | r_p0 +0.146 r_p1 +0.342 | clip_frac 0.116(fire:0.004) | KL 0.0088 | H_fire 0.174 H_ang 0.00 H_ship 3.42 | V_loss 0.4168 | LR 0.000100 | early_stop=0 | fire[0]=0.16 fire[rest_max]=0.38 srcs_multi=0.99 ship0=0.01 meanshipbin=21.4 avgfleet=128.5 p90fleet=243.5 | Vμ=+0.573 Vσ=1.808 Rμ=+0.540 Rσ=1.904 Aσ=0.666 rewμ=+0.0089 rewσ=0.1192 rewNZ=0.320 featσ[p/f/g/pw]=0.442/0.271/0.439/0.401
iter    56 | steps   1,835,008 | SPS     644 | r_p0 +0.164 r_p1 +0.322 | clip_frac 0.115(fire:0.004) | KL 0.0075 | H_fire 0.170 H_ang 0.00 H_ship 3.42 | V_loss 0.4248 | LR 0.000100 | early_stop=0 | fire[0]=0.15 fire[rest_max]=0.37 srcs_multi=0.87 ship0=0.01 meanshipbin=19.1 avgfleet=129.0 p90fleet=245.4 | Vμ=+0.451 Vσ=1.812 Rμ=+0.449 Rσ=1.936 Aσ=0.673 rewμ=+0.0080 rewσ=0.1223 rewNZ=0.321 featσ[p/f/g/pw]=0.446/0.270/0.443/0.401
iter    57 | steps   1,867,776 | SPS     644 | r_p0 +0.240 r_p1 +0.248 | clip_frac 0.113(fire:0.004) | KL 0.0093 | H_fire 0.148 H_ang 0.00 H_ship 3.42 | V_loss 0.3943 | LR 0.000100 | early_stop=0 | fire[0]=0.14 fire[rest_max]=0.34 srcs_multi=0.69 ship0=0.02 meanshipbin=18.3 avgfleet=128.5 p90fleet=229.1 | Vμ=+0.292 Vσ=1.835 Rμ=+0.210 Rσ=1.957 Aσ=0.647 rewμ=+0.0055 rewσ=0.1230 rewNZ=0.293 featσ[p/f/g/pw]=0.447/0.267/0.441/0.393
iter    58 | steps   1,900,544 | SPS     644 | r_p0 +0.469 r_p1 +0.020 | clip_frac 0.112(fire:0.005) | KL 0.0125 | H_fire 0.160 H_ang 0.00 H_ship 3.42 | V_loss 0.4857 | LR 0.000100 | early_stop=0 | fire[0]=0.14 fire[rest_max]=0.36 srcs_multi=0.78 ship0=0.01 meanshipbin=20.0 avgfleet=122.5 p90fleet=228.1 | Vμ=+0.552 Vσ=1.915 Rμ=+0.473 Rσ=1.990 Aσ=0.712 rewμ=+0.0087 rewσ=0.1264 rewNZ=0.303 featσ[p/f/g/pw]=0.445/0.268/0.440/0.400
  ★ best updated: reward=+0.469
iter    59 | steps   1,933,312 | SPS     644 | r_p0 +0.326 r_p1 +0.162 | clip_frac 0.110(fire:0.003) | KL 0.0068 | H_fire 0.161 H_ang 0.00 H_ship 3.43 | V_loss 0.3647 | LR 0.000100 | early_stop=0 | fire[0]=0.14 fire[rest_max]=0.34 srcs_multi=0.59 ship0=0.01 meanshipbin=19.9 avgfleet=131.7 p90fleet=240.2 | Vμ=+0.450 Vσ=1.845 Rμ=+0.459 Rσ=1.967 Aσ=0.622 rewμ=+0.0076 rewσ=0.1169 rewNZ=0.293 featσ[p/f/g/pw]=0.445/0.256/0.442/0.401
iter    60 | steps   1,966,080 | SPS     644 | r_p0 +0.225 r_p1 +0.263 | clip_frac 0.109(fire:0.003) | KL 0.0061 | H_fire 0.168 H_ang 0.00 H_ship 3.43 | V_loss 0.3124 | LR 0.000100 | early_stop=0 | fire[0]=0.13 fire[rest_max]=0.35 srcs_multi=0.52 ship0=0.02 meanshipbin=19.9 avgfleet=133.7 p90fleet=245.8 | Vμ=+0.523 Vσ=1.830 Rμ=+0.563 Rσ=1.896 Aσ=0.577 rewμ=+0.0079 rewσ=0.1151 rewNZ=0.306 featσ[p/f/g/pw]=0.445/0.268/0.442/0.403
iter    61 | steps   1,998,848 | SPS     644 | r_p0 +0.382 r_p1 +0.109 | clip_frac 0.107(fire:0.004) | KL 0.0083 | H_fire 0.157 H_ang 0.00 H_ship 3.43 | V_loss 0.4030 | LR 0.000100 | early_stop=0 | fire[0]=0.14 fire[rest_max]=0.34 srcs_multi=0.56 ship0=0.03 meanshipbin=18.7 avgfleet=131.7 p90fleet=254.1 | Vμ=+0.605 Vσ=1.819 Rμ=+0.552 Rσ=1.915 Aσ=0.655 rewμ=+0.0077 rewσ=0.1214 rewNZ=0.298 featσ[p/f/g/pw]=0.442/0.260/0.439/0.394
iter    62 | steps   2,031,616 | SPS     644 | r_p0 +0.393 r_p1 +0.099 | clip_frac 0.107(fire:0.004) | KL 0.0081 | H_fire 0.149 H_ang 0.00 H_ship 3.43 | V_loss 0.3017 | LR 0.000100 | early_stop=0 | fire[0]=0.14 fire[rest_max]=0.33 srcs_multi=0.53 ship0=0.03 meanshipbin=18.8 avgfleet=128.2 p90fleet=235.4 | Vμ=+0.450 Vσ=1.718 Rμ=+0.494 Rσ=1.817 Aσ=0.569 rewμ=+0.0075 rewσ=0.1138 rewNZ=0.275 featσ[p/f/g/pw]=0.441/0.259/0.438/0.389
iter    63 | steps   2,064,384 | SPS     644 | r_p0 +0.393 r_p1 +0.095 | clip_frac 0.106(fire:0.003) | KL 0.0058 | H_fire 0.153 H_ang 0.00 H_ship 3.43 | V_loss 0.3993 | LR 0.000100 | early_stop=0 | fire[0]=0.13 fire[rest_max]=0.32 srcs_multi=0.49 ship0=0.04 meanshipbin=18.5 avgfleet=127.9 p90fleet=225.2 | Vμ=+0.510 Vσ=1.823 Rμ=+0.530 Rσ=1.904 Aσ=0.655 rewμ=+0.0079 rewσ=0.1164 rewNZ=0.288 featσ[p/f/g/pw]=0.441/0.261/0.437/0.392
iter    64 | steps   2,097,152 | SPS     644 | r_p0 +0.280 r_p1 +0.207 | clip_frac 0.105(fire:0.006) | KL 0.0168 | H_fire 0.162 H_ang 0.00 H_ship 3.42 | V_loss 0.4293 | LR 0.000100 | early_stop=0 | fire[0]=0.13 fire[rest_max]=0.31 srcs_multi=0.37 ship0=0.05 meanshipbin=19.2 avgfleet=128.5 p90fleet=237.0 | Vμ=+0.462 Vσ=1.818 Rμ=+0.376 Rσ=1.932 Aσ=0.672 rewμ=+0.0069 rewσ=0.1220 rewNZ=0.312 featσ[p/f/g/pw]=0.443/0.269/0.440/0.399
  saved checkpoints/torch_step_2097152_rev38_20260605_181635.pt
  saved checkpoints/pool_step_2097152_rev38_20260605_181635.pt (4 members)
  pool snapshot @ step 2,097,152
  pool size=5  alpha=2.0
    self                 self_step_0                    wr=0.48 (n=2286)  pfsp_w=0.266
    self                 self_step_524288               wr=0.49 (n=1588)  pfsp_w=0.260
    self                 self_step_2097152              wr=0.50 (n=0)  pfsp_w=0.250
    self                 self_step_1572864              wr=0.57 (n=341)  pfsp_w=0.183
    self                 self_step_1048576              wr=0.61 (n=281)  pfsp_w=0.153
iter    65 | steps   2,129,920 | SPS     644 | r_p0 +0.169 r_p1 +0.320 | clip_frac 0.104(fire:0.004) | KL 0.0069 | H_fire 0.143 H_ang 0.00 H_ship 3.43 | V_loss 0.3810 | LR 0.000100 | early_stop=0 | fire[0]=0.13 fire[rest_max]=0.34 srcs_multi=0.43 ship0=0.05 meanshipbin=19.8 avgfleet=128.9 p90fleet=248.8 | Vμ=+0.330 Vσ=1.857 Rμ=+0.304 Rσ=1.936 Aσ=0.638 rewμ=+0.0053 rewσ=0.1200 rewNZ=0.281 featσ[p/f/g/pw]=0.442/0.266/0.439/0.386
iter    66 | steps   2,162,688 | SPS     644 | r_p0 +0.027 r_p1 +0.463 | clip_frac 0.103(fire:0.004) | KL 0.0065 | H_fire 0.165 H_ang 0.00 H_ship 3.43 | V_loss 0.3218 | LR 0.000100 | early_stop=0 | fire[0]=0.15 fire[rest_max]=0.34 srcs_multi=0.53 ship0=0.02 meanshipbin=20.7 avgfleet=128.7 p90fleet=250.4 | Vμ=+0.471 Vσ=1.727 Rμ=+0.460 Rσ=1.810 Aσ=0.580 rewμ=+0.0075 rewσ=0.1168 rewNZ=0.296 featσ[p/f/g/pw]=0.440/0.263/0.441/0.396
iter    67 | steps   2,195,456 | SPS     644 | r_p0 +0.160 r_p1 +0.324 | clip_frac 0.102(fire:0.003) | KL 0.0071 | H_fire 0.158 H_ang 0.00 H_ship 3.42 | V_loss 0.3247 | LR 0.000100 | early_stop=0 | fire[0]=0.14 fire[rest_max]=0.32 srcs_multi=0.45 ship0=0.03 meanshipbin=19.4 avgfleet=126.5 p90fleet=244.5 | Vμ=+0.272 Vσ=1.669 Rμ=+0.249 Rσ=1.793 Aσ=0.585 rewμ=+0.0064 rewσ=0.1161 rewNZ=0.302 featσ[p/f/g/pw]=0.441/0.264/0.437/0.389
iter    68 | steps   2,228,224 | SPS     644 | r_p0 +0.387 r_p1 +0.097 | clip_frac 0.101(fire:0.003) | KL 0.0062 | H_fire 0.145 H_ang 0.00 H_ship 3.42 | V_loss 0.3295 | LR 0.000100 | early_stop=0 | fire[0]=0.13 fire[rest_max]=0.31 srcs_multi=0.27 ship0=0.04 meanshipbin=19.1 avgfleet=133.4 p90fleet=240.8 | Vμ=+0.137 Vσ=1.707 Rμ=+0.199 Rσ=1.798 Aσ=0.592 rewμ=+0.0054 rewσ=0.1142 rewNZ=0.279 featσ[p/f/g/pw]=0.443/0.255/0.437/0.395
iter    69 | steps   2,260,992 | SPS     644 | r_p0 +0.449 r_p1 +0.033 | clip_frac 0.098(fire:0.003) | KL 0.0065 | H_fire 0.166 H_ang 0.00 H_ship 3.43 | V_loss 0.3570 | LR 0.000100 | early_stop=0 | fire[0]=0.13 fire[rest_max]=0.30 srcs_multi=0.25 ship0=0.03 meanshipbin=20.0 avgfleet=134.2 p90fleet=247.2 | Vμ=+0.359 Vσ=1.757 Rμ=+0.326 Rσ=1.838 Aσ=0.616 rewμ=+0.0075 rewσ=0.1185 rewNZ=0.313 featσ[p/f/g/pw]=0.445/0.263/0.443/0.410
iter    70 | steps   2,293,760 | SPS     644 | r_p0 +0.351 r_p1 +0.128 | clip_frac 0.096(fire:0.003) | KL 0.0053 | H_fire 0.139 H_ang 0.00 H_ship 3.42 | V_loss 0.3062 | LR 0.000100 | early_stop=0 | fire[0]=0.12 fire[rest_max]=0.31 srcs_multi=0.26 ship0=0.04 meanshipbin=19.2 avgfleet=132.7 p90fleet=247.8 | Vμ=+0.273 Vσ=1.764 Rμ=+0.310 Rσ=1.836 Aσ=0.567 rewμ=+0.0065 rewσ=0.1159 rewNZ=0.269 featσ[p/f/g/pw]=0.445/0.256/0.439/0.403
iter    71 | steps   2,326,528 | SPS     644 | r_p0 +0.190 r_p1 +0.293 | clip_frac 0.094(fire:0.004) | KL 0.0086 | H_fire 0.165 H_ang 0.00 H_ship 3.42 | V_loss 0.3171 | LR 0.000100 | early_stop=0 | fire[0]=0.14 fire[rest_max]=0.30 srcs_multi=0.33 ship0=0.05 meanshipbin=20.3 avgfleet=138.9 p90fleet=255.6 | Vμ=+0.186 Vσ=1.712 Rμ=+0.149 Rσ=1.796 Aσ=0.579 rewμ=+0.0054 rewσ=0.1173 rewNZ=0.310 featσ[p/f/g/pw]=0.448/0.275/0.439/0.410
iter    72 | steps   2,359,296 | SPS     644 | r_p0 +0.206 r_p1 +0.280 | clip_frac 0.093(fire:0.003) | KL 0.0074 | H_fire 0.165 H_ang 0.00 H_ship 3.42 | V_loss 0.3929 | LR 0.000100 | early_stop=0 | fire[0]=0.13 fire[rest_max]=0.30 srcs_multi=0.28 ship0=0.03 meanshipbin=19.5 avgfleet=131.8 p90fleet=244.2 | Vμ=+0.592 Vσ=1.782 Rμ=+0.632 Rσ=1.906 Aσ=0.644 rewμ=+0.0104 rewσ=0.1233 rewNZ=0.309 featσ[p/f/g/pw]=0.444/0.257/0.444/0.410
iter    73 | steps   2,392,064 | SPS     644 | r_p0 +0.383 r_p1 +0.103 | clip_frac 0.092(fire:0.003) | KL 0.0083 | H_fire 0.145 H_ang 0.00 H_ship 3.42 | V_loss 0.3469 | LR 0.000100 | early_stop=0 | fire[0]=0.15 fire[rest_max]=0.31 srcs_multi=0.33 ship0=0.05 meanshipbin=19.8 avgfleet=126.6 p90fleet=240.3 | Vμ=+0.271 Vσ=1.875 Rμ=+0.279 Rσ=1.972 Aσ=0.611 rewμ=+0.0063 rewσ=0.1225 rewNZ=0.284 featσ[p/f/g/pw]=0.445/0.270/0.435/0.389
iter    74 | steps   2,424,832 | SPS     644 | r_p0 +0.423 r_p1 +0.063 | clip_frac 0.091(fire:0.004) | KL 0.0096 | H_fire 0.170 H_ang 0.00 H_ship 3.42 | V_loss 0.3543 | LR 0.000100 | early_stop=0 | fire[0]=0.14 fire[rest_max]=0.32 srcs_multi=0.35 ship0=0.03 meanshipbin=21.2 avgfleet=135.9 p90fleet=250.0 | Vμ=+0.450 Vσ=1.752 Rμ=+0.478 Rσ=1.827 Aσ=0.613 rewμ=+0.0093 rewσ=0.1237 rewNZ=0.321 featσ[p/f/g/pw]=0.442/0.260/0.444/0.407
iter    75 | steps   2,457,600 | SPS     644 | r_p0 +0.305 r_p1 +0.180 | clip_frac 0.090(fire:0.004) | KL 0.0069 | H_fire 0.164 H_ang 0.00 H_ship 3.42 | V_loss 0.3207 | LR 0.000100 | early_stop=0 | fire[0]=0.14 fire[rest_max]=0.30 srcs_multi=0.27 ship0=0.06 meanshipbin=19.7 avgfleet=139.6 p90fleet=258.2 | Vμ=+0.481 Vσ=1.816 Rμ=+0.502 Rσ=1.888 Aσ=0.583 rewμ=+0.0081 rewσ=0.1178 rewNZ=0.300 featσ[p/f/g/pw]=0.447/0.265/0.441/0.410
iter    76 | steps   2,490,368 | SPS     644 | r_p0 +0.177 r_p1 +0.305 | clip_frac 0.088(fire:0.003) | KL 0.0068 | H_fire 0.152 H_ang 0.00 H_ship 3.42 | V_loss 0.2613 | LR 0.000100 | early_stop=0 | fire[0]=0.12 fire[rest_max]=0.30 srcs_multi=0.22 ship0=0.06 meanshipbin=19.6 avgfleet=143.0 p90fleet=260.6 | Vμ=+0.433 Vσ=1.743 Rμ=+0.446 Rσ=1.801 Aσ=0.521 rewμ=+0.0073 rewσ=0.1155 rewNZ=0.287 featσ[p/f/g/pw]=0.446/0.265/0.442/0.405
iter    77 | steps   2,523,136 | SPS     644 | r_p0 +0.194 r_p1 +0.289 | clip_frac 0.086(fire:0.003) | KL 0.0074 | H_fire 0.156 H_ang 0.00 H_ship 3.42 | V_loss 0.3940 | LR 0.000100 | early_stop=0 | fire[0]=0.13 fire[rest_max]=0.29 srcs_multi=0.24 ship0=0.07 meanshipbin=18.6 avgfleet=136.7 p90fleet=243.6 | Vμ=+0.431 Vσ=1.798 Rμ=+0.447 Rσ=1.929 Aσ=0.647 rewμ=+0.0074 rewσ=0.1194 rewNZ=0.292 featσ[p/f/g/pw]=0.446/0.267/0.440/0.408
iter    78 | steps   2,555,904 | SPS     644 | r_p0 +0.207 r_p1 +0.277 | clip_frac 0.084(fire:0.003) | KL 0.0075 | H_fire 0.172 H_ang 0.00 H_ship 3.42 | V_loss 0.3011 | LR 0.000100 | early_stop=0 | fire[0]=0.15 fire[rest_max]=0.31 srcs_multi=0.27 ship0=0.04 meanshipbin=20.1 avgfleet=139.6 p90fleet=259.2 | Vμ=+0.521 Vσ=1.805 Rμ=+0.558 Rσ=1.905 Aσ=0.567 rewμ=+0.0081 rewσ=0.1180 rewNZ=0.313 featσ[p/f/g/pw]=0.445/0.266/0.443/0.407
iter    79 | steps   2,588,672 | SPS     644 | r_p0 +0.175 r_p1 +0.311 | clip_frac 0.083(fire:0.003) | KL 0.0084 | H_fire 0.177 H_ang 0.00 H_ship 3.42 | V_loss 0.3570 | LR 0.000100 | early_stop=0 | fire[0]=0.15 fire[rest_max]=0.32 srcs_multi=0.31 ship0=0.05 meanshipbin=20.1 avgfleet=136.4 p90fleet=250.8 | Vμ=+0.636 Vσ=1.765 Rμ=+0.634 Rσ=1.855 Aσ=0.616 rewμ=+0.0083 rewσ=0.1197 rewNZ=0.323 featσ[p/f/g/pw]=0.443/0.263/0.443/0.410
iter    80 | steps   2,621,440 | SPS     644 | r_p0 +0.059 r_p1 +0.430 | clip_frac 0.082(fire:0.005) | KL 0.0085 | H_fire 0.138 H_ang 0.00 H_ship 3.42 | V_loss 0.4049 | LR 0.000100 | early_stop=0 | fire[0]=0.12 fire[rest_max]=0.31 srcs_multi=0.27 ship0=0.08 meanshipbin=19.4 avgfleet=134.6 p90fleet=253.8 | Vμ=+0.374 Vσ=1.822 Rμ=+0.276 Rσ=1.903 Aσ=0.651 rewμ=+0.0054 rewσ=0.1191 rewNZ=0.273 featσ[p/f/g/pw]=0.447/0.277/0.435/0.394
  saved checkpoints/torch_step_2621440_rev38_20260605_181635.pt
  saved checkpoints/pool_step_2621440_rev38_20260605_181635.pt (5 members)
  pool snapshot @ step 2,621,440
  pool size=6  alpha=2.0
    self                 self_step_0                    wr=0.48 (n=2551)  pfsp_w=0.269
    self                 self_step_524288               wr=0.49 (n=1783)  pfsp_w=0.258
    self                 self_step_2621440              wr=0.50 (n=0)  pfsp_w=0.250
    self                 self_step_2097152              wr=0.51 (n=428)  pfsp_w=0.236
    self                 self_step_1572864              wr=0.56 (n=401)  pfsp_w=0.195
    self                 self_step_1048576              wr=0.59 (n=427)  pfsp_w=0.168
iter    81 | steps   2,654,208 | SPS     644 | r_p0 -0.073 r_p1 +0.562 | clip_frac 0.082(fire:0.003) | KL 0.0073 | H_fire 0.139 H_ang 0.00 H_ship 3.42 | V_loss 0.3666 | LR 0.000100 | early_stop=0 | fire[0]=0.13 fire[rest_max]=0.31 srcs_multi=0.32 ship0=0.11 meanshipbin=19.4 avgfleet=129.5 p90fleet=237.2 | Vμ=+0.265 Vσ=1.752 Rμ=+0.173 Rσ=1.797 Aσ=0.619 rewμ=+0.0040 rewσ=0.1180 rewNZ=0.277 featσ[p/f/g/pw]=0.450/0.283/0.437/0.396
iter    82 | steps   2,686,976 | SPS     644 | r_p0 -0.123 r_p1 +0.608 | clip_frac 0.080(fire:0.004) | KL 0.0061 | H_fire 0.146 H_ang 0.00 H_ship 3.43 | V_loss 0.3016 | LR 0.000100 | early_stop=0 | fire[0]=0.12 fire[rest_max]=0.33 srcs_multi=0.31 ship0=0.03 meanshipbin=21.2 avgfleet=140.1 p90fleet=253.6 | Vμ=+0.357 Vσ=1.704 Rμ=+0.373 Rσ=1.769 Aσ=0.568 rewμ=+0.0058 rewσ=0.1131 rewNZ=0.273 featσ[p/f/g/pw]=0.447/0.257/0.442/0.408
iter    83 | steps   2,719,744 | SPS     644 | r_p0 +0.003 r_p1 +0.482 | clip_frac 0.079(fire:0.003) | KL 0.0048 | H_fire 0.164 H_ang 0.00 H_ship 3.43 | V_loss 0.2928 | LR 0.000100 | early_stop=0 | fire[0]=0.12 fire[rest_max]=0.33 srcs_multi=0.33 ship0=0.05 meanshipbin=21.0 avgfleet=147.4 p90fleet=253.4 | Vμ=+0.425 Vσ=1.688 Rμ=+0.447 Rσ=1.775 Aσ=0.562 rewμ=+0.0069 rewσ=0.1096 rewNZ=0.291 featσ[p/f/g/pw]=0.447/0.267/0.441/0.419
iter    84 | steps   2,752,512 | SPS     644 | r_p0 +0.233 r_p1 +0.251 | clip_frac 0.078(fire:0.003) | KL 0.0083 | H_fire 0.165 H_ang 0.00 H_ship 3.42 | V_loss 0.4056 | LR 0.000100 | early_stop=0 | fire[0]=0.13 fire[rest_max]=0.32 srcs_multi=0.35 ship0=0.06 meanshipbin=19.2 avgfleet=138.6 p90fleet=258.6 | Vμ=+0.341 Vσ=1.710 Rμ=+0.277 Rσ=1.806 Aσ=0.656 rewμ=+0.0058 rewσ=0.1172 rewNZ=0.313 featσ[p/f/g/pw]=0.448/0.281/0.442/0.413
iter    85 | steps   2,785,280 | SPS     644 | r_p0 +0.120 r_p1 +0.359 | clip_frac 0.078(fire:0.004) | KL 0.0085 | H_fire 0.174 H_ang 0.00 H_ship 3.42 | V_loss 0.3440 | LR 0.000100 | early_stop=0 | fire[0]=0.15 fire[rest_max]=0.34 srcs_multi=0.43 ship0=0.05 meanshipbin=20.3 avgfleet=133.3 p90fleet=258.9 | Vμ=+0.372 Vσ=1.785 Rμ=+0.408 Rσ=1.914 Aσ=0.601 rewμ=+0.0067 rewσ=0.1214 rewNZ=0.327 featσ[p/f/g/pw]=0.445/0.281/0.443/0.402
iter    86 | steps   2,818,048 | SPS     644 | r_p0 +0.044 r_p1 +0.438 | clip_frac 0.078(fire:0.003) | KL 0.0094 | H_fire 0.168 H_ang 0.00 H_ship 3.42 | V_loss 0.3266 | LR 0.000100 | early_stop=0 | fire[0]=0.14 fire[rest_max]=0.35 srcs_multi=0.55 ship0=0.03 meanshipbin=23.2 avgfleet=125.7 p90fleet=236.3 | Vμ=+0.345 Vσ=1.821 Rμ=+0.375 Rσ=1.920 Aσ=0.585 rewμ=+0.0074 rewσ=0.1219 rewNZ=0.320 featσ[p/f/g/pw]=0.441/0.259/0.442/0.394
iter    87 | steps   2,850,816 | SPS     644 | r_p0 +0.180 r_p1 +0.309 | clip_frac 0.077(fire:0.003) | KL 0.0077 | H_fire 0.160 H_ang 0.00 H_ship 3.42 | V_loss 0.3282 | LR 0.000100 | early_stop=0 | fire[0]=0.15 fire[rest_max]=0.34 srcs_multi=0.52 ship0=0.04 meanshipbin=22.2 avgfleet=128.6 p90fleet=231.8 | Vμ=+0.410 Vσ=1.750 Rμ=+0.460 Rσ=1.875 Aσ=0.588 rewμ=+0.0081 rewσ=0.1198 rewNZ=0.303 featσ[p/f/g/pw]=0.443/0.264/0.437/0.390
iter    88 | steps   2,883,584 | SPS     644 | r_p0 +0.259 r_p1 +0.235 | clip_frac 0.077(fire:0.005) | KL 0.0096 | H_fire 0.163 H_ang 0.00 H_ship 3.43 | V_loss 0.4028 | LR 0.000100 | early_stop=0 | fire[0]=0.14 fire[rest_max]=0.37 srcs_multi=0.69 ship0=0.02 meanshipbin=24.5 avgfleet=129.0 p90fleet=234.2 | Vμ=+0.324 Vσ=1.769 Rμ=+0.398 Rσ=1.862 Aσ=0.649 rewμ=+0.0075 rewσ=0.1200 rewNZ=0.303 featσ[p/f/g/pw]=0.439/0.261/0.437/0.389
iter    89 | steps   2,916,352 | SPS     644 | r_p0 +0.248 r_p1 +0.245 | clip_frac 0.076(fire:0.003) | KL 0.0091 | H_fire 0.180 H_ang 0.00 H_ship 3.42 | V_loss 0.3525 | LR 0.000100 | early_stop=0 | fire[0]=0.15 fire[rest_max]=0.36 srcs_multi=0.52 ship0=0.02 meanshipbin=23.5 avgfleet=132.5 p90fleet=243.9 | Vμ=+0.293 Vσ=1.807 Rμ=+0.336 Rσ=1.911 Aσ=0.613 rewμ=+0.0072 rewσ=0.1189 rewNZ=0.327 featσ[p/f/g/pw]=0.442/0.277/0.442/0.400
iter    90 | steps   2,949,120 | SPS     644 | r_p0 +0.137 r_p1 +0.351 | clip_frac 0.075(fire:0.004) | KL 0.0082 | H_fire 0.172 H_ang 0.00 H_ship 3.42 | V_loss 0.3747 | LR 0.000100 | early_stop=0 | fire[0]=0.16 fire[rest_max]=0.34 srcs_multi=0.54 ship0=0.02 meanshipbin=22.6 avgfleet=127.4 p90fleet=260.5 | Vμ=+0.289 Vσ=1.778 Rμ=+0.327 Rσ=1.883 Aσ=0.633 rewμ=+0.0075 rewσ=0.1249 rewNZ=0.326 featσ[p/f/g/pw]=0.440/0.277/0.439/0.390
iter    91 | steps   2,981,888 | SPS     644 | r_p0 +0.186 r_p1 +0.303 | clip_frac 0.074(fire:0.003) | KL 0.0061 | H_fire 0.150 H_ang 0.00 H_ship 3.43 | V_loss 0.3408 | LR 0.000100 | early_stop=0 | fire[0]=0.14 fire[rest_max]=0.35 srcs_multi=0.53 ship0=0.03 meanshipbin=23.0 avgfleet=126.7 p90fleet=238.9 | Vμ=+0.336 Vσ=1.830 Rμ=+0.388 Rσ=1.903 Aσ=0.603 rewμ=+0.0080 rewσ=0.1218 rewNZ=0.286 featσ[p/f/g/pw]=0.439/0.256/0.436/0.385
iter    92 | steps   3,014,656 | SPS     644 | r_p0 +0.282 r_p1 +0.210 | clip_frac 0.074(fire:0.005) | KL 0.0125 | H_fire 0.164 H_ang 0.00 H_ship 3.42 | V_loss 0.3646 | LR 0.000100 | early_stop=0 | fire[0]=0.14 fire[rest_max]=0.31 srcs_multi=0.41 ship0=0.03 meanshipbin=22.0 avgfleet=125.0 p90fleet=234.2 | Vμ=+0.285 Vσ=1.800 Rμ=+0.255 Rσ=1.900 Aσ=0.626 rewμ=+0.0070 rewσ=0.1250 rewNZ=0.318 featσ[p/f/g/pw]=0.443/0.274/0.435/0.396
iter    93 | steps   3,047,424 | SPS     644 | r_p0 +0.364 r_p1 +0.130 | clip_frac 0.073(fire:0.003) | KL 0.0085 | H_fire 0.166 H_ang 0.00 H_ship 3.42 | V_loss 0.3260 | LR 0.000100 | early_stop=0 | fire[0]=0.14 fire[rest_max]=0.34 srcs_multi=0.47 ship0=0.02 meanshipbin=22.7 avgfleet=128.6 p90fleet=247.8 | Vμ=+0.267 Vσ=1.767 Rμ=+0.330 Rσ=1.893 Aσ=0.585 rewμ=+0.0066 rewσ=0.1239 rewNZ=0.317 featσ[p/f/g/pw]=0.445/0.268/0.444/0.395
iter    94 | steps   3,080,192 | SPS     644 | r_p0 +0.324 r_p1 +0.169 | clip_frac 0.072(fire:0.004) | KL 0.0059 | H_fire 0.152 H_ang 0.00 H_ship 3.43 | V_loss 0.3219 | LR 0.000100 | early_stop=0 | fire[0]=0.12 fire[rest_max]=0.32 srcs_multi=0.35 ship0=0.02 meanshipbin=23.3 avgfleet=129.7 p90fleet=243.8 | Vμ=+0.326 Vσ=1.723 Rμ=+0.347 Rσ=1.799 Aσ=0.589 rewμ=+0.0077 rewσ=0.1150 rewNZ=0.283 featσ[p/f/g/pw]=0.442/0.265/0.438/0.396
iter    95 | steps   3,112,960 | SPS     644 | r_p0 +0.221 r_p1 +0.265 | clip_frac 0.071(fire:0.002) | KL 0.0044 | H_fire 0.152 H_ang 0.00 H_ship 3.43 | V_loss 0.3341 | LR 0.000100 | early_stop=0 | fire[0]=0.12 fire[rest_max]=0.33 srcs_multi=0.44 ship0=0.02 meanshipbin=22.9 avgfleet=140.2 p90fleet=258.7 | Vμ=+0.264 Vσ=1.645 Rμ=+0.318 Rσ=1.760 Aσ=0.591 rewμ=+0.0058 rewσ=0.1125 rewNZ=0.285 featσ[p/f/g/pw]=0.443/0.267/0.438/0.396
iter    96 | steps   3,145,728 | SPS     644 | r_p0 +0.170 r_p1 +0.313 | clip_frac 0.070(fire:0.004) | KL 0.0090 | H_fire 0.178 H_ang 0.00 H_ship 3.42 | V_loss 0.3324 | LR 0.000100 | early_stop=0 | fire[0]=0.14 fire[rest_max]=0.34 srcs_multi=0.49 ship0=0.02 meanshipbin=23.0 avgfleet=137.5 p90fleet=250.5 | Vμ=+0.303 Vσ=1.754 Rμ=+0.265 Rσ=1.867 Aσ=0.595 rewμ=+0.0059 rewσ=0.1160 rewNZ=0.330 featσ[p/f/g/pw]=0.445/0.285/0.438/0.409
  saved checkpoints/torch_step_3145728_rev38_20260605_181635.pt
  saved checkpoints/pool_step_3145728_rev38_20260605_181635.pt (6 members)
  pool snapshot @ step 3,145,728
  pool size=7  alpha=2.0
    self                 self_step_2621440              wr=0.48 (n=149)  pfsp_w=0.274
    self                 self_step_0                    wr=0.48 (n=2811)  pfsp_w=0.271
    self                 self_step_524288               wr=0.49 (n=2013)  pfsp_w=0.264
    self                 self_step_3145728              wr=0.50 (n=0)  pfsp_w=0.250
    self                 self_step_2097152              wr=0.51 (n=571)  pfsp_w=0.239
    self                 self_step_1572864              wr=0.51 (n=673)  pfsp_w=0.238
    self                 self_step_1048576              wr=0.59 (n=490)  pfsp_w=0.168
iter    97 | steps   3,178,496 | SPS     644 | r_p0 +0.150 r_p1 +0.324 | clip_frac 0.069(fire:0.003) | KL 0.0053 | H_fire 0.175 H_ang 0.00 H_ship 3.43 | V_loss 0.3950 | LR 0.000100 | early_stop=0 | fire[0]=0.15 fire[rest_max]=0.37 srcs_multi=0.68 ship0=0.01 meanshipbin=25.7 avgfleet=129.8 p90fleet=249.0 | Vμ=+0.473 Vσ=1.775 Rμ=+0.479 Rσ=1.883 Aσ=0.642 rewμ=+0.0095 rewσ=0.1222 rewNZ=0.325 featσ[p/f/g/pw]=0.445/0.272/0.444/0.396
iter    98 | steps   3,211,264 | SPS     644 | r_p0 +0.234 r_p1 +0.242 | clip_frac 0.069(fire:0.003) | KL 0.0065 | H_fire 0.146 H_ang 0.00 H_ship 3.43 | V_loss 0.3085 | LR 0.000100 | early_stop=0 | fire[0]=0.13 fire[rest_max]=0.37 srcs_multi=0.58 ship0=0.02 meanshipbin=25.3 avgfleet=122.4 p90fleet=235.9 | Vμ=+0.221 Vσ=1.794 Rμ=+0.189 Rσ=1.878 Aσ=0.568 rewμ=+0.0064 rewσ=0.1207 rewNZ=0.288 featσ[p/f/g/pw]=0.444/0.261/0.437/0.392
iter    99 | steps   3,244,032 | SPS     644 | r_p0 +0.123 r_p1 +0.358 | clip_frac 0.070(fire:0.004) | KL 0.0092 | H_fire 0.158 H_ang 0.00 H_ship 3.43 | V_loss 0.3040 | LR 0.000100 | early_stop=0 | fire[0]=0.13 fire[rest_max]=0.37 srcs_multi=0.59 ship0=0.02 meanshipbin=23.6 avgfleet=126.7 p90fleet=229.3 | Vμ=+0.152 Vσ=1.792 Rμ=+0.209 Rσ=1.889 Aσ=0.571 rewμ=+0.0050 rewσ=0.1120 rewNZ=0.295 featσ[p/f/g/pw]=0.444/0.276/0.436/0.391
iter   100 | steps   3,276,800 | SPS     643 | r_p0 +0.006 r_p1 +0.480 | clip_frac 0.069(fire:0.003) | KL 0.0070 | H_fire 0.202 H_ang 0.00 H_ship 3.42 | V_loss 0.3139 | LR 0.000100 | early_stop=0 | fire[0]=0.17 fire[rest_max]=0.39 srcs_multi=0.85 ship0=0.02 meanshipbin=24.5 avgfleet=127.8 p90fleet=240.5 | Vμ=+0.427 Vσ=1.803 Rμ=+0.485 Rσ=1.936 Aσ=0.577 rewμ=+0.0084 rewσ=0.1235 rewNZ=0.358 featσ[p/f/g/pw]=0.444/0.296/0.444/0.402
iter   101 | steps   3,309,568 | SPS     642 | r_p0 +0.172 r_p1 +0.315 | clip_frac 0.069(fire:0.003) | KL 0.0070 | H_fire 0.166 H_ang 0.00 H_ship 3.42 | V_loss 0.4280 | LR 0.000100 | early_stop=0 | fire[0]=0.16 fire[rest_max]=0.41 srcs_multi=1.05 ship0=0.02 meanshipbin=23.6 avgfleet=123.5 p90fleet=236.6 | Vμ=+0.350 Vσ=1.808 Rμ=+0.416 Rσ=1.946 Aσ=0.669 rewμ=+0.0086 rewσ=0.1261 rewNZ=0.321 featσ[p/f/g/pw]=0.444/0.275/0.436/0.389
iter   102 | steps   3,342,336 | SPS     641 | r_p0 +0.184 r_p1 +0.304 | clip_frac 0.069(fire:0.003) | KL 0.0068 | H_fire 0.165 H_ang 0.00 H_ship 3.43 | V_loss 0.3901 | LR 0.000100 | early_stop=0 | fire[0]=0.14 fire[rest_max]=0.40 srcs_multi=0.86 ship0=0.01 meanshipbin=23.3 avgfleet=124.1 p90fleet=234.9 | Vμ=+0.355 Vσ=1.811 Rμ=+0.400 Rσ=1.910 Aσ=0.639 rewμ=+0.0067 rewσ=0.1182 rewNZ=0.310 featσ[p/f/g/pw]=0.447/0.271/0.436/0.398
iter   103 | steps   3,375,104 | SPS     641 | r_p0 +0.171 r_p1 +0.316 | clip_frac 0.069(fire:0.004) | KL 0.0080 | H_fire 0.185 H_ang 0.00 H_ship 3.43 | V_loss 0.3487 | LR 0.000100 | early_stop=0 | fire[0]=0.17 fire[rest_max]=0.39 srcs_multi=0.90 ship0=0.03 meanshipbin=20.9 avgfleet=129.3 p90fleet=242.1 | Vμ=+0.287 Vσ=1.741 Rμ=+0.275 Rσ=1.857 Aσ=0.607 rewμ=+0.0058 rewσ=0.1192 rewNZ=0.343 featσ[p/f/g/pw]=0.450/0.298/0.442/0.401
iter   104 | steps   3,407,872 | SPS     640 | r_p0 +0.103 r_p1 +0.386 | clip_frac 0.070(fire:0.004) | KL 0.0120 | H_fire 0.183 H_ang 0.00 H_ship 3.43 | V_loss 0.3593 | LR 0.000100 | early_stop=0 | fire[0]=0.16 fire[rest_max]=0.39 srcs_multi=0.78 ship0=0.02 meanshipbin=21.1 avgfleet=126.0 p90fleet=241.1 | Vμ=+0.207 Vσ=1.664 Rμ=+0.229 Rσ=1.746 Aσ=0.614 rewμ=+0.0061 rewσ=0.1199 rewNZ=0.345 featσ[p/f/g/pw]=0.443/0.283/0.445/0.400
iter   105 | steps   3,440,640 | SPS     639 | r_p0 +0.129 r_p1 +0.361 | clip_frac 0.070(fire:0.004) | KL 0.0074 | H_fire 0.192 H_ang 0.00 H_ship 3.42 | V_loss 0.3220 | LR 0.000100 | early_stop=0 | fire[0]=0.17 fire[rest_max]=0.39 srcs_multi=0.70 ship0=0.03 meanshipbin=21.3 avgfleet=122.2 p90fleet=224.9 | Vμ=+0.637 Vσ=1.633 Rμ=+0.680 Rσ=1.788 Aσ=0.580 rewμ=+0.0096 rewσ=0.1237 rewNZ=0.347 featσ[p/f/g/pw]=0.441/0.283/0.437/0.395
iter   106 | steps   3,473,408 | SPS     638 | r_p0 +0.103 r_p1 +0.386 | clip_frac 0.070(fire:0.003) | KL 0.0093 | H_fire 0.216 H_ang 0.00 H_ship 3.42 | V_loss 0.3373 | LR 0.000100 | early_stop=0 | fire[0]=0.18 fire[rest_max]=0.40 srcs_multi=0.90 ship0=0.02 meanshipbin=22.4 avgfleet=122.1 p90fleet=222.8 | Vμ=+0.690 Vσ=1.732 Rμ=+0.716 Rσ=1.860 Aσ=0.597 rewμ=+0.0095 rewσ=0.1205 rewNZ=0.385 featσ[p/f/g/pw]=0.442/0.287/0.443/0.409
iter   107 | steps   3,506,176 | SPS     637 | r_p0 -0.170 r_p1 +0.660 | clip_frac 0.070(fire:0.003) | KL 0.0082 | H_fire 0.161 H_ang 0.00 H_ship 3.43 | V_loss 0.3247 | LR 0.000100 | early_stop=0 | fire[0]=0.17 fire[rest_max]=0.43 srcs_multi=1.18 ship0=0.02 meanshipbin=20.6 avgfleet=126.5 p90fleet=239.5 | Vμ=+0.228 Vσ=1.705 Rμ=+0.274 Rσ=1.807 Aσ=0.588 rewμ=+0.0054 rewσ=0.1184 rewNZ=0.305 featσ[p/f/g/pw]=0.445/0.288/0.438/0.376
iter   108 | steps   3,538,944 | SPS     636 | r_p0 -0.179 r_p1 +0.667 | clip_frac 0.071(fire:0.004) | KL 0.0070 | H_fire 0.191 H_ang 0.00 H_ship 3.42 | V_loss 0.3772 | LR 0.000100 | early_stop=0 | fire[0]=0.17 fire[rest_max]=0.40 srcs_multi=0.97 ship0=0.02 meanshipbin=18.7 avgfleet=117.8 p90fleet=218.8 | Vμ=+0.603 Vσ=1.820 Rμ=+0.601 Rσ=1.956 Aσ=0.634 rewμ=+0.0092 rewσ=0.1257 rewNZ=0.358 featσ[p/f/g/pw]=0.442/0.288/0.437/0.394
iter   109 | steps   3,571,712 | SPS     636 | r_p0 +0.004 r_p1 +0.485 | clip_frac 0.072(fire:0.005) | KL 0.0100 | H_fire 0.206 H_ang 0.00 H_ship 3.42 | V_loss 0.3892 | LR 0.000100 | early_stop=0 | fire[0]=0.20 fire[rest_max]=0.41 srcs_multi=1.12 ship0=0.02 meanshipbin=15.1 avgfleet=113.6 p90fleet=216.3 | Vμ=+0.525 Vσ=1.789 Rμ=+0.520 Rσ=1.920 Aσ=0.645 rewμ=+0.0078 rewσ=0.1246 rewNZ=0.370 featσ[p/f/g/pw]=0.442/0.293/0.443/0.391
iter   110 | steps   3,604,480 | SPS     637 | r_p0 +0.161 r_p1 +0.329 | clip_frac 0.073(fire:0.006) | KL 0.0134 | H_fire 0.207 H_ang 0.00 H_ship 3.41 | V_loss 0.4542 | LR 0.000100 | early_stop=0 | fire[0]=0.19 fire[rest_max]=0.39 srcs_multi=0.92 ship0=0.02 meanshipbin=17.7 avgfleet=108.3 p90fleet=215.1 | Vμ=+0.586 Vσ=1.828 Rμ=+0.606 Rσ=1.987 Aσ=0.688 rewμ=+0.0090 rewσ=0.1300 rewNZ=0.382 featσ[p/f/g/pw]=0.440/0.285/0.445/0.393
iter   111 | steps   3,637,248 | SPS     637 | r_p0 +0.186 r_p1 +0.305 | clip_frac 0.074(fire:0.006) | KL 0.0137 | H_fire 0.218 H_ang 0.00 H_ship 3.41 | V_loss 0.4342 | LR 0.000100 | early_stop=0 | fire[0]=0.19 fire[rest_max]=0.38 srcs_multi=0.86 ship0=0.03 meanshipbin=16.8 avgfleet=113.2 p90fleet=217.0 | Vμ=+0.715 Vσ=1.908 Rμ=+0.658 Rσ=1.999 Aσ=0.675 rewμ=+0.0095 rewσ=0.1291 rewNZ=0.397 featσ[p/f/g/pw]=0.441/0.280/0.447/0.405
iter   112 | steps   3,670,016 | SPS     637 | r_p0 +0.047 r_p1 +0.447 | clip_frac 0.074(fire:0.003) | KL 0.0059 | H_fire 0.160 H_ang 0.00 H_ship 3.42 | V_loss 0.3531 | LR 0.000100 | early_stop=0 | fire[0]=0.15 fire[rest_max]=0.39 srcs_multi=0.57 ship0=0.05 meanshipbin=15.1 avgfleet=116.6 p90fleet=234.4 | Vμ=+0.337 Vσ=1.833 Rμ=+0.337 Rσ=1.944 Aσ=0.612 rewμ=+0.0069 rewσ=0.1251 rewNZ=0.309 featσ[p/f/g/pw]=0.444/0.289/0.433/0.383
  saved checkpoints/torch_step_3670016_rev38_20260605_181635.pt
  saved checkpoints/pool_step_3670016_rev38_20260605_181635.pt (7 members)
  pool snapshot @ step 3,670,016
  pool size=8  alpha=2.0
    self                 self_step_3145728              wr=0.36 (n=153)  pfsp_w=0.410
    self                 self_step_0                    wr=0.48 (n=2867)  pfsp_w=0.270
    self                 self_step_524288               wr=0.48 (n=2444)  pfsp_w=0.269
    self                 self_step_3670016              wr=0.50 (n=0)  pfsp_w=0.250
    self                 self_step_2621440              wr=0.51 (n=226)  pfsp_w=0.241
    self                 self_step_2097152              wr=0.51 (n=571)  pfsp_w=0.239
    self                 self_step_1572864              wr=0.51 (n=1036)  pfsp_w=0.239
    self                 self_step_1048576              wr=0.60 (n=556)  pfsp_w=0.159
iter   113 | steps   3,702,784 | SPS     637 | r_p0 -0.013 r_p1 +0.502 | clip_frac 0.074(fire:0.003) | KL 0.0062 | H_fire 0.184 H_ang 0.00 H_ship 3.43 | V_loss 0.3626 | LR 0.000100 | early_stop=0 | fire[0]=0.17 fire[rest_max]=0.38 srcs_multi=0.52 ship0=0.04 meanshipbin=16.8 avgfleet=125.3 p90fleet=245.3 | Vμ=+0.281 Vσ=1.802 Rμ=+0.320 Rσ=1.887 Aσ=0.617 rewμ=+0.0066 rewσ=0.1193 rewNZ=0.336 featσ[p/f/g/pw]=0.446/0.292/0.443/0.395
iter   114 | steps   3,735,552 | SPS     637 | r_p0 +0.176 r_p1 +0.312 | clip_frac 0.074(fire:0.003) | KL 0.0071 | H_fire 0.173 H_ang 0.00 H_ship 3.42 | V_loss 0.3585 | LR 0.000100 | early_stop=0 | fire[0]=0.16 fire[rest_max]=0.38 srcs_multi=0.61 ship0=0.03 meanshipbin=20.3 avgfleet=117.6 p90fleet=229.8 | Vμ=+0.363 Vσ=1.774 Rμ=+0.395 Rσ=1.886 Aσ=0.609 rewμ=+0.0082 rewσ=0.1241 rewNZ=0.336 featσ[p/f/g/pw]=0.443/0.278/0.438/0.388
iter   115 | steps   3,768,320 | SPS     637 | r_p0 +0.260 r_p1 +0.227 | clip_frac 0.074(fire:0.004) | KL 0.0075 | H_fire 0.191 H_ang 0.00 H_ship 3.42 | V_loss 0.4401 | LR 0.000100 | early_stop=0 | fire[0]=0.18 fire[rest_max]=0.36 srcs_multi=0.48 ship0=0.07 meanshipbin=20.4 avgfleet=109.7 p90fleet=210.8 | Vμ=+0.511 Vσ=1.825 Rμ=+0.496 Rσ=1.952 Aσ=0.683 rewμ=+0.0083 rewσ=0.1283 rewNZ=0.357 featσ[p/f/g/pw]=0.444/0.288/0.439/0.392
iter   116 | steps   3,801,088 | SPS     637 | r_p0 +0.223 r_p1 +0.266 | clip_frac 0.075(fire:0.003) | KL 0.0097 | H_fire 0.178 H_ang 0.00 H_ship 3.42 | V_loss 0.3756 | LR 0.000100 | early_stop=0 | fire[0]=0.16 fire[rest_max]=0.39 srcs_multi=0.66 ship0=0.03 meanshipbin=19.8 avgfleet=117.8 p90fleet=228.0 | Vμ=+0.420 Vσ=1.780 Rμ=+0.512 Rσ=1.876 Aσ=0.630 rewμ=+0.0088 rewσ=0.1195 rewNZ=0.325 featσ[p/f/g/pw]=0.439/0.263/0.438/0.386
iter   117 | steps   3,833,856 | SPS     637 | r_p0 +0.251 r_p1 +0.242 | clip_frac 0.076(fire:0.003) | KL 0.0096 | H_fire 0.199 H_ang 0.00 H_ship 3.43 | V_loss 0.3452 | LR 0.000100 | early_stop=0 | fire[0]=0.18 fire[rest_max]=0.40 srcs_multi=0.80 ship0=0.05 meanshipbin=17.3 avgfleet=117.6 p90fleet=235.5 | Vμ=+0.311 Vσ=1.803 Rμ=+0.288 Rσ=1.939 Aσ=0.607 rewμ=+0.0060 rewσ=0.1256 rewNZ=0.370 featσ[p/f/g/pw]=0.443/0.300/0.440/0.397
iter   118 | steps   3,866,624 | SPS     637 | r_p0 +0.143 r_p1 +0.345 | clip_frac 0.078(fire:0.003) | KL 0.0108 | H_fire 0.189 H_ang 0.00 H_ship 3.43 | V_loss 0.4506 | LR 0.000100 | early_stop=0 | fire[0]=0.19 fire[rest_max]=0.42 srcs_multi=1.06 ship0=0.03 meanshipbin=18.0 avgfleet=119.3 p90fleet=233.7 | Vμ=+0.262 Vσ=1.793 Rμ=+0.331 Rσ=1.925 Aσ=0.685 rewμ=+0.0062 rewσ=0.1257 rewNZ=0.358 featσ[p/f/g/pw]=0.443/0.291/0.442/0.388
iter   119 | steps   3,899,392 | SPS     637 | r_p0 +0.028 r_p1 +0.458 | clip_frac 0.079(fire:0.004) | KL 0.0137 | H_fire 0.183 H_ang 0.00 H_ship 3.42 | V_loss 0.4481 | LR 0.000100 | early_stop=0 | fire[0]=0.18 fire[rest_max]=0.45 srcs_multi=1.17 ship0=0.03 meanshipbin=20.1 avgfleet=114.7 p90fleet=223.9 | Vμ=+0.328 Vσ=1.838 Rμ=+0.385 Rσ=1.962 Aσ=0.689 rewμ=+0.0082 rewσ=0.1248 rewNZ=0.343 featσ[p/f/g/pw]=0.443/0.281/0.437/0.388
iter   120 | steps   3,932,160 | SPS     637 | r_p0 +0.255 r_p1 +0.234 | clip_frac 0.082(fire:0.003) | KL 0.0108 | H_fire 0.217 H_ang 0.00 H_ship 3.43 | V_loss 0.5487 | LR 0.000100 | early_stop=0 | fire[0]=0.21 fire[rest_max]=0.47 srcs_multi=1.73 ship0=0.03 meanshipbin=20.7 avgfleet=119.1 p90fleet=231.9 | Vμ=+0.306 Vσ=1.738 Rμ=+0.394 Rσ=1.847 Aσ=0.756 rewμ=+0.0079 rewσ=0.1238 rewNZ=0.390 featσ[p/f/g/pw]=0.446/0.306/0.443/0.401
iter   121 | steps   3,964,928 | SPS     637 | r_p0 +0.259 r_p1 +0.233 | clip_frac 0.083(fire:0.004) | KL 0.0138 | H_fire 0.205 H_ang 0.00 H_ship 3.42 | V_loss 0.4502 | LR 0.000100 | early_stop=0 | fire[0]=0.21 fire[rest_max]=0.49 srcs_multi=2.31 ship0=0.03 meanshipbin=17.6 avgfleet=122.5 p90fleet=241.1 | Vμ=+0.374 Vσ=1.776 Rμ=+0.396 Rσ=1.889 Aσ=0.686 rewμ=+0.0077 rewσ=0.1270 rewNZ=0.376 featσ[p/f/g/pw]=0.445/0.291/0.445/0.403
iter   122 | steps   3,997,696 | SPS     637 | r_p0 +0.217 r_p1 +0.273 | clip_frac 0.085(fire:0.004) | KL 0.0130 | H_fire 0.206 H_ang 0.00 H_ship 3.43 | V_loss 0.4044 | LR 0.000100 | early_stop=0 | fire[0]=0.20 fire[rest_max]=0.47 srcs_multi=2.14 ship0=0.02 meanshipbin=15.9 avgfleet=122.3 p90fleet=233.8 | Vμ=+0.468 Vσ=1.842 Rμ=+0.469 Rσ=1.924 Aσ=0.659 rewμ=+0.0080 rewσ=0.1251 rewNZ=0.367 featσ[p/f/g/pw]=0.448/0.306/0.439/0.402
iter   123 | steps   4,030,464 | SPS     637 | r_p0 +0.203 r_p1 +0.287 | clip_frac 0.088(fire:0.004) | KL 0.0117 | H_fire 0.212 H_ang 0.00 H_ship 3.43 | V_loss 0.3435 | LR 0.000100 | early_stop=0 | fire[0]=0.23 fire[rest_max]=0.52 srcs_multi=3.09 ship0=0.01 meanshipbin=16.4 avgfleet=124.5 p90fleet=243.2 | Vμ=+0.439 Vσ=1.697 Rμ=+0.445 Rσ=1.793 Aσ=0.605 rewμ=+0.0076 rewσ=0.1255 rewNZ=0.379 featσ[p/f/g/pw]=0.445/0.311/0.446/0.399
iter   124 | steps   4,063,232 | SPS     637 | r_p0 +0.131 r_p1 +0.357 | clip_frac 0.090(fire:0.005) | KL 0.0109 | H_fire 0.177 H_ang 0.00 H_ship 3.42 | V_loss 0.5081 | LR 0.000100 | early_stop=0 | fire[0]=0.20 fire[rest_max]=0.52 srcs_multi=2.94 ship0=0.01 meanshipbin=17.1 avgfleet=112.5 p90fleet=220.8 | Vμ=+0.341 Vσ=1.800 Rμ=+0.254 Rσ=1.927 Aσ=0.740 rewμ=+0.0060 rewσ=0.1288 rewNZ=0.350 featσ[p/f/g/pw]=0.442/0.312/0.431/0.388
iter   125 | steps   4,096,000 | SPS     637 | r_p0 +0.043 r_p1 +0.440 | clip_frac 0.093(fire:0.004) | KL 0.0108 | H_fire 0.224 H_ang 0.00 H_ship 3.43 | V_loss 0.4123 | LR 0.000100 | early_stop=0 | fire[0]=0.24 fire[rest_max]=0.52 srcs_multi=3.52 ship0=0.01 meanshipbin=20.4 avgfleet=112.0 p90fleet=214.9 | Vμ=+0.467 Vσ=1.712 Rμ=+0.448 Rσ=1.784 Aσ=0.670 rewμ=+0.0077 rewσ=0.1297 rewNZ=0.410 featσ[p/f/g/pw]=0.442/0.330/0.441/0.403
iter   126 | steps   4,128,768 | SPS     637 | r_p0 +0.058 r_p1 +0.428 | clip_frac 0.095(fire:0.004) | KL 0.0117 | H_fire 0.194 H_ang 0.00 H_ship 3.42 | V_loss 0.4476 | LR 0.000100 | early_stop=0 | fire[0]=0.21 fire[rest_max]=0.53 srcs_multi=2.81 ship0=0.01 meanshipbin=18.5 avgfleet=116.4 p90fleet=230.3 | Vμ=+0.377 Vσ=1.736 Rμ=+0.331 Rσ=1.862 Aσ=0.690 rewμ=+0.0070 rewσ=0.1268 rewNZ=0.374 featσ[p/f/g/pw]=0.445/0.315/0.436/0.400
iter   127 | steps   4,161,536 | SPS     637 | r_p0 +0.356 r_p1 +0.129 | clip_frac 0.099(fire:0.004) | KL 0.0118 | H_fire 0.222 H_ang 0.00 H_ship 3.42 | V_loss 0.3749 | LR 0.000100 | early_stop=0 | fire[0]=0.25 fire[rest_max]=0.55 srcs_multi=3.65 ship0=0.01 meanshipbin=18.3 avgfleet=114.4 p90fleet=225.6 | Vμ=+0.368 Vσ=1.763 Rμ=+0.319 Rσ=1.843 Aσ=0.638 rewμ=+0.0052 rewσ=0.1310 rewNZ=0.420 featσ[p/f/g/pw]=0.448/0.334/0.439/0.406
iter   128 | steps   4,194,304 | SPS     637 | r_p0 +0.344 r_p1 +0.137 | clip_frac 0.101(fire:0.005) | KL 0.0120 | H_fire 0.182 H_ang 0.00 H_ship 3.43 | V_loss 0.4712 | LR 0.000100 | early_stop=0 | fire[0]=0.19 fire[rest_max]=0.53 srcs_multi=2.69 ship0=0.01 meanshipbin=18.5 avgfleet=119.2 p90fleet=238.3 | Vμ=+0.336 Vσ=1.768 Rμ=+0.368 Rσ=1.885 Aσ=0.713 rewμ=+0.0069 rewσ=0.1245 rewNZ=0.342 featσ[p/f/g/pw]=0.449/0.320/0.438/0.396
  saved checkpoints/torch_step_4194304_rev38_20260605_181635.pt
  saved checkpoints/pool_step_4194304_rev38_20260605_181635.pt (8 members)
  pool snapshot @ step 4,194,304
  pool size=9  alpha=2.0
    self                 self_step_3145728              wr=0.40 (n=297)  pfsp_w=0.355
    self                 self_step_3670016              wr=0.46 (n=54)  pfsp_w=0.288
    self                 self_step_524288               wr=0.48 (n=2572)  pfsp_w=0.271
    self                 self_step_0                    wr=0.48 (n=3009)  pfsp_w=0.267
    self                 self_step_2097152              wr=0.49 (n=709)  pfsp_w=0.258
    self                 self_step_4194304              wr=0.50 (n=0)  pfsp_w=0.250
    self                 self_step_2621440              wr=0.50 (n=651)  pfsp_w=0.249
    self                 self_step_1572864              wr=0.52 (n=1112)  pfsp_w=0.235
iter   129 | steps   4,227,072 | SPS     637 | r_p0 +0.132 r_p1 +0.349 | clip_frac 0.103(fire:0.003) | KL 0.0079 | H_fire 0.201 H_ang 0.00 H_ship 3.42 | V_loss 0.4502 | LR 0.000100 | early_stop=0 | fire[0]=0.23 fire[rest_max]=0.52 srcs_multi=3.00 ship0=0.01 meanshipbin=19.6 avgfleet=111.6 p90fleet=226.8 | Vμ=+0.309 Vσ=1.780 Rμ=+0.219 Rσ=1.910 Aσ=0.695 rewμ=+0.0060 rewσ=0.1344 rewNZ=0.395 featσ[p/f/g/pw]=0.446/0.333/0.441/0.396
iter   130 | steps   4,259,840 | SPS     637 | r_p0 +0.130 r_p1 +0.358 | clip_frac 0.106(fire:0.006) | KL 0.0137 | H_fire 0.181 H_ang 0.00 H_ship 3.42 | V_loss 0.4487 | LR 0.000100 | early_stop=0 | fire[0]=0.22 fire[rest_max]=0.53 srcs_multi=2.93 ship0=0.02 meanshipbin=20.2 avgfleet=111.2 p90fleet=233.8 | Vμ=+0.179 Vσ=1.806 Rμ=+0.111 Rσ=1.938 Aσ=0.682 rewμ=+0.0051 rewσ=0.1363 rewNZ=0.367 featσ[p/f/g/pw]=0.442/0.319/0.437/0.384
iter   131 | steps   4,292,608 | SPS     637 | r_p0 +0.106 r_p1 +0.385 | clip_frac 0.108(fire:0.005) | KL 0.0099 | H_fire 0.187 H_ang 0.00 H_ship 3.42 | V_loss 0.5183 | LR 0.000100 | early_stop=0 | fire[0]=0.22 fire[rest_max]=0.53 srcs_multi=2.81 ship0=0.02 meanshipbin=21.2 avgfleet=115.7 p90fleet=222.6 | Vμ=+0.211 Vσ=1.833 Rμ=+0.262 Rσ=1.946 Aσ=0.730 rewμ=+0.0070 rewσ=0.1330 rewNZ=0.367 featσ[p/f/g/pw]=0.444/0.313/0.435/0.388
iter   132 | steps   4,325,376 | SPS     637 | r_p0 +0.096 r_p1 +0.396 | clip_frac 0.111(fire:0.004) | KL 0.0114 | H_fire 0.200 H_ang 0.00 H_ship 3.42 | V_loss 0.5256 | LR 0.000100 | early_stop=0 | fire[0]=0.25 fire[rest_max]=0.53 srcs_multi=3.37 ship0=0.03 meanshipbin=21.8 avgfleet=107.7 p90fleet=219.6 | Vμ=+0.163 Vσ=1.814 Rμ=+0.158 Rσ=1.957 Aσ=0.756 rewμ=+0.0051 rewσ=0.1333 rewNZ=0.400 featσ[p/f/g/pw]=0.448/0.339/0.434/0.393
iter   133 | steps   4,358,144 | SPS     637 | r_p0 +0.122 r_p1 +0.371 | clip_frac 0.114(fire:0.004) | KL 0.0089 | H_fire 0.217 H_ang 0.00 H_ship 3.42 | V_loss 0.4683 | LR 0.000100 | early_stop=0 | fire[0]=0.24 fire[rest_max]=0.52 srcs_multi=3.39 ship0=0.01 meanshipbin=22.8 avgfleet=102.0 p90fleet=218.6 | Vμ=+0.465 Vσ=1.807 Rμ=+0.478 Rσ=1.961 Aσ=0.705 rewμ=+0.0091 rewσ=0.1369 rewNZ=0.422 featσ[p/f/g/pw]=0.446/0.330/0.441/0.397
iter   134 | steps   4,390,912 | SPS     637 | r_p0 +0.171 r_p1 +0.322 | clip_frac 0.116(fire:0.004) | KL 0.0115 | H_fire 0.210 H_ang 0.00 H_ship 3.42 | V_loss 0.4810 | LR 0.000100 | early_stop=0 | fire[0]=0.24 fire[rest_max]=0.52 srcs_multi=3.43 ship0=0.01 meanshipbin=20.1 avgfleet=107.4 p90fleet=215.7 | Vμ=+0.401 Vσ=1.711 Rμ=+0.405 Rσ=1.851 Aσ=0.714 rewμ=+0.0087 rewσ=0.1345 rewNZ=0.402 featσ[p/f/g/pw]=0.445/0.312/0.445/0.397
iter   135 | steps   4,423,680 | SPS     637 | r_p0 +0.170 r_p1 +0.324 | clip_frac 0.119(fire:0.005) | KL 0.0128 | H_fire 0.208 H_ang 0.00 H_ship 3.42 | V_loss 0.4922 | LR 0.000100 | early_stop=0 | fire[0]=0.24 fire[rest_max]=0.53 srcs_multi=3.30 ship0=0.02 meanshipbin=23.5 avgfleet=101.8 p90fleet=207.7 | Vμ=+0.156 Vσ=1.850 Rμ=+0.146 Rσ=2.000 Aσ=0.730 rewμ=+0.0066 rewσ=0.1370 rewNZ=0.422 featσ[p/f/g/pw]=0.444/0.325/0.434/0.396
iter   136 | steps   4,456,448 | SPS     637 | r_p0 +0.146 r_p1 +0.348 | clip_frac 0.121(fire:0.005) | KL 0.0107 | H_fire 0.206 H_ang 0.00 H_ship 3.42 | V_loss 0.3790 | LR 0.000100 | early_stop=0 | fire[0]=0.23 fire[rest_max]=0.49 srcs_multi=2.59 ship0=0.02 meanshipbin=23.3 avgfleet=107.2 p90fleet=206.9 | Vμ=+0.190 Vσ=1.782 Rμ=+0.197 Rσ=1.866 Aσ=0.639 rewμ=+0.0069 rewσ=0.1301 rewNZ=0.398 featσ[p/f/g/pw]=0.445/0.332/0.441/0.390
iter   137 | steps   4,489,216 | SPS     637 | r_p0 +0.162 r_p1 +0.330 | clip_frac 0.124(fire:0.004) | KL 0.0112 | H_fire 0.189 H_ang 0.00 H_ship 3.42 | V_loss 0.4943 | LR 0.000100 | early_stop=0 | fire[0]=0.22 fire[rest_max]=0.48 srcs_multi=2.28 ship0=0.04 meanshipbin=23.6 avgfleet=106.8 p90fleet=219.0 | Vμ=+0.386 Vσ=1.748 Rμ=+0.382 Rσ=1.903 Aσ=0.729 rewμ=+0.0087 rewσ=0.1341 rewNZ=0.374 featσ[p/f/g/pw]=0.441/0.301/0.439/0.382
iter   138 | steps   4,521,984 | SPS     638 | r_p0 +0.234 r_p1 +0.255 | clip_frac 0.125(fire:0.005) | KL 0.0113 | H_fire 0.186 H_ang 0.00 H_ship 3.42 | V_loss 0.5119 | LR 0.000100 | early_stop=0 | fire[0]=0.20 fire[rest_max]=0.48 srcs_multi=2.05 ship0=0.02 meanshipbin=24.3 avgfleet=99.0 p90fleet=203.9 | Vμ=+0.278 Vσ=1.820 Rμ=+0.312 Rσ=1.987 Aσ=0.740 rewμ=+0.0085 rewσ=0.1399 rewNZ=0.388 featσ[p/f/g/pw]=0.442/0.328/0.434/0.389
iter   139 | steps   4,554,752 | SPS     638 | r_p0 +0.218 r_p1 +0.282 | clip_frac 0.127(fire:0.005) | KL 0.0108 | H_fire 0.180 H_ang 0.00 H_ship 3.42 | V_loss 0.3722 | LR 0.000100 | early_stop=0 | fire[0]=0.22 fire[rest_max]=0.48 srcs_multi=2.25 ship0=0.03 meanshipbin=23.3 avgfleet=96.4 p90fleet=198.3 | Vμ=+0.251 Vσ=1.758 Rμ=+0.275 Rσ=1.870 Aσ=0.634 rewμ=+0.0063 rewσ=0.1398 rewNZ=0.382 featσ[p/f/g/pw]=0.442/0.335/0.435/0.384
iter   140 | steps   4,587,520 | SPS     638 | r_p0 +0.258 r_p1 +0.243 | clip_frac 0.130(fire:0.007) | KL 0.0167 | H_fire 0.184 H_ang 0.00 H_ship 3.42 | V_loss 0.5455 | LR 0.000100 | early_stop=0 | fire[0]=0.22 fire[rest_max]=0.53 srcs_multi=2.82 ship0=0.02 meanshipbin=22.1 avgfleet=104.3 p90fleet=212.8 | Vμ=+0.161 Vσ=1.691 Rμ=+0.125 Rσ=1.832 Aσ=0.755 rewμ=+0.0058 rewσ=0.1341 rewNZ=0.381 featσ[p/f/g/pw]=0.440/0.326/0.435/0.389
iter   141 | steps   4,620,288 | SPS     638 | r_p0 +0.122 r_p1 +0.367 | clip_frac 0.132(fire:0.004) | KL 0.0106 | H_fire 0.178 H_ang 0.00 H_ship 3.42 | V_loss 0.4471 | LR 0.000100 | early_stop=0 | fire[0]=0.22 fire[rest_max]=0.52 srcs_multi=2.63 ship0=0.02 meanshipbin=21.7 avgfleet=103.7 p90fleet=209.8 | Vμ=+0.127 Vσ=1.768 Rμ=+0.121 Rσ=1.904 Aσ=0.689 rewμ=+0.0055 rewσ=0.1330 rewNZ=0.378 featσ[p/f/g/pw]=0.440/0.319/0.433/0.384
iter   142 | steps   4,653,056 | SPS     638 | r_p0 +0.132 r_p1 +0.356 | clip_frac 0.134(fire:0.004) | KL 0.0089 | H_fire 0.172 H_ang 0.00 H_ship 3.42 | V_loss 0.4447 | LR 0.000100 | early_stop=0 | fire[0]=0.20 fire[rest_max]=0.47 srcs_multi=1.92 ship0=0.03 meanshipbin=21.2 avgfleet=106.1 p90fleet=210.9 | Vμ=+0.027 Vσ=1.753 Rμ=+0.008 Rσ=1.885 Aσ=0.684 rewμ=+0.0054 rewσ=0.1318 rewNZ=0.357 featσ[p/f/g/pw]=0.444/0.327/0.432/0.386
iter   143 | steps   4,685,824 | SPS     638 | r_p0 +0.125 r_p1 +0.369 | clip_frac 0.135(fire:0.004) | KL 0.0086 | H_fire 0.150 H_ang 0.00 H_ship 3.42 | V_loss 0.3393 | LR 0.000100 | early_stop=0 | fire[0]=0.17 fire[rest_max]=0.46 srcs_multi=1.49 ship0=0.02 meanshipbin=21.7 avgfleet=114.1 p90fleet=227.4 | Vμ=+0.006 Vσ=1.734 Rμ=+0.045 Rσ=1.856 Aσ=0.605 rewμ=+0.0048 rewσ=0.1290 rewNZ=0.319 featσ[p/f/g/pw]=0.443/0.301/0.430/0.374
iter   144 | steps   4,718,592 | SPS     638 | r_p0 -0.013 r_p1 +0.502 | clip_frac 0.137(fire:0.004) | KL 0.0111 | H_fire 0.197 H_ang 0.00 H_ship 3.42 | V_loss 0.4801 | LR 0.000100 | early_stop=0 | fire[0]=0.20 fire[rest_max]=0.45 srcs_multi=1.65 ship0=0.01 meanshipbin=22.8 avgfleet=115.9 p90fleet=230.7 | Vμ=+0.376 Vσ=1.739 Rμ=+0.419 Rσ=1.888 Aσ=0.711 rewμ=+0.0092 rewσ=0.1342 rewNZ=0.382 featσ[p/f/g/pw]=0.441/0.290/0.440/0.397
  saved checkpoints/torch_step_4718592_rev38_20260605_181635.pt
  saved checkpoints/pool_step_4718592_rev38_20260605_181635.pt (9 members)
  pool snapshot @ step 4,718,592
  pool size=10  alpha=2.0
    self                 self_step_3145728              wr=0.43 (n=587)  pfsp_w=0.322
    self                 self_step_524288               wr=0.48 (n=2572)  pfsp_w=0.271
    self                 self_step_0                    wr=0.48 (n=3165)  pfsp_w=0.270
    self                 self_step_2097152              wr=0.48 (n=778)  pfsp_w=0.266
    self                 self_step_4194304              wr=0.49 (n=212)  pfsp_w=0.264
    self                 self_step_4718592              wr=0.50 (n=0)  pfsp_w=0.250
    self                 self_step_2621440              wr=0.50 (n=716)  pfsp_w=0.247
    self                 self_step_1572864              wr=0.52 (n=1112)  pfsp_w=0.235
iter   145 | steps   4,751,360 | SPS     638 | r_p0 +0.045 r_p1 +0.441 | clip_frac 0.139(fire:0.003) | KL 0.0080 | H_fire 0.193 H_ang 0.00 H_ship 3.42 | V_loss 0.4642 | LR 0.000100 | early_stop=0 | fire[0]=0.20 fire[rest_max]=0.43 srcs_multi=1.65 ship0=0.02 meanshipbin=21.9 avgfleet=110.0 p90fleet=227.8 | Vμ=+0.304 Vσ=1.812 Rμ=+0.361 Rσ=1.942 Aσ=0.703 rewμ=+0.0078 rewσ=0.1319 rewNZ=0.385 featσ[p/f/g/pw]=0.443/0.298/0.436/0.397
iter   146 | steps   4,784,128 | SPS     638 | r_p0 +0.181 r_p1 +0.309 | clip_frac 0.140(fire:0.005) | KL 0.0096 | H_fire 0.168 H_ang 0.00 H_ship 3.42 | V_loss 0.5077 | LR 0.000100 | early_stop=0 | fire[0]=0.18 fire[rest_max]=0.43 srcs_multi=1.30 ship0=0.02 meanshipbin=21.8 avgfleet=103.9 p90fleet=210.8 | Vμ=+0.295 Vσ=1.825 Rμ=+0.312 Rσ=1.962 Aσ=0.728 rewμ=+0.0075 rewσ=0.1358 rewNZ=0.349 featσ[p/f/g/pw]=0.446/0.306/0.432/0.380
iter   147 | steps   4,816,896 | SPS     638 | r_p0 +0.132 r_p1 +0.359 | clip_frac 0.142(fire:0.004) | KL 0.0102 | H_fire 0.188 H_ang 0.00 H_ship 3.41 | V_loss 0.3807 | LR 0.000100 | early_stop=0 | fire[0]=0.18 fire[rest_max]=0.41 srcs_multi=1.10 ship0=0.02 meanshipbin=21.0 avgfleet=111.8 p90fleet=226.8 | Vμ=+0.383 Vσ=1.918 Rμ=+0.343 Rσ=2.052 Aσ=0.637 rewμ=+0.0076 rewσ=0.1345 rewNZ=0.372 featσ[p/f/g/pw]=0.448/0.298/0.439/0.403
iter   148 | steps   4,849,664 | SPS     638 | r_p0 +0.183 r_p1 +0.309 | clip_frac 0.143(fire:0.003) | KL 0.0077 | H_fire 0.182 H_ang 0.00 H_ship 3.42 | V_loss 0.4460 | LR 0.000100 | early_stop=0 | fire[0]=0.18 fire[rest_max]=0.40 srcs_multi=0.86 ship0=0.04 meanshipbin=21.1 avgfleet=107.8 p90fleet=218.1 | Vμ=+0.550 Vσ=1.876 Rμ=+0.625 Rσ=2.012 Aσ=0.683 rewμ=+0.0088 rewσ=0.1330 rewNZ=0.354 featσ[p/f/g/pw]=0.447/0.306/0.440/0.394
iter   149 | steps   4,882,432 | SPS     638 | r_p0 +0.249 r_p1 +0.245 | clip_frac 0.143(fire:0.003) | KL 0.0070 | H_fire 0.178 H_ang 0.00 H_ship 3.42 | V_loss 0.4764 | LR 0.000100 | early_stop=0 | fire[0]=0.17 fire[rest_max]=0.40 srcs_multi=1.01 ship0=0.04 meanshipbin=20.9 avgfleet=114.3 p90fleet=224.1 | Vμ=+0.421 Vσ=1.879 Rμ=+0.367 Rσ=1.976 Aσ=0.713 rewμ=+0.0082 rewσ=0.1324 rewNZ=0.343 featσ[p/f/g/pw]=0.443/0.289/0.442/0.398
iter   150 | steps   4,915,200 | SPS     638 | r_p0 +0.253 r_p1 +0.241 | clip_frac 0.143(fire:0.003) | KL 0.0072 | H_fire 0.176 H_ang 0.00 H_ship 3.42 | V_loss 0.3990 | LR 0.000100 | early_stop=0 | fire[0]=0.17 fire[rest_max]=0.40 srcs_multi=0.99 ship0=0.02 meanshipbin=22.0 avgfleet=120.3 p90fleet=234.3 | Vμ=+0.477 Vσ=1.783 Rμ=+0.516 Rσ=1.900 Aσ=0.652 rewμ=+0.0092 rewσ=0.1281 rewNZ=0.337 featσ[p/f/g/pw]=0.444/0.279/0.438/0.400
iter   151 | steps   4,947,968 | SPS     638 | r_p0 +0.157 r_p1 +0.330 | clip_frac 0.144(fire:0.003) | KL 0.0067 | H_fire 0.187 H_ang 0.00 H_ship 3.42 | V_loss 0.4417 | LR 0.000100 | early_stop=0 | fire[0]=0.17 fire[rest_max]=0.40 srcs_multi=1.09 ship0=0.02 meanshipbin=22.4 avgfleet=117.8 p90fleet=228.8 | Vμ=+0.392 Vσ=1.849 Rμ=+0.399 Rσ=1.953 Aσ=0.684 rewμ=+0.0088 rewσ=0.1286 rewNZ=0.356 featσ[p/f/g/pw]=0.442/0.288/0.438/0.402
iter   152 | steps   4,980,736 | SPS     638 | r_p0 +0.073 r_p1 +0.414 | clip_frac 0.145(fire:0.003) | KL 0.0085 | H_fire 0.175 H_ang 0.00 H_ship 3.42 | V_loss 0.3844 | LR 0.000100 | early_stop=0 | fire[0]=0.18 fire[rest_max]=0.44 srcs_multi=1.32 ship0=0.01 meanshipbin=20.5 avgfleet=126.7 p90fleet=235.4 | Vμ=+0.257 Vσ=1.833 Rμ=+0.272 Rσ=1.915 Aσ=0.645 rewμ=+0.0062 rewσ=0.1231 rewNZ=0.337 featσ[p/f/g/pw]=0.442/0.287/0.438/0.393
iter   153 | steps   5,013,504 | SPS     638 | r_p0 +0.248 r_p1 +0.240 | clip_frac 0.146(fire:0.003) | KL 0.0100 | H_fire 0.193 H_ang 0.00 H_ship 3.42 | V_loss 0.4295 | LR 0.000100 | early_stop=0 | fire[0]=0.20 fire[rest_max]=0.45 srcs_multi=2.00 ship0=0.01 meanshipbin=20.9 avgfleet=127.6 p90fleet=256.0 | Vμ=+0.307 Vσ=1.807 Rμ=+0.359 Rσ=1.887 Aσ=0.676 rewμ=+0.0088 rewσ=0.1263 rewNZ=0.360 featσ[p/f/g/pw]=0.442/0.282/0.443/0.401
iter   154 | steps   5,046,272 | SPS     638 | r_p0 +0.355 r_p1 +0.134 | clip_frac 0.146(fire:0.004) | KL 0.0108 | H_fire 0.172 H_ang 0.00 H_ship 3.42 | V_loss 0.3680 | LR 0.000100 | early_stop=0 | fire[0]=0.19 fire[rest_max]=0.45 srcs_multi=1.66 ship0=0.02 meanshipbin=20.3 avgfleet=115.6 p90fleet=229.5 | Vμ=+0.168 Vσ=1.803 Rμ=+0.151 Rσ=1.923 Aσ=0.629 rewμ=+0.0055 rewσ=0.1291 rewNZ=0.343 featσ[p/f/g/pw]=0.445/0.297/0.435/0.393
iter   155 | steps   5,079,040 | SPS     638 | r_p0 +0.184 r_p1 +0.309 | clip_frac 0.148(fire:0.004) | KL 0.0146 | H_fire 0.202 H_ang 0.00 H_ship 3.42 | V_loss 0.4888 | LR 0.000100 | early_stop=0 | fire[0]=0.21 fire[rest_max]=0.45 srcs_multi=2.01 ship0=0.01 meanshipbin=19.9 avgfleet=115.3 p90fleet=230.3 | Vμ=+0.564 Vσ=1.783 Rμ=+0.609 Rσ=1.932 Aσ=0.718 rewμ=+0.0104 rewσ=0.1332 rewNZ=0.379 featσ[p/f/g/pw]=0.444/0.289/0.445/0.402
iter   156 | steps   5,111,808 | SPS     638 | r_p0 -0.029 r_p1 +0.518 | clip_frac 0.149(fire:0.005) | KL 0.0144 | H_fire 0.153 H_ang 0.00 H_ship 3.42 | V_loss 0.4311 | LR 0.000100 | early_stop=0 | fire[0]=0.17 fire[rest_max]=0.45 srcs_multi=1.72 ship0=0.01 meanshipbin=20.0 avgfleet=115.2 p90fleet=226.3 | Vμ=+0.276 Vσ=1.955 Rμ=+0.320 Rσ=2.039 Aσ=0.674 rewμ=+0.0064 rewσ=0.1287 rewNZ=0.316 featσ[p/f/g/pw]=0.445/0.291/0.433/0.384
iter   157 | steps   5,144,576 | SPS     638 | r_p0 +0.047 r_p1 +0.440 | clip_frac 0.150(fire:0.004) | KL 0.0125 | H_fire 0.161 H_ang 0.00 H_ship 3.42 | V_loss 0.4369 | LR 0.000100 | early_stop=0 | fire[0]=0.17 fire[rest_max]=0.45 srcs_multi=1.76 ship0=0.01 meanshipbin=19.4 avgfleet=120.1 p90fleet=233.1 | Vμ=+0.380 Vσ=1.828 Rμ=+0.409 Rσ=1.911 Aσ=0.685 rewμ=+0.0077 rewσ=0.1256 rewNZ=0.316 featσ[p/f/g/pw]=0.442/0.278/0.438/0.390
iter   158 | steps   5,177,344 | SPS     638 | r_p0 +0.191 r_p1 +0.299 | clip_frac 0.151(fire:0.003) | KL 0.0095 | H_fire 0.169 H_ang 0.00 H_ship 3.42 | V_loss 0.4617 | LR 0.000100 | early_stop=0 | fire[0]=0.18 fire[rest_max]=0.48 srcs_multi=2.35 ship0=0.00 meanshipbin=19.6 avgfleet=126.0 p90fleet=242.9 | Vμ=+0.366 Vσ=1.780 Rμ=+0.421 Rσ=1.888 Aσ=0.701 rewμ=+0.0078 rewσ=0.1238 rewNZ=0.328 featσ[p/f/g/pw]=0.444/0.290/0.440/0.401
iter   159 | steps   5,210,112 | SPS     638 | r_p0 +0.332 r_p1 +0.158 | clip_frac 0.152(fire:0.003) | KL 0.0096 | H_fire 0.194 H_ang 0.00 H_ship 3.43 | V_loss 0.3748 | LR 0.000100 | early_stop=0 | fire[0]=0.21 fire[rest_max]=0.51 srcs_multi=3.37 ship0=0.01 meanshipbin=19.6 avgfleet=118.0 p90fleet=243.0 | Vμ=+0.398 Vσ=1.745 Rμ=+0.406 Rσ=1.870 Aσ=0.634 rewμ=+0.0066 rewσ=0.1293 rewNZ=0.371 featσ[p/f/g/pw]=0.444/0.329/0.445/0.398
iter   160 | steps   5,242,880 | SPS     638 | r_p0 +0.371 r_p1 +0.116 | clip_frac 0.153(fire:0.005) | KL 0.0119 | H_fire 0.164 H_ang 0.00 H_ship 3.41 | V_loss 0.4775 | LR 0.000100 | early_stop=0 | fire[0]=0.19 fire[rest_max]=0.48 srcs_multi=2.42 ship0=0.01 meanshipbin=19.8 avgfleet=108.8 p90fleet=224.9 | Vμ=+0.488 Vσ=1.765 Rμ=+0.513 Rσ=1.876 Aσ=0.709 rewμ=+0.0101 rewσ=0.1323 rewNZ=0.334 featσ[p/f/g/pw]=0.442/0.288/0.438/0.386
  saved checkpoints/torch_step_5242880_rev38_20260605_181635.pt
  saved checkpoints/pool_step_5242880_rev38_20260605_181635.pt (10 members)
  pool snapshot @ step 5,242,880
  pool size=11  alpha=2.0
    self                 self_step_3145728              wr=0.44 (n=816)  pfsp_w=0.318
    self                 self_step_524288               wr=0.48 (n=2634)  pfsp_w=0.268
    self                 self_step_4194304              wr=0.48 (n=293)  pfsp_w=0.266
    self                 self_step_2097152              wr=0.49 (n=841)  pfsp_w=0.265
    self                 self_step_0                    wr=0.49 (n=3365)  pfsp_w=0.265
    self                 self_step_5242880              wr=0.50 (n=0)  pfsp_w=0.250
    self                 self_step_1572864              wr=0.51 (n=1175)  pfsp_w=0.238
    self                 self_step_4718592              wr=0.51 (n=152)  pfsp_w=0.237
iter   161 | steps   5,275,648 | SPS     638 | r_p0 +0.444 r_p1 +0.042 | clip_frac 0.154(fire:0.006) | KL 0.0156 | H_fire 0.175 H_ang 0.00 H_ship 3.42 | V_loss 0.3846 | LR 0.000100 | early_stop=0 | fire[0]=0.19 fire[rest_max]=0.49 srcs_multi=2.82 ship0=0.00 meanshipbin=20.3 avgfleet=120.9 p90fleet=232.2 | Vμ=+0.339 Vσ=1.821 Rμ=+0.370 Rσ=1.932 Aσ=0.637 rewμ=+0.0063 rewσ=0.1230 rewNZ=0.339 featσ[p/f/g/pw]=0.444/0.292/0.436/0.399
iter   162 | steps   5,308,416 | SPS     638 | r_p0 +0.381 r_p1 +0.109 | clip_frac 0.155(fire:0.005) | KL 0.0107 | H_fire 0.164 H_ang 0.00 H_ship 3.42 | V_loss 0.4121 | LR 0.000100 | early_stop=0 | fire[0]=0.19 fire[rest_max]=0.47 srcs_multi=2.12 ship0=0.01 meanshipbin=18.7 avgfleet=118.0 p90fleet=251.9 | Vμ=+0.182 Vσ=1.757 Rμ=+0.166 Rσ=1.866 Aσ=0.655 rewμ=+0.0055 rewσ=0.1293 rewNZ=0.327 featσ[p/f/g/pw]=0.449/0.318/0.436/0.387
iter   163 | steps   5,341,184 | SPS     638 | r_p0 +0.008 r_p1 +0.479 | clip_frac 0.156(fire:0.005) | KL 0.0137 | H_fire 0.148 H_ang 0.00 H_ship 3.42 | V_loss 0.4454 | LR 0.000100 | early_stop=0 | fire[0]=0.17 fire[rest_max]=0.46 srcs_multi=1.99 ship0=0.01 meanshipbin=18.9 avgfleet=111.9 p90fleet=252.2 | Vμ=+0.314 Vσ=1.854 Rμ=+0.292 Rσ=1.940 Aσ=0.685 rewμ=+0.0058 rewσ=0.1308 rewNZ=0.307 featσ[p/f/g/pw]=0.445/0.285/0.436/0.389
iter   164 | steps   5,373,952 | SPS     638 | r_p0 +0.094 r_p1 +0.389 | clip_frac 0.158(fire:0.006) | KL 0.0123 | H_fire 0.150 H_ang 0.00 H_ship 3.42 | V_loss 0.4168 | LR 0.000100 | early_stop=0 | fire[0]=0.16 fire[rest_max]=0.47 srcs_multi=1.90 ship0=0.01 meanshipbin=18.7 avgfleet=113.6 p90fleet=225.8 | Vμ=+0.271 Vσ=1.854 Rμ=+0.303 Rσ=1.974 Aσ=0.661 rewμ=+0.0062 rewσ=0.1272 rewNZ=0.307 featσ[p/f/g/pw]=0.445/0.297/0.433/0.385
iter   165 | steps   5,406,720 | SPS     638 | r_p0 +0.203 r_p1 +0.279 | clip_frac 0.158(fire:0.004) | KL 0.0090 | H_fire 0.163 H_ang 0.00 H_ship 3.42 | V_loss 0.4415 | LR 0.000100 | early_stop=0 | fire[0]=0.18 fire[rest_max]=0.46 srcs_multi=1.59 ship0=0.01 meanshipbin=18.6 avgfleet=115.8 p90fleet=239.3 | Vμ=+0.474 Vσ=1.803 Rμ=+0.443 Rσ=1.883 Aσ=0.685 rewμ=+0.0073 rewσ=0.1296 rewNZ=0.324 featσ[p/f/g/pw]=0.446/0.307/0.439/0.389
iter   166 | steps   5,439,488 | SPS     638 | r_p0 +0.244 r_p1 +0.249 | clip_frac 0.159(fire:0.006) | KL 0.0131 | H_fire 0.145 H_ang 0.00 H_ship 3.42 | V_loss 0.3880 | LR 0.000100 | early_stop=0 | fire[0]=0.16 fire[rest_max]=0.42 srcs_multi=1.23 ship0=0.01 meanshipbin=19.5 avgfleet=122.9 p90fleet=252.5 | Vμ=+0.317 Vσ=1.765 Rμ=+0.311 Rσ=1.799 Aσ=0.643 rewμ=+0.0066 rewσ=0.1210 rewNZ=0.289 featσ[p/f/g/pw]=0.442/0.272/0.438/0.393
iter   167 | steps   5,472,256 | SPS     638 | r_p0 +0.266 r_p1 +0.221 | clip_frac 0.159(fire:0.005) | KL 0.0132 | H_fire 0.160 H_ang 0.00 H_ship 3.42 | V_loss 0.4601 | LR 0.000100 | early_stop=0 | fire[0]=0.16 fire[rest_max]=0.41 srcs_multi=1.13 ship0=0.01 meanshipbin=19.7 avgfleet=119.9 p90fleet=230.9 | Vμ=+0.337 Vσ=1.722 Rμ=+0.359 Rσ=1.826 Aσ=0.694 rewμ=+0.0068 rewσ=0.1230 rewNZ=0.321 featσ[p/f/g/pw]=0.447/0.313/0.433/0.400
iter   168 | steps   5,505,024 | SPS     638 | r_p0 +0.192 r_p1 +0.284 | clip_frac 0.160(fire:0.003) | KL 0.0076 | H_fire 0.195 H_ang 0.00 H_ship 3.42 | V_loss 0.4036 | LR 0.000100 | early_stop=0 | fire[0]=0.20 fire[rest_max]=0.47 srcs_multi=2.30 ship0=0.01 meanshipbin=21.6 avgfleet=122.9 p90fleet=256.0 | Vμ=+0.255 Vσ=1.885 Rμ=+0.277 Rσ=1.972 Aσ=0.654 rewμ=+0.0057 rewσ=0.1265 rewNZ=0.376 featσ[p/f/g/pw]=0.451/0.326/0.441/0.406
iter   169 | steps   5,537,792 | SPS     638 | r_p0 +0.167 r_p1 +0.311 | clip_frac 0.160(fire:0.004) | KL 0.0102 | H_fire 0.179 H_ang 0.00 H_ship 3.43 | V_loss 0.3843 | LR 0.000100 | early_stop=0 | fire[0]=0.19 fire[rest_max]=0.47 srcs_multi=2.31 ship0=0.00 meanshipbin=21.4 avgfleet=129.3 p90fleet=254.2 | Vμ=+0.512 Vσ=1.777 Rμ=+0.547 Rσ=1.873 Aσ=0.641 rewμ=+0.0087 rewσ=0.1242 rewNZ=0.330 featσ[p/f/g/pw]=0.447/0.292/0.446/0.407
iter   170 | steps   5,570,560 | SPS     638 | r_p0 +0.231 r_p1 +0.248 | clip_frac 0.159(fire:0.003) | KL 0.0091 | H_fire 0.179 H_ang 0.00 H_ship 3.43 | V_loss 0.3334 | LR 0.000100 | early_stop=0 | fire[0]=0.18 fire[rest_max]=0.45 srcs_multi=2.03 ship0=0.00 meanshipbin=23.1 avgfleet=132.4 p90fleet=258.3 | Vμ=+0.469 Vσ=1.747 Rμ=+0.473 Rσ=1.815 Aσ=0.594 rewμ=+0.0084 rewσ=0.1162 rewNZ=0.323 featσ[p/f/g/pw]=0.448/0.288/0.443/0.411
iter   171 | steps   5,603,328 | SPS     638 | r_p0 +0.378 r_p1 +0.101 | clip_frac 0.158(fire:0.003) | KL 0.0092 | H_fire 0.179 H_ang 0.00 H_ship 3.43 | V_loss 0.4264 | LR 0.000100 | early_stop=0 | fire[0]=0.18 fire[rest_max]=0.45 srcs_multi=1.92 ship0=0.01 meanshipbin=22.7 avgfleet=126.0 p90fleet=242.0 | Vμ=+0.433 Vσ=1.726 Rμ=+0.443 Rσ=1.844 Aσ=0.675 rewμ=+0.0073 rewσ=0.1220 rewNZ=0.336 featσ[p/f/g/pw]=0.447/0.312/0.440/0.398
iter   172 | steps   5,636,096 | SPS     638 | r_p0 +0.396 r_p1 +0.090 | clip_frac 0.157(fire:0.003) | KL 0.0068 | H_fire 0.168 H_ang 0.00 H_ship 3.42 | V_loss 0.3855 | LR 0.000100 | early_stop=0 | fire[0]=0.19 fire[rest_max]=0.47 srcs_multi=2.21 ship0=0.01 meanshipbin=23.0 avgfleet=128.7 p90fleet=262.4 | Vμ=+0.381 Vσ=1.750 Rμ=+0.400 Rσ=1.882 Aσ=0.639 rewμ=+0.0073 rewσ=0.1241 rewNZ=0.322 featσ[p/f/g/pw]=0.445/0.294/0.442/0.391
iter   173 | steps   5,668,864 | SPS     638 | r_p0 +0.343 r_p1 +0.142 | clip_frac 0.156(fire:0.003) | KL 0.0061 | H_fire 0.161 H_ang 0.00 H_ship 3.43 | V_loss 0.3336 | LR 0.000100 | early_stop=0 | fire[0]=0.17 fire[rest_max]=0.48 srcs_multi=2.20 ship0=0.00 meanshipbin=21.6 avgfleet=126.8 p90fleet=238.6 | Vμ=+0.236 Vσ=1.782 Rμ=+0.267 Rσ=1.865 Aσ=0.591 rewμ=+0.0071 rewσ=0.1171 rewNZ=0.307 featσ[p/f/g/pw]=0.444/0.284/0.441/0.395
iter   174 | steps   5,701,632 | SPS     638 | r_p0 +0.364 r_p1 +0.121 | clip_frac 0.155(fire:0.003) | KL 0.0064 | H_fire 0.159 H_ang 0.00 H_ship 3.42 | V_loss 0.4064 | LR 0.000100 | early_stop=0 | fire[0]=0.18 fire[rest_max]=0.45 srcs_multi=2.09 ship0=0.01 meanshipbin=20.7 avgfleet=129.2 p90fleet=253.7 | Vμ=+0.265 Vσ=1.745 Rμ=+0.256 Rσ=1.825 Aσ=0.658 rewμ=+0.0067 rewσ=0.1249 rewNZ=0.310 featσ[p/f/g/pw]=0.445/0.300/0.439/0.393
iter   175 | steps   5,734,400 | SPS     638 | r_p0 +0.179 r_p1 +0.301 | clip_frac 0.153(fire:0.003) | KL 0.0074 | H_fire 0.181 H_ang 0.00 H_ship 3.42 | V_loss 0.3944 | LR 0.000100 | early_stop=0 | fire[0]=0.18 fire[rest_max]=0.44 srcs_multi=2.47 ship0=0.00 meanshipbin=18.4 avgfleet=131.7 p90fleet=259.3 | Vμ=+0.325 Vσ=1.836 Rμ=+0.346 Rσ=1.929 Aσ=0.650 rewμ=+0.0077 rewσ=0.1245 rewNZ=0.340 featσ[p/f/g/pw]=0.445/0.287/0.442/0.412
iter   176 | steps   5,767,168 | SPS     638 | r_p0 +0.101 r_p1 +0.384 | clip_frac 0.153(fire:0.004) | KL 0.0145 | H_fire 0.177 H_ang 0.00 H_ship 3.42 | V_loss 0.5324 | LR 0.000100 | early_stop=0 | fire[0]=0.19 fire[rest_max]=0.45 srcs_multi=2.66 ship0=0.00 meanshipbin=20.0 avgfleet=121.9 p90fleet=242.9 | Vμ=+0.321 Vσ=1.801 Rμ=+0.366 Rσ=1.886 Aσ=0.752 rewμ=+0.0075 rewσ=0.1284 rewNZ=0.343 featσ[p/f/g/pw]=0.448/0.311/0.439/0.408
  saved checkpoints/torch_step_5767168_rev38_20260605_181635.pt
  saved checkpoints/pool_step_5767168_rev38_20260605_181635.pt (11 members)
  pool snapshot @ step 5,767,168
  pool size=12  alpha=2.0
    self                 self_step_5242880              wr=0.41 (n=250)  pfsp_w=0.346
    self                 self_step_3145728              wr=0.44 (n=816)  pfsp_w=0.318
    self                 self_step_524288               wr=0.48 (n=2700)  pfsp_w=0.269
    self                 self_step_0                    wr=0.49 (n=3365)  pfsp_w=0.265
    self                 self_step_4194304              wr=0.49 (n=356)  pfsp_w=0.261
    self                 self_step_2097152              wr=0.49 (n=1083)  pfsp_w=0.261
    self                 self_step_5767168              wr=0.50 (n=0)  pfsp_w=0.250
    self                 self_step_1572864              wr=0.51 (n=1263)  pfsp_w=0.239
iter   177 | steps   5,799,936 | SPS     638 | r_p0 +0.122 r_p1 +0.358 | clip_frac 0.151(fire:0.004) | KL 0.0087 | H_fire 0.169 H_ang 0.00 H_ship 3.42 | V_loss 0.4099 | LR 0.000100 | early_stop=0 | fire[0]=0.20 fire[rest_max]=0.50 srcs_multi=3.14 ship0=0.00 meanshipbin=21.8 avgfleet=120.6 p90fleet=247.1 | Vμ=+0.470 Vσ=1.782 Rμ=+0.512 Rσ=1.895 Aσ=0.648 rewμ=+0.0091 rewσ=0.1298 rewNZ=0.328 featσ[p/f/g/pw]=0.444/0.295/0.440/0.399
iter   178 | steps   5,832,704 | SPS     638 | r_p0 +0.203 r_p1 +0.274 | clip_frac 0.151(fire:0.006) | KL 0.0159 | H_fire 0.177 H_ang 0.00 H_ship 3.41 | V_loss 0.4556 | LR 0.000100 | early_stop=0 | fire[0]=0.21 fire[rest_max]=0.49 srcs_multi=3.25 ship0=0.00 meanshipbin=22.5 avgfleet=115.2 p90fleet=230.5 | Vμ=+0.578 Vσ=1.778 Rμ=+0.585 Rσ=1.894 Aσ=0.697 rewμ=+0.0085 rewσ=0.1359 rewNZ=0.353 featσ[p/f/g/pw]=0.444/0.315/0.435/0.402
iter   179 | steps   5,865,472 | SPS     638 | r_p0 +0.067 r_p1 +0.418 | clip_frac 0.151(fire:0.005) | KL 0.0110 | H_fire 0.173 H_ang 0.00 H_ship 3.42 | V_loss 0.3083 | LR 0.000100 | early_stop=0 | fire[0]=0.21 fire[rest_max]=0.52 srcs_multi=3.34 ship0=0.01 meanshipbin=22.2 avgfleet=122.5 p90fleet=249.1 | Vμ=+0.220 Vσ=1.689 Rμ=+0.179 Rσ=1.750 Aσ=0.571 rewμ=+0.0041 rewσ=0.1205 rewNZ=0.339 featσ[p/f/g/pw]=0.444/0.314/0.437/0.394
iter   180 | steps   5,898,240 | SPS     638 | r_p0 +0.007 r_p1 +0.475 | clip_frac 0.150(fire:0.004) | KL 0.0172 | H_fire 0.167 H_ang 0.00 H_ship 3.42 | V_loss 0.3829 | LR 0.000100 | early_stop=0 | fire[0]=0.19 fire[rest_max]=0.48 srcs_multi=2.84 ship0=0.01 meanshipbin=23.4 avgfleet=125.3 p90fleet=257.5 | Vμ=+0.515 Vσ=1.668 Rμ=+0.501 Rσ=1.773 Aσ=0.636 rewμ=+0.0088 rewσ=0.1250 rewNZ=0.322 featσ[p/f/g/pw]=0.444/0.301/0.437/0.395
iter   181 | steps   5,931,008 | SPS     638 | r_p0 +0.044 r_p1 +0.432 | clip_frac 0.149(fire:0.004) | KL 0.0093 | H_fire 0.176 H_ang 0.00 H_ship 3.43 | V_loss 0.3178 | LR 0.000100 | early_stop=0 | fire[0]=0.18 fire[rest_max]=0.46 srcs_multi=2.70 ship0=0.00 meanshipbin=22.8 avgfleet=130.2 p90fleet=258.5 | Vμ=+0.370 Vσ=1.743 Rμ=+0.341 Rσ=1.815 Aσ=0.579 rewμ=+0.0067 rewσ=0.1168 rewNZ=0.325 featσ[p/f/g/pw]=0.445/0.299/0.439/0.405
iter   182 | steps   5,963,776 | SPS     638 | r_p0 +0.165 r_p1 +0.311 | clip_frac 0.148(fire:0.004) | KL 0.0103 | H_fire 0.162 H_ang 0.00 H_ship 3.42 | V_loss 0.4057 | LR 0.000100 | early_stop=0 | fire[0]=0.18 fire[rest_max]=0.47 srcs_multi=2.54 ship0=0.00 meanshipbin=22.2 avgfleet=131.4 p90fleet=271.1 | Vμ=+0.336 Vσ=1.694 Rμ=+0.255 Rσ=1.779 Aσ=0.649 rewμ=+0.0067 rewσ=0.1283 rewNZ=0.318 featσ[p/f/g/pw]=0.445/0.297/0.436/0.400
iter   183 | steps   5,996,544 | SPS     638 | r_p0 +0.234 r_p1 +0.236 | clip_frac 0.147(fire:0.003) | KL 0.0068 | H_fire 0.148 H_ang 0.00 H_ship 3.42 | V_loss 0.3271 | LR 0.000100 | early_stop=0 | fire[0]=0.16 fire[rest_max]=0.45 srcs_multi=2.06 ship0=0.01 meanshipbin=22.5 avgfleet=131.7 p90fleet=251.2 | Vμ=+0.342 Vσ=1.777 Rμ=+0.320 Rσ=1.849 Aσ=0.590 rewμ=+0.0062 rewσ=0.1211 rewNZ=0.292 featσ[p/f/g/pw]=0.448/0.277/0.433/0.401
iter   184 | steps   6,029,312 | SPS     638 | r_p0 +0.320 r_p1 +0.152 | clip_frac 0.146(fire:0.002) | KL 0.0076 | H_fire 0.170 H_ang 0.00 H_ship 3.43 | V_loss 0.3753 | LR 0.000100 | early_stop=0 | fire[0]=0.17 fire[rest_max]=0.42 srcs_multi=2.00 ship0=0.00 meanshipbin=22.6 avgfleet=132.3 p90fleet=250.6 | Vμ=+0.274 Vσ=1.709 Rμ=+0.220 Rσ=1.818 Aσ=0.635 rewμ=+0.0061 rewσ=0.1175 rewNZ=0.318 featσ[p/f/g/pw]=0.448/0.284/0.442/0.410
iter   185 | steps   6,062,080 | SPS     638 | r_p0 +0.237 r_p1 +0.245 | clip_frac 0.143(fire:0.003) | KL 0.0058 | H_fire 0.171 H_ang 0.00 H_ship 3.42 | V_loss 0.3096 | LR 0.000100 | early_stop=0 | fire[0]=0.17 fire[rest_max]=0.45 srcs_multi=2.41 ship0=0.00 meanshipbin=22.0 avgfleet=139.0 p90fleet=268.2 | Vμ=+0.246 Vσ=1.684 Rμ=+0.276 Rσ=1.787 Aσ=0.575 rewμ=+0.0061 rewσ=0.1184 rewNZ=0.319 featσ[p/f/g/pw]=0.449/0.295/0.444/0.408
iter   186 | steps   6,094,848 | SPS     638 | r_p0 +0.215 r_p1 +0.266 | clip_frac 0.142(fire:0.003) | KL 0.0058 | H_fire 0.187 H_ang 0.00 H_ship 3.42 | V_loss 0.3300 | LR 0.000100 | early_stop=0 | fire[0]=0.19 fire[rest_max]=0.46 srcs_multi=2.64 ship0=0.00 meanshipbin=23.0 avgfleet=133.4 p90fleet=263.7 | Vμ=+0.409 Vσ=1.778 Rμ=+0.398 Rσ=1.876 Aσ=0.591 rewμ=+0.0077 rewσ=0.1235 rewNZ=0.348 featσ[p/f/g/pw]=0.446/0.296/0.441/0.407
iter   187 | steps   6,127,616 | SPS     638 | r_p0 +0.156 r_p1 +0.325 | clip_frac 0.141(fire:0.004) | KL 0.0121 | H_fire 0.171 H_ang 0.00 H_ship 3.42 | V_loss 0.3856 | LR 0.000100 | early_stop=0 | fire[0]=0.18 fire[rest_max]=0.44 srcs_multi=2.15 ship0=0.01 meanshipbin=23.1 avgfleet=120.5 p90fleet=244.0 | Vμ=+0.310 Vσ=1.722 Rμ=+0.250 Rσ=1.844 Aσ=0.639 rewμ=+0.0065 rewσ=0.1296 rewNZ=0.330 featσ[p/f/g/pw]=0.442/0.291/0.437/0.393
iter   188 | steps   6,160,384 | SPS     638 | r_p0 +0.177 r_p1 +0.310 | clip_frac 0.140(fire:0.003) | KL 0.0084 | H_fire 0.161 H_ang 0.00 H_ship 3.43 | V_loss 0.3554 | LR 0.000100 | early_stop=0 | fire[0]=0.17 fire[rest_max]=0.44 srcs_multi=2.03 ship0=0.01 meanshipbin=23.1 avgfleet=133.5 p90fleet=261.9 | Vμ=+0.352 Vσ=1.717 Rμ=+0.345 Rσ=1.779 Aσ=0.615 rewμ=+0.0062 rewσ=0.1170 rewNZ=0.298 featσ[p/f/g/pw]=0.444/0.285/0.439/0.398
iter   189 | steps   6,193,152 | SPS     638 | r_p0 +0.203 r_p1 +0.283 | clip_frac 0.139(fire:0.003) | KL 0.0083 | H_fire 0.172 H_ang 0.00 H_ship 3.42 | V_loss 0.3966 | LR 0.000100 | early_stop=0 | fire[0]=0.17 fire[rest_max]=0.42 srcs_multi=1.48 ship0=0.01 meanshipbin=23.0 avgfleet=132.3 p90fleet=250.8 | Vμ=+0.294 Vσ=1.783 Rμ=+0.285 Rσ=1.886 Aσ=0.652 rewμ=+0.0066 rewσ=0.1219 rewNZ=0.325 featσ[p/f/g/pw]=0.447/0.292/0.437/0.406
iter   190 | steps   6,225,920 | SPS     638 | r_p0 +0.356 r_p1 +0.130 | clip_frac 0.138(fire:0.003) | KL 0.0071 | H_fire 0.192 H_ang 0.00 H_ship 3.42 | V_loss 0.3610 | LR 0.000100 | early_stop=0 | fire[0]=0.19 fire[rest_max]=0.43 srcs_multi=1.93 ship0=0.00 meanshipbin=23.4 avgfleet=127.0 p90fleet=253.1 | Vμ=+0.414 Vσ=1.735 Rμ=+0.372 Rσ=1.843 Aσ=0.625 rewμ=+0.0071 rewσ=0.1254 rewNZ=0.358 featσ[p/f/g/pw]=0.447/0.311/0.444/0.402
iter   191 | steps   6,258,688 | SPS     638 | r_p0 +0.358 r_p1 +0.129 | clip_frac 0.137(fire:0.006) | KL 0.0149 | H_fire 0.177 H_ang 0.00 H_ship 3.40 | V_loss 0.5884 | LR 0.000100 | early_stop=0 | fire[0]=0.19 fire[rest_max]=0.42 srcs_multi=1.73 ship0=0.00 meanshipbin=23.4 avgfleet=109.4 p90fleet=222.1 | Vμ=+0.660 Vσ=1.844 Rμ=+0.718 Rσ=2.007 Aσ=0.776 rewμ=+0.0105 rewσ=0.1417 rewNZ=0.363 featσ[p/f/g/pw]=0.442/0.292/0.436/0.392
iter   192 | steps   6,291,456 | SPS     638 | r_p0 +0.129 r_p1 +0.353 | clip_frac 0.136(fire:0.004) | KL 0.0095 | H_fire 0.184 H_ang 0.00 H_ship 3.41 | V_loss 0.5378 | LR 0.000100 | early_stop=0 | fire[0]=0.18 fire[rest_max]=0.42 srcs_multi=2.05 ship0=0.00 meanshipbin=24.1 avgfleet=115.6 p90fleet=224.6 | Vμ=+0.762 Vσ=1.954 Rμ=+0.768 Rσ=2.072 Aσ=0.757 rewμ=+0.0116 rewσ=0.1360 rewNZ=0.347 featσ[p/f/g/pw]=0.444/0.284/0.440/0.405
  saved checkpoints/torch_step_6291456_rev38_20260605_181635.pt
  saved checkpoints/pool_step_6291456_rev38_20260605_181635.pt (12 members)
  pool snapshot @ step 6,291,456
  pool size=13  alpha=2.0
    self                 self_step_5242880              wr=0.41 (n=250)  pfsp_w=0.346
    self                 self_step_3145728              wr=0.45 (n=895)  pfsp_w=0.299
    self                 self_step_5767168              wr=0.45 (n=209)  pfsp_w=0.298
    self                 self_step_524288               wr=0.48 (n=2700)  pfsp_w=0.269
    self                 self_step_0                    wr=0.49 (n=3528)  pfsp_w=0.265
    self                 self_step_2097152              wr=0.49 (n=1353)  pfsp_w=0.261
    self                 self_step_4194304              wr=0.50 (n=489)  pfsp_w=0.251
    self                 self_step_6291456              wr=0.50 (n=0)  pfsp_w=0.250
iter   193 | steps   6,324,224 | SPS     638 | r_p0 -0.039 r_p1 +0.524 | clip_frac 0.136(fire:0.003) | KL 0.0094 | H_fire 0.196 H_ang 0.00 H_ship 3.42 | V_loss 0.3912 | LR 0.000100 | early_stop=0 | fire[0]=0.19 fire[rest_max]=0.43 srcs_multi=2.36 ship0=0.00 meanshipbin=23.9 avgfleet=126.4 p90fleet=243.0 | Vμ=+0.642 Vσ=1.920 Rμ=+0.657 Rσ=2.042 Aσ=0.646 rewμ=+0.0102 rewσ=0.1280 rewNZ=0.358 featσ[p/f/g/pw]=0.447/0.288/0.443/0.408
iter   194 | steps   6,356,992 | SPS     638 | r_p0 -0.087 r_p1 +0.578 | clip_frac 0.135(fire:0.003) | KL 0.0083 | H_fire 0.167 H_ang 0.00 H_ship 3.41 | V_loss 0.4229 | LR 0.000100 | early_stop=0 | fire[0]=0.18 fire[rest_max]=0.45 srcs_multi=2.26 ship0=0.00 meanshipbin=22.0 avgfleet=118.2 p90fleet=244.2 | Vμ=+0.374 Vσ=1.816 Rμ=+0.362 Rσ=1.903 Aσ=0.670 rewμ=+0.0062 rewσ=0.1295 rewNZ=0.330 featσ[p/f/g/pw]=0.445/0.293/0.438/0.385
iter   195 | steps   6,389,760 | SPS     638 | r_p0 +0.118 r_p1 +0.373 | clip_frac 0.134(fire:0.005) | KL 0.0098 | H_fire 0.155 H_ang 0.00 H_ship 3.42 | V_loss 0.3750 | LR 0.000100 | early_stop=0 | fire[0]=0.17 fire[rest_max]=0.45 srcs_multi=2.05 ship0=0.00 meanshipbin=21.2 avgfleet=124.8 p90fleet=240.9 | Vμ=+0.465 Vσ=1.780 Rμ=+0.484 Rσ=1.895 Aσ=0.629 rewμ=+0.0075 rewσ=0.1226 rewNZ=0.295 featσ[p/f/g/pw]=0.441/0.266/0.436/0.389
iter   196 | steps   6,422,528 | SPS     638 | r_p0 +0.169 r_p1 +0.324 | clip_frac 0.135(fire:0.004) | KL 0.0106 | H_fire 0.185 H_ang 0.00 H_ship 3.42 | V_loss 0.4598 | LR 0.000100 | early_stop=0 | fire[0]=0.19 fire[rest_max]=0.48 srcs_multi=2.60 ship0=0.00 meanshipbin=19.8 avgfleet=122.5 p90fleet=230.4 | Vμ=+0.233 Vσ=1.762 Rμ=+0.240 Rσ=1.860 Aσ=0.700 rewμ=+0.0052 rewσ=0.1193 rewNZ=0.352 featσ[p/f/g/pw]=0.446/0.319/0.436/0.395
iter   197 | steps   6,455,296 | SPS     638 | r_p0 +0.230 r_p1 +0.257 | clip_frac 0.136(fire:0.004) | KL 0.0164 | H_fire 0.204 H_ang 0.00 H_ship 3.41 | V_loss 0.5659 | LR 0.000100 | early_stop=0 | fire[0]=0.23 fire[rest_max]=0.50 srcs_multi=3.79 ship0=0.00 meanshipbin=19.6 avgfleet=113.8 p90fleet=238.5 | Vμ=+0.462 Vσ=1.737 Rμ=+0.491 Rσ=1.887 Aσ=0.780 rewμ=+0.0080 rewσ=0.1304 rewNZ=0.385 featσ[p/f/g/pw]=0.443/0.330/0.443/0.398
iter   198 | steps   6,488,064 | SPS     638 | r_p0 +0.213 r_p1 +0.268 | clip_frac 0.137(fire:0.004) | KL 0.0097 | H_fire 0.171 H_ang 0.00 H_ship 3.41 | V_loss 0.5049 | LR 0.000100 | early_stop=0 | fire[0]=0.21 fire[rest_max]=0.51 srcs_multi=3.33 ship0=0.00 meanshipbin=19.2 avgfleet=114.6 p90fleet=237.9 | Vμ=+0.376 Vσ=1.864 Rμ=+0.410 Rσ=1.932 Aσ=0.723 rewμ=+0.0073 rewσ=0.1309 rewNZ=0.336 featσ[p/f/g/pw]=0.442/0.299/0.439/0.387
iter   199 | steps   6,520,832 | SPS     638 | r_p0 +0.174 r_p1 +0.307 | clip_frac 0.139(fire:0.004) | KL 0.0132 | H_fire 0.182 H_ang 0.00 H_ship 3.41 | V_loss 0.4650 | LR 0.000100 | early_stop=0 | fire[0]=0.20 fire[rest_max]=0.50 srcs_multi=3.37 ship0=0.00 meanshipbin=19.3 avgfleet=118.7 p90fleet=222.4 | Vμ=+0.378 Vσ=1.872 Rμ=+0.415 Rσ=1.930 Aσ=0.701 rewμ=+0.0091 rewσ=0.1297 rewNZ=0.349 featσ[p/f/g/pw]=0.442/0.288/0.438/0.401
iter   200 | steps   6,553,600 | SPS     638 | r_p0 +0.253 r_p1 +0.235 | clip_frac 0.139(fire:0.003) | KL 0.0073 | H_fire 0.180 H_ang 0.00 H_ship 3.42 | V_loss 0.3812 | LR 0.000100 | early_stop=0 | fire[0]=0.20 fire[rest_max]=0.49 srcs_multi=3.19 ship0=0.00 meanshipbin=21.3 avgfleet=125.0 p90fleet=237.9 | Vμ=+0.435 Vσ=1.774 Rμ=+0.452 Rσ=1.867 Aσ=0.631 rewμ=+0.0079 rewσ=0.1246 rewNZ=0.340 featσ[p/f/g/pw]=0.447/0.294/0.439/0.401
iter   201 | steps   6,586,368 | SPS     638 | r_p0 +0.204 r_p1 +0.282 | clip_frac 0.140(fire:0.002) | KL 0.0086 | H_fire 0.196 H_ang 0.00 H_ship 3.42 | V_loss 0.3564 | LR 0.000100 | early_stop=0 | fire[0]=0.20 fire[rest_max]=0.49 srcs_multi=3.34 ship0=0.00 meanshipbin=19.7 avgfleet=128.5 p90fleet=233.5 | Vμ=+0.452 Vσ=1.745 Rμ=+0.442 Rσ=1.831 Aσ=0.619 rewμ=+0.0083 rewσ=0.1219 rewNZ=0.356 featσ[p/f/g/pw]=0.448/0.302/0.444/0.413
iter   202 | steps   6,619,136 | SPS     638 | r_p0 +0.016 r_p1 +0.468 | clip_frac 0.141(fire:0.004) | KL 0.0079 | H_fire 0.185 H_ang 0.00 H_ship 3.42 | V_loss 0.4875 | LR 0.000100 | early_stop=0 | fire[0]=0.19 fire[rest_max]=0.50 srcs_multi=3.20 ship0=0.00 meanshipbin=21.9 avgfleet=121.4 p90fleet=225.2 | Vμ=+0.349 Vσ=1.746 Rμ=+0.333 Rσ=1.852 Aσ=0.717 rewμ=+0.0072 rewσ=0.1241 rewNZ=0.352 featσ[p/f/g/pw]=0.447/0.321/0.438/0.403
iter   203 | steps   6,651,904 | SPS     638 | r_p0 +0.058 r_p1 +0.427 | clip_frac 0.142(fire:0.002) | KL 0.0069 | H_fire 0.194 H_ang 0.00 H_ship 3.42 | V_loss 0.3701 | LR 0.000100 | early_stop=0 | fire[0]=0.22 fire[rest_max]=0.52 srcs_multi=3.67 ship0=0.00 meanshipbin=22.8 avgfleet=115.1 p90fleet=235.7 | Vμ=+0.255 Vσ=1.692 Rμ=+0.281 Rσ=1.811 Aσ=0.628 rewμ=+0.0061 rewσ=0.1280 rewNZ=0.362 featσ[p/f/g/pw]=0.446/0.328/0.443/0.399
iter   204 | steps   6,684,672 | SPS     638 | r_p0 +0.239 r_p1 +0.243 | clip_frac 0.142(fire:0.003) | KL 0.0100 | H_fire 0.169 H_ang 0.00 H_ship 3.41 | V_loss 0.5339 | LR 0.000100 | early_stop=0 | fire[0]=0.20 fire[rest_max]=0.53 srcs_multi=3.31 ship0=0.00 meanshipbin=24.1 avgfleet=107.7 p90fleet=221.1 | Vμ=+0.357 Vσ=1.801 Rμ=+0.361 Rσ=1.928 Aσ=0.757 rewμ=+0.0078 rewσ=0.1316 rewNZ=0.344 featσ[p/f/g/pw]=0.445/0.315/0.435/0.393
iter   205 | steps   6,717,440 | SPS     638 | r_p0 +0.302 r_p1 +0.183 | clip_frac 0.143(fire:0.003) | KL 0.0086 | H_fire 0.190 H_ang 0.00 H_ship 3.42 | V_loss 0.3449 | LR 0.000100 | early_stop=0 | fire[0]=0.22 fire[rest_max]=0.54 srcs_multi=3.86 ship0=0.00 meanshipbin=24.0 avgfleet=118.2 p90fleet=225.6 | Vμ=+0.307 Vσ=1.668 Rμ=+0.325 Rσ=1.764 Aσ=0.606 rewμ=+0.0062 rewσ=0.1243 rewNZ=0.351 featσ[p/f/g/pw]=0.445/0.320/0.439/0.396
iter   206 | steps   6,750,208 | SPS     638 | r_p0 +0.264 r_p1 +0.222 | clip_frac 0.143(fire:0.003) | KL 0.0072 | H_fire 0.167 H_ang 0.00 H_ship 3.41 | V_loss 0.4842 | LR 0.000100 | early_stop=0 | fire[0]=0.20 fire[rest_max]=0.55 srcs_multi=3.26 ship0=0.00 meanshipbin=23.1 avgfleet=118.2 p90fleet=237.8 | Vμ=+0.163 Vσ=1.683 Rμ=+0.150 Rσ=1.803 Aσ=0.713 rewμ=+0.0061 rewσ=0.1278 rewNZ=0.335 featσ[p/f/g/pw]=0.445/0.307/0.437/0.392
iter   207 | steps   6,782,976 | SPS     638 | r_p0 +0.161 r_p1 +0.325 | clip_frac 0.143(fire:0.003) | KL 0.0055 | H_fire 0.176 H_ang 0.00 H_ship 3.42 | V_loss 0.3786 | LR 0.000100 | early_stop=0 | fire[0]=0.19 fire[rest_max]=0.52 srcs_multi=3.18 ship0=0.00 meanshipbin=22.4 avgfleet=110.8 p90fleet=204.1 | Vμ=+0.094 Vσ=1.682 Rμ=+0.112 Rσ=1.782 Aσ=0.630 rewμ=+0.0046 rewσ=0.1250 rewNZ=0.344 featσ[p/f/g/pw]=0.448/0.337/0.434/0.393
iter   208 | steps   6,815,744 | SPS     638 | r_p0 +0.068 r_p1 +0.420 | clip_frac 0.144(fire:0.003) | KL 0.0070 | H_fire 0.176 H_ang 0.00 H_ship 3.41 | V_loss 0.4521 | LR 0.000100 | early_stop=0 | fire[0]=0.21 fire[rest_max]=0.53 srcs_multi=3.43 ship0=0.00 meanshipbin=22.4 avgfleet=115.2 p90fleet=229.6 | Vμ=+0.235 Vσ=1.668 Rμ=+0.273 Rσ=1.822 Aσ=0.689 rewμ=+0.0076 rewσ=0.1331 rewNZ=0.345 featσ[p/f/g/pw]=0.448/0.325/0.437/0.394
  saved checkpoints/torch_step_6815744_rev38_20260605_181635.pt
  saved checkpoints/pool_step_6815744_rev38_20260605_181635.pt (13 members)
  pool snapshot @ step 6,815,744
  pool size=14  alpha=2.0
    self                 self_step_5242880              wr=0.43 (n=419)  pfsp_w=0.320
    self                 self_step_5767168              wr=0.45 (n=209)  pfsp_w=0.298
    self                 self_step_3145728              wr=0.46 (n=1033)  pfsp_w=0.289
    self                 self_step_524288               wr=0.48 (n=2782)  pfsp_w=0.271
    self                 self_step_0                    wr=0.49 (n=3528)  pfsp_w=0.265
    self                 self_step_4194304              wr=0.49 (n=693)  pfsp_w=0.261
    self                 self_step_2097152              wr=0.50 (n=1480)  pfsp_w=0.250
    self                 self_step_6291456              wr=0.50 (n=0)  pfsp_w=0.250
iter   209 | steps   6,848,512 | SPS     638 | r_p0 +0.245 r_p1 +0.243 | clip_frac 0.143(fire:0.004) | KL 0.0086 | H_fire 0.187 H_ang 0.00 H_ship 3.42 | V_loss 0.3493 | LR 0.000100 | early_stop=0 | fire[0]=0.21 fire[rest_max]=0.52 srcs_multi=3.59 ship0=0.00 meanshipbin=22.7 avgfleet=114.0 p90fleet=231.4 | Vμ=+0.137 Vσ=1.704 Rμ=+0.111 Rσ=1.825 Aσ=0.614 rewμ=+0.0051 rewσ=0.1302 rewNZ=0.354 featσ[p/f/g/pw]=0.447/0.319/0.438/0.400
iter   210 | steps   6,881,280 | SPS     638 | r_p0 +0.271 r_p1 +0.221 | clip_frac 0.144(fire:0.004) | KL 0.0084 | H_fire 0.173 H_ang 0.00 H_ship 3.42 | V_loss 0.3870 | LR 0.000100 | early_stop=0 | fire[0]=0.21 fire[rest_max]=0.54 srcs_multi=3.49 ship0=0.00 meanshipbin=23.1 avgfleet=110.1 p90fleet=218.7 | Vμ=+0.146 Vσ=1.667 Rμ=+0.196 Rσ=1.786 Aσ=0.640 rewμ=+0.0057 rewσ=0.1236 rewNZ=0.335 featσ[p/f/g/pw]=0.444/0.330/0.435/0.387
iter   211 | steps   6,914,048 | SPS     638 | r_p0 +0.096 r_p1 +0.397 | clip_frac 0.144(fire:0.003) | KL 0.0087 | H_fire 0.191 H_ang 0.00 H_ship 3.42 | V_loss 0.4135 | LR 0.000100 | early_stop=0 | fire[0]=0.23 fire[rest_max]=0.56 srcs_multi=3.90 ship0=0.00 meanshipbin=22.7 avgfleet=122.4 p90fleet=232.0 | Vμ=+0.279 Vσ=1.636 Rμ=+0.300 Rσ=1.735 Aσ=0.668 rewμ=+0.0066 rewσ=0.1208 rewNZ=0.349 featσ[p/f/g/pw]=0.443/0.314/0.442/0.399
iter   212 | steps   6,946,816 | SPS     638 | r_p0 +0.117 r_p1 +0.370 | clip_frac 0.144(fire:0.003) | KL 0.0078 | H_fire 0.158 H_ang 0.00 H_ship 3.42 | V_loss 0.3442 | LR 0.000100 | early_stop=0 | fire[0]=0.19 fire[rest_max]=0.52 srcs_multi=2.94 ship0=0.00 meanshipbin=22.5 avgfleet=117.2 p90fleet=228.8 | Vμ=+0.197 Vσ=1.650 Rμ=+0.194 Rσ=1.737 Aσ=0.601 rewμ=+0.0061 rewσ=0.1220 rewNZ=0.311 featσ[p/f/g/pw]=0.444/0.319/0.431/0.389
iter   213 | steps   6,979,584 | SPS     638 | r_p0 +0.315 r_p1 +0.167 | clip_frac 0.146(fire:0.004) | KL 0.0105 | H_fire 0.186 H_ang 0.00 H_ship 3.42 | V_loss 0.3728 | LR 0.000100 | early_stop=0 | fire[0]=0.22 fire[rest_max]=0.53 srcs_multi=3.59 ship0=0.00 meanshipbin=21.9 avgfleet=118.5 p90fleet=230.9 | Vμ=+0.289 Vσ=1.602 Rμ=+0.279 Rσ=1.729 Aσ=0.632 rewμ=+0.0067 rewσ=0.1238 rewNZ=0.349 featσ[p/f/g/pw]=0.443/0.322/0.440/0.401
iter   214 | steps   7,012,352 | SPS     638 | r_p0 +0.302 r_p1 +0.176 | clip_frac 0.147(fire:0.003) | KL 0.0094 | H_fire 0.173 H_ang 0.00 H_ship 3.42 | V_loss 0.3677 | LR 0.000100 | early_stop=0 | fire[0]=0.21 fire[rest_max]=0.53 srcs_multi=3.33 ship0=0.00 meanshipbin=20.1 avgfleet=119.0 p90fleet=235.3 | Vμ=+0.222 Vσ=1.703 Rμ=+0.168 Rσ=1.782 Aσ=0.626 rewμ=+0.0053 rewσ=0.1236 rewNZ=0.332 featσ[p/f/g/pw]=0.443/0.318/0.436/0.398
iter   215 | steps   7,045,120 | SPS     638 | r_p0 +0.103 r_p1 +0.375 | clip_frac 0.148(fire:0.003) | KL 0.0093 | H_fire 0.191 H_ang 0.00 H_ship 3.42 | V_loss 0.4598 | LR 0.000100 | early_stop=0 | fire[0]=0.25 fire[rest_max]=0.55 srcs_multi=4.01 ship0=0.00 meanshipbin=18.0 avgfleet=120.3 p90fleet=245.0 | Vμ=+0.115 Vσ=1.602 Rμ=+0.132 Rσ=1.713 Aσ=0.697 rewμ=+0.0048 rewσ=0.1281 rewNZ=0.369 featσ[p/f/g/pw]=0.443/0.333/0.437/0.394
iter   216 | steps   7,077,888 | SPS     638 | r_p0 +0.026 r_p1 +0.450 | clip_frac 0.150(fire:0.004) | KL 0.0088 | H_fire 0.179 H_ang 0.00 H_ship 3.41 | V_loss 0.4190 | LR 0.000100 | early_stop=0 | fire[0]=0.23 fire[rest_max]=0.56 srcs_multi=3.63 ship0=0.00 meanshipbin=19.6 avgfleet=114.0 p90fleet=228.9 | Vμ=+0.199 Vσ=1.670 Rμ=+0.224 Rσ=1.803 Aσ=0.662 rewμ=+0.0065 rewσ=0.1287 rewNZ=0.367 featσ[p/f/g/pw]=0.442/0.311/0.434/0.395
iter   217 | steps   7,110,656 | SPS     638 | r_p0 +0.111 r_p1 +0.366 | clip_frac 0.151(fire:0.003) | KL 0.0095 | H_fire 0.193 H_ang 0.00 H_ship 3.42 | V_loss 0.3810 | LR 0.000100 | early_stop=0 | fire[0]=0.23 fire[rest_max]=0.53 srcs_multi=3.66 ship0=0.00 meanshipbin=19.6 avgfleet=116.4 p90fleet=229.6 | Vμ=+0.191 Vσ=1.665 Rμ=+0.223 Rσ=1.802 Aσ=0.637 rewμ=+0.0069 rewσ=0.1279 rewNZ=0.365 featσ[p/f/g/pw]=0.448/0.342/0.436/0.395
iter   218 | steps   7,143,424 | SPS     638 | r_p0 +0.127 r_p1 +0.355 | clip_frac 0.152(fire:0.003) | KL 0.0101 | H_fire 0.189 H_ang 0.00 H_ship 3.42 | V_loss 0.4102 | LR 0.000100 | early_stop=0 | fire[0]=0.23 fire[rest_max]=0.52 srcs_multi=3.62 ship0=0.00 meanshipbin=20.4 avgfleet=112.0 p90fleet=217.3 | Vμ=+0.292 Vσ=1.702 Rμ=+0.222 Rσ=1.822 Aσ=0.664 rewμ=+0.0067 rewσ=0.1300 rewNZ=0.363 featσ[p/f/g/pw]=0.447/0.314/0.444/0.403
iter   219 | steps   7,176,192 | SPS     638 | r_p0 +0.170 r_p1 +0.318 | clip_frac 0.152(fire:0.003) | KL 0.0080 | H_fire 0.176 H_ang 0.00 H_ship 3.42 | V_loss 0.3622 | LR 0.000100 | early_stop=0 | fire[0]=0.21 fire[rest_max]=0.50 srcs_multi=2.87 ship0=0.01 meanshipbin=20.6 avgfleet=118.5 p90fleet=231.2 | Vμ=+0.095 Vσ=1.645 Rμ=+0.115 Rσ=1.739 Aσ=0.621 rewμ=+0.0052 rewσ=0.1247 rewNZ=0.339 featσ[p/f/g/pw]=0.449/0.317/0.442/0.405
iter   220 | steps   7,208,960 | SPS     638 | r_p0 +0.116 r_p1 +0.369 | clip_frac 0.153(fire:0.003) | KL 0.0088 | H_fire 0.187 H_ang 0.00 H_ship 3.42 | V_loss 0.3851 | LR 0.000100 | early_stop=0 | fire[0]=0.21 fire[rest_max]=0.51 srcs_multi=3.30 ship0=0.00 meanshipbin=21.8 avgfleet=126.6 p90fleet=243.1 | Vμ=+0.381 Vσ=1.702 Rμ=+0.400 Rσ=1.811 Aσ=0.643 rewμ=+0.0077 rewσ=0.1232 rewNZ=0.343 featσ[p/f/g/pw]=0.447/0.311/0.443/0.406
iter   221 | steps   7,241,728 | SPS     638 | r_p0 -0.021 r_p1 +0.507 | clip_frac 0.154(fire:0.004) | KL 0.0108 | H_fire 0.186 H_ang 0.00 H_ship 3.42 | V_loss 0.4453 | LR 0.000100 | early_stop=0 | fire[0]=0.21 fire[rest_max]=0.50 srcs_multi=2.95 ship0=0.01 meanshipbin=20.3 avgfleet=114.7 p90fleet=227.0 | Vμ=+0.470 Vσ=1.779 Rμ=+0.464 Rσ=1.904 Aσ=0.684 rewμ=+0.0084 rewσ=0.1307 rewNZ=0.361 featσ[p/f/g/pw]=0.447/0.325/0.437/0.399
iter   222 | steps   7,274,496 | SPS     638 | r_p0 +0.143 r_p1 +0.345 | clip_frac 0.155(fire:0.004) | KL 0.0118 | H_fire 0.191 H_ang 0.00 H_ship 3.42 | V_loss 0.3871 | LR 0.000100 | early_stop=0 | fire[0]=0.21 fire[rest_max]=0.47 srcs_multi=2.66 ship0=0.00 meanshipbin=20.1 avgfleet=110.5 p90fleet=221.8 | Vμ=+0.475 Vσ=1.783 Rμ=+0.473 Rσ=1.907 Aσ=0.641 rewμ=+0.0092 rewσ=0.1330 rewNZ=0.361 featσ[p/f/g/pw]=0.446/0.328/0.439/0.396
iter   223 | steps   7,307,264 | SPS     638 | r_p0 +0.151 r_p1 +0.337 | clip_frac 0.156(fire:0.007) | KL 0.0281 | H_fire 0.175 H_ang 0.00 H_ship 3.42 | V_loss 0.4877 | LR 0.000100 | early_stop=0 | fire[0]=0.20 fire[rest_max]=0.46 srcs_multi=2.49 ship0=0.01 meanshipbin=20.6 avgfleet=105.4 p90fleet=207.3 | Vμ=+0.451 Vσ=1.831 Rμ=+0.441 Rσ=1.926 Aσ=0.708 rewμ=+0.0082 rewσ=0.1315 rewNZ=0.340 featσ[p/f/g/pw]=0.444/0.318/0.435/0.386
iter   224 | steps   7,340,032 | SPS     638 | r_p0 +0.092 r_p1 +0.399 | clip_frac 0.156(fire:0.004) | KL 0.0101 | H_fire 0.171 H_ang 0.00 H_ship 3.42 | V_loss 0.4324 | LR 0.000100 | early_stop=0 | fire[0]=0.20 fire[rest_max]=0.47 srcs_multi=2.44 ship0=0.01 meanshipbin=21.9 avgfleet=114.9 p90fleet=227.8 | Vμ=+0.371 Vσ=1.838 Rμ=+0.358 Rσ=1.904 Aσ=0.680 rewμ=+0.0079 rewσ=0.1293 rewNZ=0.328 featσ[p/f/g/pw]=0.443/0.296/0.439/0.393
  saved checkpoints/torch_step_7340032_rev38_20260605_181635.pt
  saved checkpoints/pool_step_7340032_rev38_20260605_181635.pt (14 members)
  pool snapshot @ step 7,340,032
  pool size=15  alpha=2.0
    self                 self_step_5242880              wr=0.44 (n=487)  pfsp_w=0.317
    self                 self_step_5767168              wr=0.46 (n=346)  pfsp_w=0.289
    self                 self_step_3145728              wr=0.47 (n=1171)  pfsp_w=0.285
    self                 self_step_524288               wr=0.48 (n=2847)  pfsp_w=0.272
    self                 self_step_0                    wr=0.48 (n=3678)  pfsp_w=0.267
    self                 self_step_6291456              wr=0.49 (n=140)  pfsp_w=0.264
    self                 self_step_4194304              wr=0.49 (n=758)  pfsp_w=0.257
    self                 self_step_2097152              wr=0.50 (n=1480)  pfsp_w=0.250
iter   225 | steps   7,372,800 | SPS     638 | r_p0 +0.230 r_p1 +0.257 | clip_frac 0.157(fire:0.003) | KL 0.0074 | H_fire 0.165 H_ang 0.00 H_ship 3.42 | V_loss 0.3908 | LR 0.000100 | early_stop=0 | fire[0]=0.18 fire[rest_max]=0.48 srcs_multi=2.31 ship0=0.01 meanshipbin=23.0 avgfleet=121.6 p90fleet=234.7 | Vμ=+0.225 Vσ=1.789 Rμ=+0.225 Rσ=1.865 Aσ=0.639 rewμ=+0.0062 rewσ=0.1218 rewNZ=0.319 featσ[p/f/g/pw]=0.444/0.310/0.434/0.394
iter   226 | steps   7,405,568 | SPS     638 | r_p0 +0.227 r_p1 +0.256 | clip_frac 0.156(fire:0.003) | KL 0.0068 | H_fire 0.191 H_ang 0.00 H_ship 3.42 | V_loss 0.3414 | LR 0.000100 | early_stop=0 | fire[0]=0.21 fire[rest_max]=0.48 srcs_multi=3.22 ship0=0.01 meanshipbin=23.1 avgfleet=125.5 p90fleet=242.7 | Vμ=+0.262 Vσ=1.690 Rμ=+0.299 Rσ=1.772 Aσ=0.605 rewμ=+0.0070 rewσ=0.1215 rewNZ=0.351 featσ[p/f/g/pw]=0.446/0.316/0.442/0.402
iter   227 | steps   7,438,336 | SPS     638 | r_p0 +0.216 r_p1 +0.268 | clip_frac 0.156(fire:0.003) | KL 0.0073 | H_fire 0.166 H_ang 0.00 H_ship 3.42 | V_loss 0.3843 | LR 0.000100 | early_stop=0 | fire[0]=0.18 fire[rest_max]=0.50 srcs_multi=2.67 ship0=0.01 meanshipbin=21.1 avgfleet=125.6 p90fleet=251.7 | Vμ=+0.167 Vσ=1.750 Rμ=+0.193 Rσ=1.847 Aσ=0.638 rewμ=+0.0061 rewσ=0.1240 rewNZ=0.311 featσ[p/f/g/pw]=0.446/0.302/0.438/0.395
iter   228 | steps   7,471,104 | SPS     638 | r_p0 +0.331 r_p1 +0.155 | clip_frac 0.155(fire:0.004) | KL 0.0096 | H_fire 0.168 H_ang 0.00 H_ship 3.42 | V_loss 0.3512 | LR 0.000100 | early_stop=0 | fire[0]=0.19 fire[rest_max]=0.47 srcs_multi=2.35 ship0=0.01 meanshipbin=21.6 avgfleet=127.1 p90fleet=259.5 | Vμ=+0.291 Vσ=1.738 Rμ=+0.293 Rσ=1.826 Aσ=0.612 rewμ=+0.0061 rewσ=0.1227 rewNZ=0.322 featσ[p/f/g/pw]=0.447/0.309/0.434/0.389
iter   229 | steps   7,503,872 | SPS     638 | r_p0 +0.342 r_p1 +0.141 | clip_frac 0.155(fire:0.005) | KL 0.0128 | H_fire 0.175 H_ang 0.00 H_ship 3.41 | V_loss 0.5003 | LR 0.000100 | early_stop=0 | fire[0]=0.19 fire[rest_max]=0.46 srcs_multi=2.46 ship0=0.01 meanshipbin=21.4 avgfleet=111.0 p90fleet=218.2 | Vμ=+0.453 Vσ=1.758 Rμ=+0.473 Rσ=1.894 Aσ=0.727 rewμ=+0.0076 rewσ=0.1295 rewNZ=0.342 featσ[p/f/g/pw]=0.444/0.303/0.436/0.392
iter   230 | steps   7,536,640 | SPS     638 | r_p0 +0.169 r_p1 +0.314 | clip_frac 0.154(fire:0.002) | KL 0.0073 | H_fire 0.189 H_ang 0.00 H_ship 3.41 | V_loss 0.3780 | LR 0.000100 | early_stop=0 | fire[0]=0.20 fire[rest_max]=0.46 srcs_multi=2.84 ship0=0.00 meanshipbin=18.9 avgfleet=116.9 p90fleet=225.2 | Vμ=+0.468 Vσ=1.716 Rμ=+0.485 Rσ=1.800 Aσ=0.631 rewμ=+0.0090 rewσ=0.1258 rewNZ=0.349 featσ[p/f/g/pw]=0.443/0.297/0.439/0.400
iter   231 | steps   7,569,408 | SPS     638 | r_p0 -0.018 r_p1 +0.503 | clip_frac 0.154(fire:0.004) | KL 0.0074 | H_fire 0.183 H_ang 0.00 H_ship 3.42 | V_loss 0.3729 | LR 0.000100 | early_stop=0 | fire[0]=0.19 fire[rest_max]=0.46 srcs_multi=2.45 ship0=0.00 meanshipbin=16.4 avgfleet=122.3 p90fleet=233.9 | Vμ=+0.507 Vσ=1.695 Rμ=+0.544 Rσ=1.805 Aσ=0.629 rewμ=+0.0083 rewσ=0.1211 rewNZ=0.330 featσ[p/f/g/pw]=0.443/0.296/0.439/0.400
iter   232 | steps   7,602,176 | SPS     639 | r_p0 -0.007 r_p1 +0.495 | clip_frac 0.153(fire:0.003) | KL 0.0076 | H_fire 0.164 H_ang 0.00 H_ship 3.42 | V_loss 0.3557 | LR 0.000100 | early_stop=0 | fire[0]=0.18 fire[rest_max]=0.48 srcs_multi=2.46 ship0=0.01 meanshipbin=16.3 avgfleet=127.3 p90fleet=240.4 | Vμ=+0.210 Vσ=1.672 Rμ=+0.233 Rσ=1.799 Aσ=0.610 rewμ=+0.0056 rewσ=0.1194 rewNZ=0.310 featσ[p/f/g/pw]=0.446/0.301/0.436/0.391
iter   233 | steps   7,634,944 | SPS     639 | r_p0 +0.054 r_p1 +0.434 | clip_frac 0.154(fire:0.002) | KL 0.0083 | H_fire 0.173 H_ang 0.00 H_ship 3.41 | V_loss 0.4060 | LR 0.000100 | early_stop=0 | fire[0]=0.20 fire[rest_max]=0.49 srcs_multi=2.84 ship0=0.02 meanshipbin=15.6 avgfleet=122.8 p90fleet=236.5 | Vμ=+0.257 Vσ=1.698 Rμ=+0.223 Rσ=1.825 Aσ=0.653 rewμ=+0.0056 rewσ=0.1234 rewNZ=0.327 featσ[p/f/g/pw]=0.444/0.304/0.438/0.390
iter   234 | steps   7,667,712 | SPS     639 | r_p0 +0.016 r_p1 +0.473 | clip_frac 0.154(fire:0.004) | KL 0.0080 | H_fire 0.155 H_ang 0.00 H_ship 3.41 | V_loss 0.3297 | LR 0.000100 | early_stop=0 | fire[0]=0.17 fire[rest_max]=0.45 srcs_multi=2.02 ship0=0.02 meanshipbin=16.9 avgfleet=120.2 p90fleet=230.5 | Vμ=+0.196 Vσ=1.738 Rμ=+0.193 Rσ=1.812 Aσ=0.596 rewμ=+0.0061 rewσ=0.1218 rewNZ=0.305 featσ[p/f/g/pw]=0.445/0.291/0.435/0.392
iter   235 | steps   7,700,480 | SPS     639 | r_p0 +0.094 r_p1 +0.391 | clip_frac 0.154(fire:0.002) | KL 0.0063 | H_fire 0.165 H_ang 0.00 H_ship 3.42 | V_loss 0.3400 | LR 0.000100 | early_stop=0 | fire[0]=0.18 fire[rest_max]=0.43 srcs_multi=1.77 ship0=0.03 meanshipbin=16.3 avgfleet=129.0 p90fleet=248.8 | Vμ=+0.210 Vσ=1.697 Rμ=+0.240 Rσ=1.824 Aσ=0.602 rewμ=+0.0058 rewσ=0.1202 rewNZ=0.304 featσ[p/f/g/pw]=0.447/0.314/0.438/0.399
iter   236 | steps   7,733,248 | SPS     639 | r_p0 +0.183 r_p1 +0.303 | clip_frac 0.154(fire:0.003) | KL 0.0069 | H_fire 0.191 H_ang 0.00 H_ship 3.42 | V_loss 0.3235 | LR 0.000100 | early_stop=0 | fire[0]=0.20 fire[rest_max]=0.43 srcs_multi=2.06 ship0=0.02 meanshipbin=16.6 avgfleet=125.9 p90fleet=240.6 | Vμ=+0.334 Vσ=1.737 Rμ=+0.368 Rσ=1.855 Aσ=0.589 rewμ=+0.0075 rewσ=0.1238 rewNZ=0.349 featσ[p/f/g/pw]=0.447/0.308/0.443/0.404
iter   237 | steps   7,766,016 | SPS     639 | r_p0 +0.179 r_p1 +0.305 | clip_frac 0.154(fire:0.004) | KL 0.0113 | H_fire 0.180 H_ang 0.00 H_ship 3.41 | V_loss 0.4717 | LR 0.000100 | early_stop=0 | fire[0]=0.20 fire[rest_max]=0.45 srcs_multi=2.77 ship0=0.03 meanshipbin=15.1 avgfleet=119.5 p90fleet=236.1 | Vμ=+0.453 Vσ=1.777 Rμ=+0.458 Rσ=1.888 Aσ=0.710 rewμ=+0.0081 rewσ=0.1282 rewNZ=0.343 featσ[p/f/g/pw]=0.446/0.320/0.438/0.402
iter   238 | steps   7,798,784 | SPS     639 | r_p0 +0.133 r_p1 +0.354 | clip_frac 0.154(fire:0.003) | KL 0.0066 | H_fire 0.173 H_ang 0.00 H_ship 3.41 | V_loss 0.3252 | LR 0.000100 | early_stop=0 | fire[0]=0.19 fire[rest_max]=0.47 srcs_multi=2.59 ship0=0.07 meanshipbin=15.3 avgfleet=117.3 p90fleet=227.8 | Vμ=+0.329 Vσ=1.770 Rμ=+0.298 Rσ=1.848 Aσ=0.586 rewμ=+0.0080 rewσ=0.1273 rewNZ=0.328 featσ[p/f/g/pw]=0.445/0.303/0.437/0.403
iter   239 | steps   7,831,552 | SPS     639 | r_p0 +0.171 r_p1 +0.314 | clip_frac 0.154(fire:0.003) | KL 0.0089 | H_fire 0.192 H_ang 0.00 H_ship 3.41 | V_loss 0.3371 | LR 0.000100 | early_stop=0 | fire[0]=0.21 fire[rest_max]=0.48 srcs_multi=3.13 ship0=0.06 meanshipbin=16.5 avgfleet=125.4 p90fleet=238.7 | Vμ=+0.420 Vσ=1.673 Rμ=+0.456 Rσ=1.788 Aσ=0.599 rewμ=+0.0080 rewσ=0.1208 rewNZ=0.345 featσ[p/f/g/pw]=0.447/0.309/0.445/0.413
iter   240 | steps   7,864,320 | SPS     639 | r_p0 +0.232 r_p1 +0.251 | clip_frac 0.155(fire:0.003) | KL 0.0084 | H_fire 0.185 H_ang 0.00 H_ship 3.42 | V_loss 0.3171 | LR 0.000100 | early_stop=0 | fire[0]=0.22 fire[rest_max]=0.51 srcs_multi=3.46 ship0=0.05 meanshipbin=18.0 avgfleet=122.8 p90fleet=246.0 | Vμ=+0.107 Vσ=1.642 Rμ=+0.132 Rσ=1.768 Aσ=0.582 rewμ=+0.0041 rewσ=0.1250 rewNZ=0.349 featσ[p/f/g/pw]=0.448/0.333/0.436/0.400
  saved checkpoints/torch_step_7864320_rev38_20260605_181635.pt
  saved checkpoints/pool_step_7864320_rev38_20260605_181635.pt (15 members)
  pool snapshot @ step 7,864,320
  pool size=16  alpha=2.0
    self                 self_step_5242880              wr=0.44 (n=548)  pfsp_w=0.318
    self                 self_step_5767168              wr=0.45 (n=413)  pfsp_w=0.307
    self                 self_step_6291456              wr=0.47 (n=279)  pfsp_w=0.281
    self                 self_step_3145728              wr=0.48 (n=1548)  pfsp_w=0.275
    self                 self_step_524288               wr=0.48 (n=2919)  pfsp_w=0.275
    self                 self_step_0                    wr=0.49 (n=3759)  pfsp_w=0.265
    self                 self_step_6815744              wr=0.49 (n=225)  pfsp_w=0.257
    self                 self_step_4194304              wr=0.49 (n=819)  pfsp_w=0.256
iter   241 | steps   7,897,088 | SPS     639 | r_p0 +0.344 r_p1 +0.143 | clip_frac 0.156(fire:0.003) | KL 0.0110 | H_fire 0.175 H_ang 0.00 H_ship 3.41 | V_loss 0.3485 | LR 0.000100 | early_stop=0 | fire[0]=0.22 fire[rest_max]=0.53 srcs_multi=3.48 ship0=0.04 meanshipbin=17.4 avgfleet=114.9 p90fleet=234.5 | Vμ=+0.256 Vσ=1.669 Rμ=+0.268 Rσ=1.770 Aσ=0.606 rewμ=+0.0068 rewσ=0.1266 rewNZ=0.337 featσ[p/f/g/pw]=0.444/0.323/0.438/0.391
iter   242 | steps   7,929,856 | SPS     639 | r_p0 +0.261 r_p1 +0.227 | clip_frac 0.156(fire:0.004) | KL 0.0087 | H_fire 0.151 H_ang 0.00 H_ship 3.41 | V_loss 0.3557 | LR 0.000100 | early_stop=0 | fire[0]=0.18 fire[rest_max]=0.51 srcs_multi=2.78 ship0=0.04 meanshipbin=16.1 avgfleet=120.9 p90fleet=229.8 | Vμ=+0.164 Vσ=1.707 Rμ=+0.192 Rσ=1.815 Aσ=0.613 rewμ=+0.0066 rewσ=0.1232 rewNZ=0.296 featσ[p/f/g/pw]=0.442/0.294/0.432/0.392
iter   243 | steps   7,962,624 | SPS     639 | r_p0 +0.261 r_p1 +0.225 | clip_frac 0.158(fire:0.003) | KL 0.0111 | H_fire 0.183 H_ang 0.00 H_ship 3.41 | V_loss 0.3589 | LR 0.000100 | early_stop=0 | fire[0]=0.22 fire[rest_max]=0.54 srcs_multi=3.61 ship0=0.02 meanshipbin=18.7 avgfleet=121.7 p90fleet=227.2 | Vμ=+0.212 Vσ=1.631 Rμ=+0.245 Rσ=1.755 Aσ=0.618 rewμ=+0.0060 rewσ=0.1228 rewNZ=0.357 featσ[p/f/g/pw]=0.447/0.339/0.435/0.403
iter   244 | steps   7,995,392 | SPS     639 | r_p0 +0.249 r_p1 +0.235 | clip_frac 0.159(fire:0.003) | KL 0.0103 | H_fire 0.174 H_ang 0.00 H_ship 3.42 | V_loss 0.3573 | LR 0.000100 | early_stop=0 | fire[0]=0.22 fire[rest_max]=0.59 srcs_multi=3.86 ship0=0.01 meanshipbin=19.2 avgfleet=118.9 p90fleet=234.6 | Vμ=+0.273 Vσ=1.731 Rμ=+0.278 Rσ=1.821 Aσ=0.618 rewμ=+0.0050 rewσ=0.1232 rewNZ=0.344 featσ[p/f/g/pw]=0.446/0.347/0.441/0.399
iter   245 | steps   8,028,160 | SPS     639 | r_p0 +0.240 r_p1 +0.239 | clip_frac 0.161(fire:0.003) | KL 0.0090 | H_fire 0.176 H_ang 0.00 H_ship 3.41 | V_loss 0.4096 | LR 0.000100 | early_stop=0 | fire[0]=0.23 fire[rest_max]=0.57 srcs_multi=3.84 ship0=0.01 meanshipbin=21.8 avgfleet=111.4 p90fleet=224.4 | Vμ=+0.180 Vσ=1.766 Rμ=+0.191 Rσ=1.867 Aσ=0.664 rewμ=+0.0055 rewσ=0.1285 rewNZ=0.363 featσ[p/f/g/pw]=0.448/0.344/0.435/0.396
iter   246 | steps   8,060,928 | SPS     639 | r_p0 +0.199 r_p1 +0.280 | clip_frac 0.161(fire:0.003) | KL 0.0069 | H_fire 0.184 H_ang 0.00 H_ship 3.41 | V_loss 0.3169 | LR 0.000100 | early_stop=0 | fire[0]=0.23 fire[rest_max]=0.59 srcs_multi=4.10 ship0=0.01 meanshipbin=20.4 avgfleet=112.6 p90fleet=215.2 | Vμ=+0.315 Vσ=1.656 Rμ=+0.313 Rσ=1.747 Aσ=0.583 rewμ=+0.0061 rewσ=0.1280 rewNZ=0.362 featσ[p/f/g/pw]=0.445/0.331/0.441/0.399
iter   247 | steps   8,093,696 | SPS     639 | r_p0 +0.219 r_p1 +0.270 | clip_frac 0.161(fire:0.004) | KL 0.0107 | H_fire 0.160 H_ang 0.00 H_ship 3.41 | V_loss 0.3765 | LR 0.000100 | early_stop=0 | fire[0]=0.21 fire[rest_max]=0.59 srcs_multi=3.47 ship0=0.02 meanshipbin=20.2 avgfleet=118.1 p90fleet=221.1 | Vμ=+0.279 Vσ=1.701 Rμ=+0.335 Rσ=1.834 Aσ=0.609 rewμ=+0.0065 rewσ=0.1277 rewNZ=0.321 featσ[p/f/g/pw]=0.442/0.311/0.434/0.390
iter   248 | steps   8,126,464 | SPS     639 | r_p0 +0.335 r_p1 +0.154 | clip_frac 0.163(fire:0.003) | KL 0.0093 | H_fire 0.207 H_ang 0.00 H_ship 3.42 | V_loss 0.3453 | LR 0.000100 | early_stop=0 | fire[0]=0.26 fire[rest_max]=0.57 srcs_multi=4.39 ship0=0.09 meanshipbin=20.2 avgfleet=124.6 p90fleet=237.5 | Vμ=+0.359 Vσ=1.669 Rμ=+0.343 Rσ=1.771 Aσ=0.603 rewμ=+0.0067 rewσ=0.1237 rewNZ=0.385 featσ[p/f/g/pw]=0.446/0.345/0.439/0.405
iter   249 | steps   8,159,232 | SPS     639 | r_p0 +0.198 r_p1 +0.288 | clip_frac 0.163(fire:0.003) | KL 0.0094 | H_fire 0.154 H_ang 0.00 H_ship 3.41 | V_loss 0.4240 | LR 0.000100 | early_stop=0 | fire[0]=0.22 fire[rest_max]=0.57 srcs_multi=3.47 ship0=0.16 meanshipbin=17.1 avgfleet=123.6 p90fleet=250.7 | Vμ=+0.154 Vσ=1.708 Rμ=+0.147 Rσ=1.789 Aσ=0.669 rewμ=+0.0065 rewσ=0.1291 rewNZ=0.316 featσ[p/f/g/pw]=0.447/0.339/0.435/0.385
iter   250 | steps   8,192,000 | SPS     639 | r_p0 +0.016 r_p1 +0.464 | clip_frac 0.164(fire:0.002) | KL 0.0065 | H_fire 0.158 H_ang 0.00 H_ship 3.41 | V_loss 0.3568 | LR 0.000100 | early_stop=0 | fire[0]=0.21 fire[rest_max]=0.58 srcs_multi=3.40 ship0=0.15 meanshipbin=17.9 avgfleet=119.1 p90fleet=230.0 | Vμ=+0.186 Vσ=1.776 Rμ=+0.190 Rσ=1.863 Aσ=0.613 rewμ=+0.0058 rewσ=0.1290 rewNZ=0.323 featσ[p/f/g/pw]=0.447/0.329/0.435/0.395
iter   251 | steps   8,224,768 | SPS     639 | r_p0 +0.044 r_p1 +0.439 | clip_frac 0.165(fire:0.003) | KL 0.0077 | H_fire 0.186 H_ang 0.00 H_ship 3.42 | V_loss 0.3059 | LR 0.000100 | early_stop=0 | fire[0]=0.25 fire[rest_max]=0.61 srcs_multi=4.27 ship0=0.07 meanshipbin=19.0 avgfleet=124.4 p90fleet=244.5 | Vμ=+0.257 Vσ=1.667 Rμ=+0.289 Rσ=1.782 Aσ=0.573 rewμ=+0.0067 rewσ=0.1281 rewNZ=0.362 featσ[p/f/g/pw]=0.447/0.338/0.439/0.401
iter   252 | steps   8,257,536 | SPS     639 | r_p0 +0.185 r_p1 +0.305 | clip_frac 0.166(fire:0.005) | KL 0.0119 | H_fire 0.193 H_ang 0.00 H_ship 3.41 | V_loss 0.3781 | LR 0.000100 | early_stop=0 | fire[0]=0.26 fire[rest_max]=0.62 srcs_multi=4.48 ship0=0.05 meanshipbin=19.7 avgfleet=121.2 p90fleet=244.4 | Vμ=+0.498 Vσ=1.623 Rμ=+0.541 Rσ=1.733 Aσ=0.631 rewμ=+0.0088 rewσ=0.1323 rewNZ=0.376 featσ[p/f/g/pw]=0.443/0.329/0.441/0.405
iter   253 | steps   8,290,304 | SPS     639 | r_p0 +0.197 r_p1 +0.290 | clip_frac 0.169(fire:0.003) | KL 0.0105 | H_fire 0.222 H_ang 0.00 H_ship 3.42 | V_loss 0.3410 | LR 0.000100 | early_stop=0 | fire[0]=0.29 fire[rest_max]=0.63 srcs_multi=5.13 ship0=0.11 meanshipbin=18.4 avgfleet=123.0 p90fleet=234.6 | Vμ=+0.542 Vσ=1.605 Rμ=+0.546 Rσ=1.699 Aσ=0.604 rewμ=+0.0085 rewσ=0.1258 rewNZ=0.418 featσ[p/f/g/pw]=0.446/0.337/0.443/0.423
iter   254 | steps   8,323,072 | SPS     639 | r_p0 -0.120 r_p1 +0.600 | clip_frac 0.170(fire:0.003) | KL 0.0077 | H_fire 0.150 H_ang 0.00 H_ship 3.42 | V_loss 0.2679 | LR 0.000100 | early_stop=0 | fire[0]=0.22 fire[rest_max]=0.61 srcs_multi=3.45 ship0=0.02 meanshipbin=19.2 avgfleet=124.9 p90fleet=240.5 | Vμ=-0.014 Vσ=1.630 Rμ=+0.005 Rσ=1.718 Aσ=0.534 rewμ=+0.0036 rewσ=0.1160 rewNZ=0.309 featσ[p/f/g/pw]=0.447/0.347/0.433/0.380
iter   255 | steps   8,355,840 | SPS     639 | r_p0 -0.141 r_p1 +0.620 | clip_frac 0.171(fire:0.004) | KL 0.0126 | H_fire 0.192 H_ang 0.00 H_ship 3.41 | V_loss 0.4121 | LR 0.000100 | early_stop=0 | fire[0]=0.26 fire[rest_max]=0.60 srcs_multi=4.50 ship0=0.05 meanshipbin=19.3 avgfleet=117.4 p90fleet=237.1 | Vμ=+0.322 Vσ=1.682 Rμ=+0.297 Rσ=1.788 Aσ=0.656 rewμ=+0.0074 rewσ=0.1346 rewNZ=0.381 featσ[p/f/g/pw]=0.444/0.336/0.443/0.398
iter   256 | steps   8,388,608 | SPS     639 | r_p0 +0.110 r_p1 +0.374 | clip_frac 0.172(fire:0.003) | KL 0.0102 | H_fire 0.175 H_ang 0.00 H_ship 3.41 | V_loss 0.3625 | LR 0.000100 | early_stop=0 | fire[0]=0.24 fire[rest_max]=0.56 srcs_multi=3.87 ship0=0.10 meanshipbin=18.3 avgfleet=112.8 p90fleet=233.0 | Vμ=+0.284 Vσ=1.701 Rμ=+0.305 Rσ=1.814 Aσ=0.621 rewμ=+0.0073 rewσ=0.1306 rewNZ=0.353 featσ[p/f/g/pw]=0.446/0.319/0.436/0.398
  saved checkpoints/torch_step_8388608_rev38_20260605_181635.pt
  saved checkpoints/pool_step_8388608_rev38_20260605_181635.pt (16 members)
  pool snapshot @ step 8,388,608
  pool size=17  alpha=2.0
    self                 self_step_7340032              wr=0.40 (n=144)  pfsp_w=0.357
    self                 self_step_5242880              wr=0.44 (n=548)  pfsp_w=0.318
    self                 self_step_5767168              wr=0.44 (n=469)  pfsp_w=0.314
    self                 self_step_3145728              wr=0.46 (n=1687)  pfsp_w=0.288
    self                 self_step_524288               wr=0.48 (n=2993)  pfsp_w=0.272
    self                 self_step_6815744              wr=0.48 (n=282)  pfsp_w=0.272
    self                 self_step_0                    wr=0.49 (n=3759)  pfsp_w=0.265
    self                 self_step_6291456              wr=0.49 (n=357)  pfsp_w=0.263
iter   257 | steps   8,421,376 | SPS     639 | r_p0 +0.241 r_p1 +0.240 | clip_frac 0.174(fire:0.003) | KL 0.0111 | H_fire 0.206 H_ang 0.00 H_ship 3.42 | V_loss 0.3933 | LR 0.000100 | early_stop=0 | fire[0]=0.27 fire[rest_max]=0.58 srcs_multi=4.54 ship0=0.14 meanshipbin=17.1 avgfleet=123.7 p90fleet=235.3 | Vμ=+0.320 Vσ=1.678 Rμ=+0.331 Rσ=1.771 Aσ=0.644 rewμ=+0.0066 rewσ=0.1242 rewNZ=0.390 featσ[p/f/g/pw]=0.450/0.339/0.444/0.416
iter   258 | steps   8,454,144 | SPS     639 | r_p0 +0.063 r_p1 +0.421 | clip_frac 0.175(fire:0.004) | KL 0.0131 | H_fire 0.163 H_ang 0.00 H_ship 3.41 | V_loss 0.4620 | LR 0.000100 | early_stop=0 | fire[0]=0.25 fire[rest_max]=0.63 srcs_multi=3.91 ship0=0.12 meanshipbin=16.7 avgfleet=130.3 p90fleet=261.4 | Vμ=+0.146 Vσ=1.728 Rμ=+0.235 Rσ=1.869 Aσ=0.694 rewμ=+0.0064 rewσ=0.1305 rewNZ=0.339 featσ[p/f/g/pw]=0.453/0.334/0.442/0.397
iter   259 | steps   8,486,912 | SPS     639 | r_p0 -0.071 r_p1 +0.559 | clip_frac 0.176(fire:0.004) | KL 0.0107 | H_fire 0.175 H_ang 0.00 H_ship 3.41 | V_loss 0.4415 | LR 0.000100 | early_stop=0 | fire[0]=0.26 fire[rest_max]=0.63 srcs_multi=4.18 ship0=0.06 meanshipbin=18.7 avgfleet=117.8 p90fleet=248.5 | Vμ=+0.259 Vσ=1.691 Rμ=+0.312 Rσ=1.839 Aσ=0.681 rewμ=+0.0073 rewσ=0.1333 rewNZ=0.369 featσ[p/f/g/pw]=0.451/0.341/0.442/0.400
iter   260 | steps   8,519,680 | SPS     639 | r_p0 +0.192 r_p1 +0.292 | clip_frac 0.178(fire:0.004) | KL 0.0122 | H_fire 0.171 H_ang 0.00 H_ship 3.41 | V_loss 0.3668 | LR 0.000100 | early_stop=0 | fire[0]=0.26 fire[rest_max]=0.64 srcs_multi=4.16 ship0=0.19 meanshipbin=16.5 avgfleet=108.5 p90fleet=222.2 | Vμ=+0.346 Vσ=1.727 Rμ=+0.378 Rσ=1.840 Aσ=0.625 rewμ=+0.0071 rewσ=0.1322 rewNZ=0.371 featσ[p/f/g/pw]=0.447/0.350/0.437/0.397
iter   261 | steps   8,552,448 | SPS     639 | r_p0 +0.276 r_p1 +0.207 | clip_frac 0.179(fire:0.003) | KL 0.0108 | H_fire 0.153 H_ang 0.00 H_ship 3.41 | V_loss 0.3840 | LR 0.000100 | early_stop=0 | fire[0]=0.24 fire[rest_max]=0.67 srcs_multi=3.81 ship0=0.37 meanshipbin=13.0 avgfleet=120.7 p90fleet=234.9 | Vμ=+0.172 Vσ=1.694 Rμ=+0.220 Rσ=1.814 Aσ=0.637 rewμ=+0.0063 rewσ=0.1273 rewNZ=0.337 featσ[p/f/g/pw]=0.445/0.324/0.440/0.398
iter   262 | steps   8,585,216 | SPS     639 | r_p0 +0.173 r_p1 +0.307 | clip_frac 0.181(fire:0.002) | KL 0.0077 | H_fire 0.188 H_ang 0.00 H_ship 3.42 | V_loss 0.2987 | LR 0.000100 | early_stop=0 | fire[0]=0.29 fire[rest_max]=0.66 srcs_multi=4.90 ship0=0.22 meanshipbin=16.3 avgfleet=113.6 p90fleet=232.2 | Vμ=+0.292 Vσ=1.638 Rμ=+0.299 Rσ=1.736 Aσ=0.569 rewμ=+0.0054 rewσ=0.1247 rewNZ=0.401 featσ[p/f/g/pw]=0.447/0.367/0.441/0.405
iter   263 | steps   8,617,984 | SPS     639 | r_p0 +0.148 r_p1 +0.329 | clip_frac 0.184(fire:0.006) | KL 0.0200 | H_fire 0.186 H_ang 0.00 H_ship 3.41 | V_loss 0.4354 | LR 0.000100 | early_stop=0 | fire[0]=0.29 fire[rest_max]=0.68 srcs_multi=4.82 ship0=0.16 meanshipbin=16.1 avgfleet=107.7 p90fleet=215.7 | Vμ=+0.363 Vσ=1.571 Rμ=+0.361 Rσ=1.704 Aσ=0.670 rewμ=+0.0078 rewσ=0.1329 rewNZ=0.403 featσ[p/f/g/pw]=0.445/0.359/0.442/0.402
iter   264 | steps   8,650,752 | SPS     639 | r_p0 +0.271 r_p1 +0.208 | clip_frac 0.186(fire:0.004) | KL 0.0103 | H_fire 0.192 H_ang 0.00 H_ship 3.42 | V_loss 0.3766 | LR 0.000100 | early_stop=0 | fire[0]=0.31 fire[rest_max]=0.70 srcs_multi=5.09 ship0=0.22 meanshipbin=12.9 avgfleet=118.6 p90fleet=231.8 | Vμ=+0.277 Vσ=1.636 Rμ=+0.286 Rσ=1.749 Aσ=0.639 rewμ=+0.0065 rewσ=0.1285 rewNZ=0.412 featσ[p/f/g/pw]=0.448/0.363/0.444/0.413
iter   265 | steps   8,683,520 | SPS     639 | r_p0 +0.297 r_p1 +0.186 | clip_frac 0.189(fire:0.006) | KL 0.0156 | H_fire 0.193 H_ang 0.00 H_ship 3.41 | V_loss 0.4499 | LR 0.000100 | early_stop=0 | fire[0]=0.32 fire[rest_max]=0.69 srcs_multi=5.37 ship0=0.13 meanshipbin=11.6 avgfleet=121.0 p90fleet=251.0 | Vμ=+0.281 Vσ=1.661 Rμ=+0.190 Rσ=1.768 Aσ=0.685 rewμ=+0.0061 rewσ=0.1368 rewNZ=0.430 featσ[p/f/g/pw]=0.446/0.360/0.444/0.412
iter   266 | steps   8,716,288 | SPS     639 | r_p0 +0.211 r_p1 +0.270 | clip_frac 0.191(fire:0.004) | KL 0.0129 | H_fire 0.178 H_ang 0.00 H_ship 3.41 | V_loss 0.4630 | LR 0.000100 | early_stop=0 | fire[0]=0.31 fire[rest_max]=0.69 srcs_multi=4.91 ship0=0.07 meanshipbin=11.1 avgfleet=116.1 p90fleet=230.8 | Vμ=+0.061 Vσ=1.640 Rμ=-0.005 Rσ=1.715 Aσ=0.705 rewμ=+0.0039 rewσ=0.1348 rewNZ=0.413 featσ[p/f/g/pw]=0.447/0.363/0.441/0.411
iter   267 | steps   8,749,056 | SPS     639 | r_p0 +0.008 r_p1 +0.468 | clip_frac 0.194(fire:0.004) | KL 0.0099 | H_fire 0.171 H_ang 0.00 H_ship 3.42 | V_loss 0.5013 | LR 0.000100 | early_stop=0 | fire[0]=0.30 fire[rest_max]=0.69 srcs_multi=4.82 ship0=0.08 meanshipbin=12.0 avgfleet=113.4 p90fleet=227.6 | Vμ=+0.024 Vσ=1.603 Rμ=-0.028 Rσ=1.731 Aσ=0.736 rewμ=+0.0030 rewσ=0.1341 rewNZ=0.401 featσ[p/f/g/pw]=0.446/0.368/0.437/0.398
iter   268 | steps   8,781,824 | SPS     639 | r_p0 -0.081 r_p1 +0.564 | clip_frac 0.195(fire:0.004) | KL 0.0132 | H_fire 0.170 H_ang 0.00 H_ship 3.41 | V_loss 0.3430 | LR 0.000100 | early_stop=0 | fire[0]=0.27 fire[rest_max]=0.67 srcs_multi=4.47 ship0=0.06 meanshipbin=12.2 avgfleet=109.1 p90fleet=225.9 | Vμ=+0.262 Vσ=1.620 Rμ=+0.256 Rσ=1.738 Aσ=0.618 rewμ=+0.0068 rewσ=0.1326 rewNZ=0.389 featσ[p/f/g/pw]=0.446/0.376/0.433/0.399
iter   269 | steps   8,814,592 | SPS     639 | r_p0 -0.066 r_p1 +0.551 | clip_frac 0.197(fire:0.003) | KL 0.0091 | H_fire 0.178 H_ang 0.00 H_ship 3.41 | V_loss 0.3498 | LR 0.000100 | early_stop=0 | fire[0]=0.31 fire[rest_max]=0.69 srcs_multi=5.04 ship0=0.05 meanshipbin=12.1 avgfleet=105.8 p90fleet=221.0 | Vμ=+0.153 Vσ=1.579 Rμ=+0.154 Rσ=1.664 Aσ=0.613 rewμ=+0.0053 rewσ=0.1348 rewNZ=0.402 featσ[p/f/g/pw]=0.448/0.380/0.442/0.400
iter   270 | steps   8,847,360 | SPS     639 | r_p0 +0.164 r_p1 +0.318 | clip_frac 0.200(fire:0.005) | KL 0.0163 | H_fire 0.171 H_ang 0.00 H_ship 3.41 | V_loss 0.5167 | LR 0.000100 | early_stop=0 | fire[0]=0.28 fire[rest_max]=0.67 srcs_multi=4.48 ship0=0.04 meanshipbin=13.7 avgfleet=112.8 p90fleet=234.5 | Vμ=+0.110 Vσ=1.561 Rμ=+0.019 Rσ=1.696 Aσ=0.743 rewμ=+0.0058 rewσ=0.1344 rewNZ=0.385 featσ[p/f/g/pw]=0.449/0.356/0.438/0.405
iter   271 | steps   8,880,128 | SPS     639 | r_p0 +0.133 r_p1 +0.346 | clip_frac 0.202(fire:0.004) | KL 0.0130 | H_fire 0.174 H_ang 0.00 H_ship 3.42 | V_loss 0.3684 | LR 0.000100 | early_stop=0 | fire[0]=0.28 fire[rest_max]=0.63 srcs_multi=4.56 ship0=0.10 meanshipbin=13.7 avgfleet=110.9 p90fleet=223.7 | Vμ=-0.198 Vσ=1.532 Rμ=-0.237 Rσ=1.651 Aσ=0.625 rewμ=+0.0026 rewσ=0.1260 rewNZ=0.389 featσ[p/f/g/pw]=0.448/0.380/0.435/0.401
iter   272 | steps   8,912,896 | SPS     639 | r_p0 -0.025 r_p1 +0.511 | clip_frac 0.204(fire:0.003) | KL 0.0119 | H_fire 0.173 H_ang 0.00 H_ship 3.41 | V_loss 0.3570 | LR 0.000100 | early_stop=0 | fire[0]=0.30 fire[rest_max]=0.66 srcs_multi=4.75 ship0=0.08 meanshipbin=14.1 avgfleet=118.3 p90fleet=258.4 | Vμ=-0.078 Vσ=1.507 Rμ=-0.125 Rσ=1.607 Aσ=0.622 rewμ=+0.0031 rewσ=0.1266 rewNZ=0.386 featσ[p/f/g/pw]=0.448/0.383/0.438/0.399
  saved checkpoints/torch_step_8912896_rev38_20260605_181635.pt
  saved checkpoints/pool_step_8912896_rev38_20260605_181635.pt (17 members)
  pool snapshot @ step 8,912,896
  pool size=18  alpha=2.0
    self                 self_step_8388608              wr=0.40 (n=144)  pfsp_w=0.365
    self                 self_step_7340032              wr=0.40 (n=144)  pfsp_w=0.357
    self                 self_step_5242880              wr=0.44 (n=685)  pfsp_w=0.314
    self                 self_step_5767168              wr=0.45 (n=539)  pfsp_w=0.300
    self                 self_step_6815744              wr=0.45 (n=574)  pfsp_w=0.297
    self                 self_step_3145728              wr=0.46 (n=1687)  pfsp_w=0.288
    self                 self_step_524288               wr=0.48 (n=2993)  pfsp_w=0.272
    self                 self_step_0                    wr=0.49 (n=3759)  pfsp_w=0.265
iter   273 | steps   8,945,664 | SPS     639 | r_p0 -0.054 r_p1 +0.534 | clip_frac 0.206(fire:0.004) | KL 0.0159 | H_fire 0.188 H_ang 0.00 H_ship 3.41 | V_loss 0.4194 | LR 0.000100 | early_stop=0 | fire[0]=0.28 fire[rest_max]=0.62 srcs_multi=4.56 ship0=0.06 meanshipbin=16.6 avgfleet=113.4 p90fleet=240.0 | Vμ=+0.313 Vσ=1.577 Rμ=+0.229 Rσ=1.700 Aσ=0.672 rewμ=+0.0072 rewσ=0.1333 rewNZ=0.392 featσ[p/f/g/pw]=0.441/0.357/0.434/0.405
iter   274 | steps   8,978,432 | SPS     639 | r_p0 +0.022 r_p1 +0.452 | clip_frac 0.209(fire:0.003) | KL 0.0111 | H_fire 0.198 H_ang 0.00 H_ship 3.41 | V_loss 0.3644 | LR 0.000100 | early_stop=0 | fire[0]=0.30 fire[rest_max]=0.63 srcs_multi=4.97 ship0=0.07 meanshipbin=16.1 avgfleet=109.1 p90fleet=227.8 | Vμ=+0.120 Vσ=1.594 Rμ=+0.088 Rσ=1.740 Aσ=0.630 rewμ=+0.0050 rewσ=0.1302 rewNZ=0.416 featσ[p/f/g/pw]=0.443/0.372/0.434/0.402
iter   275 | steps   9,011,200 | SPS     639 | r_p0 +0.130 r_p1 +0.349 | clip_frac 0.211(fire:0.004) | KL 0.0108 | H_fire 0.171 H_ang 0.00 H_ship 3.41 | V_loss 0.4725 | LR 0.000100 | early_stop=0 | fire[0]=0.26 fire[rest_max]=0.64 srcs_multi=4.23 ship0=0.03 meanshipbin=16.6 avgfleet=100.4 p90fleet=206.8 | Vμ=+0.193 Vσ=1.643 Rμ=+0.203 Rσ=1.831 Aσ=0.712 rewμ=+0.0072 rewσ=0.1384 rewNZ=0.376 featσ[p/f/g/pw]=0.442/0.353/0.431/0.391
iter   276 | steps   9,043,968 | SPS     639 | r_p0 +0.116 r_p1 +0.369 | clip_frac 0.214(fire:0.005) | KL 0.0124 | H_fire 0.193 H_ang 0.00 H_ship 3.42 | V_loss 0.4832 | LR 0.000099 | early_stop=0 | fire[0]=0.29 fire[rest_max]=0.65 srcs_multi=4.93 ship0=0.06 meanshipbin=16.4 avgfleet=104.5 p90fleet=205.7 | Vμ=+0.097 Vσ=1.751 Rμ=-0.014 Rσ=1.866 Aσ=0.707 rewμ=+0.0044 rewσ=0.1349 rewNZ=0.401 featσ[p/f/g/pw]=0.446/0.364/0.433/0.390
iter   277 | steps   9,076,736 | SPS     639 | r_p0 +0.121 r_p1 +0.368 | clip_frac 0.216(fire:0.005) | KL 0.0167 | H_fire 0.174 H_ang 0.00 H_ship 3.40 | V_loss 0.5060 | LR 0.000099 | early_stop=0 | fire[0]=0.26 fire[rest_max]=0.60 srcs_multi=4.14 ship0=0.02 meanshipbin=16.3 avgfleet=102.7 p90fleet=214.0 | Vμ=+0.305 Vσ=1.695 Rμ=+0.233 Rσ=1.795 Aσ=0.727 rewμ=+0.0081 rewσ=0.1395 rewNZ=0.377 featσ[p/f/g/pw]=0.444/0.336/0.433/0.392
iter   278 | steps   9,109,504 | SPS     639 | r_p0 +0.162 r_p1 +0.324 | clip_frac 0.219(fire:0.005) | KL 0.0167 | H_fire 0.187 H_ang 0.00 H_ship 3.41 | V_loss 0.4522 | LR 0.000099 | early_stop=0 | fire[0]=0.27 fire[rest_max]=0.64 srcs_multi=4.57 ship0=0.00 meanshipbin=17.3 avgfleet=110.0 p90fleet=225.8 | Vμ=-0.075 Vσ=1.717 Rμ=-0.101 Rσ=1.785 Aσ=0.698 rewμ=+0.0052 rewσ=0.1347 rewNZ=0.391 featσ[p/f/g/pw]=0.448/0.363/0.436/0.401
iter   279 | steps   9,142,272 | SPS     639 | r_p0 +0.079 r_p1 +0.402 | clip_frac 0.222(fire:0.003) | KL 0.0101 | H_fire 0.189 H_ang 0.00 H_ship 3.41 | V_loss 0.4469 | LR 0.000099 | early_stop=0 | fire[0]=0.29 fire[rest_max]=0.62 srcs_multi=4.80 ship0=0.03 meanshipbin=15.8 avgfleet=106.2 p90fleet=217.8 | Vμ=-0.076 Vσ=1.686 Rμ=-0.079 Rσ=1.792 Aσ=0.693 rewμ=+0.0039 rewσ=0.1328 rewNZ=0.404 featσ[p/f/g/pw]=0.448/0.375/0.435/0.398
iter   280 | steps   9,175,040 | SPS     639 | r_p0 -0.052 r_p1 +0.526 | clip_frac 0.224(fire:0.005) | KL 0.0156 | H_fire 0.182 H_ang 0.00 H_ship 3.40 | V_loss 0.3905 | LR 0.000099 | early_stop=0 | fire[0]=0.26 fire[rest_max]=0.60 srcs_multi=4.32 ship0=0.01 meanshipbin=15.4 avgfleet=111.5 p90fleet=230.8 | Vμ=+0.298 Vσ=1.653 Rμ=+0.270 Rσ=1.790 Aσ=0.649 rewμ=+0.0078 rewσ=0.1371 rewNZ=0.380 featσ[p/f/g/pw]=0.445/0.347/0.436/0.398
iter   281 | steps   9,207,808 | SPS     639 | r_p0 +0.053 r_p1 +0.428 | clip_frac 0.227(fire:0.003) | KL 0.0110 | H_fire 0.186 H_ang 0.00 H_ship 3.41 | V_loss 0.3959 | LR 0.000099 | early_stop=0 | fire[0]=0.28 fire[rest_max]=0.63 srcs_multi=4.57 ship0=0.01 meanshipbin=15.5 avgfleet=105.8 p90fleet=219.5 | Vμ=-0.150 Vσ=1.731 Rμ=-0.162 Rσ=1.792 Aσ=0.649 rewμ=+0.0053 rewσ=0.1414 rewNZ=0.397 featσ[p/f/g/pw]=0.443/0.348/0.435/0.396
iter   282 | steps   9,240,576 | SPS     639 | r_p0 -0.022 r_p1 +0.503 | clip_frac 0.229(fire:0.004) | KL 0.0113 | H_fire 0.210 H_ang 0.00 H_ship 3.40 | V_loss 0.4818 | LR 0.000099 | early_stop=0 | fire[0]=0.28 fire[rest_max]=0.58 srcs_multi=4.79 ship0=0.00 meanshipbin=15.6 avgfleet=98.1 p90fleet=201.3 | Vμ=+0.207 Vσ=1.663 Rμ=+0.224 Rσ=1.786 Aσ=0.721 rewμ=+0.0079 rewσ=0.1420 rewNZ=0.433 featσ[p/f/g/pw]=0.444/0.361/0.434/0.403
iter   283 | steps   9,273,344 | SPS     639 | r_p0 +0.028 r_p1 +0.456 | clip_frac 0.232(fire:0.007) | KL 0.0260 | H_fire 0.200 H_ang 0.00 H_ship 3.40 | V_loss 0.4936 | LR 0.000099 | early_stop=0 | fire[0]=0.27 fire[rest_max]=0.57 srcs_multi=4.62 ship0=0.00 meanshipbin=16.1 avgfleet=98.2 p90fleet=215.9 | Vμ=+0.238 Vσ=1.711 Rμ=+0.190 Rσ=1.855 Aσ=0.720 rewμ=+0.0066 rewσ=0.1439 rewNZ=0.417 featσ[p/f/g/pw]=0.446/0.357/0.434/0.396
iter   284 | steps   9,306,112 | SPS     639 | r_p0 +0.185 r_p1 +0.302 | clip_frac 0.235(fire:0.006) | KL 0.0147 | H_fire 0.181 H_ang 0.00 H_ship 3.40 | V_loss 0.4462 | LR 0.000099 | early_stop=0 | fire[0]=0.25 fire[rest_max]=0.57 srcs_multi=4.27 ship0=0.00 meanshipbin=16.8 avgfleet=99.1 p90fleet=216.9 | Vμ=-0.105 Vσ=1.649 Rμ=-0.032 Rσ=1.791 Aσ=0.686 rewμ=+0.0063 rewσ=0.1337 rewNZ=0.370 featσ[p/f/g/pw]=0.444/0.349/0.438/0.390
iter   285 | steps   9,338,880 | SPS     639 | r_p0 +0.222 r_p1 +0.264 | clip_frac 0.237(fire:0.004) | KL 0.0105 | H_fire 0.197 H_ang 0.00 H_ship 3.40 | V_loss 0.4064 | LR 0.000099 | early_stop=0 | fire[0]=0.27 fire[rest_max]=0.59 srcs_multi=4.49 ship0=0.00 meanshipbin=17.0 avgfleet=99.7 p90fleet=203.5 | Vμ=+0.195 Vσ=1.756 Rμ=+0.224 Rσ=1.876 Aσ=0.659 rewμ=+0.0071 rewσ=0.1375 rewNZ=0.400 featσ[p/f/g/pw]=0.445/0.362/0.432/0.394
iter   286 | steps   9,371,648 | SPS     639 | r_p0 +0.230 r_p1 +0.258 | clip_frac 0.240(fire:0.003) | KL 0.0100 | H_fire 0.204 H_ang 0.00 H_ship 3.40 | V_loss 0.4273 | LR 0.000099 | early_stop=0 | fire[0]=0.28 fire[rest_max]=0.58 srcs_multi=4.54 ship0=0.00 meanshipbin=17.8 avgfleet=99.8 p90fleet=220.0 | Vμ=+0.283 Vσ=1.680 Rμ=+0.302 Rσ=1.816 Aσ=0.680 rewμ=+0.0085 rewσ=0.1363 rewNZ=0.412 featσ[p/f/g/pw]=0.442/0.345/0.437/0.393
iter   287 | steps   9,404,416 | SPS     639 | r_p0 +0.244 r_p1 +0.243 | clip_frac 0.242(fire:0.005) | KL 0.0149 | H_fire 0.196 H_ang 0.00 H_ship 3.40 | V_loss 0.5198 | LR 0.000099 | early_stop=0 | fire[0]=0.27 fire[rest_max]=0.58 srcs_multi=4.46 ship0=0.00 meanshipbin=17.9 avgfleet=104.7 p90fleet=217.9 | Vμ=+0.191 Vσ=1.706 Rμ=+0.261 Rσ=1.856 Aσ=0.735 rewμ=+0.0087 rewσ=0.1378 rewNZ=0.403 featσ[p/f/g/pw]=0.444/0.341/0.437/0.400
iter   288 | steps   9,437,184 | SPS     639 | r_p0 +0.243 r_p1 +0.243 | clip_frac 0.245(fire:0.004) | KL 0.0117 | H_fire 0.202 H_ang 0.00 H_ship 3.41 | V_loss 0.3776 | LR 0.000099 | early_stop=0 | fire[0]=0.28 fire[rest_max]=0.62 srcs_multi=4.68 ship0=0.00 meanshipbin=17.7 avgfleet=111.9 p90fleet=217.0 | Vμ=+0.197 Vσ=1.659 Rμ=+0.217 Rσ=1.785 Aσ=0.636 rewμ=+0.0066 rewσ=0.1288 rewNZ=0.402 featσ[p/f/g/pw]=0.446/0.344/0.441/0.407
  saved checkpoints/torch_step_9437184_rev38_20260605_181635.pt
  saved checkpoints/pool_step_9437184_rev38_20260605_181635.pt (18 members)
  pool snapshot @ step 9,437,184
  pool size=19  alpha=2.0
    self                 self_step_8388608              wr=0.40 (n=144)  pfsp_w=0.365
    self                 self_step_7340032              wr=0.40 (n=302)  pfsp_w=0.359
    self                 self_step_5242880              wr=0.44 (n=685)  pfsp_w=0.314
    self                 self_step_5767168              wr=0.47 (n=673)  pfsp_w=0.283
    self                 self_step_3145728              wr=0.47 (n=1751)  pfsp_w=0.281
    self                 self_step_6815744              wr=0.47 (n=648)  pfsp_w=0.280
    self                 self_step_524288               wr=0.48 (n=3124)  pfsp_w=0.271
    self                 self_step_6291456              wr=0.48 (n=503)  pfsp_w=0.267
iter   289 | steps   9,469,952 | SPS     639 | r_p0 +0.293 r_p1 +0.194 | clip_frac 0.248(fire:0.005) | KL 0.0155 | H_fire 0.209 H_ang 0.00 H_ship 3.40 | V_loss 0.4225 | LR 0.000099 | early_stop=0 | fire[0]=0.30 fire[rest_max]=0.62 srcs_multi=4.81 ship0=0.00 meanshipbin=17.5 avgfleet=109.1 p90fleet=227.5 | Vμ=+0.142 Vσ=1.668 Rμ=+0.132 Rσ=1.773 Aσ=0.671 rewμ=+0.0069 rewσ=0.1380 rewNZ=0.429 featσ[p/f/g/pw]=0.446/0.348/0.439/0.408
iter   290 | steps   9,502,720 | SPS     639 | r_p0 +0.212 r_p1 +0.275 | clip_frac 0.251(fire:0.004) | KL 0.0120 | H_fire 0.195 H_ang 0.00 H_ship 3.40 | V_loss 0.4976 | LR 0.000099 | early_stop=0 | fire[0]=0.30 fire[rest_max]=0.64 srcs_multi=4.94 ship0=0.00 meanshipbin=16.9 avgfleet=103.7 p90fleet=226.0 | Vμ=+0.185 Vσ=1.623 Rμ=+0.281 Rσ=1.816 Aσ=0.715 rewμ=+0.0074 rewσ=0.1364 rewNZ=0.413 featσ[p/f/g/pw]=0.443/0.336/0.442/0.398
iter   291 | steps   9,535,488 | SPS     639 | r_p0 +0.094 r_p1 +0.394 | clip_frac 0.252(fire:0.005) | KL 0.0090 | H_fire 0.155 H_ang 0.00 H_ship 3.40 | V_loss 0.5304 | LR 0.000099 | early_stop=0 | fire[0]=0.24 fire[rest_max]=0.63 srcs_multi=3.74 ship0=0.00 meanshipbin=15.3 avgfleet=99.3 p90fleet=195.1 | Vμ=-0.017 Vσ=1.705 Rμ=+0.019 Rσ=1.811 Aσ=0.748 rewμ=+0.0049 rewσ=0.1324 rewNZ=0.349 featσ[p/f/g/pw]=0.444/0.330/0.430/0.381
iter   292 | steps   9,568,256 | SPS     639 | r_p0 +0.023 r_p1 +0.464 | clip_frac 0.255(fire:0.003) | KL 0.0098 | H_fire 0.185 H_ang 0.00 H_ship 3.40 | V_loss 0.4197 | LR 0.000099 | early_stop=0 | fire[0]=0.29 fire[rest_max]=0.66 srcs_multi=4.64 ship0=0.00 meanshipbin=16.8 avgfleet=105.8 p90fleet=214.9 | Vμ=+0.062 Vσ=1.615 Rμ=+0.064 Rσ=1.729 Aσ=0.667 rewμ=+0.0062 rewσ=0.1334 rewNZ=0.402 featσ[p/f/g/pw]=0.448/0.362/0.437/0.396
iter   293 | steps   9,601,024 | SPS     639 | r_p0 +0.128 r_p1 +0.360 | clip_frac 0.257(fire:0.003) | KL 0.0092 | H_fire 0.189 H_ang 0.00 H_ship 3.41 | V_loss 0.3713 | LR 0.000099 | early_stop=0 | fire[0]=0.30 fire[rest_max]=0.68 srcs_multi=4.93 ship0=0.00 meanshipbin=17.2 avgfleet=118.5 p90fleet=254.0 | Vμ=+0.229 Vσ=1.601 Rμ=+0.279 Rσ=1.734 Aσ=0.628 rewμ=+0.0070 rewσ=0.1309 rewNZ=0.398 featσ[p/f/g/pw]=0.446/0.350/0.442/0.404
iter   294 | steps   9,633,792 | SPS     639 | r_p0 +0.249 r_p1 +0.237 | clip_frac 0.259(fire:0.003) | KL 0.0092 | H_fire 0.184 H_ang 0.00 H_ship 3.40 | V_loss 0.4665 | LR 0.000099 | early_stop=0 | fire[0]=0.30 fire[rest_max]=0.68 srcs_multi=4.66 ship0=0.00 meanshipbin=16.9 avgfleet=114.0 p90fleet=242.8 | Vμ=+0.342 Vσ=1.631 Rμ=+0.408 Rσ=1.767 Aσ=0.701 rewμ=+0.0095 rewσ=0.1337 rewNZ=0.402 featσ[p/f/g/pw]=0.441/0.337/0.437/0.402
iter   295 | steps   9,666,560 | SPS     639 | r_p0 +0.080 r_p1 +0.398 | clip_frac 0.262(fire:0.005) | KL 0.0119 | H_fire 0.217 H_ang 0.00 H_ship 3.41 | V_loss 0.3596 | LR 0.000099 | early_stop=0 | fire[0]=0.33 fire[rest_max]=0.65 srcs_multi=5.32 ship0=0.00 meanshipbin=20.2 avgfleet=113.0 p90fleet=233.2 | Vμ=+0.322 Vσ=1.622 Rμ=+0.353 Rσ=1.738 Aσ=0.619 rewμ=+0.0085 rewσ=0.1348 rewNZ=0.457 featσ[p/f/g/pw]=0.445/0.363/0.441/0.416
iter   296 | steps   9,699,328 | SPS     639 | r_p0 +0.058 r_p1 +0.417 | clip_frac 0.265(fire:0.003) | KL 0.0103 | H_fire 0.211 H_ang 0.00 H_ship 3.40 | V_loss 0.4399 | LR 0.000099 | early_stop=0 | fire[0]=0.34 fire[rest_max]=0.65 srcs_multi=5.44 ship0=0.00 meanshipbin=20.4 avgfleet=110.1 p90fleet=230.5 | Vμ=+0.421 Vσ=1.610 Rμ=+0.464 Rσ=1.772 Aσ=0.681 rewμ=+0.0091 rewσ=0.1372 rewNZ=0.456 featσ[p/f/g/pw]=0.444/0.349/0.446/0.415
iter   297 | steps   9,732,096 | SPS     639 | r_p0 -0.003 r_p1 +0.476 | clip_frac 0.266(fire:0.005) | KL 0.0090 | H_fire 0.128 H_ang 0.00 H_ship 3.40 | V_loss 0.4267 | LR 0.000099 | early_stop=0 | fire[0]=0.24 fire[rest_max]=0.67 srcs_multi=3.26 ship0=0.00 meanshipbin=18.5 avgfleet=105.8 p90fleet=220.0 | Vμ=-0.131 Vσ=1.654 Rμ=-0.084 Rσ=1.817 Aσ=0.673 rewμ=+0.0046 rewσ=0.1343 rewNZ=0.328 featσ[p/f/g/pw]=0.446/0.356/0.426/0.378
iter   298 | steps   9,764,864 | SPS     639 | r_p0 -0.127 r_p1 +0.600 | clip_frac 0.268(fire:0.003) | KL 0.0110 | H_fire 0.204 H_ang 0.00 H_ship 3.40 | V_loss 0.3846 | LR 0.000099 | early_stop=0 | fire[0]=0.33 fire[rest_max]=0.68 srcs_multi=5.46 ship0=0.00 meanshipbin=20.2 avgfleet=110.7 p90fleet=234.1 | Vμ=+0.387 Vσ=1.748 Rμ=+0.400 Rσ=1.871 Aσ=0.636 rewμ=+0.0086 rewσ=0.1439 rewNZ=0.446 featσ[p/f/g/pw]=0.447/0.364/0.445/0.414
iter   299 | steps   9,797,632 | SPS     639 | r_p0 -0.186 r_p1 +0.662 | clip_frac 0.270(fire:0.003) | KL 0.0085 | H_fire 0.191 H_ang 0.00 H_ship 3.40 | V_loss 0.4125 | LR 0.000099 | early_stop=0 | fire[0]=0.29 fire[rest_max]=0.67 srcs_multi=4.83 ship0=0.00 meanshipbin=18.0 avgfleet=105.5 p90fleet=213.6 | Vμ=+0.430 Vσ=1.684 Rμ=+0.472 Rσ=1.784 Aσ=0.664 rewμ=+0.0097 rewσ=0.1388 rewNZ=0.421 featσ[p/f/g/pw]=0.446/0.356/0.438/0.408
iter   300 | steps   9,830,400 | SPS     639 | r_p0 +0.039 r_p1 +0.444 | clip_frac 0.274(fire:0.004) | KL 0.0120 | H_fire 0.204 H_ang 0.00 H_ship 3.40 | V_loss 0.4383 | LR 0.000099 | early_stop=0 | fire[0]=0.34 fire[rest_max]=0.68 srcs_multi=5.44 ship0=0.00 meanshipbin=17.5 avgfleet=109.2 p90fleet=229.2 | Vμ=+0.413 Vσ=1.673 Rμ=+0.445 Rσ=1.820 Aσ=0.681 rewμ=+0.0087 rewσ=0.1387 rewNZ=0.450 featσ[p/f/g/pw]=0.445/0.353/0.442/0.410
iter   301 | steps   9,863,168 | SPS     639 | r_p0 -0.013 r_p1 +0.498 | clip_frac 0.274(fire:0.003) | KL 0.0098 | H_fire 0.138 H_ang 0.00 H_ship 3.41 | V_loss 0.5140 | LR 0.000099 | early_stop=0 | fire[0]=0.27 fire[rest_max]=0.73 srcs_multi=3.86 ship0=0.00 meanshipbin=20.1 avgfleet=112.3 p90fleet=228.1 | Vμ=-0.179 Vσ=1.659 Rμ=-0.163 Rσ=1.747 Aσ=0.744 rewμ=+0.0023 rewσ=0.1331 rewNZ=0.342 featσ[p/f/g/pw]=0.450/0.360/0.432/0.379
iter   302 | steps   9,895,936 | SPS     639 | r_p0 -0.246 r_p1 +0.730 | clip_frac 0.276(fire:0.004) | KL 0.0098 | H_fire 0.171 H_ang 0.00 H_ship 3.40 | V_loss 0.4777 | LR 0.000099 | early_stop=0 | fire[0]=0.32 fire[rest_max]=0.73 srcs_multi=4.95 ship0=0.00 meanshipbin=20.4 avgfleet=106.5 p90fleet=229.1 | Vμ=+0.405 Vσ=1.728 Rμ=+0.431 Rσ=1.858 Aσ=0.711 rewμ=+0.0097 rewσ=0.1410 rewNZ=0.412 featσ[p/f/g/pw]=0.442/0.346/0.442/0.399
iter   303 | steps   9,928,704 | SPS     639 | r_p0 -0.112 r_p1 +0.594 | clip_frac 0.276(fire:0.005) | KL 0.0117 | H_fire 0.161 H_ang 0.00 H_ship 3.40 | V_loss 0.5180 | LR 0.000099 | early_stop=0 | fire[0]=0.30 fire[rest_max]=0.72 srcs_multi=4.57 ship0=0.00 meanshipbin=20.3 avgfleet=100.9 p90fleet=210.4 | Vμ=+0.011 Vσ=1.704 Rμ=+0.058 Rσ=1.849 Aσ=0.739 rewμ=+0.0046 rewσ=0.1376 rewNZ=0.399 featσ[p/f/g/pw]=0.445/0.362/0.430/0.386
iter   304 | steps   9,961,472 | SPS     639 | r_p0 +0.077 r_p1 +0.408 | clip_frac 0.278(fire:0.004) | KL 0.0095 | H_fire 0.169 H_ang 0.00 H_ship 3.40 | V_loss 0.4166 | LR 0.000099 | early_stop=0 | fire[0]=0.32 fire[rest_max]=0.70 srcs_multi=4.85 ship0=0.00 meanshipbin=18.5 avgfleet=103.5 p90fleet=225.5 | Vμ=+0.289 Vσ=1.713 Rμ=+0.297 Rσ=1.855 Aσ=0.658 rewμ=+0.0069 rewσ=0.1376 rewNZ=0.403 featσ[p/f/g/pw]=0.445/0.358/0.436/0.395
  saved checkpoints/torch_step_9961472_rev38_20260605_181635.pt
  saved checkpoints/pool_step_9961472_rev38_20260605_181635.pt (19 members)
  pool snapshot @ step 9,961,472
  pool size=20  alpha=2.0
    self                 self_step_8388608              wr=0.39 (n=270)  pfsp_w=0.378
    self                 self_step_7340032              wr=0.40 (n=302)  pfsp_w=0.359
    self                 self_step_5767168              wr=0.46 (n=813)  pfsp_w=0.288
    self                 self_step_5242880              wr=0.47 (n=776)  pfsp_w=0.285
    self                 self_step_3145728              wr=0.47 (n=1905)  pfsp_w=0.281
    self                 self_step_6815744              wr=0.48 (n=737)  pfsp_w=0.271
    self                 self_step_524288               wr=0.48 (n=3186)  pfsp_w=0.266
    self                 self_step_0                    wr=0.49 (n=3842)  pfsp_w=0.264
iter   305 | steps   9,994,240 | SPS     639 | r_p0 +0.065 r_p1 +0.422 | clip_frac 0.279(fire:0.004) | KL 0.0104 | H_fire 0.159 H_ang 0.00 H_ship 3.40 | V_loss 0.4076 | LR 0.000099 | early_stop=0 | fire[0]=0.29 fire[rest_max]=0.71 srcs_multi=4.50 ship0=0.00 meanshipbin=17.3 avgfleet=101.8 p90fleet=215.8 | Vμ=+0.144 Vσ=1.661 Rμ=+0.155 Rσ=1.808 Aσ=0.661 rewμ=+0.0054 rewσ=0.1349 rewNZ=0.387 featσ[p/f/g/pw]=0.444/0.363/0.434/0.387
iter   306 | steps  10,027,008 | SPS     639 | r_p0 -0.014 r_p1 +0.498 | clip_frac 0.281(fire:0.004) | KL 0.0118 | H_fire 0.172 H_ang 0.00 H_ship 3.41 | V_loss 0.4901 | LR 0.000099 | early_stop=0 | fire[0]=0.32 fire[rest_max]=0.72 srcs_multi=4.91 ship0=0.00 meanshipbin=19.5 avgfleet=106.7 p90fleet=228.6 | Vμ=+0.123 Vσ=1.658 Rμ=+0.048 Rσ=1.780 Aσ=0.720 rewμ=+0.0045 rewσ=0.1376 rewNZ=0.407 featσ[p/f/g/pw]=0.444/0.360/0.435/0.387
iter   307 | steps  10,059,776 | SPS     639 | r_p0 -0.048 r_p1 +0.532 | clip_frac 0.282(fire:0.004) | KL 0.0122 | H_fire 0.178 H_ang 0.00 H_ship 3.41 | V_loss 0.5439 | LR 0.000099 | early_stop=0 | fire[0]=0.33 fire[rest_max]=0.71 srcs_multi=4.95 ship0=0.00 meanshipbin=18.7 avgfleet=104.9 p90fleet=221.3 | Vμ=+0.201 Vσ=1.748 Rμ=+0.133 Rσ=1.863 Aσ=0.758 rewμ=+0.0045 rewσ=0.1336 rewNZ=0.424 featσ[p/f/g/pw]=0.445/0.372/0.434/0.392
iter   308 | steps  10,092,544 | SPS     639 | r_p0 +0.102 r_p1 +0.381 | clip_frac 0.283(fire:0.004) | KL 0.0117 | H_fire 0.150 H_ang 0.00 H_ship 3.39 | V_loss 0.4216 | LR 0.000099 | early_stop=0 | fire[0]=0.30 fire[rest_max]=0.72 srcs_multi=4.33 ship0=0.00 meanshipbin=18.7 avgfleet=105.5 p90fleet=228.4 | Vμ=+0.369 Vσ=1.785 Rμ=+0.379 Rσ=1.880 Aσ=0.670 rewμ=+0.0080 rewσ=0.1400 rewNZ=0.375 featσ[p/f/g/pw]=0.443/0.337/0.432/0.381
iter   309 | steps  10,125,312 | SPS     639 | r_p0 +0.203 r_p1 +0.277 | clip_frac 0.285(fire:0.005) | KL 0.0141 | H_fire 0.203 H_ang 0.00 H_ship 3.40 | V_loss 0.5452 | LR 0.000099 | early_stop=0 | fire[0]=0.33 fire[rest_max]=0.69 srcs_multi=5.39 ship0=0.00 meanshipbin=18.6 avgfleet=99.4 p90fleet=220.5 | Vμ=+0.384 Vσ=1.755 Rμ=+0.286 Rσ=1.867 Aσ=0.762 rewμ=+0.0059 rewσ=0.1397 rewNZ=0.462 featσ[p/f/g/pw]=0.446/0.376/0.429/0.396
iter   310 | steps  10,158,080 | SPS     639 | r_p0 +0.302 r_p1 +0.180 | clip_frac 0.288(fire:0.004) | KL 0.0153 | H_fire 0.225 H_ang 0.00 H_ship 3.39 | V_loss 0.4271 | LR 0.000099 | early_stop=0 | fire[0]=0.38 fire[rest_max]=0.69 srcs_multi=6.35 ship0=0.00 meanshipbin=17.2 avgfleet=100.4 p90fleet=231.5 | Vμ=+0.531 Vσ=1.744 Rμ=+0.453 Rσ=1.854 Aσ=0.673 rewμ=+0.0080 rewσ=0.1412 rewNZ=0.490 featσ[p/f/g/pw]=0.444/0.374/0.443/0.401
iter   311 | steps  10,190,848 | SPS     639 | r_p0 +0.060 r_p1 +0.430 | clip_frac 0.291(fire:0.006) | KL 0.0216 | H_fire 0.224 H_ang 0.00 H_ship 3.39 | V_loss 0.4266 | LR 0.000099 | early_stop=0 | fire[0]=0.35 fire[rest_max]=0.64 srcs_multi=5.80 ship0=0.00 meanshipbin=17.8 avgfleet=96.0 p90fleet=207.4 | Vμ=+0.460 Vσ=1.706 Rμ=+0.405 Rσ=1.796 Aσ=0.670 rewμ=+0.0084 rewσ=0.1419 rewNZ=0.482 featσ[p/f/g/pw]=0.444/0.360/0.442/0.408
iter   312 | steps  10,223,616 | SPS     639 | r_p0 -0.097 r_p1 +0.588 | clip_frac 0.292(fire:0.003) | KL 0.0116 | H_fire 0.229 H_ang 0.00 H_ship 3.39 | V_loss 0.3987 | LR 0.000099 | early_stop=0 | fire[0]=0.35 fire[rest_max]=0.65 srcs_multi=5.73 ship0=0.00 meanshipbin=17.6 avgfleet=104.5 p90fleet=218.8 | Vμ=+0.392 Vσ=1.686 Rμ=+0.412 Rσ=1.798 Aσ=0.652 rewμ=+0.0085 rewσ=0.1405 rewNZ=0.476 featσ[p/f/g/pw]=0.446/0.363/0.443/0.411
iter   313 | steps  10,256,384 | SPS     639 | r_p0 -0.153 r_p1 +0.640 | clip_frac 0.291(fire:0.003) | KL 0.0117 | H_fire 0.147 H_ang 0.00 H_ship 3.40 | V_loss 0.5183 | LR 0.000099 | early_stop=0 | fire[0]=0.26 fire[rest_max]=0.68 srcs_multi=3.88 ship0=0.00 meanshipbin=18.3 avgfleet=116.6 p90fleet=243.2 | Vμ=-0.068 Vσ=1.681 Rμ=-0.008 Rσ=1.802 Aσ=0.742 rewμ=+0.0047 rewσ=0.1310 rewNZ=0.346 featσ[p/f/g/pw]=0.446/0.342/0.429/0.381
iter   314 | steps  10,289,152 | SPS     639 | r_p0 -0.192 r_p1 +0.673 | clip_frac 0.290(fire:0.005) | KL 0.0138 | H_fire 0.183 H_ang 0.00 H_ship 3.40 | V_loss 0.4252 | LR 0.000099 | early_stop=0 | fire[0]=0.30 fire[rest_max]=0.66 srcs_multi=4.75 ship0=0.00 meanshipbin=18.3 avgfleet=115.0 p90fleet=247.0 | Vμ=+0.057 Vσ=1.614 Rμ=+0.082 Rσ=1.733 Aσ=0.674 rewμ=+0.0054 rewσ=0.1322 rewNZ=0.399 featσ[p/f/g/pw]=0.449/0.359/0.437/0.392
iter   315 | steps  10,321,920 | SPS     639 | r_p0 -0.122 r_p1 +0.602 | clip_frac 0.289(fire:0.006) | KL 0.0174 | H_fire 0.168 H_ang 0.00 H_ship 3.39 | V_loss 0.4244 | LR 0.000099 | early_stop=0 | fire[0]=0.28 fire[rest_max]=0.63 srcs_multi=4.23 ship0=0.00 meanshipbin=17.8 avgfleet=111.0 p90fleet=230.6 | Vμ=+0.237 Vσ=1.714 Rμ=+0.203 Rσ=1.765 Aσ=0.669 rewμ=+0.0074 rewσ=0.1345 rewNZ=0.383 featσ[p/f/g/pw]=0.443/0.331/0.436/0.393
iter   316 | steps  10,354,688 | SPS     639 | r_p0 +0.109 r_p1 +0.368 | clip_frac 0.290(fire:0.006) | KL 0.0239 | H_fire 0.200 H_ang 0.00 H_ship 3.40 | V_loss 0.4305 | LR 0.000099 | early_stop=0 | fire[0]=0.31 fire[rest_max]=0.65 srcs_multi=5.04 ship0=0.00 meanshipbin=18.4 avgfleet=116.7 p90fleet=249.0 | Vμ=+0.302 Vσ=1.671 Rμ=+0.272 Rσ=1.759 Aσ=0.679 rewμ=+0.0066 rewσ=0.1330 rewNZ=0.438 featσ[p/f/g/pw]=0.446/0.357/0.435/0.402
iter   317 | steps  10,387,456 | SPS     639 | r_p0 +0.085 r_p1 +0.392 | clip_frac 0.289(fire:0.005) | KL 0.0133 | H_fire 0.167 H_ang 0.00 H_ship 3.40 | V_loss 0.5109 | LR 0.000099 | early_stop=0 | fire[0]=0.29 fire[rest_max]=0.67 srcs_multi=4.37 ship0=0.00 meanshipbin=18.9 avgfleet=109.9 p90fleet=246.0 | Vμ=-0.060 Vσ=1.607 Rμ=-0.117 Rσ=1.709 Aσ=0.736 rewμ=+0.0033 rewσ=0.1360 rewNZ=0.381 featσ[p/f/g/pw]=0.448/0.389/0.433/0.383
iter   318 | steps  10,420,224 | SPS     639 | r_p0 -0.034 r_p1 +0.515 | clip_frac 0.291(fire:0.004) | KL 0.0151 | H_fire 0.223 H_ang 0.00 H_ship 3.40 | V_loss 0.4737 | LR 0.000099 | early_stop=0 | fire[0]=0.34 fire[rest_max]=0.67 srcs_multi=5.66 ship0=0.00 meanshipbin=17.6 avgfleet=105.2 p90fleet=234.9 | Vμ=+0.344 Vσ=1.706 Rμ=+0.287 Rσ=1.796 Aσ=0.708 rewμ=+0.0075 rewσ=0.1354 rewNZ=0.464 featσ[p/f/g/pw]=0.443/0.365/0.443/0.406
iter   319 | steps  10,452,992 | SPS     639 | r_p0 -0.076 r_p1 +0.562 | clip_frac 0.290(fire:0.004) | KL 0.0131 | H_fire 0.165 H_ang 0.00 H_ship 3.41 | V_loss 0.4444 | LR 0.000099 | early_stop=0 | fire[0]=0.26 fire[rest_max]=0.64 srcs_multi=4.13 ship0=0.00 meanshipbin=16.8 avgfleet=109.0 p90fleet=225.9 | Vμ=+0.062 Vσ=1.648 Rμ=+0.063 Rσ=1.764 Aσ=0.693 rewμ=+0.0061 rewσ=0.1307 rewNZ=0.355 featσ[p/f/g/pw]=0.445/0.344/0.434/0.380
iter   320 | steps  10,485,760 | SPS     639 | r_p0 -0.088 r_p1 +0.575 | clip_frac 0.290(fire:0.004) | KL 0.0119 | H_fire 0.192 H_ang 0.00 H_ship 3.41 | V_loss 0.4320 | LR 0.000099 | early_stop=0 | fire[0]=0.28 fire[rest_max]=0.62 srcs_multi=4.60 ship0=0.00 meanshipbin=15.7 avgfleet=112.0 p90fleet=225.2 | Vμ=+0.048 Vσ=1.568 Rμ=+0.054 Rσ=1.688 Aσ=0.678 rewμ=+0.0050 rewσ=0.1286 rewNZ=0.409 featσ[p/f/g/pw]=0.448/0.361/0.436/0.397
  saved checkpoints/torch_step_10485760_rev38_20260605_181635.pt
  saved checkpoints/pool_step_10485760_rev38_20260605_181635.pt (20 members)
  pool snapshot @ step 10,485,760
  pool size=21  alpha=2.0
    self                 self_step_9961472              wr=0.37 (n=75)  pfsp_w=0.393
    self                 self_step_8388608              wr=0.39 (n=270)  pfsp_w=0.378
    self                 self_step_7340032              wr=0.39 (n=363)  pfsp_w=0.377
    self                 self_step_5767168              wr=0.46 (n=813)  pfsp_w=0.288
    self                 self_step_5242880              wr=0.47 (n=776)  pfsp_w=0.285
    self                 self_step_3145728              wr=0.47 (n=2143)  pfsp_w=0.276
    self                 self_step_6815744              wr=0.48 (n=737)  pfsp_w=0.271
    self                 self_step_524288               wr=0.48 (n=3254)  pfsp_w=0.268
iter   321 | steps  10,518,528 | SPS     639 | r_p0 +0.075 r_p1 +0.414 | clip_frac 0.291(fire:0.004) | KL 0.0133 | H_fire 0.199 H_ang 0.00 H_ship 3.40 | V_loss 0.4477 | LR 0.000099 | early_stop=0 | fire[0]=0.31 fire[rest_max]=0.65 srcs_multi=4.99 ship0=0.00 meanshipbin=15.7 avgfleet=112.9 p90fleet=231.7 | Vμ=+0.071 Vσ=1.511 Rμ=+0.070 Rσ=1.648 Aσ=0.695 rewμ=+0.0056 rewσ=0.1287 rewNZ=0.423 featσ[p/f/g/pw]=0.447/0.358/0.439/0.404
iter   322 | steps  10,551,296 | SPS     639 | r_p0 +0.062 r_p1 +0.423 | clip_frac 0.292(fire:0.005) | KL 0.0141 | H_fire 0.210 H_ang 0.00 H_ship 3.40 | V_loss 0.5952 | LR 0.000099 | early_stop=0 | fire[0]=0.32 fire[rest_max]=0.63 srcs_multi=5.14 ship0=0.00 meanshipbin=16.9 avgfleet=107.9 p90fleet=227.1 | Vμ=-0.028 Vσ=1.563 Rμ=-0.079 Rσ=1.735 Aσ=0.797 rewμ=+0.0039 rewσ=0.1297 rewNZ=0.449 featσ[p/f/g/pw]=0.450/0.374/0.438/0.406
iter   323 | steps  10,584,064 | SPS     639 | r_p0 -0.126 r_p1 +0.611 | clip_frac 0.292(fire:0.004) | KL 0.0139 | H_fire 0.187 H_ang 0.00 H_ship 3.40 | V_loss 0.4098 | LR 0.000099 | early_stop=0 | fire[0]=0.30 fire[rest_max]=0.66 srcs_multi=4.90 ship0=0.00 meanshipbin=19.5 avgfleet=108.5 p90fleet=219.7 | Vμ=+0.263 Vσ=1.688 Rμ=+0.248 Rσ=1.785 Aσ=0.660 rewμ=+0.0077 rewσ=0.1350 rewNZ=0.403 featσ[p/f/g/pw]=0.450/0.380/0.439/0.399
iter   324 | steps  10,616,832 | SPS     639 | r_p0 +0.074 r_p1 +0.410 | clip_frac 0.293(fire:0.006) | KL 0.0167 | H_fire 0.193 H_ang 0.00 H_ship 3.40 | V_loss 0.5864 | LR 0.000099 | early_stop=0 | fire[0]=0.31 fire[rest_max]=0.66 srcs_multi=4.95 ship0=0.00 meanshipbin=18.6 avgfleet=110.0 p90fleet=242.5 | Vμ=+0.028 Vσ=1.598 Rμ=-0.015 Rσ=1.712 Aσ=0.791 rewμ=+0.0056 rewσ=0.1376 rewNZ=0.421 featσ[p/f/g/pw]=0.449/0.359/0.441/0.403
iter   325 | steps  10,649,600 | SPS     639 | r_p0 +0.137 r_p1 +0.344 | clip_frac 0.294(fire:0.005) | KL 0.0165 | H_fire 0.201 H_ang 0.00 H_ship 3.40 | V_loss 0.4503 | LR 0.000099 | early_stop=0 | fire[0]=0.30 fire[rest_max]=0.62 srcs_multi=4.98 ship0=0.00 meanshipbin=19.4 avgfleet=107.8 p90fleet=228.6 | Vμ=+0.323 Vσ=1.712 Rμ=+0.220 Rσ=1.808 Aσ=0.688 rewμ=+0.0064 rewσ=0.1353 rewNZ=0.424 featσ[p/f/g/pw]=0.449/0.358/0.439/0.405
iter   326 | steps  10,682,368 | SPS     639 | r_p0 +0.069 r_p1 +0.413 | clip_frac 0.294(fire:0.005) | KL 0.0130 | H_fire 0.206 H_ang 0.00 H_ship 3.40 | V_loss 0.4736 | LR 0.000099 | early_stop=0 | fire[0]=0.29 fire[rest_max]=0.60 srcs_multi=4.74 ship0=0.00 meanshipbin=20.7 avgfleet=116.8 p90fleet=235.2 | Vμ=+0.250 Vσ=1.650 Rμ=+0.211 Rσ=1.758 Aσ=0.710 rewμ=+0.0057 rewσ=0.1319 rewNZ=0.421 featσ[p/f/g/pw]=0.449/0.361/0.440/0.401
iter   327 | steps  10,715,136 | SPS     639 | r_p0 +0.145 r_p1 +0.340 | clip_frac 0.295(fire:0.004) | KL 0.0145 | H_fire 0.178 H_ang 0.00 H_ship 3.41 | V_loss 0.5306 | LR 0.000099 | early_stop=0 | fire[0]=0.27 fire[rest_max]=0.62 srcs_multi=4.33 ship0=0.00 meanshipbin=27.4 avgfleet=116.6 p90fleet=240.1 | Vμ=-0.075 Vσ=1.503 Rμ=-0.057 Rσ=1.658 Aσ=0.758 rewμ=+0.0057 rewσ=0.1302 rewNZ=0.377 featσ[p/f/g/pw]=0.448/0.347/0.435/0.396
iter   328 | steps  10,747,904 | SPS     639 | r_p0 +0.066 r_p1 +0.415 | clip_frac 0.294(fire:0.004) | KL 0.0132 | H_fire 0.195 H_ang 0.00 H_ship 3.40 | V_loss 0.4561 | LR 0.000099 | early_stop=0 | fire[0]=0.28 fire[rest_max]=0.61 srcs_multi=4.53 ship0=0.00 meanshipbin=27.3 avgfleet=118.7 p90fleet=241.1 | Vμ=+0.155 Vσ=1.539 Rμ=+0.175 Rσ=1.721 Aσ=0.704 rewμ=+0.0068 rewσ=0.1305 rewNZ=0.409 featσ[p/f/g/pw]=0.446/0.349/0.440/0.404
iter   329 | steps  10,780,672 | SPS     639 | r_p0 -0.038 r_p1 +0.519 | clip_frac 0.295(fire:0.005) | KL 0.0144 | H_fire 0.195 H_ang 0.00 H_ship 3.41 | V_loss 0.3649 | LR 0.000099 | early_stop=0 | fire[0]=0.30 fire[rest_max]=0.66 srcs_multi=4.94 ship0=0.00 meanshipbin=24.6 avgfleet=111.6 p90fleet=232.9 | Vμ=-0.145 Vσ=1.533 Rμ=-0.153 Rσ=1.659 Aσ=0.625 rewμ=+0.0031 rewσ=0.1297 rewNZ=0.410 featσ[p/f/g/pw]=0.448/0.366/0.441/0.394
iter   330 | steps  10,813,440 | SPS     639 | r_p0 -0.127 r_p1 +0.614 | clip_frac 0.295(fire:0.008) | KL 0.0195 | H_fire 0.166 H_ang 0.00 H_ship 3.40 | V_loss 0.6160 | LR 0.000099 | early_stop=0 | fire[0]=0.29 fire[rest_max]=0.66 srcs_multi=4.43 ship0=0.00 meanshipbin=24.6 avgfleet=104.7 p90fleet=236.4 | Vμ=-0.150 Vσ=1.534 Rμ=-0.174 Rσ=1.745 Aσ=0.812 rewμ=+0.0036 rewσ=0.1413 rewNZ=0.400 featσ[p/f/g/pw]=0.447/0.357/0.432/0.382
iter   331 | steps  10,846,208 | SPS     639 | r_p0 -0.259 r_p1 +0.746 | clip_frac 0.295(fire:0.006) | KL 0.0158 | H_fire 0.167 H_ang 0.00 H_ship 3.41 | V_loss 0.4733 | LR 0.000099 | early_stop=0 | fire[0]=0.30 fire[rest_max]=0.67 srcs_multi=4.53 ship0=0.00 meanshipbin=24.7 avgfleet=101.5 p90fleet=217.5 | Vμ=-0.285 Vσ=1.523 Rμ=-0.343 Rσ=1.674 Aσ=0.710 rewμ=+0.0014 rewσ=0.1384 rewNZ=0.391 featσ[p/f/g/pw]=0.447/0.354/0.429/0.376
iter   332 | steps  10,878,976 | SPS     639 | r_p0 -0.321 r_p1 +0.806 | clip_frac 0.297(fire:0.004) | KL 0.0136 | H_fire 0.195 H_ang 0.00 H_ship 3.39 | V_loss 0.4448 | LR 0.000099 | early_stop=0 | fire[0]=0.32 fire[rest_max]=0.68 srcs_multi=5.21 ship0=0.00 meanshipbin=24.4 avgfleet=109.4 p90fleet=232.2 | Vμ=+0.512 Vσ=1.703 Rμ=+0.454 Rσ=1.824 Aσ=0.692 rewμ=+0.0094 rewσ=0.1343 rewNZ=0.426 featσ[p/f/g/pw]=0.445/0.339/0.441/0.412
iter   333 | steps  10,911,744 | SPS     639 | r_p0 -0.332 r_p1 +0.815 | clip_frac 0.297(fire:0.006) | KL 0.0152 | H_fire 0.159 H_ang 0.00 H_ship 3.40 | V_loss 0.6131 | LR 0.000099 | early_stop=0 | fire[0]=0.29 fire[rest_max]=0.70 srcs_multi=4.49 ship0=0.00 meanshipbin=24.8 avgfleet=114.2 p90fleet=246.4 | Vμ=-0.436 Vσ=1.611 Rμ=-0.522 Rσ=1.782 Aσ=0.817 rewμ=+0.0006 rewσ=0.1344 rewNZ=0.390 featσ[p/f/g/pw]=0.450/0.364/0.432/0.397
iter   334 | steps  10,944,512 | SPS     639 | r_p0 -0.346 r_p1 +0.826 | clip_frac 0.300(fire:0.006) | KL 0.0175 | H_fire 0.221 H_ang 0.00 H_ship 3.39 | V_loss 0.5939 | LR 0.000099 | early_stop=0 | fire[0]=0.37 fire[rest_max]=0.69 srcs_multi=6.29 ship0=0.00 meanshipbin=24.7 avgfleet=105.7 p90fleet=236.5 | Vμ=+0.447 Vσ=1.677 Rμ=+0.345 Rσ=1.808 Aσ=0.793 rewμ=+0.0090 rewσ=0.1418 rewNZ=0.482 featσ[p/f/g/pw]=0.447/0.370/0.446/0.416
iter   335 | steps  10,977,280 | SPS     639 | r_p0 -0.248 r_p1 +0.727 | clip_frac 0.300(fire:0.006) | KL 0.0145 | H_fire 0.157 H_ang 0.00 H_ship 3.40 | V_loss 0.5746 | LR 0.000099 | early_stop=0 | fire[0]=0.30 fire[rest_max]=0.69 srcs_multi=4.65 ship0=0.00 meanshipbin=24.2 avgfleet=101.9 p90fleet=217.7 | Vμ=-0.262 Vσ=1.685 Rμ=-0.240 Rσ=1.907 Aσ=0.786 rewμ=+0.0041 rewσ=0.1420 rewNZ=0.385 featσ[p/f/g/pw]=0.446/0.365/0.429/0.380
iter   336 | steps  11,010,048 | SPS     639 | r_p0 -0.169 r_p1 +0.656 | clip_frac 0.302(fire:0.005) | KL 0.0183 | H_fire 0.206 H_ang 0.00 H_ship 3.39 | V_loss 0.5021 | LR 0.000099 | early_stop=0 | fire[0]=0.34 fire[rest_max]=0.66 srcs_multi=5.61 ship0=0.00 meanshipbin=24.3 avgfleet=103.8 p90fleet=228.1 | Vμ=+0.384 Vσ=1.685 Rμ=+0.283 Rσ=1.770 Aσ=0.727 rewμ=+0.0077 rewσ=0.1403 rewNZ=0.447 featσ[p/f/g/pw]=0.444/0.370/0.442/0.398
  saved checkpoints/torch_step_11010048_rev38_20260605_181635.pt
  saved checkpoints/pool_step_11010048_rev38_20260605_181635.pt (21 members)
  pool snapshot @ step 11,010,048
  pool size=22  alpha=2.0
    self                 self_step_9961472              wr=0.37 (n=75)  pfsp_w=0.393
    self                 self_step_7340032              wr=0.43 (n=429)  pfsp_w=0.321
    self                 self_step_8388608              wr=0.45 (n=346)  pfsp_w=0.308
    self                 self_step_5767168              wr=0.46 (n=813)  pfsp_w=0.288
    self                 self_step_6291456              wr=0.46 (n=766)  pfsp_w=0.286
    self                 self_step_5242880              wr=0.47 (n=845)  pfsp_w=0.286
    self                 self_step_6815744              wr=0.47 (n=805)  pfsp_w=0.276
    self                 self_step_3145728              wr=0.48 (n=2221)  pfsp_w=0.274
iter   337 | steps  11,042,816 | SPS     639 | r_p0 -0.091 r_p1 +0.582 | clip_frac 0.302(fire:0.007) | KL 0.0190 | H_fire 0.178 H_ang 0.00 H_ship 3.38 | V_loss 0.4795 | LR 0.000099 | early_stop=0 | fire[0]=0.30 fire[rest_max]=0.62 srcs_multi=4.66 ship0=0.00 meanshipbin=24.6 avgfleet=102.0 p90fleet=221.9 | Vμ=+0.174 Vσ=1.799 Rμ=+0.057 Rσ=1.915 Aσ=0.711 rewμ=+0.0054 rewσ=0.1386 rewNZ=0.403 featσ[p/f/g/pw]=0.444/0.352/0.433/0.387
iter   338 | steps  11,075,584 | SPS     639 | r_p0 +0.273 r_p1 +0.214 | clip_frac 0.303(fire:0.007) | KL 0.0176 | H_fire 0.195 H_ang 0.00 H_ship 3.39 | V_loss 0.5449 | LR 0.000099 | early_stop=0 | fire[0]=0.32 fire[rest_max]=0.62 srcs_multi=5.16 ship0=0.00 meanshipbin=24.4 avgfleet=104.4 p90fleet=220.4 | Vμ=+0.213 Vσ=1.815 Rμ=+0.169 Rσ=1.928 Aσ=0.762 rewμ=+0.0052 rewσ=0.1375 rewNZ=0.423 featσ[p/f/g/pw]=0.446/0.353/0.435/0.390
iter   339 | steps  11,108,352 | SPS     639 | r_p0 +0.323 r_p1 +0.163 | clip_frac 0.302(fire:0.005) | KL 0.0103 | H_fire 0.167 H_ang 0.00 H_ship 3.41 | V_loss 0.4560 | LR 0.000099 | early_stop=0 | fire[0]=0.26 fire[rest_max]=0.63 srcs_multi=4.34 ship0=0.00 meanshipbin=24.2 avgfleet=109.6 p90fleet=229.4 | Vμ=-0.213 Vσ=1.553 Rμ=-0.178 Rσ=1.691 Aσ=0.696 rewμ=+0.0056 rewσ=0.1318 rewNZ=0.363 featσ[p/f/g/pw]=0.445/0.348/0.434/0.383
iter   340 | steps  11,141,120 | SPS     639 | r_p0 +0.015 r_p1 +0.472 | clip_frac 0.301(fire:0.006) | KL 0.0137 | H_fire 0.166 H_ang 0.00 H_ship 3.40 | V_loss 0.3895 | LR 0.000099 | early_stop=0 | fire[0]=0.26 fire[rest_max]=0.63 srcs_multi=4.31 ship0=0.00 meanshipbin=25.1 avgfleet=110.9 p90fleet=236.3 | Vμ=-0.244 Vσ=1.488 Rμ=-0.225 Rσ=1.616 Aσ=0.647 rewμ=+0.0040 rewσ=0.1317 rewNZ=0.359 featσ[p/f/g/pw]=0.445/0.347/0.433/0.376
iter   341 | steps  11,173,888 | SPS     639 | r_p0 -0.139 r_p1 +0.620 | clip_frac 0.301(fire:0.006) | KL 0.0147 | H_fire 0.166 H_ang 0.00 H_ship 3.40 | V_loss 0.4290 | LR 0.000099 | early_stop=0 | fire[0]=0.25 fire[rest_max]=0.58 srcs_multi=3.95 ship0=0.00 meanshipbin=25.2 avgfleet=102.5 p90fleet=213.4 | Vμ=-0.337 Vσ=1.594 Rμ=-0.323 Rσ=1.723 Aσ=0.674 rewμ=+0.0024 rewσ=0.1320 rewNZ=0.372 featσ[p/f/g/pw]=0.445/0.373/0.426/0.374
iter   342 | steps  11,206,656 | SPS     639 | r_p0 -0.225 r_p1 +0.704 | clip_frac 0.301(fire:0.004) | KL 0.0121 | H_fire 0.225 H_ang 0.00 H_ship 3.39 | V_loss 0.4769 | LR 0.000099 | early_stop=0 | fire[0]=0.30 fire[rest_max]=0.62 srcs_multi=5.52 ship0=0.00 meanshipbin=25.5 avgfleet=106.1 p90fleet=229.9 | Vμ=+0.392 Vσ=1.641 Rμ=+0.351 Rσ=1.764 Aσ=0.715 rewμ=+0.0085 rewσ=0.1358 rewNZ=0.442 featσ[p/f/g/pw]=0.441/0.352/0.441/0.403
iter   343 | steps  11,239,424 | SPS     639 | r_p0 -0.115 r_p1 +0.593 | clip_frac 0.300(fire:0.003) | KL 0.0094 | H_fire 0.173 H_ang 0.00 H_ship 3.40 | V_loss 0.4035 | LR 0.000099 | early_stop=0 | fire[0]=0.25 fire[rest_max]=0.61 srcs_multi=4.30 ship0=0.00 meanshipbin=25.9 avgfleet=114.4 p90fleet=251.8 | Vμ=-0.151 Vσ=1.489 Rμ=-0.142 Rσ=1.618 Aσ=0.656 rewμ=+0.0057 rewσ=0.1302 rewNZ=0.369 featσ[p/f/g/pw]=0.444/0.346/0.433/0.389
iter   344 | steps  11,272,192 | SPS     639 | r_p0 -0.045 r_p1 +0.529 | clip_frac 0.298(fire:0.004) | KL 0.0095 | H_fire 0.169 H_ang 0.00 H_ship 3.40 | V_loss 0.4046 | LR 0.000099 | early_stop=0 | fire[0]=0.24 fire[rest_max]=0.60 srcs_multi=4.00 ship0=0.00 meanshipbin=26.8 avgfleet=112.0 p90fleet=228.3 | Vμ=-0.319 Vσ=1.556 Rμ=-0.262 Rσ=1.683 Aσ=0.656 rewμ=+0.0037 rewσ=0.1299 rewNZ=0.362 featσ[p/f/g/pw]=0.445/0.332/0.431/0.386
iter   345 | steps  11,304,960 | SPS     639 | r_p0 -0.177 r_p1 +0.661 | clip_frac 0.296(fire:0.003) | KL 0.0113 | H_fire 0.202 H_ang 0.00 H_ship 3.40 | V_loss 0.3554 | LR 0.000099 | early_stop=0 | fire[0]=0.27 fire[rest_max]=0.59 srcs_multi=4.75 ship0=0.00 meanshipbin=27.6 avgfleet=117.9 p90fleet=230.8 | Vμ=+0.388 Vσ=1.706 Rμ=+0.369 Rσ=1.832 Aσ=0.618 rewμ=+0.0082 rewσ=0.1278 rewNZ=0.396 featσ[p/f/g/pw]=0.445/0.339/0.437/0.404
iter   346 | steps  11,337,728 | SPS     639 | r_p0 -0.096 r_p1 +0.576 | clip_frac 0.295(fire:0.004) | KL 0.0112 | H_fire 0.214 H_ang 0.00 H_ship 3.39 | V_loss 0.3865 | LR 0.000099 | early_stop=0 | fire[0]=0.27 fire[rest_max]=0.58 srcs_multi=4.82 ship0=0.00 meanshipbin=27.6 avgfleet=116.1 p90fleet=249.6 | Vμ=+0.470 Vσ=1.755 Rμ=+0.424 Rσ=1.867 Aσ=0.646 rewμ=+0.0074 rewσ=0.1311 rewNZ=0.413 featσ[p/f/g/pw]=0.447/0.348/0.439/0.402
iter   347 | steps  11,370,496 | SPS     639 | r_p0 -0.054 r_p1 +0.532 | clip_frac 0.294(fire:0.003) | KL 0.0083 | H_fire 0.163 H_ang 0.00 H_ship 3.41 | V_loss 0.3338 | LR 0.000099 | early_stop=0 | fire[0]=0.23 fire[rest_max]=0.59 srcs_multi=3.87 ship0=0.00 meanshipbin=26.9 avgfleet=118.4 p90fleet=238.1 | Vμ=-0.093 Vσ=1.569 Rμ=-0.075 Rσ=1.670 Aσ=0.600 rewμ=+0.0047 rewσ=0.1246 rewNZ=0.335 featσ[p/f/g/pw]=0.447/0.335/0.437/0.384
iter   348 | steps  11,403,264 | SPS     639 | r_p0 -0.230 r_p1 +0.709 | clip_frac 0.293(fire:0.006) | KL 0.0171 | H_fire 0.213 H_ang 0.00 H_ship 3.38 | V_loss 0.6363 | LR 0.000099 | early_stop=0 | fire[0]=0.28 fire[rest_max]=0.58 srcs_multi=4.64 ship0=0.00 meanshipbin=27.7 avgfleet=102.1 p90fleet=217.0 | Vμ=+0.558 Vσ=1.795 Rμ=+0.438 Rσ=1.938 Aσ=0.817 rewμ=+0.0088 rewσ=0.1353 rewNZ=0.430 featσ[p/f/g/pw]=0.442/0.327/0.435/0.402
iter   349 | steps  11,436,032 | SPS     639 | r_p0 -0.031 r_p1 +0.515 | clip_frac 0.292(fire:0.003) | KL 0.0119 | H_fire 0.225 H_ang 0.00 H_ship 3.39 | V_loss 0.5305 | LR 0.000099 | early_stop=0 | fire[0]=0.31 fire[rest_max]=0.59 srcs_multi=5.22 ship0=0.00 meanshipbin=27.2 avgfleet=102.9 p90fleet=221.6 | Vμ=+0.412 Vσ=1.768 Rμ=+0.304 Rσ=1.850 Aσ=0.749 rewμ=+0.0063 rewσ=0.1344 rewNZ=0.445 featσ[p/f/g/pw]=0.444/0.361/0.437/0.397
iter   350 | steps  11,468,800 | SPS     639 | r_p0 +0.074 r_p1 +0.412 | clip_frac 0.290(fire:0.005) | KL 0.0121 | H_fire 0.176 H_ang 0.00 H_ship 3.39 | V_loss 0.4736 | LR 0.000099 | early_stop=0 | fire[0]=0.25 fire[rest_max]=0.59 srcs_multi=4.01 ship0=0.00 meanshipbin=27.2 avgfleet=108.0 p90fleet=234.1 | Vμ=+0.062 Vσ=1.657 Rμ=+0.030 Rσ=1.781 Aσ=0.706 rewμ=+0.0053 rewσ=0.1329 rewNZ=0.370 featσ[p/f/g/pw]=0.443/0.328/0.432/0.388
iter   351 | steps  11,501,568 | SPS     639 | r_p0 -0.001 r_p1 +0.484 | clip_frac 0.289(fire:0.005) | KL 0.0123 | H_fire 0.173 H_ang 0.00 H_ship 3.39 | V_loss 0.5711 | LR 0.000099 | early_stop=0 | fire[0]=0.23 fire[rest_max]=0.55 srcs_multi=3.51 ship0=0.00 meanshipbin=26.7 avgfleet=101.7 p90fleet=219.2 | Vμ=-0.200 Vσ=1.669 Rμ=-0.206 Rσ=1.827 Aσ=0.753 rewμ=+0.0041 rewσ=0.1344 rewNZ=0.376 featσ[p/f/g/pw]=0.446/0.349/0.428/0.389
iter   352 | steps  11,534,336 | SPS     639 | r_p0 -0.180 r_p1 +0.661 | clip_frac 0.287(fire:0.004) | KL 0.0087 | H_fire 0.170 H_ang 0.00 H_ship 3.41 | V_loss 0.3750 | LR 0.000099 | early_stop=0 | fire[0]=0.24 fire[rest_max]=0.58 srcs_multi=3.99 ship0=0.00 meanshipbin=24.7 avgfleet=110.7 p90fleet=234.8 | Vμ=-0.160 Vσ=1.628 Rμ=-0.112 Rσ=1.765 Aσ=0.633 rewμ=+0.0023 rewσ=0.1274 rewNZ=0.350 featσ[p/f/g/pw]=0.447/0.359/0.432/0.380
  saved checkpoints/torch_step_11534336_rev38_20260605_181635.pt
  saved checkpoints/pool_step_11534336_rev38_20260605_181635.pt (22 members)
  pool snapshot @ step 11,534,336
  pool size=23  alpha=2.0
    self                 self_step_9961472              wr=0.37 (n=75)  pfsp_w=0.393
    self                 self_step_10485760             wr=0.39 (n=119)  pfsp_w=0.376
    self                 self_step_5242880              wr=0.45 (n=1035)  pfsp_w=0.302
    self                 self_step_8388608              wr=0.45 (n=427)  pfsp_w=0.300
    self                 self_step_6815744              wr=0.46 (n=885)  pfsp_w=0.289
    self                 self_step_5767168              wr=0.46 (n=813)  pfsp_w=0.288
    self                 self_step_6291456              wr=0.46 (n=766)  pfsp_w=0.286
    self                 self_step_3145728              wr=0.47 (n=2301)  pfsp_w=0.279
iter   353 | steps  11,567,104 | SPS     639 | r_p0 -0.255 r_p1 +0.737 | clip_frac 0.286(fire:0.006) | KL 0.0147 | H_fire 0.189 H_ang 0.00 H_ship 3.37 | V_loss 0.5006 | LR 0.000099 | early_stop=0 | fire[0]=0.27 fire[rest_max]=0.57 srcs_multi=4.30 ship0=0.00 meanshipbin=20.1 avgfleet=108.6 p90fleet=236.7 | Vμ=+0.491 Vσ=1.773 Rμ=+0.492 Rσ=1.941 Aσ=0.721 rewμ=+0.0095 rewσ=0.1404 rewNZ=0.402 featσ[p/f/g/pw]=0.444/0.334/0.436/0.389
iter   354 | steps  11,599,872 | SPS     639 | r_p0 -0.068 r_p1 +0.551 | clip_frac 0.284(fire:0.005) | KL 0.0119 | H_fire 0.168 H_ang 0.00 H_ship 3.40 | V_loss 0.4461 | LR 0.000099 | early_stop=0 | fire[0]=0.23 fire[rest_max]=0.56 srcs_multi=3.60 ship0=0.00 meanshipbin=19.4 avgfleet=101.9 p90fleet=210.0 | Vμ=-0.240 Vσ=1.706 Rμ=-0.208 Rσ=1.838 Aσ=0.687 rewμ=+0.0041 rewσ=0.1296 rewNZ=0.357 featσ[p/f/g/pw]=0.444/0.364/0.427/0.379
iter   355 | steps  11,632,640 | SPS     639 | r_p0 +0.059 r_p1 +0.424 | clip_frac 0.283(fire:0.004) | KL 0.0091 | H_fire 0.219 H_ang 0.00 H_ship 3.38 | V_loss 0.5209 | LR 0.000099 | early_stop=0 | fire[0]=0.30 fire[rest_max]=0.61 srcs_multi=5.35 ship0=0.00 meanshipbin=19.3 avgfleet=111.2 p90fleet=247.1 | Vμ=+0.563 Vσ=1.788 Rμ=+0.508 Rσ=1.864 Aσ=0.741 rewμ=+0.0090 rewσ=0.1369 rewNZ=0.432 featσ[p/f/g/pw]=0.441/0.340/0.445/0.401
iter   356 | steps  11,665,408 | SPS     639 | r_p0 +0.034 r_p1 +0.447 | clip_frac 0.282(fire:0.005) | KL 0.0150 | H_fire 0.216 H_ang 0.00 H_ship 3.38 | V_loss 0.5470 | LR 0.000099 | early_stop=0 | fire[0]=0.29 fire[rest_max]=0.55 srcs_multi=4.76 ship0=0.00 meanshipbin=18.1 avgfleet=105.4 p90fleet=242.3 | Vμ=+0.567 Vσ=1.855 Rμ=+0.561 Rσ=1.971 Aσ=0.757 rewμ=+0.0091 rewσ=0.1400 rewNZ=0.447 featσ[p/f/g/pw]=0.441/0.331/0.435/0.399
iter   357 | steps  11,698,176 | SPS     639 | r_p0 +0.025 r_p1 +0.456 | clip_frac 0.282(fire:0.005) | KL 0.0172 | H_fire 0.247 H_ang 0.00 H_ship 3.38 | V_loss 0.5206 | LR 0.000099 | early_stop=0 | fire[0]=0.31 fire[rest_max]=0.56 srcs_multi=5.26 ship0=0.00 meanshipbin=18.3 avgfleet=104.1 p90fleet=217.8 | Vμ=+0.595 Vσ=1.736 Rμ=+0.554 Rσ=1.839 Aσ=0.744 rewμ=+0.0093 rewσ=0.1399 rewNZ=0.475 featσ[p/f/g/pw]=0.445/0.350/0.443/0.409
iter   358 | steps  11,730,944 | SPS     639 | r_p0 -0.031 r_p1 +0.515 | clip_frac 0.282(fire:0.004) | KL 0.0123 | H_fire 0.241 H_ang 0.00 H_ship 3.39 | V_loss 0.4428 | LR 0.000099 | early_stop=0 | fire[0]=0.29 fire[rest_max]=0.55 srcs_multi=4.81 ship0=0.00 meanshipbin=19.6 avgfleet=113.8 p90fleet=250.0 | Vμ=+0.424 Vσ=1.726 Rμ=+0.418 Rσ=1.839 Aσ=0.671 rewμ=+0.0081 rewσ=0.1364 rewNZ=0.463 featσ[p/f/g/pw]=0.447/0.354/0.444/0.415
iter   359 | steps  11,763,712 | SPS     639 | r_p0 +0.040 r_p1 +0.439 | clip_frac 0.281(fire:0.004) | KL 0.0172 | H_fire 0.244 H_ang 0.00 H_ship 3.38 | V_loss 0.5481 | LR 0.000099 | early_stop=0 | fire[0]=0.31 fire[rest_max]=0.57 srcs_multi=5.47 ship0=0.00 meanshipbin=19.4 avgfleet=108.2 p90fleet=237.1 | Vμ=+0.692 Vσ=1.691 Rμ=+0.794 Rσ=1.845 Aσ=0.763 rewμ=+0.0120 rewσ=0.1348 rewNZ=0.470 featσ[p/f/g/pw]=0.444/0.358/0.445/0.407
iter   360 | steps  11,796,480 | SPS     639 | r_p0 -0.247 r_p1 +0.732 | clip_frac 0.277(fire:0.004) | KL 0.0105 | H_fire 0.137 H_ang 0.00 H_ship 3.40 | V_loss 0.5077 | LR 0.000099 | early_stop=0 | fire[0]=0.22 fire[rest_max]=0.58 srcs_multi=3.31 ship0=0.00 meanshipbin=18.7 avgfleet=109.3 p90fleet=242.3 | Vμ=-0.117 Vσ=1.705 Rμ=-0.053 Rσ=1.846 Aσ=0.734 rewμ=+0.0033 rewσ=0.1355 rewNZ=0.317 featσ[p/f/g/pw]=0.446/0.339/0.428/0.365
iter   361 | steps  11,829,248 | SPS     639 | r_p0 -0.433 r_p1 +0.923 | clip_frac 0.274(fire:0.005) | KL 0.0138 | H_fire 0.200 H_ang 0.00 H_ship 3.39 | V_loss 0.5225 | LR 0.000099 | early_stop=0 | fire[0]=0.26 fire[rest_max]=0.57 srcs_multi=4.45 ship0=0.00 meanshipbin=18.1 avgfleet=100.9 p90fleet=216.6 | Vμ=+0.566 Vσ=1.755 Rμ=+0.542 Rσ=1.880 Aσ=0.741 rewμ=+0.0097 rewσ=0.1374 rewNZ=0.417 featσ[p/f/g/pw]=0.444/0.354/0.435/0.398
iter   362 | steps  11,862,016 | SPS     639 | r_p0 -0.278 r_p1 +0.766 | clip_frac 0.272(fire:0.003) | KL 0.0116 | H_fire 0.207 H_ang 0.00 H_ship 3.41 | V_loss 0.4350 | LR 0.000099 | early_stop=0 | fire[0]=0.27 fire[rest_max]=0.58 srcs_multi=4.82 ship0=0.00 meanshipbin=18.8 avgfleet=115.6 p90fleet=238.6 | Vμ=+0.072 Vσ=1.663 Rμ=+0.096 Rσ=1.799 Aσ=0.680 rewμ=+0.0047 rewσ=0.1270 rewNZ=0.407 featσ[p/f/g/pw]=0.448/0.362/0.446/0.397
iter   363 | steps  11,894,784 | SPS     639 | r_p0 -0.121 r_p1 +0.606 | clip_frac 0.272(fire:0.005) | KL 0.0148 | H_fire 0.189 H_ang 0.00 H_ship 3.40 | V_loss 0.5357 | LR 0.000099 | early_stop=0 | fire[0]=0.26 fire[rest_max]=0.62 srcs_multi=4.71 ship0=0.00 meanshipbin=18.4 avgfleet=119.1 p90fleet=253.6 | Vμ=+0.197 Vσ=1.685 Rμ=+0.224 Rσ=1.783 Aσ=0.758 rewμ=+0.0063 rewσ=0.1348 rewNZ=0.387 featσ[p/f/g/pw]=0.444/0.337/0.442/0.393
iter   364 | steps  11,927,552 | SPS     639 | r_p0 +0.030 r_p1 +0.452 | clip_frac 0.272(fire:0.006) | KL 0.0137 | H_fire 0.191 H_ang 0.00 H_ship 3.40 | V_loss 0.4897 | LR 0.000099 | early_stop=0 | fire[0]=0.25 fire[rest_max]=0.61 srcs_multi=4.47 ship0=0.00 meanshipbin=16.9 avgfleet=111.7 p90fleet=238.8 | Vμ=+0.505 Vσ=1.824 Rμ=+0.486 Rσ=1.926 Aσ=0.721 rewμ=+0.0086 rewσ=0.1309 rewNZ=0.385 featσ[p/f/g/pw]=0.445/0.360/0.433/0.390
iter   365 | steps  11,960,320 | SPS     639 | r_p0 +0.136 r_p1 +0.347 | clip_frac 0.271(fire:0.005) | KL 0.0130 | H_fire 0.180 H_ang 0.00 H_ship 3.40 | V_loss 0.4956 | LR 0.000099 | early_stop=0 | fire[0]=0.25 fire[rest_max]=0.60 srcs_multi=4.32 ship0=0.00 meanshipbin=16.4 avgfleet=106.6 p90fleet=228.1 | Vμ=+0.107 Vσ=1.712 Rμ=+0.123 Rσ=1.826 Aσ=0.725 rewμ=+0.0062 rewσ=0.1319 rewNZ=0.377 featσ[p/f/g/pw]=0.443/0.348/0.434/0.379
iter   366 | steps  11,993,088 | SPS     639 | r_p0 +0.032 r_p1 +0.453 | clip_frac 0.269(fire:0.005) | KL 0.0153 | H_fire 0.209 H_ang 0.00 H_ship 3.38 | V_loss 0.4690 | LR 0.000099 | early_stop=0 | fire[0]=0.27 fire[rest_max]=0.59 srcs_multi=4.90 ship0=0.00 meanshipbin=19.0 avgfleet=105.6 p90fleet=228.2 | Vμ=+0.618 Vσ=1.888 Rμ=+0.548 Rσ=1.985 Aσ=0.709 rewμ=+0.0084 rewσ=0.1396 rewNZ=0.425 featσ[p/f/g/pw]=0.444/0.347/0.438/0.398
iter   367 | steps  12,025,856 | SPS     639 | r_p0 +0.034 r_p1 +0.451 | clip_frac 0.268(fire:0.004) | KL 0.0099 | H_fire 0.171 H_ang 0.00 H_ship 3.41 | V_loss 0.3817 | LR 0.000099 | early_stop=0 | fire[0]=0.21 fire[rest_max]=0.60 srcs_multi=3.89 ship0=0.00 meanshipbin=21.9 avgfleet=107.0 p90fleet=223.9 | Vμ=-0.189 Vσ=1.671 Rμ=-0.188 Rσ=1.778 Aσ=0.635 rewμ=+0.0030 rewσ=0.1296 rewNZ=0.360 featσ[p/f/g/pw]=0.448/0.377/0.431/0.382
iter   368 | steps  12,058,624 | SPS     639 | r_p0 -0.060 r_p1 +0.546 | clip_frac 0.267(fire:0.004) | KL 0.0129 | H_fire 0.236 H_ang 0.00 H_ship 3.38 | V_loss 0.5055 | LR 0.000099 | early_stop=0 | fire[0]=0.31 fire[rest_max]=0.61 srcs_multi=5.69 ship0=0.00 meanshipbin=21.8 avgfleet=103.4 p90fleet=226.4 | Vμ=+0.771 Vσ=1.808 Rμ=+0.787 Rσ=1.943 Aσ=0.733 rewμ=+0.0121 rewσ=0.1405 rewNZ=0.465 featσ[p/f/g/pw]=0.443/0.355/0.445/0.403
  saved checkpoints/torch_step_12058624_rev38_20260605_181635.pt
  saved checkpoints/pool_step_12058624_rev38_20260605_181635.pt (23 members)
  pool snapshot @ step 12,058,624
  pool size=24  alpha=2.0
    self                 self_step_9961472              wr=0.41 (n=132)  pfsp_w=0.349
    self                 self_step_5242880              wr=0.45 (n=1271)  pfsp_w=0.307
    self                 self_step_6815744              wr=0.45 (n=1045)  pfsp_w=0.300
    self                 self_step_5767168              wr=0.46 (n=813)  pfsp_w=0.288
    self                 self_step_6291456              wr=0.46 (n=766)  pfsp_w=0.286
    self                 self_step_3145728              wr=0.47 (n=2301)  pfsp_w=0.279
    self                 self_step_10485760             wr=0.48 (n=239)  pfsp_w=0.274
    self                 self_step_524288               wr=0.48 (n=3484)  pfsp_w=0.270
iter   369 | steps  12,091,392 | SPS     639 | r_p0 -0.127 r_p1 +0.610 | clip_frac 0.268(fire:0.004) | KL 0.0137 | H_fire 0.253 H_ang 0.00 H_ship 3.39 | V_loss 0.4089 | LR 0.000099 | early_stop=0 | fire[0]=0.32 fire[rest_max]=0.60 srcs_multi=6.07 ship0=0.00 meanshipbin=22.3 avgfleet=106.5 p90fleet=228.8 | Vμ=+0.794 Vσ=1.727 Rμ=+0.786 Rσ=1.852 Aσ=0.656 rewμ=+0.0107 rewσ=0.1386 rewNZ=0.480 featσ[p/f/g/pw]=0.443/0.345/0.448/0.413
iter   370 | steps  12,124,160 | SPS     639 | r_p0 -0.362 r_p1 +0.850 | clip_frac 0.267(fire:0.005) | KL 0.0156 | H_fire 0.214 H_ang 0.00 H_ship 3.40 | V_loss 0.5173 | LR 0.000099 | early_stop=0 | fire[0]=0.28 fire[rest_max]=0.60 srcs_multi=5.05 ship0=0.00 meanshipbin=23.2 avgfleet=102.7 p90fleet=221.1 | Vμ=+0.767 Vσ=1.773 Rμ=+0.746 Rσ=1.868 Aσ=0.742 rewμ=+0.0122 rewσ=0.1345 rewNZ=0.415 featσ[p/f/g/pw]=0.440/0.325/0.444/0.399
iter   371 | steps  12,156,928 | SPS     639 | r_p0 -0.307 r_p1 +0.796 | clip_frac 0.266(fire:0.004) | KL 0.0129 | H_fire 0.215 H_ang 0.00 H_ship 3.40 | V_loss 0.4902 | LR 0.000099 | early_stop=0 | fire[0]=0.26 fire[rest_max]=0.60 srcs_multi=4.91 ship0=0.00 meanshipbin=20.3 avgfleet=100.9 p90fleet=204.9 | Vμ=+0.569 Vσ=1.884 Rμ=+0.495 Rσ=1.966 Aσ=0.722 rewμ=+0.0084 rewσ=0.1316 rewNZ=0.427 featσ[p/f/g/pw]=0.444/0.348/0.434/0.396
iter   372 | steps  12,189,696 | SPS     639 | r_p0 -0.075 r_p1 +0.564 | clip_frac 0.264(fire:0.003) | KL 0.0103 | H_fire 0.170 H_ang 0.00 H_ship 3.41 | V_loss 0.4114 | LR 0.000099 | early_stop=0 | fire[0]=0.24 fire[rest_max]=0.60 srcs_multi=4.26 ship0=0.00 meanshipbin=21.7 avgfleet=108.2 p90fleet=219.0 | Vμ=+0.093 Vσ=1.744 Rμ=+0.167 Rσ=1.873 Aσ=0.659 rewμ=+0.0056 rewσ=0.1281 rewNZ=0.352 featσ[p/f/g/pw]=0.445/0.334/0.436/0.378
iter   373 | steps  12,222,464 | SPS     639 | r_p0 -0.023 r_p1 +0.508 | clip_frac 0.262(fire:0.004) | KL 0.0110 | H_fire 0.183 H_ang 0.00 H_ship 3.39 | V_loss 0.5780 | LR 0.000099 | early_stop=0 | fire[0]=0.25 fire[rest_max]=0.62 srcs_multi=4.42 ship0=0.00 meanshipbin=22.7 avgfleet=101.5 p90fleet=210.6 | Vμ=+0.377 Vσ=1.838 Rμ=+0.331 Rσ=1.923 Aσ=0.780 rewμ=+0.0076 rewσ=0.1386 rewNZ=0.387 featσ[p/f/g/pw]=0.444/0.356/0.433/0.383
iter   374 | steps  12,255,232 | SPS     639 | r_p0 +0.108 r_p1 +0.378 | clip_frac 0.261(fire:0.003) | KL 0.0109 | H_fire 0.186 H_ang 0.00 H_ship 3.39 | V_loss 0.4456 | LR 0.000099 | early_stop=0 | fire[0]=0.26 fire[rest_max]=0.61 srcs_multi=4.58 ship0=0.00 meanshipbin=22.8 avgfleet=103.5 p90fleet=222.7 | Vμ=+0.481 Vσ=1.911 Rμ=+0.431 Rσ=2.014 Aσ=0.689 rewμ=+0.0074 rewσ=0.1334 rewNZ=0.389 featσ[p/f/g/pw]=0.441/0.336/0.435/0.384
iter   375 | steps  12,288,000 | SPS     639 | r_p0 +0.220 r_p1 +0.267 | clip_frac 0.260(fire:0.004) | KL 0.0112 | H_fire 0.222 H_ang 0.00 H_ship 3.39 | V_loss 0.3704 | LR 0.000099 | early_stop=0 | fire[0]=0.28 fire[rest_max]=0.62 srcs_multi=5.37 ship0=0.00 meanshipbin=22.7 avgfleet=106.1 p90fleet=226.1 | Vμ=+0.607 Vσ=1.901 Rμ=+0.599 Rσ=1.956 Aσ=0.626 rewμ=+0.0091 rewσ=0.1341 rewNZ=0.440 featσ[p/f/g/pw]=0.443/0.343/0.442/0.398
iter   376 | steps  12,320,768 | SPS     639 | r_p0 -0.078 r_p1 +0.564 | clip_frac 0.258(fire:0.005) | KL 0.0102 | H_fire 0.141 H_ang 0.00 H_ship 3.40 | V_loss 0.4752 | LR 0.000099 | early_stop=0 | fire[0]=0.21 fire[rest_max]=0.62 srcs_multi=3.52 ship0=0.00 meanshipbin=25.1 avgfleet=107.4 p90fleet=229.9 | Vμ=-0.165 Vσ=1.614 Rμ=-0.089 Rσ=1.770 Aσ=0.708 rewμ=+0.0031 rewσ=0.1319 rewNZ=0.319 featσ[p/f/g/pw]=0.445/0.351/0.428/0.362
iter   377 | steps  12,353,536 | SPS     639 | r_p0 -0.288 r_p1 +0.778 | clip_frac 0.258(fire:0.005) | KL 0.0138 | H_fire 0.219 H_ang 0.00 H_ship 3.38 | V_loss 0.4771 | LR 0.000099 | early_stop=0 | fire[0]=0.28 fire[rest_max]=0.60 srcs_multi=5.21 ship0=0.00 meanshipbin=26.1 avgfleet=104.9 p90fleet=224.5 | Vμ=+0.620 Vσ=1.858 Rμ=+0.606 Rσ=2.022 Aσ=0.710 rewμ=+0.0097 rewσ=0.1426 rewNZ=0.443 featσ[p/f/g/pw]=0.443/0.336/0.438/0.400
iter   378 | steps  12,386,304 | SPS     639 | r_p0 -0.154 r_p1 +0.643 | clip_frac 0.257(fire:0.005) | KL 0.0138 | H_fire 0.154 H_ang 0.00 H_ship 3.41 | V_loss 0.5048 | LR 0.000099 | early_stop=0 | fire[0]=0.23 fire[rest_max]=0.65 srcs_multi=3.88 ship0=0.00 meanshipbin=25.1 avgfleet=115.4 p90fleet=233.0 | Vμ=+0.016 Vσ=1.805 Rμ=+0.109 Rσ=1.943 Aσ=0.732 rewμ=+0.0059 rewσ=0.1283 rewNZ=0.326 featσ[p/f/g/pw]=0.447/0.322/0.436/0.380
iter   379 | steps  12,419,072 | SPS     639 | r_p0 -0.113 r_p1 +0.600 | clip_frac 0.257(fire:0.005) | KL 0.0124 | H_fire 0.217 H_ang 0.00 H_ship 3.39 | V_loss 0.6873 | LR 0.000099 | early_stop=0 | fire[0]=0.31 fire[rest_max]=0.65 srcs_multi=5.55 ship0=0.00 meanshipbin=23.0 avgfleet=103.9 p90fleet=219.4 | Vμ=+0.545 Vσ=1.877 Rμ=+0.539 Rσ=2.000 Aσ=0.850 rewμ=+0.0096 rewσ=0.1376 rewNZ=0.442 featσ[p/f/g/pw]=0.449/0.360/0.441/0.399
iter   380 | steps  12,451,840 | SPS     639 | r_p0 -0.019 r_p1 +0.508 | clip_frac 0.256(fire:0.003) | KL 0.0081 | H_fire 0.164 H_ang 0.00 H_ship 3.40 | V_loss 0.4616 | LR 0.000099 | early_stop=0 | fire[0]=0.25 fire[rest_max]=0.63 srcs_multi=4.26 ship0=0.00 meanshipbin=21.8 avgfleet=106.0 p90fleet=227.4 | Vμ=+0.015 Vσ=1.676 Rμ=-0.019 Rσ=1.768 Aσ=0.698 rewμ=+0.0048 rewσ=0.1339 rewNZ=0.356 featσ[p/f/g/pw]=0.449/0.366/0.437/0.380
iter   381 | steps  12,484,608 | SPS     639 | r_p0 +0.044 r_p1 +0.443 | clip_frac 0.256(fire:0.003) | KL 0.0104 | H_fire 0.219 H_ang 0.00 H_ship 3.39 | V_loss 0.4028 | LR 0.000099 | early_stop=0 | fire[0]=0.31 fire[rest_max]=0.66 srcs_multi=5.54 ship0=0.00 meanshipbin=23.3 avgfleet=105.7 p90fleet=228.7 | Vμ=+0.627 Vσ=1.809 Rμ=+0.584 Rσ=1.914 Aσ=0.657 rewμ=+0.0094 rewσ=0.1374 rewNZ=0.445 featσ[p/f/g/pw]=0.443/0.347/0.439/0.401
iter   382 | steps  12,517,376 | SPS     639 | r_p0 -0.147 r_p1 +0.631 | clip_frac 0.255(fire:0.004) | KL 0.0090 | H_fire 0.154 H_ang 0.00 H_ship 3.41 | V_loss 0.4090 | LR 0.000099 | early_stop=0 | fire[0]=0.25 fire[rest_max]=0.67 srcs_multi=4.12 ship0=0.00 meanshipbin=18.4 avgfleet=112.9 p90fleet=237.4 | Vμ=-0.101 Vσ=1.655 Rμ=-0.082 Rσ=1.791 Aσ=0.658 rewμ=+0.0032 rewσ=0.1254 rewNZ=0.331 featσ[p/f/g/pw]=0.446/0.358/0.432/0.375
iter   383 | steps  12,550,144 | SPS     639 | r_p0 -0.280 r_p1 +0.762 | clip_frac 0.255(fire:0.003) | KL 0.0086 | H_fire 0.212 H_ang 0.00 H_ship 3.39 | V_loss 0.4347 | LR 0.000099 | early_stop=0 | fire[0]=0.31 fire[rest_max]=0.67 srcs_multi=5.39 ship0=0.00 meanshipbin=17.3 avgfleet=110.4 p90fleet=244.8 | Vμ=+0.590 Vσ=1.822 Rμ=+0.511 Rσ=1.953 Aσ=0.682 rewμ=+0.0087 rewσ=0.1366 rewNZ=0.438 featσ[p/f/g/pw]=0.443/0.344/0.437/0.399
iter   384 | steps  12,582,912 | SPS     639 | r_p0 -0.120 r_p1 +0.605 | clip_frac 0.252(fire:0.003) | KL 0.0111 | H_fire 0.169 H_ang 0.00 H_ship 3.41 | V_loss 0.4144 | LR 0.000099 | early_stop=0 | fire[0]=0.26 fire[rest_max]=0.67 srcs_multi=4.53 ship0=0.00 meanshipbin=15.5 avgfleet=117.6 p90fleet=240.7 | Vμ=-0.079 Vσ=1.593 Rμ=-0.018 Rσ=1.692 Aσ=0.658 rewμ=+0.0042 rewσ=0.1260 rewNZ=0.354 featσ[p/f/g/pw]=0.444/0.349/0.440/0.384
  saved checkpoints/torch_step_12582912_rev38_20260605_181635.pt
  saved checkpoints/pool_step_12582912_rev38_20260605_181635.pt (24 members)
  pool snapshot @ step 12,582,912
  pool size=25  alpha=2.0
    self                 self_step_9437184              wr=0.26 (n=85)  pfsp_w=0.549
    self                 self_step_9961472              wr=0.45 (n=272)  pfsp_w=0.304
    self                 self_step_5242880              wr=0.45 (n=1428)  pfsp_w=0.304
    self                 self_step_6815744              wr=0.45 (n=1045)  pfsp_w=0.300
    self                 self_step_5767168              wr=0.46 (n=813)  pfsp_w=0.288
    self                 self_step_3145728              wr=0.47 (n=2438)  pfsp_w=0.284
    self                 self_step_10485760             wr=0.48 (n=239)  pfsp_w=0.274
    self                 self_step_524288               wr=0.48 (n=3484)  pfsp_w=0.270
iter   385 | steps  12,615,680 | SPS     639 | r_p0 -0.042 r_p1 +0.528 | clip_frac 0.250(fire:0.003) | KL 0.0109 | H_fire 0.148 H_ang 0.00 H_ship 3.41 | V_loss 0.3708 | LR 0.000099 | early_stop=0 | fire[0]=0.23 fire[rest_max]=0.67 srcs_multi=3.84 ship0=0.00 meanshipbin=16.1 avgfleet=127.5 p90fleet=258.1 | Vμ=+0.001 Vσ=1.546 Rμ=+0.038 Rσ=1.639 Aσ=0.628 rewμ=+0.0053 rewσ=0.1226 rewNZ=0.320 featσ[p/f/g/pw]=0.443/0.315/0.439/0.389
iter   386 | steps  12,648,448 | SPS     639 | r_p0 -0.005 r_p1 +0.487 | clip_frac 0.250(fire:0.006) | KL 0.0116 | H_fire 0.202 H_ang 0.00 H_ship 3.41 | V_loss 0.5577 | LR 0.000099 | early_stop=0 | fire[0]=0.28 fire[rest_max]=0.68 srcs_multi=5.14 ship0=0.00 meanshipbin=16.9 avgfleet=118.3 p90fleet=241.6 | Vμ=+0.392 Vσ=1.674 Rμ=+0.425 Rσ=1.783 Aσ=0.773 rewμ=+0.0073 rewσ=0.1232 rewNZ=0.414 featσ[p/f/g/pw]=0.447/0.368/0.437/0.403
iter   387 | steps  12,681,216 | SPS     639 | r_p0 -0.062 r_p1 +0.542 | clip_frac 0.251(fire:0.004) | KL 0.0146 | H_fire 0.228 H_ang 0.00 H_ship 3.40 | V_loss 0.4882 | LR 0.000099 | early_stop=0 | fire[0]=0.31 fire[rest_max]=0.65 srcs_multi=5.69 ship0=0.00 meanshipbin=16.5 avgfleet=111.7 p90fleet=239.7 | Vμ=+0.479 Vσ=1.704 Rμ=+0.436 Rσ=1.777 Aσ=0.716 rewμ=+0.0089 rewσ=0.1314 rewNZ=0.459 featσ[p/f/g/pw]=0.449/0.377/0.444/0.414
iter   388 | steps  12,713,984 | SPS     639 | r_p0 -0.230 r_p1 +0.708 | clip_frac 0.250(fire:0.004) | KL 0.0102 | H_fire 0.174 H_ang 0.00 H_ship 3.41 | V_loss 0.4236 | LR 0.000099 | early_stop=0 | fire[0]=0.25 fire[rest_max]=0.64 srcs_multi=4.43 ship0=0.00 meanshipbin=16.3 avgfleet=117.5 p90fleet=238.5 | Vμ=+0.093 Vσ=1.680 Rμ=+0.138 Rσ=1.762 Aσ=0.671 rewμ=+0.0054 rewσ=0.1258 rewNZ=0.359 featσ[p/f/g/pw]=0.448/0.339/0.442/0.394
iter   389 | steps  12,746,752 | SPS     639 | r_p0 -0.033 r_p1 +0.511 | clip_frac 0.250(fire:0.005) | KL 0.0120 | H_fire 0.165 H_ang 0.00 H_ship 3.40 | V_loss 0.4367 | LR 0.000099 | early_stop=0 | fire[0]=0.25 fire[rest_max]=0.65 srcs_multi=4.06 ship0=0.00 meanshipbin=17.9 avgfleet=116.2 p90fleet=242.6 | Vμ=+0.410 Vσ=1.799 Rμ=+0.403 Rσ=1.873 Aσ=0.679 rewμ=+0.0075 rewσ=0.1327 rewNZ=0.359 featσ[p/f/g/pw]=0.449/0.350/0.435/0.394
iter   390 | steps  12,779,520 | SPS     639 | r_p0 +0.177 r_p1 +0.302 | clip_frac 0.250(fire:0.005) | KL 0.0121 | H_fire 0.202 H_ang 0.00 H_ship 3.40 | V_loss 0.3244 | LR 0.000099 | early_stop=0 | fire[0]=0.26 fire[rest_max]=0.63 srcs_multi=4.80 ship0=0.00 meanshipbin=18.4 avgfleet=113.5 p90fleet=235.6 | Vμ=+0.527 Vσ=1.817 Rμ=+0.502 Rσ=1.900 Aσ=0.586 rewμ=+0.0069 rewσ=0.1233 rewNZ=0.396 featσ[p/f/g/pw]=0.449/0.365/0.436/0.405
iter   391 | steps  12,812,288 | SPS     639 | r_p0 +0.035 r_p1 +0.450 | clip_frac 0.250(fire:0.003) | KL 0.0090 | H_fire 0.167 H_ang 0.00 H_ship 3.42 | V_loss 0.3137 | LR 0.000099 | early_stop=0 | fire[0]=0.25 fire[rest_max]=0.64 srcs_multi=4.41 ship0=0.00 meanshipbin=14.5 avgfleet=119.3 p90fleet=242.0 | Vμ=-0.071 Vσ=1.633 Rμ=-0.052 Rσ=1.733 Aσ=0.577 rewμ=+0.0034 rewσ=0.1250 rewNZ=0.342 featσ[p/f/g/pw]=0.449/0.351/0.442/0.386
iter   392 | steps  12,845,056 | SPS     639 | r_p0 -0.209 r_p1 +0.691 | clip_frac 0.249(fire:0.005) | KL 0.0129 | H_fire 0.144 H_ang 0.00 H_ship 3.41 | V_loss 0.4430 | LR 0.000099 | early_stop=0 | fire[0]=0.22 fire[rest_max]=0.65 srcs_multi=3.54 ship0=0.00 meanshipbin=14.5 avgfleet=117.4 p90fleet=238.9 | Vμ=+0.128 Vσ=1.729 Rμ=+0.159 Rσ=1.869 Aσ=0.684 rewμ=+0.0056 rewσ=0.1239 rewNZ=0.312 featσ[p/f/g/pw]=0.444/0.323/0.433/0.383
iter   393 | steps  12,877,824 | SPS     639 | r_p0 -0.203 r_p1 +0.682 | clip_frac 0.249(fire:0.004) | KL 0.0089 | H_fire 0.173 H_ang 0.00 H_ship 3.41 | V_loss 0.4094 | LR 0.000099 | early_stop=0 | fire[0]=0.26 fire[rest_max]=0.66 srcs_multi=4.35 ship0=0.00 meanshipbin=15.2 avgfleet=123.3 p90fleet=254.0 | Vμ=+0.182 Vσ=1.667 Rμ=+0.188 Rσ=1.777 Aσ=0.657 rewμ=+0.0052 rewσ=0.1245 rewNZ=0.358 featσ[p/f/g/pw]=0.448/0.357/0.436/0.394
iter   394 | steps  12,910,592 | SPS     639 | r_p0 +0.023 r_p1 +0.459 | clip_frac 0.250(fire:0.003) | KL 0.0093 | H_fire 0.188 H_ang 0.00 H_ship 3.40 | V_loss 0.3222 | LR 0.000099 | early_stop=0 | fire[0]=0.29 fire[rest_max]=0.68 srcs_multi=4.84 ship0=0.00 meanshipbin=15.6 avgfleet=117.1 p90fleet=244.5 | Vμ=+0.475 Vσ=1.857 Rμ=+0.425 Rσ=1.915 Aσ=0.587 rewμ=+0.0063 rewσ=0.1302 rewNZ=0.398 featσ[p/f/g/pw]=0.448/0.351/0.438/0.394
iter   395 | steps  12,943,360 | SPS     639 | r_p0 +0.204 r_p1 +0.274 | clip_frac 0.252(fire:0.004) | KL 0.0165 | H_fire 0.226 H_ang 0.00 H_ship 3.40 | V_loss 0.4574 | LR 0.000099 | early_stop=0 | fire[0]=0.31 fire[rest_max]=0.65 srcs_multi=5.55 ship0=0.00 meanshipbin=14.6 avgfleet=105.7 p90fleet=226.8 | Vμ=+0.608 Vσ=1.759 Rμ=+0.484 Rσ=1.791 Aσ=0.693 rewμ=+0.0072 rewσ=0.1321 rewNZ=0.449 featσ[p/f/g/pw]=0.447/0.364/0.439/0.403
iter   396 | steps  12,976,128 | SPS     639 | r_p0 +0.211 r_p1 +0.264 | clip_frac 0.254(fire:0.004) | KL 0.0111 | H_fire 0.263 H_ang 0.00 H_ship 3.40 | V_loss 0.3298 | LR 0.000099 | early_stop=0 | fire[0]=0.32 fire[rest_max]=0.63 srcs_multi=6.07 ship0=0.00 meanshipbin=15.7 avgfleet=106.3 p90fleet=232.2 | Vμ=+0.651 Vσ=1.725 Rμ=+0.601 Rσ=1.790 Aσ=0.587 rewμ=+0.0088 rewσ=0.1334 rewNZ=0.497 featσ[p/f/g/pw]=0.446/0.358/0.447/0.417
iter   397 | steps  13,008,896 | SPS     639 | r_p0 -0.033 r_p1 +0.514 | clip_frac 0.253(fire:0.004) | KL 0.0079 | H_fire 0.137 H_ang 0.00 H_ship 3.41 | V_loss 0.3326 | LR 0.000099 | early_stop=0 | fire[0]=0.21 fire[rest_max]=0.62 srcs_multi=3.15 ship0=0.01 meanshipbin=15.9 avgfleet=111.2 p90fleet=231.8 | Vμ=-0.191 Vσ=1.601 Rμ=-0.223 Rσ=1.678 Aσ=0.593 rewμ=+0.0017 rewσ=0.1246 rewNZ=0.298 featσ[p/f/g/pw]=0.450/0.370/0.428/0.365
iter   398 | steps  13,041,664 | SPS     639 | r_p0 -0.455 r_p1 +0.930 | clip_frac 0.252(fire:0.003) | KL 0.0098 | H_fire 0.141 H_ang 0.00 H_ship 3.40 | V_loss 0.4966 | LR 0.000099 | early_stop=0 | fire[0]=0.24 fire[rest_max]=0.62 srcs_multi=3.53 ship0=0.01 meanshipbin=17.4 avgfleet=111.1 p90fleet=240.0 | Vμ=+0.037 Vσ=1.671 Rμ=+0.090 Rσ=1.838 Aσ=0.725 rewμ=+0.0041 rewσ=0.1308 rewNZ=0.317 featσ[p/f/g/pw]=0.446/0.331/0.430/0.365
iter   399 | steps  13,074,432 | SPS     639 | r_p0 -0.461 r_p1 +0.939 | clip_frac 0.251(fire:0.004) | KL 0.0094 | H_fire 0.194 H_ang 0.00 H_ship 3.41 | V_loss 0.4278 | LR 0.000099 | early_stop=0 | fire[0]=0.27 fire[rest_max]=0.63 srcs_multi=4.69 ship0=0.00 meanshipbin=17.4 avgfleet=114.0 p90fleet=236.2 | Vμ=+0.274 Vσ=1.697 Rμ=+0.240 Rσ=1.805 Aσ=0.672 rewμ=+0.0055 rewσ=0.1274 rewNZ=0.386 featσ[p/f/g/pw]=0.446/0.350/0.439/0.394
iter   400 | steps  13,107,200 | SPS     639 | r_p0 -0.079 r_p1 +0.566 | clip_frac 0.252(fire:0.004) | KL 0.0093 | H_fire 0.206 H_ang 0.00 H_ship 3.39 | V_loss 0.5493 | LR 0.000099 | early_stop=0 | fire[0]=0.31 fire[rest_max]=0.66 srcs_multi=5.30 ship0=0.00 meanshipbin=19.7 avgfleet=103.6 p90fleet=236.2 | Vμ=+0.474 Vσ=1.806 Rμ=+0.493 Rσ=1.880 Aσ=0.772 rewμ=+0.0082 rewσ=0.1356 rewNZ=0.430 featσ[p/f/g/pw]=0.445/0.384/0.435/0.389
  saved checkpoints/torch_step_13107200_rev38_20260605_181635.pt
  saved checkpoints/pool_step_13107200_rev38_20260605_181635.pt (25 members)
  pool snapshot @ step 13,107,200
  pool size=26  alpha=2.0
    self                 self_step_9437184              wr=0.26 (n=85)  pfsp_w=0.549
    self                 self_step_12582912             wr=0.26 (n=69)  pfsp_w=0.546
    self                 self_step_5767168              wr=0.43 (n=967)  pfsp_w=0.327
    self                 self_step_5242880              wr=0.45 (n=1557)  pfsp_w=0.305
    self                 self_step_9961472              wr=0.45 (n=272)  pfsp_w=0.304
    self                 self_step_6815744              wr=0.45 (n=1113)  pfsp_w=0.297
    self                 self_step_3145728              wr=0.47 (n=2438)  pfsp_w=0.284
    self                 self_step_524288               wr=0.48 (n=3484)  pfsp_w=0.270
iter   401 | steps  13,139,968 | SPS     639 | r_p0 +0.088 r_p1 +0.399 | clip_frac 0.254(fire:0.007) | KL 0.0171 | H_fire 0.229 H_ang 0.00 H_ship 3.38 | V_loss 0.4963 | LR 0.000099 | early_stop=0 | fire[0]=0.33 fire[rest_max]=0.62 srcs_multi=5.53 ship0=0.00 meanshipbin=20.2 avgfleet=94.7 p90fleet=211.5 | Vμ=+0.714 Vσ=1.886 Rμ=+0.653 Rσ=1.986 Aσ=0.721 rewμ=+0.0104 rewσ=0.1470 rewNZ=0.476 featσ[p/f/g/pw]=0.443/0.373/0.437/0.392
iter   402 | steps  13,172,736 | SPS     639 | r_p0 -0.006 r_p1 +0.492 | clip_frac 0.257(fire:0.005) | KL 0.0150 | H_fire 0.242 H_ang 0.00 H_ship 3.38 | V_loss 0.4362 | LR 0.000099 | early_stop=0 | fire[0]=0.33 fire[rest_max]=0.61 srcs_multi=5.88 ship0=0.00 meanshipbin=18.3 avgfleet=96.3 p90fleet=220.0 | Vμ=+0.685 Vσ=1.811 Rμ=+0.600 Rσ=1.850 Aσ=0.678 rewμ=+0.0087 rewσ=0.1422 rewNZ=0.483 featσ[p/f/g/pw]=0.442/0.357/0.439/0.398
iter   403 | steps  13,205,504 | SPS     639 | r_p0 -0.069 r_p1 +0.551 | clip_frac 0.259(fire:0.004) | KL 0.0155 | H_fire 0.262 H_ang 0.00 H_ship 3.39 | V_loss 0.5194 | LR 0.000099 | early_stop=0 | fire[0]=0.35 fire[rest_max]=0.59 srcs_multi=6.11 ship0=0.00 meanshipbin=17.1 avgfleet=95.9 p90fleet=213.5 | Vμ=+0.533 Vσ=1.700 Rμ=+0.486 Rσ=1.773 Aσ=0.745 rewμ=+0.0091 rewσ=0.1352 rewNZ=0.516 featσ[p/f/g/pw]=0.442/0.372/0.439/0.407
iter   404 | steps  13,238,272 | SPS     639 | r_p0 -0.181 r_p1 +0.669 | clip_frac 0.261(fire:0.004) | KL 0.0165 | H_fire 0.255 H_ang 0.00 H_ship 3.38 | V_loss 0.6005 | LR 0.000099 | early_stop=0 | fire[0]=0.34 fire[rest_max]=0.59 srcs_multi=5.89 ship0=0.00 meanshipbin=16.5 avgfleet=101.9 p90fleet=243.2 | Vμ=+0.532 Vσ=1.789 Rμ=+0.498 Rσ=1.888 Aσ=0.798 rewμ=+0.0088 rewσ=0.1430 rewNZ=0.507 featσ[p/f/g/pw]=0.446/0.378/0.443/0.411
iter   405 | steps  13,271,040 | SPS     639 | r_p0 -0.122 r_p1 +0.612 | clip_frac 0.263(fire:0.004) | KL 0.0137 | H_fire 0.252 H_ang 0.00 H_ship 3.39 | V_loss 0.4287 | LR 0.000099 | early_stop=0 | fire[0]=0.34 fire[rest_max]=0.60 srcs_multi=6.02 ship0=0.00 meanshipbin=17.2 avgfleet=100.0 p90fleet=229.5 | Vμ=+0.530 Vσ=1.726 Rμ=+0.543 Rσ=1.837 Aσ=0.676 rewμ=+0.0092 rewσ=0.1359 rewNZ=0.488 featσ[p/f/g/pw]=0.446/0.379/0.444/0.401
iter   406 | steps  13,303,808 | SPS     639 | r_p0 +0.019 r_p1 +0.469 | clip_frac 0.263(fire:0.005) | KL 0.0156 | H_fire 0.228 H_ang 0.00 H_ship 3.38 | V_loss 0.4674 | LR 0.000099 | early_stop=0 | fire[0]=0.32 fire[rest_max]=0.59 srcs_multi=5.43 ship0=0.00 meanshipbin=17.3 avgfleet=98.3 p90fleet=222.4 | Vμ=+0.701 Vσ=1.785 Rμ=+0.690 Rσ=1.888 Aσ=0.700 rewμ=+0.0104 rewσ=0.1374 rewNZ=0.456 featσ[p/f/g/pw]=0.444/0.352/0.444/0.393
iter   407 | steps  13,336,576 | SPS     639 | r_p0 -0.013 r_p1 +0.502 | clip_frac 0.263(fire:0.003) | KL 0.0121 | H_fire 0.273 H_ang 0.00 H_ship 3.39 | V_loss 0.4093 | LR 0.000099 | early_stop=0 | fire[0]=0.33 fire[rest_max]=0.57 srcs_multi=5.83 ship0=0.00 meanshipbin=18.8 avgfleet=94.9 p90fleet=206.3 | Vμ=+0.590 Vσ=1.686 Rμ=+0.596 Rσ=1.824 Aσ=0.662 rewμ=+0.0103 rewσ=0.1402 rewNZ=0.520 featσ[p/f/g/pw]=0.446/0.373/0.441/0.408
iter   408 | steps  13,369,344 | SPS     639 | r_p0 -0.149 r_p1 +0.639 | clip_frac 0.264(fire:0.005) | KL 0.0180 | H_fire 0.267 H_ang 0.00 H_ship 3.38 | V_loss 0.4000 | LR 0.000099 | early_stop=0 | fire[0]=0.34 fire[rest_max]=0.54 srcs_multi=5.18 ship0=0.00 meanshipbin=18.0 avgfleet=102.6 p90fleet=228.0 | Vμ=+0.619 Vσ=1.634 Rμ=+0.625 Rσ=1.766 Aσ=0.650 rewμ=+0.0100 rewσ=0.1399 rewNZ=0.503 featσ[p/f/g/pw]=0.444/0.363/0.448/0.411
iter   409 | steps  13,402,112 | SPS     639 | r_p0 -0.183 r_p1 +0.673 | clip_frac 0.262(fire:0.008) | KL 0.0205 | H_fire 0.164 H_ang 0.00 H_ship 3.40 | V_loss 0.5328 | LR 0.000099 | early_stop=0 | fire[0]=0.24 fire[rest_max]=0.56 srcs_multi=3.47 ship0=0.01 meanshipbin=17.4 avgfleet=104.3 p90fleet=240.8 | Vμ=-0.055 Vσ=1.616 Rμ=-0.028 Rσ=1.754 Aσ=0.752 rewμ=+0.0036 rewσ=0.1366 rewNZ=0.350 featσ[p/f/g/pw]=0.445/0.374/0.426/0.366
iter   410 | steps  13,434,880 | SPS     639 | r_p0 -0.185 r_p1 +0.676 | clip_frac 0.262(fire:0.005) | KL 0.0113 | H_fire 0.179 H_ang 0.00 H_ship 3.40 | V_loss 0.4739 | LR 0.000099 | early_stop=0 | fire[0]=0.26 fire[rest_max]=0.59 srcs_multi=4.30 ship0=0.00 meanshipbin=16.3 avgfleet=101.7 p90fleet=218.4 | Vμ=+0.108 Vσ=1.628 Rμ=+0.162 Rσ=1.797 Aσ=0.705 rewμ=+0.0055 rewσ=0.1352 rewNZ=0.374 featσ[p/f/g/pw]=0.442/0.350/0.432/0.366
iter   411 | steps  13,467,648 | SPS     639 | r_p0 -0.122 r_p1 +0.611 | clip_frac 0.262(fire:0.004) | KL 0.0104 | H_fire 0.213 H_ang 0.00 H_ship 3.38 | V_loss 0.4919 | LR 0.000099 | early_stop=0 | fire[0]=0.30 fire[rest_max]=0.59 srcs_multi=4.78 ship0=0.00 meanshipbin=16.2 avgfleet=93.7 p90fleet=210.0 | Vμ=+0.586 Vσ=1.699 Rμ=+0.580 Rσ=1.819 Aσ=0.726 rewμ=+0.0107 rewσ=0.1402 rewNZ=0.435 featσ[p/f/g/pw]=0.441/0.352/0.433/0.383
iter   412 | steps  13,500,416 | SPS     639 | r_p0 +0.079 r_p1 +0.407 | clip_frac 0.263(fire:0.004) | KL 0.0118 | H_fire 0.239 H_ang 0.00 H_ship 3.40 | V_loss 0.5117 | LR 0.000099 | early_stop=0 | fire[0]=0.29 fire[rest_max]=0.55 srcs_multi=4.78 ship0=0.00 meanshipbin=17.8 avgfleet=101.3 p90fleet=218.8 | Vμ=+0.447 Vσ=1.727 Rμ=+0.382 Rσ=1.835 Aσ=0.735 rewμ=+0.0064 rewσ=0.1320 rewNZ=0.458 featσ[p/f/g/pw]=0.444/0.356/0.440/0.397
iter   413 | steps  13,533,184 | SPS     639 | r_p0 +0.033 r_p1 +0.455 | clip_frac 0.263(fire:0.005) | KL 0.0143 | H_fire 0.240 H_ang 0.00 H_ship 3.38 | V_loss 0.5350 | LR 0.000099 | early_stop=0 | fire[0]=0.31 fire[rest_max]=0.55 srcs_multi=4.91 ship0=0.00 meanshipbin=16.2 avgfleet=98.7 p90fleet=217.7 | Vμ=+0.463 Vσ=1.734 Rμ=+0.441 Rσ=1.873 Aσ=0.743 rewμ=+0.0078 rewσ=0.1403 rewNZ=0.471 featσ[p/f/g/pw]=0.444/0.367/0.442/0.394
iter   414 | steps  13,565,952 | SPS     639 | r_p0 +0.032 r_p1 +0.458 | clip_frac 0.262(fire:0.007) | KL 0.0175 | H_fire 0.167 H_ang 0.00 H_ship 3.40 | V_loss 0.4547 | LR 0.000099 | early_stop=0 | fire[0]=0.23 fire[rest_max]=0.55 srcs_multi=3.56 ship0=0.00 meanshipbin=16.1 avgfleet=100.7 p90fleet=220.5 | Vμ=+0.152 Vσ=1.686 Rμ=+0.164 Rσ=1.846 Aσ=0.688 rewμ=+0.0058 rewσ=0.1393 rewNZ=0.351 featσ[p/f/g/pw]=0.441/0.332/0.433/0.371
iter   415 | steps  13,598,720 | SPS     639 | r_p0 +0.012 r_p1 +0.475 | clip_frac 0.261(fire:0.008) | KL 0.0194 | H_fire 0.183 H_ang 0.00 H_ship 3.40 | V_loss 0.5715 | LR 0.000099 | early_stop=0 | fire[0]=0.24 fire[rest_max]=0.54 srcs_multi=3.43 ship0=0.00 meanshipbin=16.6 avgfleet=98.8 p90fleet=210.1 | Vμ=+0.253 Vσ=1.757 Rμ=+0.207 Rσ=1.945 Aσ=0.775 rewμ=+0.0060 rewσ=0.1371 rewNZ=0.379 featσ[p/f/g/pw]=0.442/0.324/0.429/0.372
iter   416 | steps  13,631,488 | SPS     639 | r_p0 -0.011 r_p1 +0.496 | clip_frac 0.261(fire:0.007) | KL 0.0193 | H_fire 0.221 H_ang 0.00 H_ship 3.39 | V_loss 0.3729 | LR 0.000099 | early_stop=0 | fire[0]=0.29 fire[rest_max]=0.53 srcs_multi=4.28 ship0=0.00 meanshipbin=18.0 avgfleet=105.0 p90fleet=220.2 | Vμ=+0.433 Vσ=1.775 Rμ=+0.418 Rσ=1.903 Aσ=0.633 rewμ=+0.0086 rewσ=0.1384 rewNZ=0.434 featσ[p/f/g/pw]=0.445/0.339/0.438/0.386
  saved checkpoints/torch_step_13631488_rev38_20260605_181635.pt
  saved checkpoints/pool_step_13631488_rev38_20260605_181635.pt (26 members)
  pool snapshot @ step 13,631,488
  pool size=27  alpha=2.0
    self                 self_step_12582912             wr=0.26 (n=69)  pfsp_w=0.546
    self                 self_step_5242880              wr=0.45 (n=1637)  pfsp_w=0.304
    self                 self_step_5767168              wr=0.45 (n=1046)  pfsp_w=0.303
    self                 self_step_6815744              wr=0.46 (n=1189)  pfsp_w=0.290
    self                 self_step_3145728              wr=0.47 (n=2438)  pfsp_w=0.284
    self                 self_step_6291456              wr=0.47 (n=1049)  pfsp_w=0.280
    self                 self_step_9961472              wr=0.47 (n=353)  pfsp_w=0.278
    self                 self_step_7340032              wr=0.47 (n=788)  pfsp_w=0.277
iter   417 | steps  13,664,256 | SPS     639 | r_p0 +0.032 r_p1 +0.457 | clip_frac 0.261(fire:0.006) | KL 0.0155 | H_fire 0.231 H_ang 0.00 H_ship 3.38 | V_loss 0.4904 | LR 0.000099 | early_stop=0 | fire[0]=0.29 fire[rest_max]=0.52 srcs_multi=3.65 ship0=0.00 meanshipbin=18.3 avgfleet=98.6 p90fleet=206.6 | Vμ=+0.593 Vσ=1.827 Rμ=+0.645 Rσ=1.998 Aσ=0.725 rewμ=+0.0109 rewσ=0.1408 rewNZ=0.457 featσ[p/f/g/pw]=0.442/0.348/0.435/0.387
iter   418 | steps  13,697,024 | SPS     639 | r_p0 -0.109 r_p1 +0.600 | clip_frac 0.261(fire:0.005) | KL 0.0158 | H_fire 0.260 H_ang 0.00 H_ship 3.39 | V_loss 0.4858 | LR 0.000099 | early_stop=0 | fire[0]=0.32 fire[rest_max]=0.52 srcs_multi=4.57 ship0=0.01 meanshipbin=17.6 avgfleet=103.6 p90fleet=228.5 | Vμ=+0.665 Vσ=1.794 Rμ=+0.620 Rσ=1.889 Aσ=0.718 rewμ=+0.0099 rewσ=0.1456 rewNZ=0.487 featσ[p/f/g/pw]=0.442/0.346/0.448/0.398
iter   419 | steps  13,729,792 | SPS     639 | r_p0 -0.108 r_p1 +0.597 | clip_frac 0.258(fire:0.006) | KL 0.0126 | H_fire 0.158 H_ang 0.00 H_ship 3.39 | V_loss 0.4656 | LR 0.000099 | early_stop=0 | fire[0]=0.22 fire[rest_max]=0.54 srcs_multi=3.04 ship0=0.01 meanshipbin=17.8 avgfleet=93.4 p90fleet=200.3 | Vμ=+0.125 Vσ=1.790 Rμ=+0.137 Rσ=1.981 Aσ=0.703 rewμ=+0.0054 rewσ=0.1419 rewNZ=0.350 featσ[p/f/g/pw]=0.442/0.327/0.420/0.356
iter   420 | steps  13,762,560 | SPS     639 | r_p0 -0.119 r_p1 +0.609 | clip_frac 0.257(fire:0.004) | KL 0.0094 | H_fire 0.202 H_ang 0.00 H_ship 3.40 | V_loss 0.4429 | LR 0.000099 | early_stop=0 | fire[0]=0.26 fire[rest_max]=0.53 srcs_multi=3.82 ship0=0.01 meanshipbin=17.2 avgfleet=103.1 p90fleet=226.0 | Vμ=+0.249 Vσ=1.738 Rμ=+0.241 Rσ=1.866 Aσ=0.685 rewμ=+0.0062 rewσ=0.1339 rewNZ=0.400 featσ[p/f/g/pw]=0.445/0.342/0.435/0.374
iter   421 | steps  13,795,328 | SPS     639 | r_p0 -0.049 r_p1 +0.541 | clip_frac 0.257(fire:0.007) | KL 0.0178 | H_fire 0.202 H_ang 0.00 H_ship 3.37 | V_loss 0.6903 | LR 0.000099 | early_stop=0 | fire[0]=0.28 fire[rest_max]=0.53 srcs_multi=3.79 ship0=0.01 meanshipbin=19.0 avgfleet=92.9 p90fleet=207.7 | Vμ=+0.577 Vσ=1.914 Rμ=+0.510 Rσ=2.023 Aσ=0.841 rewμ=+0.0096 rewσ=0.1490 rewNZ=0.436 featσ[p/f/g/pw]=0.443/0.324/0.431/0.380
iter   422 | steps  13,828,096 | SPS     639 | r_p0 +0.164 r_p1 +0.325 | clip_frac 0.258(fire:0.004) | KL 0.0133 | H_fire 0.258 H_ang 0.00 H_ship 3.38 | V_loss 0.5130 | LR 0.000099 | early_stop=0 | fire[0]=0.30 fire[rest_max]=0.52 srcs_multi=4.25 ship0=0.00 meanshipbin=23.0 avgfleet=93.4 p90fleet=209.1 | Vμ=+0.576 Vσ=1.844 Rμ=+0.580 Rσ=1.990 Aσ=0.726 rewμ=+0.0080 rewσ=0.1441 rewNZ=0.504 featσ[p/f/g/pw]=0.446/0.351/0.438/0.399
iter   423 | steps  13,860,864 | SPS     639 | r_p0 +0.094 r_p1 +0.394 | clip_frac 0.258(fire:0.004) | KL 0.0124 | H_fire 0.257 H_ang 0.00 H_ship 3.38 | V_loss 0.5281 | LR 0.000099 | early_stop=0 | fire[0]=0.30 fire[rest_max]=0.49 srcs_multi=3.26 ship0=0.01 meanshipbin=22.3 avgfleet=94.0 p90fleet=213.8 | Vμ=+0.644 Vσ=1.831 Rμ=+0.635 Rσ=1.963 Aσ=0.750 rewμ=+0.0112 rewσ=0.1455 rewNZ=0.488 featσ[p/f/g/pw]=0.443/0.340/0.446/0.397
iter   424 | steps  13,893,632 | SPS     639 | r_p0 -0.101 r_p1 +0.591 | clip_frac 0.257(fire:0.005) | KL 0.0133 | H_fire 0.221 H_ang 0.00 H_ship 3.37 | V_loss 0.5996 | LR 0.000099 | early_stop=0 | fire[0]=0.27 fire[rest_max]=0.49 srcs_multi=2.88 ship0=0.01 meanshipbin=21.7 avgfleet=86.4 p90fleet=196.6 | Vμ=+0.625 Vσ=1.841 Rμ=+0.651 Rσ=1.944 Aσ=0.803 rewμ=+0.0112 rewσ=0.1457 rewNZ=0.446 featσ[p/f/g/pw]=0.439/0.329/0.435/0.380
iter   425 | steps  13,926,400 | SPS     639 | r_p0 -0.123 r_p1 +0.614 | clip_frac 0.255(fire:0.005) | KL 0.0124 | H_fire 0.227 H_ang 0.00 H_ship 3.38 | V_loss 0.6700 | LR 0.000099 | early_stop=0 | fire[0]=0.27 fire[rest_max]=0.50 srcs_multi=3.14 ship0=0.01 meanshipbin=21.2 avgfleet=94.4 p90fleet=207.0 | Vμ=+0.523 Vσ=1.811 Rμ=+0.552 Rσ=1.969 Aσ=0.831 rewμ=+0.0101 rewσ=0.1424 rewNZ=0.438 featσ[p/f/g/pw]=0.441/0.333/0.436/0.389
iter   426 | steps  13,959,168 | SPS     639 | r_p0 -0.035 r_p1 +0.528 | clip_frac 0.255(fire:0.006) | KL 0.0158 | H_fire 0.174 H_ang 0.00 H_ship 3.39 | V_loss 0.5588 | LR 0.000099 | early_stop=0 | fire[0]=0.23 fire[rest_max]=0.50 srcs_multi=2.57 ship0=0.01 meanshipbin=20.7 avgfleet=95.6 p90fleet=215.2 | Vμ=+0.176 Vσ=1.767 Rμ=+0.243 Rσ=1.901 Aσ=0.767 rewμ=+0.0073 rewσ=0.1362 rewNZ=0.362 featσ[p/f/g/pw]=0.442/0.325/0.432/0.366
iter   427 | steps  13,991,936 | SPS     639 | r_p0 +0.058 r_p1 +0.429 | clip_frac 0.253(fire:0.006) | KL 0.0208 | H_fire 0.177 H_ang 0.00 H_ship 3.40 | V_loss 0.5703 | LR 0.000099 | early_stop=0 | fire[0]=0.23 fire[rest_max]=0.54 srcs_multi=3.54 ship0=0.01 meanshipbin=20.4 avgfleet=103.4 p90fleet=222.9 | Vμ=+0.328 Vσ=1.888 Rμ=+0.425 Rσ=2.060 Aσ=0.767 rewμ=+0.0075 rewσ=0.1356 rewNZ=0.360 featσ[p/f/g/pw]=0.442/0.313/0.434/0.378
iter   428 | steps  14,024,704 | SPS     639 | r_p0 +0.136 r_p1 +0.348 | clip_frac 0.254(fire:0.003) | KL 0.0150 | H_fire 0.212 H_ang 0.00 H_ship 3.39 | V_loss 0.5220 | LR 0.000099 | early_stop=0 | fire[0]=0.28 fire[rest_max]=0.56 srcs_multi=4.33 ship0=0.01 meanshipbin=19.6 avgfleet=104.4 p90fleet=218.8 | Vμ=+0.520 Vσ=1.936 Rμ=+0.515 Rσ=2.015 Aσ=0.741 rewμ=+0.0088 rewσ=0.1378 rewNZ=0.419 featσ[p/f/g/pw]=0.448/0.339/0.436/0.389
iter   429 | steps  14,057,472 | SPS     639 | r_p0 +0.215 r_p1 +0.273 | clip_frac 0.252(fire:0.004) | KL 0.0100 | H_fire 0.186 H_ang 0.00 H_ship 3.40 | V_loss 0.5879 | LR 0.000099 | early_stop=0 | fire[0]=0.24 fire[rest_max]=0.56 srcs_multi=3.76 ship0=0.00 meanshipbin=19.7 avgfleet=101.9 p90fleet=222.7 | Vμ=+0.202 Vσ=1.799 Rμ=+0.183 Rσ=1.916 Aσ=0.783 rewμ=+0.0057 rewσ=0.1396 rewNZ=0.381 featσ[p/f/g/pw]=0.450/0.352/0.435/0.386
iter   430 | steps  14,090,240 | SPS     639 | r_p0 +0.068 r_p1 +0.420 | clip_frac 0.252(fire:0.005) | KL 0.0178 | H_fire 0.180 H_ang 0.00 H_ship 3.40 | V_loss 0.4932 | LR 0.000099 | early_stop=0 | fire[0]=0.26 fire[rest_max]=0.62 srcs_multi=4.27 ship0=0.00 meanshipbin=20.9 avgfleet=104.1 p90fleet=233.2 | Vμ=+0.337 Vσ=1.802 Rμ=+0.356 Rσ=1.958 Aσ=0.725 rewμ=+0.0064 rewσ=0.1347 rewNZ=0.369 featσ[p/f/g/pw]=0.445/0.333/0.435/0.379
iter   431 | steps  14,123,008 | SPS     639 | r_p0 +0.092 r_p1 +0.396 | clip_frac 0.250(fire:0.004) | KL 0.0112 | H_fire 0.193 H_ang 0.00 H_ship 3.40 | V_loss 0.4841 | LR 0.000099 | early_stop=0 | fire[0]=0.26 fire[rest_max]=0.60 srcs_multi=4.41 ship0=0.01 meanshipbin=19.5 avgfleet=101.9 p90fleet=219.4 | Vμ=+0.408 Vσ=1.796 Rμ=+0.401 Rσ=1.950 Aσ=0.717 rewμ=+0.0075 rewσ=0.1387 rewNZ=0.387 featσ[p/f/g/pw]=0.444/0.341/0.434/0.386
iter   432 | steps  14,155,776 | SPS     639 | r_p0 +0.164 r_p1 +0.320 | clip_frac 0.251(fire:0.004) | KL 0.0128 | H_fire 0.208 H_ang 0.00 H_ship 3.39 | V_loss 0.5802 | LR 0.000099 | early_stop=0 | fire[0]=0.28 fire[rest_max]=0.58 srcs_multi=4.78 ship0=0.01 meanshipbin=20.7 avgfleet=99.6 p90fleet=220.9 | Vμ=+0.463 Vσ=1.889 Rμ=+0.484 Rσ=2.008 Aσ=0.786 rewμ=+0.0079 rewσ=0.1382 rewNZ=0.414 featσ[p/f/g/pw]=0.444/0.340/0.434/0.384
  saved checkpoints/torch_step_14155776_rev38_20260605_181635.pt
  saved checkpoints/pool_step_14155776_rev38_20260605_181635.pt (27 members)
  pool snapshot @ step 14,155,776
  pool size=28  alpha=2.0
    self                 self_step_12582912             wr=0.41 (n=138)  pfsp_w=0.353
    self                 self_step_5242880              wr=0.44 (n=1712)  pfsp_w=0.310
    self                 self_step_5767168              wr=0.45 (n=1207)  pfsp_w=0.302
    self                 self_step_6815744              wr=0.46 (n=1189)  pfsp_w=0.290
    self                 self_step_9961472              wr=0.47 (n=416)  pfsp_w=0.285
    self                 self_step_3145728              wr=0.47 (n=2438)  pfsp_w=0.284
    self                 self_step_6291456              wr=0.47 (n=1049)  pfsp_w=0.280
    self                 self_step_7340032              wr=0.47 (n=788)  pfsp_w=0.277
iter   433 | steps  14,188,544 | SPS     639 | r_p0 +0.255 r_p1 +0.228 | clip_frac 0.249(fire:0.004) | KL 0.0094 | H_fire 0.177 H_ang 0.00 H_ship 3.40 | V_loss 0.5593 | LR 0.000099 | early_stop=0 | fire[0]=0.27 fire[rest_max]=0.62 srcs_multi=4.36 ship0=0.02 meanshipbin=19.7 avgfleet=104.3 p90fleet=235.1 | Vμ=+0.156 Vσ=1.786 Rμ=+0.156 Rσ=1.920 Aσ=0.770 rewμ=+0.0058 rewσ=0.1387 rewNZ=0.363 featσ[p/f/g/pw]=0.446/0.351/0.436/0.379
iter   434 | steps  14,221,312 | SPS     639 | r_p0 +0.091 r_p1 +0.390 | clip_frac 0.248(fire:0.005) | KL 0.0111 | H_fire 0.156 H_ang 0.00 H_ship 3.40 | V_loss 0.5370 | LR 0.000099 | early_stop=0 | fire[0]=0.25 fire[rest_max]=0.62 srcs_multi=3.82 ship0=0.02 meanshipbin=19.8 avgfleet=98.4 p90fleet=203.4 | Vμ=+0.252 Vσ=1.763 Rμ=+0.269 Rσ=1.923 Aσ=0.755 rewμ=+0.0067 rewσ=0.1374 rewNZ=0.340 featσ[p/f/g/pw]=0.444/0.328/0.431/0.369
iter   435 | steps  14,254,080 | SPS     639 | r_p0 +0.018 r_p1 +0.471 | clip_frac 0.249(fire:0.005) | KL 0.0136 | H_fire 0.218 H_ang 0.00 H_ship 3.40 | V_loss 0.4637 | LR 0.000099 | early_stop=0 | fire[0]=0.30 fire[rest_max]=0.62 srcs_multi=5.24 ship0=0.01 meanshipbin=19.8 avgfleet=102.7 p90fleet=206.1 | Vμ=+0.432 Vσ=1.791 Rμ=+0.436 Rσ=1.911 Aσ=0.703 rewμ=+0.0072 rewσ=0.1371 rewNZ=0.435 featσ[p/f/g/pw]=0.443/0.336/0.437/0.395
iter   436 | steps  14,286,848 | SPS     639 | r_p0 +0.083 r_p1 +0.410 | clip_frac 0.247(fire:0.003) | KL 0.0083 | H_fire 0.183 H_ang 0.00 H_ship 3.41 | V_loss 0.4015 | LR 0.000099 | early_stop=0 | fire[0]=0.27 fire[rest_max]=0.64 srcs_multi=4.59 ship0=0.01 meanshipbin=19.2 avgfleet=105.5 p90fleet=224.1 | Vμ=+0.031 Vσ=1.664 Rμ=+0.024 Rσ=1.777 Aσ=0.651 rewμ=+0.0042 rewσ=0.1307 rewNZ=0.372 featσ[p/f/g/pw]=0.444/0.344/0.436/0.383
iter   437 | steps  14,319,616 | SPS     639 | r_p0 +0.006 r_p1 +0.478 | clip_frac 0.245(fire:0.003) | KL 0.0074 | H_fire 0.172 H_ang 0.00 H_ship 3.41 | V_loss 0.4582 | LR 0.000099 | early_stop=0 | fire[0]=0.25 fire[rest_max]=0.64 srcs_multi=4.23 ship0=0.02 meanshipbin=16.8 avgfleet=111.6 p90fleet=227.0 | Vμ=+0.238 Vσ=1.630 Rμ=+0.259 Rσ=1.732 Aσ=0.696 rewμ=+0.0057 rewσ=0.1296 rewNZ=0.350 featσ[p/f/g/pw]=0.445/0.340/0.436/0.385
iter   438 | steps  14,352,384 | SPS     639 | r_p0 +0.029 r_p1 +0.450 | clip_frac 0.244(fire:0.003) | KL 0.0089 | H_fire 0.185 H_ang 0.00 H_ship 3.42 | V_loss 0.3828 | LR 0.000099 | early_stop=0 | fire[0]=0.24 fire[rest_max]=0.63 srcs_multi=4.34 ship0=0.02 meanshipbin=17.7 avgfleet=121.1 p90fleet=246.0 | Vμ=+0.315 Vσ=1.613 Rμ=+0.307 Rσ=1.721 Aσ=0.636 rewμ=+0.0066 rewσ=0.1222 rewNZ=0.353 featσ[p/f/g/pw]=0.443/0.320/0.439/0.393
iter   439 | steps  14,385,152 | SPS     639 | r_p0 +0.198 r_p1 +0.282 | clip_frac 0.244(fire:0.003) | KL 0.0088 | H_fire 0.195 H_ang 0.00 H_ship 3.41 | V_loss 0.4062 | LR 0.000099 | early_stop=0 | fire[0]=0.27 fire[rest_max]=0.61 srcs_multi=4.51 ship0=0.02 meanshipbin=18.2 avgfleet=121.6 p90fleet=243.9 | Vμ=+0.319 Vσ=1.642 Rμ=+0.286 Rσ=1.734 Aσ=0.654 rewμ=+0.0060 rewσ=0.1251 rewNZ=0.381 featσ[p/f/g/pw]=0.445/0.353/0.437/0.392
iter   440 | steps  14,417,920 | SPS     639 | r_p0 +0.268 r_p1 +0.207 | clip_frac 0.243(fire:0.003) | KL 0.0091 | H_fire 0.190 H_ang 0.00 H_ship 3.41 | V_loss 0.4114 | LR 0.000099 | early_stop=0 | fire[0]=0.25 fire[rest_max]=0.61 srcs_multi=4.44 ship0=0.01 meanshipbin=17.9 avgfleet=114.1 p90fleet=230.9 | Vμ=+0.226 Vσ=1.588 Rμ=+0.277 Rσ=1.737 Aσ=0.655 rewμ=+0.0064 rewσ=0.1298 rewNZ=0.377 featσ[p/f/g/pw]=0.441/0.354/0.435/0.390
iter   441 | steps  14,450,688 | SPS     639 | r_p0 +0.215 r_p1 +0.251 | clip_frac 0.243(fire:0.003) | KL 0.0093 | H_fire 0.190 H_ang 0.00 H_ship 3.41 | V_loss 0.4646 | LR 0.000099 | early_stop=0 | fire[0]=0.27 fire[rest_max]=0.61 srcs_multi=4.55 ship0=0.01 meanshipbin=17.8 avgfleet=111.3 p90fleet=224.2 | Vμ=+0.317 Vσ=1.571 Rμ=+0.354 Rσ=1.729 Aσ=0.699 rewμ=+0.0075 rewσ=0.1311 rewNZ=0.375 featσ[p/f/g/pw]=0.443/0.342/0.438/0.387
iter   442 | steps  14,483,456 | SPS     639 | r_p0 +0.185 r_p1 +0.292 | clip_frac 0.244(fire:0.003) | KL 0.0100 | H_fire 0.190 H_ang 0.00 H_ship 3.41 | V_loss 0.3930 | LR 0.000099 | early_stop=0 | fire[0]=0.27 fire[rest_max]=0.63 srcs_multi=4.45 ship0=0.03 meanshipbin=17.9 avgfleet=116.5 p90fleet=223.9 | Vμ=+0.366 Vσ=1.777 Rμ=+0.359 Rσ=1.909 Aσ=0.647 rewμ=+0.0065 rewσ=0.1279 rewNZ=0.380 featσ[p/f/g/pw]=0.445/0.341/0.432/0.386
iter   443 | steps  14,516,224 | SPS     639 | r_p0 +0.169 r_p1 +0.322 | clip_frac 0.243(fire:0.003) | KL 0.0077 | H_fire 0.204 H_ang 0.00 H_ship 3.41 | V_loss 0.4060 | LR 0.000099 | early_stop=0 | fire[0]=0.29 fire[rest_max]=0.62 srcs_multi=5.06 ship0=0.01 meanshipbin=15.9 avgfleet=116.2 p90fleet=247.0 | Vμ=+0.223 Vσ=1.649 Rμ=+0.229 Rσ=1.761 Aσ=0.658 rewμ=+0.0049 rewσ=0.1277 rewNZ=0.389 featσ[p/f/g/pw]=0.444/0.346/0.441/0.388
iter   444 | steps  14,548,992 | SPS     639 | r_p0 +0.128 r_p1 +0.356 | clip_frac 0.242(fire:0.005) | KL 0.0117 | H_fire 0.180 H_ang 0.00 H_ship 3.40 | V_loss 0.4676 | LR 0.000099 | early_stop=0 | fire[0]=0.26 fire[rest_max]=0.60 srcs_multi=4.19 ship0=0.01 meanshipbin=14.8 avgfleet=107.3 p90fleet=236.9 | Vμ=+0.423 Vσ=1.752 Rμ=+0.453 Rσ=1.902 Aσ=0.704 rewμ=+0.0087 rewσ=0.1330 rewNZ=0.360 featσ[p/f/g/pw]=0.442/0.343/0.435/0.380
iter   445 | steps  14,581,760 | SPS     639 | r_p0 +0.155 r_p1 +0.329 | clip_frac 0.240(fire:0.005) | KL 0.0108 | H_fire 0.177 H_ang 0.00 H_ship 3.41 | V_loss 0.4099 | LR 0.000099 | early_stop=0 | fire[0]=0.25 fire[rest_max]=0.60 srcs_multi=4.12 ship0=0.01 meanshipbin=15.0 avgfleet=103.1 p90fleet=213.1 | Vμ=+0.064 Vσ=1.678 Rμ=+0.060 Rσ=1.802 Aσ=0.661 rewμ=+0.0053 rewσ=0.1308 rewNZ=0.360 featσ[p/f/g/pw]=0.445/0.363/0.434/0.379
iter   446 | steps  14,614,528 | SPS     639 | r_p0 +0.090 r_p1 +0.395 | clip_frac 0.238(fire:0.003) | KL 0.0105 | H_fire 0.226 H_ang 0.00 H_ship 3.40 | V_loss 0.4056 | LR 0.000099 | early_stop=0 | fire[0]=0.30 fire[rest_max]=0.61 srcs_multi=5.45 ship0=0.00 meanshipbin=15.6 avgfleet=109.5 p90fleet=236.0 | Vμ=+0.433 Vσ=1.709 Rμ=+0.418 Rσ=1.822 Aσ=0.657 rewμ=+0.0083 rewσ=0.1330 rewNZ=0.426 featσ[p/f/g/pw]=0.440/0.335/0.443/0.399
iter   447 | steps  14,647,296 | SPS     639 | r_p0 +0.026 r_p1 +0.455 | clip_frac 0.239(fire:0.003) | KL 0.0091 | H_fire 0.224 H_ang 0.00 H_ship 3.40 | V_loss 0.3870 | LR 0.000099 | early_stop=0 | fire[0]=0.29 fire[rest_max]=0.61 srcs_multi=5.26 ship0=0.01 meanshipbin=16.0 avgfleet=107.3 p90fleet=218.5 | Vμ=+0.278 Vσ=1.719 Rμ=+0.247 Rσ=1.810 Aσ=0.641 rewμ=+0.0063 rewσ=0.1322 rewNZ=0.431 featσ[p/f/g/pw]=0.444/0.356/0.437/0.401
iter   448 | steps  14,680,064 | SPS     639 | r_p0 +0.089 r_p1 +0.391 | clip_frac 0.240(fire:0.002) | KL 0.0079 | H_fire 0.207 H_ang 0.00 H_ship 3.40 | V_loss 0.4420 | LR 0.000099 | early_stop=0 | fire[0]=0.30 fire[rest_max]=0.62 srcs_multi=5.14 ship0=0.01 meanshipbin=14.2 avgfleet=106.1 p90fleet=222.8 | Vμ=+0.390 Vσ=1.718 Rμ=+0.424 Rσ=1.875 Aσ=0.685 rewμ=+0.0075 rewσ=0.1371 rewNZ=0.414 featσ[p/f/g/pw]=0.444/0.351/0.440/0.392
  saved checkpoints/torch_step_14680064_rev38_20260605_181635.pt
  saved checkpoints/pool_step_14680064_rev38_20260605_181635.pt (28 members)
  pool snapshot @ step 14,680,064
  pool size=29  alpha=2.0
    self                 self_step_5242880              wr=0.44 (n=1712)  pfsp_w=0.310
    self                 self_step_5767168              wr=0.45 (n=1281)  pfsp_w=0.302
    self                 self_step_6815744              wr=0.46 (n=1337)  pfsp_w=0.294
    self                 self_step_12582912             wr=0.47 (n=367)  pfsp_w=0.285
    self                 self_step_9961472              wr=0.47 (n=416)  pfsp_w=0.285
    self                 self_step_3145728              wr=0.47 (n=2497)  pfsp_w=0.285
    self                 self_step_6291456              wr=0.47 (n=1128)  pfsp_w=0.280
    self                 self_step_7340032              wr=0.47 (n=788)  pfsp_w=0.277
iter   449 | steps  14,712,832 | SPS     639 | r_p0 +0.114 r_p1 +0.366 | clip_frac 0.241(fire:0.005) | KL 0.0133 | H_fire 0.236 H_ang 0.00 H_ship 3.40 | V_loss 0.4345 | LR 0.000099 | early_stop=0 | fire[0]=0.32 fire[rest_max]=0.62 srcs_multi=5.79 ship0=0.01 meanshipbin=15.4 avgfleet=101.5 p90fleet=217.3 | Vμ=+0.478 Vσ=1.668 Rμ=+0.506 Rσ=1.806 Aσ=0.679 rewμ=+0.0084 rewσ=0.1349 rewNZ=0.454 featσ[p/f/g/pw]=0.443/0.372/0.439/0.399
iter   450 | steps  14,745,600 | SPS     639 | r_p0 -0.061 r_p1 +0.545 | clip_frac 0.240(fire:0.005) | KL 0.0098 | H_fire 0.170 H_ang 0.00 H_ship 3.41 | V_loss 0.4937 | LR 0.000099 | early_stop=0 | fire[0]=0.28 fire[rest_max]=0.64 srcs_multi=4.37 ship0=0.02 meanshipbin=21.1 avgfleet=108.4 p90fleet=236.5 | Vμ=+0.058 Vσ=1.593 Rμ=+0.099 Rσ=1.764 Aσ=0.719 rewμ=+0.0044 rewσ=0.1355 rewNZ=0.358 featσ[p/f/g/pw]=0.446/0.362/0.432/0.374
iter   451 | steps  14,778,368 | SPS     639 | r_p0 -0.210 r_p1 +0.696 | clip_frac 0.238(fire:0.003) | KL 0.0074 | H_fire 0.211 H_ang 0.00 H_ship 3.40 | V_loss 0.4084 | LR 0.000099 | early_stop=0 | fire[0]=0.31 fire[rest_max]=0.64 srcs_multi=5.24 ship0=0.01 meanshipbin=22.5 avgfleet=101.5 p90fleet=214.0 | Vμ=+0.451 Vσ=1.753 Rμ=+0.433 Rσ=1.857 Aσ=0.657 rewμ=+0.0079 rewσ=0.1406 rewNZ=0.428 featσ[p/f/g/pw]=0.442/0.361/0.435/0.390
iter   452 | steps  14,811,136 | SPS     639 | r_p0 -0.033 r_p1 +0.513 | clip_frac 0.238(fire:0.004) | KL 0.0111 | H_fire 0.214 H_ang 0.00 H_ship 3.40 | V_loss 0.4258 | LR 0.000099 | early_stop=0 | fire[0]=0.32 fire[rest_max]=0.65 srcs_multi=5.56 ship0=0.01 meanshipbin=21.7 avgfleet=104.6 p90fleet=223.2 | Vμ=+0.506 Vσ=1.687 Rμ=+0.492 Rσ=1.830 Aσ=0.671 rewμ=+0.0075 rewσ=0.1348 rewNZ=0.432 featσ[p/f/g/pw]=0.442/0.350/0.437/0.392
iter   453 | steps  14,843,904 | SPS     639 | r_p0 +0.133 r_p1 +0.346 | clip_frac 0.237(fire:0.004) | KL 0.0110 | H_fire 0.238 H_ang 0.00 H_ship 3.39 | V_loss 0.4554 | LR 0.000099 | early_stop=0 | fire[0]=0.32 fire[rest_max]=0.63 srcs_multi=6.01 ship0=0.00 meanshipbin=21.6 avgfleet=101.7 p90fleet=218.1 | Vμ=+0.566 Vσ=1.669 Rμ=+0.611 Rσ=1.793 Aσ=0.692 rewμ=+0.0106 rewσ=0.1391 rewNZ=0.465 featσ[p/f/g/pw]=0.441/0.340/0.446/0.404
iter   454 | steps  14,876,672 | SPS     639 | r_p0 -0.153 r_p1 +0.633 | clip_frac 0.235(fire:0.003) | KL 0.0098 | H_fire 0.234 H_ang 0.00 H_ship 3.40 | V_loss 0.5380 | LR 0.000099 | early_stop=0 | fire[0]=0.30 fire[rest_max]=0.61 srcs_multi=5.62 ship0=0.01 meanshipbin=18.1 avgfleet=105.4 p90fleet=232.1 | Vμ=+0.531 Vσ=1.656 Rμ=+0.550 Rσ=1.792 Aσ=0.746 rewμ=+0.0103 rewσ=0.1416 rewNZ=0.448 featσ[p/f/g/pw]=0.441/0.342/0.444/0.402
iter   455 | steps  14,909,440 | SPS     639 | r_p0 -0.169 r_p1 +0.650 | clip_frac 0.234(fire:0.003) | KL 0.0087 | H_fire 0.216 H_ang 0.00 H_ship 3.40 | V_loss 0.4349 | LR 0.000099 | early_stop=0 | fire[0]=0.30 fire[rest_max]=0.62 srcs_multi=5.12 ship0=0.01 meanshipbin=21.3 avgfleet=96.6 p90fleet=206.3 | Vμ=+0.490 Vσ=1.808 Rμ=+0.445 Rσ=1.952 Aσ=0.678 rewμ=+0.0075 rewσ=0.1405 rewNZ=0.430 featσ[p/f/g/pw]=0.441/0.337/0.434/0.388
iter   456 | steps  14,942,208 | SPS     639 | r_p0 +0.039 r_p1 +0.446 | clip_frac 0.232(fire:0.004) | KL 0.0094 | H_fire 0.170 H_ang 0.00 H_ship 3.41 | V_loss 0.4129 | LR 0.000099 | early_stop=0 | fire[0]=0.26 fire[rest_max]=0.64 srcs_multi=4.28 ship0=0.01 meanshipbin=20.7 avgfleet=101.8 p90fleet=209.0 | Vμ=+0.138 Vσ=1.645 Rμ=+0.190 Rσ=1.772 Aσ=0.660 rewμ=+0.0064 rewσ=0.1324 rewNZ=0.350 featσ[p/f/g/pw]=0.441/0.330/0.431/0.368
iter   457 | steps  14,974,976 | SPS     639 | r_p0 +0.053 r_p1 +0.431 | clip_frac 0.230(fire:0.004) | KL 0.0097 | H_fire 0.190 H_ang 0.00 H_ship 3.40 | V_loss 0.4494 | LR 0.000099 | early_stop=0 | fire[0]=0.27 fire[rest_max]=0.61 srcs_multi=4.43 ship0=0.01 meanshipbin=20.9 avgfleet=101.8 p90fleet=220.7 | Vμ=+0.395 Vσ=1.761 Rμ=+0.416 Rσ=1.889 Aσ=0.686 rewμ=+0.0085 rewσ=0.1337 rewNZ=0.380 featσ[p/f/g/pw]=0.439/0.330/0.434/0.385
iter   458 | steps  15,007,744 | SPS     639 | r_p0 +0.019 r_p1 +0.463 | clip_frac 0.229(fire:0.004) | KL 0.0111 | H_fire 0.213 H_ang 0.00 H_ship 3.40 | V_loss 0.4185 | LR 0.000099 | early_stop=0 | fire[0]=0.29 fire[rest_max]=0.61 srcs_multi=5.17 ship0=0.01 meanshipbin=21.5 avgfleet=107.6 p90fleet=236.0 | Vμ=+0.424 Vσ=1.712 Rμ=+0.496 Rσ=1.802 Aσ=0.666 rewμ=+0.0087 rewσ=0.1328 rewNZ=0.410 featσ[p/f/g/pw]=0.442/0.352/0.439/0.391
iter   459 | steps  15,040,512 | SPS     639 | r_p0 -0.064 r_p1 +0.546 | clip_frac 0.229(fire:0.004) | KL 0.0098 | H_fire 0.153 H_ang 0.00 H_ship 3.41 | V_loss 0.4335 | LR 0.000099 | early_stop=0 | fire[0]=0.25 fire[rest_max]=0.64 srcs_multi=3.81 ship0=0.01 meanshipbin=21.2 avgfleet=112.2 p90fleet=240.1 | Vμ=+0.008 Vσ=1.601 Rμ=+0.047 Rσ=1.691 Aσ=0.678 rewμ=+0.0046 rewσ=0.1325 rewNZ=0.332 featσ[p/f/g/pw]=0.445/0.353/0.434/0.372
iter   460 | steps  15,073,280 | SPS     639 | r_p0 -0.095 r_p1 +0.573 | clip_frac 0.230(fire:0.003) | KL 0.0080 | H_fire 0.193 H_ang 0.00 H_ship 3.40 | V_loss 0.4116 | LR 0.000099 | early_stop=0 | fire[0]=0.29 fire[rest_max]=0.65 srcs_multi=4.77 ship0=0.01 meanshipbin=19.7 avgfleet=109.7 p90fleet=232.5 | Vμ=+0.423 Vσ=1.720 Rμ=+0.431 Rσ=1.848 Aσ=0.661 rewμ=+0.0078 rewσ=0.1360 rewNZ=0.398 featσ[p/f/g/pw]=0.441/0.341/0.437/0.391
iter   461 | steps  15,106,048 | SPS     639 | r_p0 -0.057 r_p1 +0.536 | clip_frac 0.229(fire:0.002) | KL 0.0067 | H_fire 0.176 H_ang 0.00 H_ship 3.42 | V_loss 0.4130 | LR 0.000099 | early_stop=0 | fire[0]=0.27 fire[rest_max]=0.66 srcs_multi=4.51 ship0=0.01 meanshipbin=19.7 avgfleet=116.4 p90fleet=231.8 | Vμ=+0.048 Vσ=1.641 Rμ=+0.047 Rσ=1.777 Aσ=0.666 rewμ=+0.0037 rewσ=0.1268 rewNZ=0.366 featσ[p/f/g/pw]=0.444/0.339/0.433/0.383
iter   462 | steps  15,138,816 | SPS     639 | r_p0 -0.048 r_p1 +0.521 | clip_frac 0.228(fire:0.004) | KL 0.0099 | H_fire 0.151 H_ang 0.00 H_ship 3.41 | V_loss 0.4073 | LR 0.000099 | early_stop=0 | fire[0]=0.25 fire[rest_max]=0.66 srcs_multi=3.82 ship0=0.01 meanshipbin=18.6 avgfleet=113.9 p90fleet=232.4 | Vμ=+0.191 Vσ=1.679 Rμ=+0.190 Rσ=1.807 Aσ=0.657 rewμ=+0.0054 rewσ=0.1302 rewNZ=0.330 featσ[p/f/g/pw]=0.445/0.329/0.432/0.374
iter   463 | steps  15,171,584 | SPS     639 | r_p0 +0.028 r_p1 +0.447 | clip_frac 0.227(fire:0.004) | KL 0.0099 | H_fire 0.159 H_ang 0.00 H_ship 3.42 | V_loss 0.3291 | LR 0.000099 | early_stop=0 | fire[0]=0.24 fire[rest_max]=0.64 srcs_multi=3.88 ship0=0.01 meanshipbin=16.3 avgfleet=112.1 p90fleet=227.6 | Vμ=+0.105 Vσ=1.593 Rμ=+0.106 Rσ=1.677 Aσ=0.591 rewμ=+0.0058 rewσ=0.1260 rewNZ=0.331 featσ[p/f/g/pw]=0.446/0.344/0.434/0.377
iter   464 | steps  15,204,352 | SPS     639 | r_p0 +0.060 r_p1 +0.423 | clip_frac 0.229(fire:0.004) | KL 0.0128 | H_fire 0.207 H_ang 0.00 H_ship 3.41 | V_loss 0.4425 | LR 0.000099 | early_stop=0 | fire[0]=0.32 fire[rest_max]=0.67 srcs_multi=5.37 ship0=0.01 meanshipbin=18.8 avgfleet=108.9 p90fleet=224.1 | Vμ=+0.462 Vσ=1.684 Rμ=+0.453 Rσ=1.799 Aσ=0.687 rewμ=+0.0071 rewσ=0.1339 rewNZ=0.420 featσ[p/f/g/pw]=0.442/0.342/0.439/0.396
  saved checkpoints/torch_step_15204352_rev38_20260605_181635.pt
  saved checkpoints/pool_step_15204352_rev38_20260605_181635.pt (29 members)
  pool snapshot @ step 15,204,352
  pool size=30  alpha=2.0
    self                 self_step_12582912             wr=0.44 (n=456)  pfsp_w=0.310
    self                 self_step_5242880              wr=0.44 (n=1712)  pfsp_w=0.310
    self                 self_step_5767168              wr=0.45 (n=1281)  pfsp_w=0.302
    self                 self_step_6815744              wr=0.46 (n=1337)  pfsp_w=0.294
    self                 self_step_9961472              wr=0.47 (n=416)  pfsp_w=0.285
    self                 self_step_3145728              wr=0.47 (n=2569)  pfsp_w=0.284
    self                 self_step_6291456              wr=0.47 (n=1128)  pfsp_w=0.280
    self                 self_step_13631488             wr=0.48 (n=73)  pfsp_w=0.271
iter   465 | steps  15,237,120 | SPS     639 | r_p0 +0.031 r_p1 +0.455 | clip_frac 0.230(fire:0.005) | KL 0.0121 | H_fire 0.207 H_ang 0.00 H_ship 3.41 | V_loss 0.4381 | LR 0.000099 | early_stop=0 | fire[0]=0.31 fire[rest_max]=0.68 srcs_multi=5.42 ship0=0.00 meanshipbin=17.3 avgfleet=107.0 p90fleet=226.6 | Vμ=+0.487 Vσ=1.703 Rμ=+0.408 Rσ=1.802 Aσ=0.678 rewμ=+0.0072 rewσ=0.1340 rewNZ=0.426 featσ[p/f/g/pw]=0.442/0.340/0.438/0.395
iter   466 | steps  15,269,888 | SPS     639 | r_p0 -0.004 r_p1 +0.486 | clip_frac 0.230(fire:0.004) | KL 0.0126 | H_fire 0.155 H_ang 0.00 H_ship 3.41 | V_loss 0.4894 | LR 0.000099 | early_stop=0 | fire[0]=0.27 fire[rest_max]=0.68 srcs_multi=4.11 ship0=0.01 meanshipbin=17.1 avgfleet=100.7 p90fleet=221.6 | Vμ=+0.107 Vσ=1.696 Rμ=+0.158 Rσ=1.853 Aσ=0.720 rewμ=+0.0056 rewσ=0.1352 rewNZ=0.354 featσ[p/f/g/pw]=0.442/0.352/0.430/0.374
iter   467 | steps  15,302,656 | SPS     639 | r_p0 +0.130 r_p1 +0.346 | clip_frac 0.232(fire:0.006) | KL 0.0175 | H_fire 0.195 H_ang 0.00 H_ship 3.40 | V_loss 0.5483 | LR 0.000099 | early_stop=0 | fire[0]=0.32 fire[rest_max]=0.67 srcs_multi=5.32 ship0=0.01 meanshipbin=16.9 avgfleet=93.2 p90fleet=214.7 | Vμ=+0.487 Vσ=1.840 Rμ=+0.444 Rσ=1.943 Aσ=0.756 rewμ=+0.0074 rewσ=0.1428 rewNZ=0.432 featσ[p/f/g/pw]=0.441/0.348/0.434/0.384
iter   468 | steps  15,335,424 | SPS     639 | r_p0 +0.116 r_p1 +0.364 | clip_frac 0.231(fire:0.005) | KL 0.0116 | H_fire 0.156 H_ang 0.00 H_ship 3.41 | V_loss 0.4650 | LR 0.000099 | early_stop=0 | fire[0]=0.28 fire[rest_max]=0.69 srcs_multi=4.30 ship0=0.01 meanshipbin=15.8 avgfleet=97.6 p90fleet=219.5 | Vμ=+0.184 Vσ=1.710 Rμ=+0.175 Rσ=1.788 Aσ=0.698 rewμ=+0.0049 rewσ=0.1357 rewNZ=0.355 featσ[p/f/g/pw]=0.444/0.355/0.433/0.370
iter   469 | steps  15,368,192 | SPS     639 | r_p0 +0.070 r_p1 +0.411 | clip_frac 0.233(fire:0.004) | KL 0.0095 | H_fire 0.187 H_ang 0.00 H_ship 3.40 | V_loss 0.4697 | LR 0.000099 | early_stop=0 | fire[0]=0.30 fire[rest_max]=0.68 srcs_multi=5.06 ship0=0.00 meanshipbin=16.4 avgfleet=102.0 p90fleet=215.2 | Vμ=+0.537 Vσ=1.771 Rμ=+0.509 Rσ=1.863 Aσ=0.706 rewμ=+0.0085 rewσ=0.1373 rewNZ=0.407 featσ[p/f/g/pw]=0.443/0.321/0.436/0.393
iter   470 | steps  15,400,960 | SPS     639 | r_p0 +0.046 r_p1 +0.440 | clip_frac 0.236(fire:0.004) | KL 0.0114 | H_fire 0.222 H_ang 0.00 H_ship 3.41 | V_loss 0.4035 | LR 0.000099 | early_stop=0 | fire[0]=0.34 fire[rest_max]=0.69 srcs_multi=6.00 ship0=0.01 meanshipbin=16.0 avgfleet=104.7 p90fleet=219.1 | Vμ=+0.440 Vσ=1.662 Rμ=+0.432 Rσ=1.773 Aσ=0.649 rewμ=+0.0073 rewσ=0.1321 rewNZ=0.459 featσ[p/f/g/pw]=0.447/0.365/0.440/0.406
iter   471 | steps  15,433,728 | SPS     639 | r_p0 +0.015 r_p1 +0.472 | clip_frac 0.237(fire:0.003) | KL 0.0101 | H_fire 0.227 H_ang 0.00 H_ship 3.41 | V_loss 0.4672 | LR 0.000099 | early_stop=0 | fire[0]=0.36 fire[rest_max]=0.70 srcs_multi=6.42 ship0=0.01 meanshipbin=17.0 avgfleet=102.6 p90fleet=242.8 | Vμ=+0.570 Vσ=1.693 Rμ=+0.575 Rσ=1.817 Aσ=0.706 rewμ=+0.0093 rewσ=0.1415 rewNZ=0.475 featσ[p/f/g/pw]=0.444/0.372/0.447/0.405
iter   472 | steps  15,466,496 | SPS     639 | r_p0 -0.087 r_p1 +0.569 | clip_frac 0.239(fire:0.003) | KL 0.0116 | H_fire 0.214 H_ang 0.00 H_ship 3.40 | V_loss 0.7040 | LR 0.000099 | early_stop=0 | fire[0]=0.36 fire[rest_max]=0.69 srcs_multi=6.01 ship0=0.01 meanshipbin=17.0 avgfleet=93.3 p90fleet=218.6 | Vμ=+0.609 Vσ=1.745 Rμ=+0.588 Rσ=1.899 Aσ=0.863 rewμ=+0.0102 rewσ=0.1460 rewNZ=0.465 featσ[p/f/g/pw]=0.440/0.360/0.440/0.393
iter   473 | steps  15,499,264 | SPS     639 | r_p0 -0.133 r_p1 +0.619 | clip_frac 0.241(fire:0.003) | KL 0.0122 | H_fire 0.212 H_ang 0.00 H_ship 3.40 | V_loss 0.5604 | LR 0.000099 | early_stop=0 | fire[0]=0.35 fire[rest_max]=0.70 srcs_multi=5.88 ship0=0.01 meanshipbin=16.4 avgfleet=88.5 p90fleet=205.8 | Vμ=+0.560 Vσ=1.845 Rμ=+0.519 Rσ=1.972 Aσ=0.766 rewμ=+0.0100 rewσ=0.1455 rewNZ=0.457 featσ[p/f/g/pw]=0.439/0.355/0.438/0.388
iter   474 | steps  15,532,032 | SPS     639 | r_p0 -0.020 r_p1 +0.509 | clip_frac 0.243(fire:0.004) | KL 0.0104 | H_fire 0.213 H_ang 0.00 H_ship 3.40 | V_loss 0.5926 | LR 0.000099 | early_stop=0 | fire[0]=0.34 fire[rest_max]=0.68 srcs_multi=5.82 ship0=0.01 meanshipbin=16.8 avgfleet=91.5 p90fleet=206.5 | Vμ=+0.557 Vσ=1.847 Rμ=+0.543 Rσ=1.980 Aσ=0.791 rewμ=+0.0097 rewσ=0.1449 rewNZ=0.457 featσ[p/f/g/pw]=0.445/0.363/0.437/0.388
iter   475 | steps  15,564,800 | SPS     639 | r_p0 +0.079 r_p1 +0.410 | clip_frac 0.246(fire:0.005) | KL 0.0177 | H_fire 0.207 H_ang 0.00 H_ship 3.40 | V_loss 0.7334 | LR 0.000099 | early_stop=0 | fire[0]=0.34 fire[rest_max]=0.69 srcs_multi=5.73 ship0=0.01 meanshipbin=17.1 avgfleet=97.0 p90fleet=214.8 | Vμ=+0.583 Vσ=1.708 Rμ=+0.669 Rσ=1.776 Aσ=0.878 rewμ=+0.0112 rewσ=0.1413 rewNZ=0.448 featσ[p/f/g/pw]=0.446/0.363/0.443/0.396
iter   476 | steps  15,597,568 | SPS     639 | r_p0 -0.103 r_p1 +0.589 | clip_frac 0.247(fire:0.005) | KL 0.0101 | H_fire 0.153 H_ang 0.00 H_ship 3.41 | V_loss 0.5170 | LR 0.000099 | early_stop=0 | fire[0]=0.28 fire[rest_max]=0.68 srcs_multi=4.18 ship0=0.01 meanshipbin=17.7 avgfleet=97.6 p90fleet=225.4 | Vμ=+0.067 Vσ=1.744 Rμ=+0.010 Rσ=1.868 Aσ=0.743 rewμ=+0.0026 rewσ=0.1381 rewNZ=0.362 featσ[p/f/g/pw]=0.446/0.363/0.425/0.367
iter   477 | steps  15,630,336 | SPS     639 | r_p0 -0.151 r_p1 +0.636 | clip_frac 0.248(fire:0.004) | KL 0.0106 | H_fire 0.179 H_ang 0.00 H_ship 3.41 | V_loss 0.5641 | LR 0.000099 | early_stop=0 | fire[0]=0.31 fire[rest_max]=0.68 srcs_multi=4.98 ship0=0.01 meanshipbin=16.9 avgfleet=97.5 p90fleet=218.2 | Vμ=+0.311 Vσ=1.707 Rμ=+0.307 Rσ=1.856 Aσ=0.767 rewμ=+0.0062 rewσ=0.1382 rewNZ=0.389 featσ[p/f/g/pw]=0.446/0.372/0.437/0.373
iter   478 | steps  15,663,104 | SPS     639 | r_p0 +0.079 r_p1 +0.414 | clip_frac 0.249(fire:0.004) | KL 0.0087 | H_fire 0.194 H_ang 0.00 H_ship 3.40 | V_loss 0.6221 | LR 0.000098 | early_stop=0 | fire[0]=0.32 fire[rest_max]=0.66 srcs_multi=5.20 ship0=0.01 meanshipbin=18.2 avgfleet=102.3 p90fleet=236.5 | Vμ=+0.494 Vσ=1.831 Rμ=+0.469 Rσ=1.929 Aσ=0.811 rewμ=+0.0086 rewσ=0.1403 rewNZ=0.412 featσ[p/f/g/pw]=0.445/0.352/0.439/0.386
iter   479 | steps  15,695,872 | SPS     639 | r_p0 +0.092 r_p1 +0.398 | clip_frac 0.250(fire:0.003) | KL 0.0107 | H_fire 0.200 H_ang 0.00 H_ship 3.41 | V_loss 0.5595 | LR 0.000098 | early_stop=0 | fire[0]=0.29 fire[rest_max]=0.64 srcs_multi=5.06 ship0=0.01 meanshipbin=19.0 avgfleet=103.6 p90fleet=232.2 | Vμ=+0.486 Vσ=1.813 Rμ=+0.451 Rσ=1.941 Aσ=0.772 rewμ=+0.0089 rewσ=0.1410 rewNZ=0.407 featσ[p/f/g/pw]=0.445/0.349/0.440/0.395
iter   480 | steps  15,728,640 | SPS     639 | r_p0 +0.093 r_p1 +0.394 | clip_frac 0.251(fire:0.004) | KL 0.0102 | H_fire 0.198 H_ang 0.00 H_ship 3.41 | V_loss 0.3854 | LR 0.000098 | early_stop=0 | fire[0]=0.30 fire[rest_max]=0.65 srcs_multi=5.14 ship0=0.01 meanshipbin=19.3 avgfleet=109.0 p90fleet=237.1 | Vμ=+0.337 Vσ=1.740 Rμ=+0.285 Rσ=1.825 Aσ=0.641 rewμ=+0.0059 rewσ=0.1320 rewNZ=0.394 featσ[p/f/g/pw]=0.445/0.345/0.441/0.391
  saved checkpoints/torch_step_15728640_rev38_20260605_181635.pt
  saved checkpoints/pool_step_15728640_rev38_20260605_181635.pt (30 members)
  pool snapshot @ step 15,728,640
  pool size=31  alpha=2.0
    self                 self_step_5242880              wr=0.44 (n=1712)  pfsp_w=0.310
    self                 self_step_5767168              wr=0.45 (n=1281)  pfsp_w=0.302
    self                 self_step_6815744              wr=0.46 (n=1337)  pfsp_w=0.294
    self                 self_step_3145728              wr=0.47 (n=2569)  pfsp_w=0.284
    self                 self_step_14155776             wr=0.47 (n=222)  pfsp_w=0.283
    self                 self_step_6291456              wr=0.47 (n=1128)  pfsp_w=0.280
    self                 self_step_12582912             wr=0.47 (n=615)  pfsp_w=0.279
    self                 self_step_10485760             wr=0.48 (n=691)  pfsp_w=0.271
iter   481 | steps  15,761,408 | SPS     639 | r_p0 +0.180 r_p1 +0.311 | clip_frac 0.251(fire:0.005) | KL 0.0112 | H_fire 0.164 H_ang 0.00 H_ship 3.41 | V_loss 0.5981 | LR 0.000098 | early_stop=0 | fire[0]=0.26 fire[rest_max]=0.63 srcs_multi=4.23 ship0=0.01 meanshipbin=20.2 avgfleet=109.7 p90fleet=237.9 | Vμ=+0.192 Vσ=1.642 Rμ=+0.144 Rσ=1.812 Aσ=0.791 rewμ=+0.0059 rewσ=0.1359 rewNZ=0.341 featσ[p/f/g/pw]=0.440/0.317/0.435/0.374
iter   482 | steps  15,794,176 | SPS     639 | r_p0 +0.079 r_p1 +0.411 | clip_frac 0.251(fire:0.004) | KL 0.0105 | H_fire 0.197 H_ang 0.00 H_ship 3.40 | V_loss 0.4255 | LR 0.000098 | early_stop=0 | fire[0]=0.27 fire[rest_max]=0.60 srcs_multi=4.64 ship0=0.01 meanshipbin=20.8 avgfleet=100.1 p90fleet=211.8 | Vμ=+0.368 Vσ=1.784 Rμ=+0.323 Rσ=1.880 Aσ=0.674 rewμ=+0.0079 rewσ=0.1339 rewNZ=0.391 featσ[p/f/g/pw]=0.440/0.325/0.432/0.386
iter   483 | steps  15,826,944 | SPS     639 | r_p0 +0.003 r_p1 +0.483 | clip_frac 0.252(fire:0.004) | KL 0.0083 | H_fire 0.203 H_ang 0.00 H_ship 3.41 | V_loss 0.4656 | LR 0.000098 | early_stop=0 | fire[0]=0.28 fire[rest_max]=0.60 srcs_multi=5.07 ship0=0.01 meanshipbin=19.8 avgfleet=106.9 p90fleet=231.9 | Vμ=+0.384 Vσ=1.693 Rμ=+0.377 Rσ=1.813 Aσ=0.697 rewμ=+0.0076 rewσ=0.1314 rewNZ=0.395 featσ[p/f/g/pw]=0.442/0.337/0.441/0.387
iter   484 | steps  15,859,712 | SPS     639 | r_p0 +0.132 r_p1 +0.353 | clip_frac 0.252(fire:0.004) | KL 0.0105 | H_fire 0.181 H_ang 0.00 H_ship 3.41 | V_loss 0.4809 | LR 0.000098 | early_stop=0 | fire[0]=0.26 fire[rest_max]=0.62 srcs_multi=4.40 ship0=0.01 meanshipbin=19.0 avgfleet=107.5 p90fleet=225.2 | Vμ=+0.149 Vσ=1.743 Rμ=+0.185 Rσ=1.896 Aσ=0.711 rewμ=+0.0072 rewσ=0.1351 rewNZ=0.364 featσ[p/f/g/pw]=0.443/0.317/0.435/0.386
iter   485 | steps  15,892,480 | SPS     639 | r_p0 +0.094 r_p1 +0.391 | clip_frac 0.251(fire:0.004) | KL 0.0086 | H_fire 0.196 H_ang 0.00 H_ship 3.41 | V_loss 0.4460 | LR 0.000098 | early_stop=0 | fire[0]=0.28 fire[rest_max]=0.62 srcs_multi=4.84 ship0=0.01 meanshipbin=19.1 avgfleet=107.3 p90fleet=211.5 | Vμ=+0.397 Vσ=1.721 Rμ=+0.408 Rσ=1.841 Aσ=0.688 rewμ=+0.0082 rewσ=0.1340 rewNZ=0.387 featσ[p/f/g/pw]=0.446/0.333/0.440/0.387
iter   486 | steps  15,925,248 | SPS     639 | r_p0 +0.156 r_p1 +0.331 | clip_frac 0.251(fire:0.004) | KL 0.0097 | H_fire 0.163 H_ang 0.00 H_ship 3.41 | V_loss 0.5373 | LR 0.000098 | early_stop=0 | fire[0]=0.24 fire[rest_max]=0.61 srcs_multi=3.94 ship0=0.01 meanshipbin=19.4 avgfleet=99.7 p90fleet=221.5 | Vμ=+0.116 Vσ=1.729 Rμ=+0.112 Rσ=1.885 Aσ=0.758 rewμ=+0.0070 rewσ=0.1404 rewNZ=0.353 featσ[p/f/g/pw]=0.445/0.325/0.432/0.379
iter   487 | steps  15,958,016 | SPS     639 | r_p0 +0.139 r_p1 +0.345 | clip_frac 0.252(fire:0.003) | KL 0.0119 | H_fire 0.218 H_ang 0.00 H_ship 3.41 | V_loss 0.4147 | LR 0.000098 | early_stop=0 | fire[0]=0.30 fire[rest_max]=0.63 srcs_multi=5.28 ship0=0.00 meanshipbin=19.6 avgfleet=99.5 p90fleet=206.2 | Vμ=+0.590 Vσ=1.749 Rμ=+0.639 Rσ=1.885 Aσ=0.663 rewμ=+0.0094 rewσ=0.1358 rewNZ=0.427 featσ[p/f/g/pw]=0.443/0.343/0.441/0.401
iter   488 | steps  15,990,784 | SPS     639 | r_p0 -0.173 r_p1 +0.656 | clip_frac 0.254(fire:0.005) | KL 0.0111 | H_fire 0.212 H_ang 0.00 H_ship 3.41 | V_loss 0.4527 | LR 0.000098 | early_stop=0 | fire[0]=0.30 fire[rest_max]=0.64 srcs_multi=5.26 ship0=0.00 meanshipbin=18.7 avgfleet=105.0 p90fleet=232.8 | Vμ=+0.441 Vσ=1.743 Rμ=+0.413 Rσ=1.879 Aσ=0.690 rewμ=+0.0095 rewσ=0.1373 rewNZ=0.412 featσ[p/f/g/pw]=0.442/0.343/0.445/0.394
iter   489 | steps  16,023,552 | SPS     639 | r_p0 -0.081 r_p1 +0.563 | clip_frac 0.254(fire:0.004) | KL 0.0113 | H_fire 0.167 H_ang 0.00 H_ship 3.41 | V_loss 0.5463 | LR 0.000098 | early_stop=0 | fire[0]=0.26 fire[rest_max]=0.67 srcs_multi=4.23 ship0=0.00 meanshipbin=18.2 avgfleet=96.4 p90fleet=208.0 | Vμ=+0.303 Vσ=1.672 Rμ=+0.379 Rσ=1.828 Aσ=0.757 rewμ=+0.0083 rewσ=0.1371 rewNZ=0.362 featσ[p/f/g/pw]=0.440/0.332/0.434/0.375
iter   490 | steps  16,056,320 | SPS     639 | r_p0 +0.228 r_p1 +0.254 | clip_frac 0.254(fire:0.003) | KL 0.0070 | H_fire 0.167 H_ang 0.00 H_ship 3.42 | V_loss 0.3635 | LR 0.000098 | early_stop=0 | fire[0]=0.26 fire[rest_max]=0.68 srcs_multi=4.31 ship0=0.00 meanshipbin=18.3 avgfleet=109.8 p90fleet=222.0 | Vμ=+0.274 Vσ=1.625 Rμ=+0.297 Rσ=1.750 Aσ=0.624 rewμ=+0.0064 rewσ=0.1282 rewNZ=0.347 featσ[p/f/g/pw]=0.441/0.327/0.436/0.380
iter   491 | steps  16,089,088 | SPS     639 | r_p0 +0.325 r_p1 +0.161 | clip_frac 0.254(fire:0.004) | KL 0.0115 | H_fire 0.182 H_ang 0.00 H_ship 3.40 | V_loss 0.5059 | LR 0.000098 | early_stop=0 | fire[0]=0.29 fire[rest_max]=0.69 srcs_multi=4.74 ship0=0.00 meanshipbin=18.2 avgfleet=101.2 p90fleet=209.7 | Vμ=+0.556 Vσ=1.791 Rμ=+0.572 Rσ=1.953 Aσ=0.739 rewμ=+0.0078 rewσ=0.1388 rewNZ=0.399 featσ[p/f/g/pw]=0.444/0.342/0.432/0.384
iter   492 | steps  16,121,856 | SPS     639 | r_p0 +0.164 r_p1 +0.323 | clip_frac 0.254(fire:0.004) | KL 0.0093 | H_fire 0.166 H_ang 0.00 H_ship 3.42 | V_loss 0.3906 | LR 0.000098 | early_stop=0 | fire[0]=0.27 fire[rest_max]=0.68 srcs_multi=4.35 ship0=0.01 meanshipbin=17.2 avgfleet=111.5 p90fleet=228.2 | Vμ=+0.129 Vσ=1.771 Rμ=+0.141 Rσ=1.871 Aσ=0.643 rewμ=+0.0045 rewσ=0.1285 rewNZ=0.353 featσ[p/f/g/pw]=0.446/0.336/0.435/0.387
iter   493 | steps  16,154,624 | SPS     639 | r_p0 -0.020 r_p1 +0.502 | clip_frac 0.255(fire:0.004) | KL 0.0086 | H_fire 0.159 H_ang 0.00 H_ship 3.41 | V_loss 0.6326 | LR 0.000098 | early_stop=0 | fire[0]=0.27 fire[rest_max]=0.69 srcs_multi=4.19 ship0=0.01 meanshipbin=16.4 avgfleet=98.7 p90fleet=208.2 | Vμ=+0.176 Vσ=1.696 Rμ=+0.162 Rσ=1.865 Aσ=0.817 rewμ=+0.0059 rewσ=0.1385 rewNZ=0.362 featσ[p/f/g/pw]=0.443/0.346/0.431/0.371
iter   494 | steps  16,187,392 | SPS     639 | r_p0 +0.122 r_p1 +0.365 | clip_frac 0.256(fire:0.003) | KL 0.0088 | H_fire 0.206 H_ang 0.00 H_ship 3.41 | V_loss 0.4782 | LR 0.000098 | early_stop=0 | fire[0]=0.33 fire[rest_max]=0.68 srcs_multi=5.56 ship0=0.00 meanshipbin=16.2 avgfleet=101.9 p90fleet=230.7 | Vμ=+0.444 Vσ=1.802 Rμ=+0.436 Rσ=1.917 Aσ=0.713 rewμ=+0.0078 rewσ=0.1403 rewNZ=0.427 featσ[p/f/g/pw]=0.443/0.348/0.441/0.388
iter   495 | steps  16,220,160 | SPS     639 | r_p0 +0.118 r_p1 +0.370 | clip_frac 0.257(fire:0.006) | KL 0.0132 | H_fire 0.181 H_ang 0.00 H_ship 3.40 | V_loss 0.5487 | LR 0.000098 | early_stop=0 | fire[0]=0.29 fire[rest_max]=0.65 srcs_multi=4.69 ship0=0.00 meanshipbin=17.8 avgfleet=91.9 p90fleet=199.8 | Vμ=+0.454 Vσ=1.806 Rμ=+0.475 Rσ=1.945 Aσ=0.756 rewμ=+0.0097 rewσ=0.1447 rewNZ=0.397 featσ[p/f/g/pw]=0.442/0.336/0.434/0.382
iter   496 | steps  16,252,928 | SPS     639 | r_p0 +0.103 r_p1 +0.383 | clip_frac 0.257(fire:0.005) | KL 0.0103 | H_fire 0.154 H_ang 0.00 H_ship 3.42 | V_loss 0.4506 | LR 0.000098 | early_stop=0 | fire[0]=0.25 fire[rest_max]=0.68 srcs_multi=3.89 ship0=0.01 meanshipbin=18.2 avgfleet=107.4 p90fleet=219.3 | Vμ=+0.068 Vσ=1.748 Rμ=+0.123 Rσ=1.880 Aσ=0.687 rewμ=+0.0050 rewσ=0.1323 rewNZ=0.336 featσ[p/f/g/pw]=0.446/0.348/0.432/0.383
  saved checkpoints/torch_step_16252928_rev38_20260605_181635.pt
  saved checkpoints/pool_step_16252928_rev38_20260605_181635.pt (31 members)
  pool snapshot @ step 16,252,928
  pool size=32  alpha=2.0
    self                 self_step_5242880              wr=0.45 (n=1802)  pfsp_w=0.305
    self                 self_step_5767168              wr=0.45 (n=1281)  pfsp_w=0.302
    self                 self_step_6815744              wr=0.46 (n=1405)  pfsp_w=0.289
    self                 self_step_3145728              wr=0.47 (n=2569)  pfsp_w=0.284
    self                 self_step_12582912             wr=0.47 (n=615)  pfsp_w=0.279
    self                 self_step_6291456              wr=0.48 (n=1192)  pfsp_w=0.273
    self                 self_step_10485760             wr=0.48 (n=691)  pfsp_w=0.271
    self                 self_step_9961472              wr=0.48 (n=479)  pfsp_w=0.270
iter   497 | steps  16,285,696 | SPS     639 | r_p0 +0.037 r_p1 +0.453 | clip_frac 0.257(fire:0.004) | KL 0.0121 | H_fire 0.156 H_ang 0.00 H_ship 3.42 | V_loss 0.4367 | LR 0.000098 | early_stop=0 | fire[0]=0.26 fire[rest_max]=0.68 srcs_multi=4.16 ship0=0.00 meanshipbin=17.6 avgfleet=116.6 p90fleet=244.9 | Vμ=+0.143 Vσ=1.674 Rμ=+0.146 Rσ=1.800 Aσ=0.681 rewμ=+0.0060 rewσ=0.1300 rewNZ=0.336 featσ[p/f/g/pw]=0.447/0.349/0.439/0.382
iter   498 | steps  16,318,464 | SPS     639 | r_p0 +0.101 r_p1 +0.387 | clip_frac 0.258(fire:0.005) | KL 0.0154 | H_fire 0.186 H_ang 0.00 H_ship 3.41 | V_loss 0.5835 | LR 0.000098 | early_stop=0 | fire[0]=0.30 fire[rest_max]=0.67 srcs_multi=4.81 ship0=0.00 meanshipbin=19.3 avgfleet=113.3 p90fleet=252.5 | Vμ=+0.428 Vσ=1.693 Rμ=+0.426 Rσ=1.857 Aσ=0.783 rewμ=+0.0085 rewσ=0.1347 rewNZ=0.394 featσ[p/f/g/pw]=0.445/0.335/0.438/0.398
iter   499 | steps  16,351,232 | SPS     639 | r_p0 +0.129 r_p1 +0.355 | clip_frac 0.257(fire:0.004) | KL 0.0103 | H_fire 0.188 H_ang 0.00 H_ship 3.41 | V_loss 0.5308 | LR 0.000098 | early_stop=0 | fire[0]=0.29 fire[rest_max]=0.66 srcs_multi=4.71 ship0=0.00 meanshipbin=18.2 avgfleet=102.0 p90fleet=222.0 | Vμ=+0.287 Vσ=1.690 Rμ=+0.312 Rσ=1.842 Aσ=0.746 rewμ=+0.0072 rewσ=0.1396 rewNZ=0.395 featσ[p/f/g/pw]=0.446/0.358/0.438/0.394
iter   500 | steps  16,384,000 | SPS     639 | r_p0 +0.143 r_p1 +0.340 | clip_frac 0.258(fire:0.006) | KL 0.0153 | H_fire 0.174 H_ang 0.00 H_ship 3.40 | V_loss 0.5428 | LR 0.000098 | early_stop=0 | fire[0]=0.29 fire[rest_max]=0.67 srcs_multi=4.65 ship0=0.00 meanshipbin=18.4 avgfleet=95.5 p90fleet=214.2 | Vμ=+0.499 Vσ=1.779 Rμ=+0.547 Rσ=1.948 Aσ=0.751 rewμ=+0.0086 rewσ=0.1444 rewNZ=0.392 featσ[p/f/g/pw]=0.443/0.328/0.437/0.380
iter   501 | steps  16,416,768 | SPS     639 | r_p0 +0.173 r_p1 +0.318 | clip_frac 0.259(fire:0.005) | KL 0.0129 | H_fire 0.186 H_ang 0.00 H_ship 3.40 | V_loss 0.5266 | LR 0.000098 | early_stop=0 | fire[0]=0.30 fire[rest_max]=0.68 srcs_multi=4.91 ship0=0.00 meanshipbin=19.2 avgfleet=98.4 p90fleet=210.1 | Vμ=+0.657 Vσ=1.772 Rμ=+0.726 Rσ=1.918 Aσ=0.751 rewμ=+0.0114 rewσ=0.1416 rewNZ=0.399 featσ[p/f/g/pw]=0.443/0.312/0.442/0.396
iter   502 | steps  16,449,536 | SPS     639 | r_p0 -0.080 r_p1 +0.573 | clip_frac 0.260(fire:0.004) | KL 0.0125 | H_fire 0.217 H_ang 0.00 H_ship 3.41 | V_loss 0.4577 | LR 0.000098 | early_stop=0 | fire[0]=0.34 fire[rest_max]=0.69 srcs_multi=5.75 ship0=0.00 meanshipbin=19.5 avgfleet=97.7 p90fleet=206.2 | Vμ=+0.588 Vσ=1.773 Rμ=+0.591 Rσ=1.906 Aσ=0.697 rewμ=+0.0106 rewσ=0.1391 rewNZ=0.450 featσ[p/f/g/pw]=0.444/0.350/0.446/0.406
iter   503 | steps  16,482,304 | SPS     639 | r_p0 -0.202 r_p1 +0.694 | clip_frac 0.260(fire:0.004) | KL 0.0105 | H_fire 0.200 H_ang 0.00 H_ship 3.40 | V_loss 0.4755 | LR 0.000098 | early_stop=0 | fire[0]=0.34 fire[rest_max]=0.71 srcs_multi=5.68 ship0=0.00 meanshipbin=19.9 avgfleet=102.3 p90fleet=223.0 | Vμ=+0.650 Vσ=1.749 Rμ=+0.663 Rσ=1.873 Aσ=0.708 rewμ=+0.0109 rewσ=0.1427 rewNZ=0.436 featσ[p/f/g/pw]=0.443/0.332/0.449/0.401
iter   504 | steps  16,515,072 | SPS     639 | r_p0 -0.205 r_p1 +0.688 | clip_frac 0.262(fire:0.004) | KL 0.0119 | H_fire 0.210 H_ang 0.00 H_ship 3.40 | V_loss 0.4861 | LR 0.000098 | early_stop=0 | fire[0]=0.33 fire[rest_max]=0.68 srcs_multi=5.52 ship0=0.00 meanshipbin=19.5 avgfleet=99.7 p90fleet=222.4 | Vμ=+0.579 Vσ=1.786 Rμ=+0.590 Rσ=1.912 Aσ=0.713 rewμ=+0.0094 rewσ=0.1429 rewNZ=0.455 featσ[p/f/g/pw]=0.444/0.345/0.439/0.404
iter   505 | steps  16,547,840 | SPS     639 | r_p0 -0.143 r_p1 +0.630 | clip_frac 0.263(fire:0.005) | KL 0.0123 | H_fire 0.200 H_ang 0.00 H_ship 3.40 | V_loss 0.4778 | LR 0.000098 | early_stop=0 | fire[0]=0.33 fire[rest_max]=0.69 srcs_multi=5.53 ship0=0.00 meanshipbin=18.7 avgfleet=102.5 p90fleet=232.3 | Vμ=+0.540 Vσ=1.758 Rμ=+0.527 Rσ=1.919 Aσ=0.696 rewμ=+0.0100 rewσ=0.1429 rewNZ=0.422 featσ[p/f/g/pw]=0.441/0.333/0.446/0.392
iter   506 | steps  16,580,608 | SPS     639 | r_p0 -0.030 r_p1 +0.520 | clip_frac 0.264(fire:0.004) | KL 0.0126 | H_fire 0.156 H_ang 0.00 H_ship 3.42 | V_loss 0.4360 | LR 0.000098 | early_stop=0 | fire[0]=0.26 fire[rest_max]=0.69 srcs_multi=4.16 ship0=0.00 meanshipbin=19.5 avgfleet=107.0 p90fleet=225.7 | Vμ=+0.140 Vσ=1.784 Rμ=+0.204 Rσ=1.919 Aσ=0.679 rewμ=+0.0064 rewσ=0.1278 rewNZ=0.340 featσ[p/f/g/pw]=0.442/0.314/0.433/0.372
iter   507 | steps  16,613,376 | SPS     639 | r_p0 +0.091 r_p1 +0.398 | clip_frac 0.265(fire:0.003) | KL 0.0087 | H_fire 0.187 H_ang 0.00 H_ship 3.41 | V_loss 0.4850 | LR 0.000098 | early_stop=0 | fire[0]=0.31 fire[rest_max]=0.71 srcs_multi=5.19 ship0=0.00 meanshipbin=18.8 avgfleet=100.3 p90fleet=213.6 | Vμ=+0.566 Vσ=1.798 Rμ=+0.591 Rσ=1.917 Aσ=0.717 rewμ=+0.0089 rewσ=0.1363 rewNZ=0.408 featσ[p/f/g/pw]=0.442/0.349/0.438/0.381
iter   508 | steps  16,646,144 | SPS     639 | r_p0 +0.044 r_p1 +0.450 | clip_frac 0.265(fire:0.004) | KL 0.0075 | H_fire 0.137 H_ang 0.00 H_ship 3.41 | V_loss 0.5597 | LR 0.000098 | early_stop=0 | fire[0]=0.25 fire[rest_max]=0.70 srcs_multi=3.65 ship0=0.00 meanshipbin=18.5 avgfleet=102.3 p90fleet=211.1 | Vμ=+0.186 Vσ=1.765 Rμ=+0.180 Rσ=1.895 Aσ=0.770 rewμ=+0.0063 rewσ=0.1334 rewNZ=0.322 featσ[p/f/g/pw]=0.445/0.320/0.430/0.368
iter   509 | steps  16,678,912 | SPS     639 | r_p0 +0.004 r_p1 +0.482 | clip_frac 0.266(fire:0.005) | KL 0.0102 | H_fire 0.148 H_ang 0.00 H_ship 3.42 | V_loss 0.5026 | LR 0.000098 | early_stop=0 | fire[0]=0.26 fire[rest_max]=0.68 srcs_multi=3.91 ship0=0.00 meanshipbin=17.6 avgfleet=101.0 p90fleet=207.0 | Vμ=+0.035 Vσ=1.720 Rμ=+0.031 Rσ=1.843 Aσ=0.732 rewμ=+0.0045 rewσ=0.1336 rewNZ=0.350 featσ[p/f/g/pw]=0.449/0.353/0.431/0.379
iter   510 | steps  16,711,680 | SPS     639 | r_p0 +0.051 r_p1 +0.428 | clip_frac 0.268(fire:0.003) | KL 0.0099 | H_fire 0.229 H_ang 0.00 H_ship 3.41 | V_loss 0.5330 | LR 0.000098 | early_stop=0 | fire[0]=0.35 fire[rest_max]=0.68 srcs_multi=6.13 ship0=0.00 meanshipbin=17.9 avgfleet=101.6 p90fleet=225.8 | Vμ=+0.672 Vσ=1.790 Rμ=+0.667 Rσ=1.892 Aσ=0.754 rewμ=+0.0101 rewσ=0.1407 rewNZ=0.475 featσ[p/f/g/pw]=0.446/0.348/0.447/0.407
iter   511 | steps  16,744,448 | SPS     639 | r_p0 -0.111 r_p1 +0.595 | clip_frac 0.267(fire:0.003) | KL 0.0069 | H_fire 0.130 H_ang 0.00 H_ship 3.41 | V_loss 0.5117 | LR 0.000098 | early_stop=0 | fire[0]=0.25 fire[rest_max]=0.69 srcs_multi=3.51 ship0=0.00 meanshipbin=18.5 avgfleet=103.8 p90fleet=219.2 | Vμ=+0.129 Vσ=1.702 Rμ=+0.146 Rσ=1.824 Aσ=0.738 rewμ=+0.0052 rewσ=0.1319 rewNZ=0.312 featσ[p/f/g/pw]=0.445/0.319/0.430/0.367
iter   512 | steps  16,777,216 | SPS     639 | r_p0 -0.097 r_p1 +0.577 | clip_frac 0.268(fire:0.004) | KL 0.0084 | H_fire 0.157 H_ang 0.00 H_ship 3.42 | V_loss 0.4432 | LR 0.000098 | early_stop=0 | fire[0]=0.26 fire[rest_max]=0.69 srcs_multi=4.00 ship0=0.00 meanshipbin=18.4 avgfleet=96.6 p90fleet=195.4 | Vμ=+0.078 Vσ=1.706 Rμ=+0.087 Rσ=1.873 Aσ=0.684 rewμ=+0.0051 rewσ=0.1342 rewNZ=0.352 featσ[p/f/g/pw]=0.446/0.350/0.429/0.373
  saved checkpoints/torch_step_16777216_rev38_20260605_181635.pt
  saved checkpoints/pool_step_16777216_rev38_20260605_181635.pt (32 members)
  pool snapshot @ step 16,777,216
  pool size=33  alpha=2.0
    self                 self_step_5242880              wr=0.45 (n=1802)  pfsp_w=0.305
    self                 self_step_5767168              wr=0.45 (n=1281)  pfsp_w=0.302
    self                 self_step_6815744              wr=0.46 (n=1405)  pfsp_w=0.289
    self                 self_step_3145728              wr=0.47 (n=2644)  pfsp_w=0.280
    self                 self_step_12582912             wr=0.47 (n=615)  pfsp_w=0.279
    self                 self_step_6291456              wr=0.48 (n=1192)  pfsp_w=0.273
    self                 self_step_10485760             wr=0.48 (n=691)  pfsp_w=0.271
    self                 self_step_9961472              wr=0.48 (n=479)  pfsp_w=0.270
iter   513 | steps  16,809,984 | SPS     639 | r_p0 -0.045 r_p1 +0.530 | clip_frac 0.270(fire:0.005) | KL 0.0106 | H_fire 0.161 H_ang 0.00 H_ship 3.42 | V_loss 0.4110 | LR 0.000098 | early_stop=0 | fire[0]=0.30 fire[rest_max]=0.72 srcs_multi=4.70 ship0=0.00 meanshipbin=18.8 avgfleet=106.2 p90fleet=225.5 | Vμ=+0.067 Vσ=1.630 Rμ=+0.047 Rσ=1.725 Aσ=0.665 rewμ=+0.0037 rewσ=0.1320 rewNZ=0.363 featσ[p/f/g/pw]=0.445/0.352/0.434/0.372
iter   514 | steps  16,842,752 | SPS     639 | r_p0 -0.083 r_p1 +0.571 | clip_frac 0.269(fire:0.004) | KL 0.0094 | H_fire 0.156 H_ang 0.00 H_ship 3.42 | V_loss 0.5920 | LR 0.000098 | early_stop=0 | fire[0]=0.28 fire[rest_max]=0.70 srcs_multi=4.17 ship0=0.01 meanshipbin=18.1 avgfleet=103.5 p90fleet=226.2 | Vμ=+0.157 Vσ=1.671 Rμ=+0.191 Rσ=1.882 Aσ=0.790 rewμ=+0.0063 rewσ=0.1339 rewNZ=0.354 featσ[p/f/g/pw]=0.443/0.344/0.430/0.371
iter   515 | steps  16,875,520 | SPS     639 | r_p0 -0.047 r_p1 +0.531 | clip_frac 0.268(fire:0.003) | KL 0.0086 | H_fire 0.175 H_ang 0.00 H_ship 3.42 | V_loss 0.4392 | LR 0.000098 | early_stop=0 | fire[0]=0.30 fire[rest_max]=0.71 srcs_multi=4.94 ship0=0.00 meanshipbin=17.9 avgfleet=103.6 p90fleet=218.8 | Vμ=+0.110 Vσ=1.675 Rμ=+0.100 Rσ=1.778 Aσ=0.688 rewμ=+0.0046 rewσ=0.1335 rewNZ=0.384 featσ[p/f/g/pw]=0.444/0.358/0.438/0.381
iter   516 | steps  16,908,288 | SPS     639 | r_p0 +0.029 r_p1 +0.453 | clip_frac 0.269(fire:0.004) | KL 0.0098 | H_fire 0.160 H_ang 0.00 H_ship 3.41 | V_loss 0.4104 | LR 0.000098 | early_stop=0 | fire[0]=0.27 fire[rest_max]=0.69 srcs_multi=4.12 ship0=0.01 meanshipbin=18.0 avgfleet=101.7 p90fleet=219.4 | Vμ=+0.077 Vσ=1.724 Rμ=+0.079 Rσ=1.845 Aσ=0.662 rewμ=+0.0064 rewσ=0.1335 rewNZ=0.365 featσ[p/f/g/pw]=0.445/0.354/0.431/0.376
iter   517 | steps  16,941,056 | SPS     639 | r_p0 +0.044 r_p1 +0.439 | clip_frac 0.268(fire:0.005) | KL 0.0099 | H_fire 0.162 H_ang 0.00 H_ship 3.42 | V_loss 0.4984 | LR 0.000098 | early_stop=0 | fire[0]=0.29 fire[rest_max]=0.71 srcs_multi=4.53 ship0=0.01 meanshipbin=18.0 avgfleet=97.8 p90fleet=203.4 | Vμ=+0.123 Vσ=1.709 Rμ=+0.181 Rσ=1.841 Aσ=0.727 rewμ=+0.0046 rewσ=0.1384 rewNZ=0.369 featσ[p/f/g/pw]=0.445/0.360/0.431/0.369
iter   518 | steps  16,973,824 | SPS     639 | r_p0 +0.036 r_p1 +0.452 | clip_frac 0.269(fire:0.004) | KL 0.0092 | H_fire 0.192 H_ang 0.00 H_ship 3.41 | V_loss 0.4586 | LR 0.000098 | early_stop=0 | fire[0]=0.32 fire[rest_max]=0.69 srcs_multi=5.23 ship0=0.00 meanshipbin=17.9 avgfleet=91.4 p90fleet=200.8 | Vμ=+0.441 Vσ=1.819 Rμ=+0.431 Rσ=1.945 Aσ=0.691 rewμ=+0.0075 rewσ=0.1421 rewNZ=0.414 featσ[p/f/g/pw]=0.443/0.357/0.437/0.380
iter   519 | steps  17,006,592 | SPS     639 | r_p0 +0.186 r_p1 +0.304 | clip_frac 0.269(fire:0.006) | KL 0.0150 | H_fire 0.166 H_ang 0.00 H_ship 3.41 | V_loss 0.5151 | LR 0.000098 | early_stop=0 | fire[0]=0.29 fire[rest_max]=0.69 srcs_multi=4.52 ship0=0.00 meanshipbin=16.4 avgfleet=96.8 p90fleet=215.1 | Vμ=+0.038 Vσ=1.660 Rμ=+0.050 Rσ=1.808 Aσ=0.734 rewμ=+0.0055 rewσ=0.1405 rewNZ=0.375 featσ[p/f/g/pw]=0.443/0.361/0.433/0.371
iter   520 | steps  17,039,360 | SPS     639 | r_p0 +0.118 r_p1 +0.369 | clip_frac 0.267(fire:0.006) | KL 0.0097 | H_fire 0.153 H_ang 0.00 H_ship 3.41 | V_loss 0.5485 | LR 0.000098 | early_stop=0 | fire[0]=0.26 fire[rest_max]=0.68 srcs_multi=3.90 ship0=0.01 meanshipbin=15.9 avgfleet=91.2 p90fleet=200.0 | Vμ=+0.115 Vσ=1.829 Rμ=+0.103 Rσ=1.949 Aσ=0.754 rewμ=+0.0053 rewσ=0.1417 rewNZ=0.357 featσ[p/f/g/pw]=0.444/0.361/0.426/0.366
iter   521 | steps  17,072,128 | SPS     639 | r_p0 +0.040 r_p1 +0.445 | clip_frac 0.267(fire:0.003) | KL 0.0119 | H_fire 0.228 H_ang 0.00 H_ship 3.41 | V_loss 0.4289 | LR 0.000098 | early_stop=0 | fire[0]=0.34 fire[rest_max]=0.68 srcs_multi=6.09 ship0=0.00 meanshipbin=14.3 avgfleet=97.5 p90fleet=210.3 | Vμ=+0.562 Vσ=1.813 Rμ=+0.578 Rσ=1.905 Aσ=0.674 rewμ=+0.0085 rewσ=0.1391 rewNZ=0.465 featσ[p/f/g/pw]=0.442/0.355/0.444/0.394
iter   522 | steps  17,104,896 | SPS     639 | r_p0 -0.060 r_p1 +0.547 | clip_frac 0.265(fire:0.005) | KL 0.0135 | H_fire 0.154 H_ang 0.00 H_ship 3.40 | V_loss 0.5203 | LR 0.000098 | early_stop=0 | fire[0]=0.26 fire[rest_max]=0.64 srcs_multi=3.79 ship0=0.01 meanshipbin=14.1 avgfleet=88.7 p90fleet=200.6 | Vμ=+0.063 Vσ=1.752 Rμ=+0.074 Rσ=1.873 Aσ=0.737 rewμ=+0.0061 rewσ=0.1438 rewNZ=0.355 featσ[p/f/g/pw]=0.443/0.364/0.423/0.355
iter   523 | steps  17,137,664 | SPS     639 | r_p0 -0.134 r_p1 +0.626 | clip_frac 0.263(fire:0.005) | KL 0.0123 | H_fire 0.166 H_ang 0.00 H_ship 3.41 | V_loss 0.4964 | LR 0.000098 | early_stop=0 | fire[0]=0.28 fire[rest_max]=0.66 srcs_multi=4.30 ship0=0.01 meanshipbin=16.0 avgfleet=92.0 p90fleet=199.8 | Vμ=+0.142 Vσ=1.747 Rμ=+0.170 Rσ=1.875 Aσ=0.725 rewμ=+0.0054 rewσ=0.1422 rewNZ=0.373 featσ[p/f/g/pw]=0.444/0.360/0.428/0.369
iter   524 | steps  17,170,432 | SPS     639 | r_p0 -0.092 r_p1 +0.582 | clip_frac 0.262(fire:0.004) | KL 0.0102 | H_fire 0.175 H_ang 0.00 H_ship 3.41 | V_loss 0.4232 | LR 0.000098 | early_stop=0 | fire[0]=0.27 fire[rest_max]=0.64 srcs_multi=4.55 ship0=0.00 meanshipbin=17.2 avgfleet=103.4 p90fleet=220.3 | Vμ=+0.261 Vσ=1.704 Rμ=+0.268 Rσ=1.824 Aσ=0.673 rewμ=+0.0060 rewσ=0.1373 rewNZ=0.373 featσ[p/f/g/pw]=0.442/0.327/0.435/0.379
iter   525 | steps  17,203,200 | SPS     639 | r_p0 +0.144 r_p1 +0.341 | clip_frac 0.261(fire:0.005) | KL 0.0125 | H_fire 0.213 H_ang 0.00 H_ship 3.40 | V_loss 0.5359 | LR 0.000098 | early_stop=0 | fire[0]=0.33 fire[rest_max]=0.65 srcs_multi=5.45 ship0=0.00 meanshipbin=18.6 avgfleet=103.4 p90fleet=225.0 | Vμ=+0.453 Vσ=1.757 Rμ=+0.511 Rσ=1.930 Aσ=0.751 rewμ=+0.0084 rewσ=0.1385 rewNZ=0.442 featσ[p/f/g/pw]=0.445/0.342/0.438/0.392
iter   526 | steps  17,235,968 | SPS     639 | r_p0 +0.170 r_p1 +0.318 | clip_frac 0.261(fire:0.005) | KL 0.0105 | H_fire 0.160 H_ang 0.00 H_ship 3.41 | V_loss 0.4484 | LR 0.000098 | early_stop=0 | fire[0]=0.27 fire[rest_max]=0.64 srcs_multi=4.19 ship0=0.01 meanshipbin=17.5 avgfleet=102.4 p90fleet=222.8 | Vμ=+0.100 Vσ=1.784 Rμ=+0.099 Rσ=1.916 Aσ=0.693 rewμ=+0.0047 rewσ=0.1336 rewNZ=0.346 featσ[p/f/g/pw]=0.445/0.341/0.433/0.363
iter   527 | steps  17,268,736 | SPS     639 | r_p0 +0.058 r_p1 +0.429 | clip_frac 0.262(fire:0.004) | KL 0.0108 | H_fire 0.208 H_ang 0.00 H_ship 3.40 | V_loss 0.4084 | LR 0.000098 | early_stop=0 | fire[0]=0.32 fire[rest_max]=0.64 srcs_multi=5.36 ship0=0.00 meanshipbin=18.7 avgfleet=98.8 p90fleet=223.6 | Vμ=+0.539 Vσ=1.813 Rμ=+0.539 Rσ=1.921 Aσ=0.654 rewμ=+0.0094 rewσ=0.1455 rewNZ=0.425 featσ[p/f/g/pw]=0.442/0.345/0.441/0.386
iter   528 | steps  17,301,504 | SPS     639 | r_p0 +0.096 r_p1 +0.391 | clip_frac 0.261(fire:0.004) | KL 0.0103 | H_fire 0.152 H_ang 0.00 H_ship 3.41 | V_loss 0.4744 | LR 0.000098 | early_stop=0 | fire[0]=0.27 fire[rest_max]=0.65 srcs_multi=3.92 ship0=0.01 meanshipbin=16.9 avgfleet=96.3 p90fleet=206.0 | Vμ=+0.100 Vσ=1.735 Rμ=+0.090 Rσ=1.851 Aσ=0.709 rewμ=+0.0059 rewσ=0.1372 rewNZ=0.338 featσ[p/f/g/pw]=0.438/0.326/0.427/0.357
  saved checkpoints/torch_step_17301504_rev38_20260605_181635.pt
  saved checkpoints/pool_step_17301504_rev38_20260605_181635.pt (33 members)
  pool snapshot @ step 17,301,504
  pool size=34  alpha=2.0
    self                 self_step_5242880              wr=0.45 (n=1869)  pfsp_w=0.307
    self                 self_step_5767168              wr=0.45 (n=1281)  pfsp_w=0.302
    self                 self_step_8912896              wr=0.46 (n=350)  pfsp_w=0.295
    self                 self_step_6815744              wr=0.46 (n=1405)  pfsp_w=0.289
    self                 self_step_12582912             wr=0.47 (n=847)  pfsp_w=0.286
    self                 self_step_9961472              wr=0.47 (n=546)  pfsp_w=0.282
    self                 self_step_3145728              wr=0.47 (n=2644)  pfsp_w=0.280
    self                 self_step_6291456              wr=0.48 (n=1192)  pfsp_w=0.273
iter   529 | steps  17,334,272 | SPS     639 | r_p0 +0.017 r_p1 +0.474 | clip_frac 0.259(fire:0.004) | KL 0.0086 | H_fire 0.159 H_ang 0.00 H_ship 3.42 | V_loss 0.3971 | LR 0.000098 | early_stop=0 | fire[0]=0.26 fire[rest_max]=0.65 srcs_multi=3.99 ship0=0.01 meanshipbin=15.6 avgfleet=103.6 p90fleet=207.4 | Vμ=+0.141 Vσ=1.691 Rμ=+0.160 Rσ=1.819 Aσ=0.645 rewμ=+0.0051 rewσ=0.1330 rewNZ=0.339 featσ[p/f/g/pw]=0.441/0.336/0.429/0.369
iter   530 | steps  17,367,040 | SPS     639 | r_p0 +0.054 r_p1 +0.439 | clip_frac 0.259(fire:0.004) | KL 0.0085 | H_fire 0.172 H_ang 0.00 H_ship 3.41 | V_loss 0.5291 | LR 0.000098 | early_stop=0 | fire[0]=0.27 fire[rest_max]=0.66 srcs_multi=4.38 ship0=0.00 meanshipbin=17.5 avgfleet=100.3 p90fleet=219.2 | Vμ=+0.204 Vσ=1.654 Rμ=+0.189 Rσ=1.779 Aσ=0.751 rewμ=+0.0064 rewσ=0.1374 rewNZ=0.365 featσ[p/f/g/pw]=0.442/0.352/0.432/0.377
iter   531 | steps  17,399,808 | SPS     639 | r_p0 +0.115 r_p1 +0.369 | clip_frac 0.260(fire:0.004) | KL 0.0110 | H_fire 0.194 H_ang 0.00 H_ship 3.41 | V_loss 0.6130 | LR 0.000098 | early_stop=0 | fire[0]=0.27 fire[rest_max]=0.61 srcs_multi=4.39 ship0=0.00 meanshipbin=16.4 avgfleet=96.9 p90fleet=215.5 | Vμ=+0.370 Vσ=1.828 Rμ=+0.429 Rσ=1.930 Aσ=0.799 rewμ=+0.0100 rewσ=0.1384 rewNZ=0.397 featσ[p/f/g/pw]=0.441/0.340/0.431/0.383
iter   532 | steps  17,432,576 | SPS     639 | r_p0 +0.064 r_p1 +0.416 | clip_frac 0.259(fire:0.003) | KL 0.0072 | H_fire 0.167 H_ang 0.00 H_ship 3.42 | V_loss 0.4784 | LR 0.000098 | early_stop=0 | fire[0]=0.26 fire[rest_max]=0.62 srcs_multi=4.15 ship0=0.00 meanshipbin=18.2 avgfleet=110.5 p90fleet=236.7 | Vμ=+0.178 Vσ=1.733 Rμ=+0.194 Rσ=1.825 Aσ=0.711 rewμ=+0.0051 rewσ=0.1299 rewNZ=0.341 featσ[p/f/g/pw]=0.444/0.323/0.434/0.378
iter   533 | steps  17,465,344 | SPS     639 | r_p0 +0.104 r_p1 +0.379 | clip_frac 0.259(fire:0.003) | KL 0.0080 | H_fire 0.181 H_ang 0.00 H_ship 3.41 | V_loss 0.4170 | LR 0.000098 | early_stop=0 | fire[0]=0.25 fire[rest_max]=0.62 srcs_multi=4.11 ship0=0.00 meanshipbin=18.1 avgfleet=110.2 p90fleet=227.5 | Vμ=+0.338 Vσ=1.824 Rμ=+0.342 Rσ=1.903 Aσ=0.660 rewμ=+0.0074 rewσ=0.1322 rewNZ=0.363 featσ[p/f/g/pw]=0.444/0.327/0.433/0.390
iter   534 | steps  17,498,112 | SPS     639 | r_p0 +0.201 r_p1 +0.280 | clip_frac 0.260(fire:0.004) | KL 0.0100 | H_fire 0.215 H_ang 0.00 H_ship 3.41 | V_loss 0.5638 | LR 0.000098 | early_stop=0 | fire[0]=0.30 fire[rest_max]=0.64 srcs_multi=5.18 ship0=0.00 meanshipbin=18.5 avgfleet=106.8 p90fleet=232.5 | Vμ=+0.403 Vσ=1.725 Rμ=+0.438 Rσ=1.838 Aσ=0.765 rewμ=+0.0086 rewσ=0.1374 rewNZ=0.432 featσ[p/f/g/pw]=0.443/0.354/0.439/0.392
iter   535 | steps  17,530,880 | SPS     639 | r_p0 +0.034 r_p1 +0.451 | clip_frac 0.262(fire:0.004) | KL 0.0157 | H_fire 0.208 H_ang 0.00 H_ship 3.40 | V_loss 0.6086 | LR 0.000098 | early_stop=0 | fire[0]=0.32 fire[rest_max]=0.66 srcs_multi=5.32 ship0=0.00 meanshipbin=18.8 avgfleet=99.8 p90fleet=230.8 | Vμ=+0.494 Vσ=1.760 Rμ=+0.604 Rσ=1.901 Aσ=0.794 rewμ=+0.0112 rewσ=0.1392 rewNZ=0.431 featσ[p/f/g/pw]=0.440/0.356/0.439/0.391
iter   536 | steps  17,563,648 | SPS     639 | r_p0 -0.151 r_p1 +0.636 | clip_frac 0.264(fire:0.003) | KL 0.0098 | H_fire 0.202 H_ang 0.00 H_ship 3.41 | V_loss 0.5495 | LR 0.000098 | early_stop=0 | fire[0]=0.31 fire[rest_max]=0.67 srcs_multi=5.17 ship0=0.00 meanshipbin=19.1 avgfleet=92.7 p90fleet=209.9 | Vμ=+0.529 Vσ=1.794 Rμ=+0.601 Rσ=1.958 Aσ=0.761 rewμ=+0.0120 rewσ=0.1419 rewNZ=0.429 featσ[p/f/g/pw]=0.443/0.355/0.439/0.393
iter   537 | steps  17,596,416 | SPS     639 | r_p0 -0.233 r_p1 +0.720 | clip_frac 0.263(fire:0.004) | KL 0.0109 | H_fire 0.167 H_ang 0.00 H_ship 3.42 | V_loss 0.5104 | LR 0.000098 | early_stop=0 | fire[0]=0.26 fire[rest_max]=0.66 srcs_multi=4.24 ship0=0.00 meanshipbin=19.3 avgfleet=108.6 p90fleet=228.0 | Vμ=+0.117 Vσ=1.810 Rμ=+0.124 Rσ=1.890 Aσ=0.733 rewμ=+0.0047 rewσ=0.1337 rewNZ=0.352 featσ[p/f/g/pw]=0.444/0.330/0.437/0.379
iter   538 | steps  17,629,184 | SPS     639 | r_p0 -0.115 r_p1 +0.605 | clip_frac 0.263(fire:0.003) | KL 0.0070 | H_fire 0.182 H_ang 0.00 H_ship 3.42 | V_loss 0.4607 | LR 0.000098 | early_stop=0 | fire[0]=0.27 fire[rest_max]=0.65 srcs_multi=4.36 ship0=0.00 meanshipbin=18.2 avgfleet=112.6 p90fleet=233.5 | Vμ=+0.235 Vσ=1.813 Rμ=+0.259 Rσ=1.965 Aσ=0.700 rewμ=+0.0060 rewσ=0.1344 rewNZ=0.381 featσ[p/f/g/pw]=0.448/0.342/0.438/0.390
iter   539 | steps  17,661,952 | SPS     639 | r_p0 +0.143 r_p1 +0.346 | clip_frac 0.264(fire:0.004) | KL 0.0115 | H_fire 0.209 H_ang 0.00 H_ship 3.41 | V_loss 0.5537 | LR 0.000098 | early_stop=0 | fire[0]=0.30 fire[rest_max]=0.64 srcs_multi=5.11 ship0=0.00 meanshipbin=18.0 avgfleet=110.2 p90fleet=236.6 | Vμ=+0.428 Vσ=1.816 Rμ=+0.420 Rσ=1.938 Aσ=0.759 rewμ=+0.0071 rewσ=0.1374 rewNZ=0.424 featσ[p/f/g/pw]=0.448/0.349/0.444/0.394
iter   540 | steps  17,694,720 | SPS     639 | r_p0 +0.144 r_p1 +0.338 | clip_frac 0.265(fire:0.005) | KL 0.0138 | H_fire 0.204 H_ang 0.00 H_ship 3.40 | V_loss 0.6537 | LR 0.000098 | early_stop=0 | fire[0]=0.29 fire[rest_max]=0.60 srcs_multi=4.51 ship0=0.00 meanshipbin=18.0 avgfleet=94.2 p90fleet=211.3 | Vμ=+0.560 Vσ=1.919 Rμ=+0.580 Rσ=2.084 Aσ=0.823 rewμ=+0.0116 rewσ=0.1500 rewNZ=0.432 featσ[p/f/g/pw]=0.443/0.336/0.437/0.393
iter   541 | steps  17,727,488 | SPS     639 | r_p0 -0.017 r_p1 +0.506 | clip_frac 0.266(fire:0.004) | KL 0.0116 | H_fire 0.233 H_ang 0.00 H_ship 3.41 | V_loss 0.4184 | LR 0.000098 | early_stop=0 | fire[0]=0.31 fire[rest_max]=0.61 srcs_multi=5.39 ship0=0.00 meanshipbin=18.9 avgfleet=97.8 p90fleet=212.8 | Vμ=+0.490 Vσ=1.844 Rμ=+0.517 Rσ=1.960 Aσ=0.662 rewμ=+0.0089 rewσ=0.1408 rewNZ=0.456 featσ[p/f/g/pw]=0.446/0.366/0.441/0.401
iter   542 | steps  17,760,256 | SPS     639 | r_p0 -0.107 r_p1 +0.595 | clip_frac 0.266(fire:0.004) | KL 0.0103 | H_fire 0.222 H_ang 0.00 H_ship 3.40 | V_loss 0.6473 | LR 0.000098 | early_stop=0 | fire[0]=0.31 fire[rest_max]=0.60 srcs_multi=4.92 ship0=0.00 meanshipbin=18.8 avgfleet=95.0 p90fleet=215.2 | Vμ=+0.775 Vσ=1.853 Rμ=+0.794 Rσ=1.976 Aσ=0.829 rewμ=+0.0126 rewσ=0.1481 rewNZ=0.448 featσ[p/f/g/pw]=0.442/0.335/0.442/0.393
iter   543 | steps  17,793,024 | SPS     639 | r_p0 -0.198 r_p1 +0.683 | clip_frac 0.266(fire:0.004) | KL 0.0081 | H_fire 0.157 H_ang 0.00 H_ship 3.42 | V_loss 0.4253 | LR 0.000098 | early_stop=0 | fire[0]=0.23 fire[rest_max]=0.62 srcs_multi=3.51 ship0=0.00 meanshipbin=18.2 avgfleet=110.7 p90fleet=237.0 | Vμ=+0.102 Vσ=1.798 Rμ=+0.107 Rσ=1.883 Aσ=0.667 rewμ=+0.0043 rewσ=0.1290 rewNZ=0.323 featσ[p/f/g/pw]=0.444/0.324/0.428/0.366
iter   544 | steps  17,825,792 | SPS     639 | r_p0 -0.056 r_p1 +0.544 | clip_frac 0.264(fire:0.004) | KL 0.0101 | H_fire 0.169 H_ang 0.00 H_ship 3.41 | V_loss 0.5263 | LR 0.000098 | early_stop=0 | fire[0]=0.25 fire[rest_max]=0.63 srcs_multi=3.80 ship0=0.00 meanshipbin=18.3 avgfleet=100.5 p90fleet=216.2 | Vμ=+0.161 Vσ=1.799 Rμ=+0.134 Rσ=1.928 Aσ=0.744 rewμ=+0.0056 rewσ=0.1393 rewNZ=0.363 featσ[p/f/g/pw]=0.443/0.344/0.431/0.368
  saved checkpoints/torch_step_17825792_rev38_20260605_181635.pt
  saved checkpoints/pool_step_17825792_rev38_20260605_181635.pt (34 members)
  pool snapshot @ step 17,825,792
  pool size=35  alpha=2.0
    self                 self_step_5242880              wr=0.45 (n=1930)  pfsp_w=0.308
    self                 self_step_8912896              wr=0.46 (n=350)  pfsp_w=0.295
    self                 self_step_5767168              wr=0.46 (n=1365)  pfsp_w=0.293
    self                 self_step_16777216             wr=0.46 (n=155)  pfsp_w=0.287
    self                 self_step_12582912             wr=0.47 (n=847)  pfsp_w=0.286
    self                 self_step_6815744              wr=0.47 (n=1543)  pfsp_w=0.280
    self                 self_step_3145728              wr=0.47 (n=2644)  pfsp_w=0.280
    self                 self_step_6291456              wr=0.48 (n=1192)  pfsp_w=0.273
iter   545 | steps  17,858,560 | SPS     639 | r_p0 +0.078 r_p1 +0.415 | clip_frac 0.263(fire:0.004) | KL 0.0073 | H_fire 0.162 H_ang 0.00 H_ship 3.42 | V_loss 0.4556 | LR 0.000098 | early_stop=0 | fire[0]=0.24 fire[rest_max]=0.61 srcs_multi=3.50 ship0=0.00 meanshipbin=18.9 avgfleet=103.0 p90fleet=221.0 | Vμ=+0.243 Vσ=1.727 Rμ=+0.246 Rσ=1.838 Aσ=0.696 rewμ=+0.0065 rewσ=0.1344 rewNZ=0.339 featσ[p/f/g/pw]=0.441/0.335/0.430/0.361
iter   546 | steps  17,891,328 | SPS     639 | r_p0 +0.027 r_p1 +0.461 | clip_frac 0.263(fire:0.005) | KL 0.0118 | H_fire 0.204 H_ang 0.00 H_ship 3.41 | V_loss 0.6313 | LR 0.000098 | early_stop=0 | fire[0]=0.26 fire[rest_max]=0.56 srcs_multi=3.71 ship0=0.00 meanshipbin=17.8 avgfleet=98.4 p90fleet=213.9 | Vμ=+0.639 Vσ=1.909 Rμ=+0.614 Rσ=2.075 Aσ=0.807 rewμ=+0.0099 rewσ=0.1436 rewNZ=0.416 featσ[p/f/g/pw]=0.440/0.325/0.434/0.382
iter   547 | steps  17,924,096 | SPS     639 | r_p0 -0.045 r_p1 +0.531 | clip_frac 0.262(fire:0.002) | KL 0.0076 | H_fire 0.184 H_ang 0.00 H_ship 3.42 | V_loss 0.4587 | LR 0.000098 | early_stop=0 | fire[0]=0.25 fire[rest_max]=0.58 srcs_multi=3.64 ship0=0.00 meanshipbin=16.1 avgfleet=98.4 p90fleet=209.2 | Vμ=+0.225 Vσ=1.807 Rμ=+0.188 Rσ=1.887 Aσ=0.696 rewμ=+0.0050 rewσ=0.1340 rewNZ=0.360 featσ[p/f/g/pw]=0.444/0.332/0.435/0.373
iter   548 | steps  17,956,864 | SPS     639 | r_p0 -0.007 r_p1 +0.497 | clip_frac 0.261(fire:0.004) | KL 0.0164 | H_fire 0.201 H_ang 0.00 H_ship 3.40 | V_loss 0.6833 | LR 0.000098 | early_stop=0 | fire[0]=0.26 fire[rest_max]=0.53 srcs_multi=3.36 ship0=0.00 meanshipbin=16.1 avgfleet=95.9 p90fleet=211.5 | Vμ=+0.663 Vσ=1.893 Rμ=+0.584 Rσ=1.980 Aσ=0.842 rewμ=+0.0102 rewσ=0.1427 rewNZ=0.406 featσ[p/f/g/pw]=0.442/0.318/0.437/0.384
iter   549 | steps  17,989,632 | SPS     639 | r_p0 +0.121 r_p1 +0.373 | clip_frac 0.260(fire:0.003) | KL 0.0087 | H_fire 0.247 H_ang 0.00 H_ship 3.41 | V_loss 0.5156 | LR 0.000098 | early_stop=0 | fire[0]=0.29 fire[rest_max]=0.54 srcs_multi=4.36 ship0=0.00 meanshipbin=16.8 avgfleet=100.9 p90fleet=226.7 | Vμ=+0.581 Vσ=1.810 Rμ=+0.597 Rσ=1.877 Aσ=0.741 rewμ=+0.0101 rewσ=0.1360 rewNZ=0.461 featσ[p/f/g/pw]=0.443/0.353/0.444/0.401
iter   550 | steps  18,022,400 | SPS     639 | r_p0 -0.041 r_p1 +0.536 | clip_frac 0.260(fire:0.003) | KL 0.0116 | H_fire 0.234 H_ang 0.00 H_ship 3.41 | V_loss 0.6381 | LR 0.000098 | early_stop=0 | fire[0]=0.28 fire[rest_max]=0.55 srcs_multi=4.33 ship0=0.00 meanshipbin=18.2 avgfleet=101.2 p90fleet=228.7 | Vμ=+0.530 Vσ=1.866 Rμ=+0.455 Rσ=1.985 Aσ=0.817 rewμ=+0.0087 rewσ=0.1433 rewNZ=0.446 featσ[p/f/g/pw]=0.444/0.351/0.443/0.398
iter   551 | steps  18,055,168 | SPS     639 | r_p0 -0.063 r_p1 +0.552 | clip_frac 0.258(fire:0.004) | KL 0.0093 | H_fire 0.181 H_ang 0.00 H_ship 3.42 | V_loss 0.5005 | LR 0.000098 | early_stop=0 | fire[0]=0.24 fire[rest_max]=0.57 srcs_multi=3.60 ship0=0.00 meanshipbin=18.3 avgfleet=103.2 p90fleet=225.2 | Vμ=+0.344 Vσ=1.786 Rμ=+0.386 Rσ=1.920 Aσ=0.728 rewμ=+0.0078 rewσ=0.1348 rewNZ=0.356 featσ[p/f/g/pw]=0.442/0.320/0.437/0.373
iter   552 | steps  18,087,936 | SPS     639 | r_p0 +0.087 r_p1 +0.402 | clip_frac 0.255(fire:0.003) | KL 0.0064 | H_fire 0.182 H_ang 0.00 H_ship 3.42 | V_loss 0.4332 | LR 0.000098 | early_stop=0 | fire[0]=0.23 fire[rest_max]=0.58 srcs_multi=3.47 ship0=0.00 meanshipbin=18.5 avgfleet=105.8 p90fleet=213.8 | Vμ=+0.316 Vσ=1.726 Rμ=+0.334 Rσ=1.819 Aσ=0.677 rewμ=+0.0083 rewσ=0.1278 rewNZ=0.353 featσ[p/f/g/pw]=0.441/0.305/0.433/0.379
iter   553 | steps  18,120,704 | SPS     639 | r_p0 +0.154 r_p1 +0.340 | clip_frac 0.253(fire:0.003) | KL 0.0099 | H_fire 0.221 H_ang 0.00 H_ship 3.41 | V_loss 0.4992 | LR 0.000098 | early_stop=0 | fire[0]=0.27 fire[rest_max]=0.55 srcs_multi=4.02 ship0=0.00 meanshipbin=19.2 avgfleet=105.2 p90fleet=214.0 | Vμ=+0.456 Vσ=1.745 Rμ=+0.485 Rσ=1.853 Aσ=0.731 rewμ=+0.0098 rewσ=0.1328 rewNZ=0.411 featσ[p/f/g/pw]=0.444/0.343/0.438/0.388
iter   554 | steps  18,153,472 | SPS     639 | r_p0 +0.100 r_p1 +0.400 | clip_frac 0.250(fire:0.004) | KL 0.0083 | H_fire 0.182 H_ang 0.00 H_ship 3.41 | V_loss 0.4958 | LR 0.000098 | early_stop=0 | fire[0]=0.25 fire[rest_max]=0.56 srcs_multi=3.47 ship0=0.01 meanshipbin=19.6 avgfleet=98.1 p90fleet=212.6 | Vμ=+0.195 Vσ=1.775 Rμ=+0.191 Rσ=1.897 Aσ=0.721 rewμ=+0.0064 rewσ=0.1349 rewNZ=0.367 featσ[p/f/g/pw]=0.446/0.346/0.432/0.375
iter   555 | steps  18,186,240 | SPS     639 | r_p0 +0.019 r_p1 +0.479 | clip_frac 0.248(fire:0.003) | KL 0.0091 | H_fire 0.229 H_ang 0.00 H_ship 3.40 | V_loss 0.6458 | LR 0.000098 | early_stop=0 | fire[0]=0.28 fire[rest_max]=0.54 srcs_multi=3.91 ship0=0.00 meanshipbin=20.9 avgfleet=94.7 p90fleet=208.8 | Vμ=+0.551 Vσ=1.898 Rμ=+0.537 Rσ=2.019 Aσ=0.825 rewμ=+0.0104 rewσ=0.1446 rewNZ=0.449 featσ[p/f/g/pw]=0.446/0.338/0.441/0.393
iter   556 | steps  18,219,008 | SPS     639 | r_p0 -0.118 r_p1 +0.611 | clip_frac 0.248(fire:0.004) | KL 0.0135 | H_fire 0.224 H_ang 0.00 H_ship 3.40 | V_loss 0.6309 | LR 0.000098 | early_stop=0 | fire[0]=0.29 fire[rest_max]=0.55 srcs_multi=4.20 ship0=0.00 meanshipbin=19.1 avgfleet=92.3 p90fleet=206.1 | Vμ=+0.474 Vσ=1.922 Rμ=+0.502 Rσ=2.029 Aσ=0.812 rewμ=+0.0103 rewσ=0.1435 rewNZ=0.434 featσ[p/f/g/pw]=0.447/0.348/0.442/0.393
iter   557 | steps  18,251,776 | SPS     639 | r_p0 -0.041 r_p1 +0.535 | clip_frac 0.246(fire:0.004) | KL 0.0097 | H_fire 0.221 H_ang 0.00 H_ship 3.41 | V_loss 0.5529 | LR 0.000098 | early_stop=0 | fire[0]=0.27 fire[rest_max]=0.55 srcs_multi=3.84 ship0=0.00 meanshipbin=20.8 avgfleet=98.9 p90fleet=208.5 | Vμ=+0.550 Vσ=1.897 Rμ=+0.522 Rσ=2.005 Aσ=0.761 rewμ=+0.0094 rewσ=0.1402 rewNZ=0.420 featσ[p/f/g/pw]=0.445/0.332/0.441/0.395
iter   558 | steps  18,284,544 | SPS     639 | r_p0 +0.001 r_p1 +0.493 | clip_frac 0.245(fire:0.004) | KL 0.0075 | H_fire 0.176 H_ang 0.00 H_ship 3.41 | V_loss 0.5119 | LR 0.000098 | early_stop=0 | fire[0]=0.24 fire[rest_max]=0.56 srcs_multi=3.42 ship0=0.00 meanshipbin=18.8 avgfleet=100.9 p90fleet=220.3 | Vμ=+0.044 Vσ=1.779 Rμ=+0.052 Rσ=1.920 Aσ=0.737 rewμ=+0.0067 rewσ=0.1392 rewNZ=0.360 featσ[p/f/g/pw]=0.446/0.336/0.435/0.381
iter   559 | steps  18,317,312 | SPS     639 | r_p0 -0.051 r_p1 +0.545 | clip_frac 0.246(fire:0.004) | KL 0.0118 | H_fire 0.242 H_ang 0.00 H_ship 3.41 | V_loss 0.4122 | LR 0.000098 | early_stop=0 | fire[0]=0.29 fire[rest_max]=0.59 srcs_multi=4.88 ship0=0.00 meanshipbin=18.5 avgfleet=103.6 p90fleet=229.0 | Vμ=+0.625 Vσ=1.788 Rμ=+0.624 Rσ=1.903 Aσ=0.664 rewμ=+0.0102 rewσ=0.1354 rewNZ=0.446 featσ[p/f/g/pw]=0.442/0.341/0.445/0.400
iter   560 | steps  18,350,080 | SPS     639 | r_p0 -0.083 r_p1 +0.573 | clip_frac 0.243(fire:0.004) | KL 0.0143 | H_fire 0.164 H_ang 0.00 H_ship 3.41 | V_loss 0.5799 | LR 0.000098 | early_stop=0 | fire[0]=0.26 fire[rest_max]=0.62 srcs_multi=3.68 ship0=0.00 meanshipbin=19.6 avgfleet=102.8 p90fleet=232.9 | Vμ=+0.119 Vσ=1.819 Rμ=+0.207 Rσ=1.961 Aσ=0.782 rewμ=+0.0074 rewσ=0.1375 rewNZ=0.346 featσ[p/f/g/pw]=0.440/0.323/0.430/0.364
  saved checkpoints/torch_step_18350080_rev38_20260605_181635.pt
  saved checkpoints/pool_step_18350080_rev38_20260605_181635.pt (35 members)
  pool snapshot @ step 18,350,080
  pool size=36  alpha=2.0
    self                 self_step_5242880              wr=0.45 (n=2001)  pfsp_w=0.304
    self                 self_step_5767168              wr=0.46 (n=1527)  pfsp_w=0.295
    self                 self_step_8912896              wr=0.46 (n=350)  pfsp_w=0.295
    self                 self_step_16777216             wr=0.46 (n=155)  pfsp_w=0.287
    self                 self_step_12582912             wr=0.47 (n=923)  pfsp_w=0.283
    self                 self_step_6291456              wr=0.47 (n=1275)  pfsp_w=0.281
    self                 self_step_6815744              wr=0.47 (n=1700)  pfsp_w=0.280
    self                 self_step_3145728              wr=0.47 (n=2644)  pfsp_w=0.280
iter   561 | steps  18,382,848 | SPS     639 | r_p0 +0.071 r_p1 +0.418 | clip_frac 0.245(fire:0.003) | KL 0.0158 | H_fire 0.224 H_ang 0.00 H_ship 3.41 | V_loss 0.4569 | LR 0.000098 | early_stop=0 | fire[0]=0.31 fire[rest_max]=0.63 srcs_multi=5.09 ship0=0.00 meanshipbin=19.5 avgfleet=98.4 p90fleet=204.7 | Vμ=+0.578 Vσ=1.877 Rμ=+0.624 Rσ=2.010 Aσ=0.691 rewμ=+0.0102 rewσ=0.1410 rewNZ=0.449 featσ[p/f/g/pw]=0.442/0.331/0.438/0.394
iter   562 | steps  18,415,616 | SPS     639 | r_p0 -0.048 r_p1 +0.540 | clip_frac 0.245(fire:0.005) | KL 0.0128 | H_fire 0.157 H_ang 0.00 H_ship 3.42 | V_loss 0.5156 | LR 0.000098 | early_stop=0 | fire[0]=0.27 fire[rest_max]=0.68 srcs_multi=4.17 ship0=0.00 meanshipbin=19.3 avgfleet=108.3 p90fleet=229.1 | Vμ=+0.048 Vσ=1.732 Rμ=+0.113 Rσ=1.881 Aσ=0.737 rewμ=+0.0047 rewσ=0.1318 rewNZ=0.336 featσ[p/f/g/pw]=0.444/0.331/0.433/0.362
iter   563 | steps  18,448,384 | SPS     639 | r_p0 +0.024 r_p1 +0.469 | clip_frac 0.245(fire:0.004) | KL 0.0121 | H_fire 0.207 H_ang 0.00 H_ship 3.40 | V_loss 0.5844 | LR 0.000098 | early_stop=0 | fire[0]=0.31 fire[rest_max]=0.66 srcs_multi=4.88 ship0=0.00 meanshipbin=19.5 avgfleet=97.7 p90fleet=223.4 | Vμ=+0.561 Vσ=1.866 Rμ=+0.600 Rσ=2.034 Aσ=0.786 rewμ=+0.0104 rewσ=0.1452 rewNZ=0.435 featσ[p/f/g/pw]=0.442/0.333/0.436/0.386
iter   564 | steps  18,481,152 | SPS     639 | r_p0 +0.109 r_p1 +0.384 | clip_frac 0.248(fire:0.004) | KL 0.0099 | H_fire 0.252 H_ang 0.00 H_ship 3.41 | V_loss 0.6073 | LR 0.000098 | early_stop=0 | fire[0]=0.36 fire[rest_max]=0.66 srcs_multi=6.08 ship0=0.00 meanshipbin=19.1 avgfleet=98.5 p90fleet=219.3 | Vμ=+0.594 Vσ=1.780 Rμ=+0.606 Rσ=1.940 Aσ=0.793 rewμ=+0.0097 rewσ=0.1394 rewNZ=0.505 featσ[p/f/g/pw]=0.444/0.360/0.445/0.403
iter   565 | steps  18,513,920 | SPS     639 | r_p0 -0.090 r_p1 +0.584 | clip_frac 0.249(fire:0.003) | KL 0.0087 | H_fire 0.239 H_ang 0.00 H_ship 3.40 | V_loss 0.5595 | LR 0.000098 | early_stop=0 | fire[0]=0.37 fire[rest_max]=0.66 srcs_multi=6.09 ship0=0.00 meanshipbin=18.2 avgfleet=86.7 p90fleet=193.8 | Vμ=+0.646 Vσ=1.790 Rμ=+0.705 Rσ=1.965 Aσ=0.764 rewμ=+0.0114 rewσ=0.1476 rewNZ=0.500 featσ[p/f/g/pw]=0.445/0.363/0.450/0.399
iter   566 | steps  18,546,688 | SPS     639 | r_p0 -0.190 r_p1 +0.684 | clip_frac 0.249(fire:0.004) | KL 0.0081 | H_fire 0.169 H_ang 0.00 H_ship 3.41 | V_loss 0.4774 | LR 0.000098 | early_stop=0 | fire[0]=0.29 fire[rest_max]=0.66 srcs_multi=4.34 ship0=0.01 meanshipbin=16.0 avgfleet=91.5 p90fleet=212.3 | Vμ=+0.014 Vσ=1.774 Rμ=+0.007 Rσ=1.916 Aσ=0.706 rewμ=+0.0044 rewσ=0.1436 rewNZ=0.379 featσ[p/f/g/pw]=0.448/0.369/0.431/0.366
iter   567 | steps  18,579,456 | SPS     639 | r_p0 -0.091 r_p1 +0.584 | clip_frac 0.251(fire:0.003) | KL 0.0097 | H_fire 0.224 H_ang 0.00 H_ship 3.40 | V_loss 0.5375 | LR 0.000098 | early_stop=0 | fire[0]=0.36 fire[rest_max]=0.69 srcs_multi=5.93 ship0=0.00 meanshipbin=16.6 avgfleet=89.1 p90fleet=204.6 | Vμ=+0.646 Vσ=1.852 Rμ=+0.675 Rσ=2.006 Aσ=0.747 rewμ=+0.0117 rewσ=0.1468 rewNZ=0.480 featσ[p/f/g/pw]=0.443/0.363/0.443/0.390
iter   568 | steps  18,612,224 | SPS     639 | r_p0 -0.093 r_p1 +0.586 | clip_frac 0.251(fire:0.003) | KL 0.0091 | H_fire 0.227 H_ang 0.00 H_ship 3.41 | V_loss 0.5338 | LR 0.000098 | early_stop=0 | fire[0]=0.34 fire[rest_max]=0.67 srcs_multi=5.71 ship0=0.00 meanshipbin=16.1 avgfleet=91.0 p90fleet=216.6 | Vμ=+0.519 Vσ=1.821 Rμ=+0.493 Rσ=1.938 Aσ=0.745 rewμ=+0.0094 rewσ=0.1452 rewNZ=0.471 featσ[p/f/g/pw]=0.443/0.350/0.442/0.391
iter   569 | steps  18,644,992 | SPS     639 | r_p0 -0.191 r_p1 +0.686 | clip_frac 0.252(fire:0.003) | KL 0.0080 | H_fire 0.215 H_ang 0.00 H_ship 3.41 | V_loss 0.5934 | LR 0.000098 | early_stop=0 | fire[0]=0.33 fire[rest_max]=0.68 srcs_multi=5.44 ship0=0.00 meanshipbin=18.6 avgfleet=93.0 p90fleet=200.7 | Vμ=+0.497 Vσ=1.760 Rμ=+0.599 Rσ=1.933 Aσ=0.773 rewμ=+0.0111 rewσ=0.1410 rewNZ=0.450 featσ[p/f/g/pw]=0.446/0.354/0.442/0.394
iter   570 | steps  18,677,760 | SPS     639 | r_p0 -0.129 r_p1 +0.623 | clip_frac 0.254(fire:0.004) | KL 0.0092 | H_fire 0.226 H_ang 0.00 H_ship 3.41 | V_loss 0.5139 | LR 0.000098 | early_stop=0 | fire[0]=0.35 fire[rest_max]=0.68 srcs_multi=6.02 ship0=0.00 meanshipbin=16.5 avgfleet=92.5 p90fleet=205.9 | Vμ=+0.515 Vσ=1.800 Rμ=+0.532 Rσ=1.934 Aσ=0.721 rewμ=+0.0104 rewσ=0.1436 rewNZ=0.466 featσ[p/f/g/pw]=0.445/0.366/0.444/0.392
iter   571 | steps  18,710,528 | SPS     639 | r_p0 -0.042 r_p1 +0.534 | clip_frac 0.252(fire:0.004) | KL 0.0101 | H_fire 0.163 H_ang 0.00 H_ship 3.41 | V_loss 0.4610 | LR 0.000098 | early_stop=0 | fire[0]=0.28 fire[rest_max]=0.69 srcs_multi=4.29 ship0=0.01 meanshipbin=17.8 avgfleet=98.8 p90fleet=214.2 | Vμ=+0.126 Vσ=1.771 Rμ=+0.122 Rσ=1.873 Aσ=0.696 rewμ=+0.0056 rewσ=0.1358 rewNZ=0.353 featσ[p/f/g/pw]=0.443/0.330/0.435/0.367
iter   572 | steps  18,743,296 | SPS     639 | r_p0 +0.042 r_p1 +0.446 | clip_frac 0.254(fire:0.006) | KL 0.0108 | H_fire 0.208 H_ang 0.00 H_ship 3.40 | V_loss 0.4921 | LR 0.000098 | early_stop=0 | fire[0]=0.32 fire[rest_max]=0.68 srcs_multi=5.08 ship0=0.00 meanshipbin=18.0 avgfleet=87.8 p90fleet=190.6 | Vμ=+0.506 Vσ=1.715 Rμ=+0.558 Rσ=1.846 Aσ=0.719 rewμ=+0.0101 rewσ=0.1412 rewNZ=0.434 featσ[p/f/g/pw]=0.440/0.352/0.433/0.381
iter   573 | steps  18,776,064 | SPS     639 | r_p0 -0.067 r_p1 +0.557 | clip_frac 0.254(fire:0.003) | KL 0.0073 | H_fire 0.160 H_ang 0.00 H_ship 3.42 | V_loss 0.3947 | LR 0.000098 | early_stop=0 | fire[0]=0.26 fire[rest_max]=0.70 srcs_multi=4.09 ship0=0.01 meanshipbin=16.7 avgfleet=106.5 p90fleet=221.5 | Vμ=+0.037 Vσ=1.650 Rμ=+0.080 Rσ=1.770 Aσ=0.644 rewμ=+0.0042 rewσ=0.1254 rewNZ=0.337 featσ[p/f/g/pw]=0.441/0.335/0.434/0.372
iter   574 | steps  18,808,832 | SPS     639 | r_p0 -0.087 r_p1 +0.578 | clip_frac 0.254(fire:0.003) | KL 0.0054 | H_fire 0.178 H_ang 0.00 H_ship 3.42 | V_loss 0.3942 | LR 0.000098 | early_stop=0 | fire[0]=0.28 fire[rest_max]=0.68 srcs_multi=4.44 ship0=0.00 meanshipbin=15.8 avgfleet=109.4 p90fleet=220.6 | Vμ=+0.129 Vσ=1.644 Rμ=+0.165 Rσ=1.772 Aσ=0.649 rewμ=+0.0070 rewσ=0.1269 rewNZ=0.372 featσ[p/f/g/pw]=0.442/0.336/0.437/0.379
iter   575 | steps  18,841,600 | SPS     639 | r_p0 +0.075 r_p1 +0.410 | clip_frac 0.254(fire:0.003) | KL 0.0091 | H_fire 0.216 H_ang 0.00 H_ship 3.42 | V_loss 0.4088 | LR 0.000098 | early_stop=0 | fire[0]=0.31 fire[rest_max]=0.65 srcs_multi=5.19 ship0=0.00 meanshipbin=15.1 avgfleet=106.8 p90fleet=223.9 | Vμ=+0.363 Vσ=1.763 Rμ=+0.331 Rσ=1.877 Aσ=0.659 rewμ=+0.0070 rewσ=0.1330 rewNZ=0.434 featσ[p/f/g/pw]=0.445/0.363/0.432/0.393
iter   576 | steps  18,874,368 | SPS     639 | r_p0 +0.078 r_p1 +0.403 | clip_frac 0.256(fire:0.004) | KL 0.0113 | H_fire 0.220 H_ang 0.00 H_ship 3.41 | V_loss 0.4919 | LR 0.000098 | early_stop=0 | fire[0]=0.33 fire[rest_max]=0.66 srcs_multi=5.51 ship0=0.00 meanshipbin=14.2 avgfleet=102.5 p90fleet=216.7 | Vμ=+0.435 Vσ=1.786 Rμ=+0.454 Rσ=1.939 Aσ=0.721 rewμ=+0.0084 rewσ=0.1390 rewNZ=0.453 featσ[p/f/g/pw]=0.447/0.363/0.442/0.398
  saved checkpoints/torch_step_18874368_rev38_20260605_181635.pt
  saved checkpoints/pool_step_18874368_rev38_20260605_181635.pt (36 members)
  pool snapshot @ step 18,874,368
  pool size=37  alpha=2.0
    self                 self_step_5242880              wr=0.45 (n=2001)  pfsp_w=0.304
    self                 self_step_8912896              wr=0.46 (n=350)  pfsp_w=0.295
    self                 self_step_5767168              wr=0.46 (n=1674)  pfsp_w=0.289
    self                 self_step_6291456              wr=0.47 (n=1332)  pfsp_w=0.282
    self                 self_step_6815744              wr=0.47 (n=1700)  pfsp_w=0.280
    self                 self_step_3145728              wr=0.47 (n=2644)  pfsp_w=0.280
    self                 self_step_3670016              wr=0.48 (n=1400)  pfsp_w=0.274
    self                 self_step_15204352             wr=0.48 (n=310)  pfsp_w=0.273
iter   577 | steps  18,907,136 | SPS     639 | r_p0 +0.025 r_p1 +0.459 | clip_frac 0.257(fire:0.003) | KL 0.0100 | H_fire 0.234 H_ang 0.00 H_ship 3.41 | V_loss 0.4359 | LR 0.000098 | early_stop=0 | fire[0]=0.34 fire[rest_max]=0.66 srcs_multi=5.72 ship0=0.00 meanshipbin=15.3 avgfleet=103.8 p90fleet=234.2 | Vμ=+0.461 Vσ=1.762 Rμ=+0.461 Rσ=1.876 Aσ=0.680 rewμ=+0.0095 rewσ=0.1393 rewNZ=0.475 featσ[p/f/g/pw]=0.446/0.364/0.441/0.408
iter   578 | steps  18,939,904 | SPS     639 | r_p0 -0.010 r_p1 +0.496 | clip_frac 0.258(fire:0.006) | KL 0.0088 | H_fire 0.158 H_ang 0.00 H_ship 3.42 | V_loss 0.5002 | LR 0.000098 | early_stop=0 | fire[0]=0.26 fire[rest_max]=0.67 srcs_multi=3.90 ship0=0.01 meanshipbin=16.1 avgfleet=99.5 p90fleet=223.2 | Vμ=-0.147 Vσ=1.675 Rμ=-0.091 Rσ=1.824 Aσ=0.728 rewμ=+0.0037 rewσ=0.1345 rewNZ=0.348 featσ[p/f/g/pw]=0.447/0.375/0.429/0.373
iter   579 | steps  18,972,672 | SPS     639 | r_p0 -0.091 r_p1 +0.579 | clip_frac 0.258(fire:0.004) | KL 0.0106 | H_fire 0.166 H_ang 0.00 H_ship 3.42 | V_loss 0.4566 | LR 0.000098 | early_stop=0 | fire[0]=0.29 fire[rest_max]=0.68 srcs_multi=4.37 ship0=0.01 meanshipbin=17.3 avgfleet=109.5 p90fleet=251.5 | Vμ=+0.096 Vσ=1.701 Rμ=+0.132 Rσ=1.875 Aσ=0.691 rewμ=+0.0052 rewσ=0.1343 rewNZ=0.355 featσ[p/f/g/pw]=0.446/0.370/0.435/0.374
iter   580 | steps  19,005,440 | SPS     639 | r_p0 -0.151 r_p1 +0.640 | clip_frac 0.259(fire:0.003) | KL 0.0102 | H_fire 0.161 H_ang 0.00 H_ship 3.42 | V_loss 0.4685 | LR 0.000098 | early_stop=0 | fire[0]=0.28 fire[rest_max]=0.71 srcs_multi=4.35 ship0=0.01 meanshipbin=18.3 avgfleet=109.5 p90fleet=225.8 | Vμ=+0.151 Vσ=1.712 Rμ=+0.198 Rσ=1.826 Aσ=0.701 rewμ=+0.0071 rewσ=0.1310 rewNZ=0.351 featσ[p/f/g/pw]=0.442/0.332/0.439/0.376
iter   581 | steps  19,038,208 | SPS     639 | r_p0 -0.017 r_p1 +0.506 | clip_frac 0.259(fire:0.003) | KL 0.0087 | H_fire 0.188 H_ang 0.00 H_ship 3.41 | V_loss 0.5811 | LR 0.000098 | early_stop=0 | fire[0]=0.27 fire[rest_max]=0.65 srcs_multi=4.43 ship0=0.00 meanshipbin=17.9 avgfleet=102.4 p90fleet=206.6 | Vμ=+0.350 Vσ=1.814 Rμ=+0.390 Rσ=1.987 Aσ=0.785 rewμ=+0.0097 rewσ=0.1351 rewNZ=0.392 featσ[p/f/g/pw]=0.445/0.343/0.433/0.384
iter   582 | steps  19,070,976 | SPS     639 | r_p0 +0.081 r_p1 +0.409 | clip_frac 0.261(fire:0.002) | KL 0.0068 | H_fire 0.215 H_ang 0.00 H_ship 3.42 | V_loss 0.3540 | LR 0.000098 | early_stop=0 | fire[0]=0.33 fire[rest_max]=0.67 srcs_multi=5.62 ship0=0.00 meanshipbin=19.0 avgfleet=115.1 p90fleet=242.5 | Vμ=+0.382 Vσ=1.770 Rμ=+0.393 Rσ=1.855 Aσ=0.612 rewμ=+0.0071 rewσ=0.1312 rewNZ=0.429 featσ[p/f/g/pw]=0.448/0.366/0.445/0.398
iter   583 | steps  19,103,744 | SPS     639 | r_p0 +0.096 r_p1 +0.393 | clip_frac 0.262(fire:0.003) | KL 0.0096 | H_fire 0.202 H_ang 0.00 H_ship 3.40 | V_loss 0.4854 | LR 0.000098 | early_stop=0 | fire[0]=0.31 fire[rest_max]=0.66 srcs_multi=4.95 ship0=0.00 meanshipbin=18.4 avgfleet=106.6 p90fleet=243.0 | Vμ=+0.603 Vσ=1.852 Rμ=+0.575 Rσ=1.969 Aσ=0.717 rewμ=+0.0102 rewσ=0.1401 rewNZ=0.431 featσ[p/f/g/pw]=0.444/0.348/0.441/0.393
iter   584 | steps  19,136,512 | SPS     639 | r_p0 +0.054 r_p1 +0.431 | clip_frac 0.261(fire:0.003) | KL 0.0089 | H_fire 0.162 H_ang 0.00 H_ship 3.42 | V_loss 0.3938 | LR 0.000098 | early_stop=0 | fire[0]=0.25 fire[rest_max]=0.66 srcs_multi=3.96 ship0=0.01 meanshipbin=17.5 avgfleet=109.5 p90fleet=227.5 | Vμ=+0.059 Vσ=1.689 Rμ=+0.034 Rσ=1.753 Aσ=0.647 rewμ=+0.0042 rewσ=0.1276 rewNZ=0.337 featσ[p/f/g/pw]=0.443/0.341/0.434/0.370
iter   585 | steps  19,169,280 | SPS     639 | r_p0 +0.014 r_p1 +0.472 | clip_frac 0.259(fire:0.003) | KL 0.0058 | H_fire 0.158 H_ang 0.00 H_ship 3.42 | V_loss 0.4634 | LR 0.000098 | early_stop=0 | fire[0]=0.23 fire[rest_max]=0.64 srcs_multi=3.41 ship0=0.01 meanshipbin=17.2 avgfleet=105.8 p90fleet=234.6 | Vμ=-0.036 Vσ=1.689 Rμ=-0.032 Rσ=1.813 Aσ=0.701 rewμ=+0.0044 rewσ=0.1266 rewNZ=0.338 featσ[p/f/g/pw]=0.444/0.342/0.430/0.374
iter   586 | steps  19,202,048 | SPS     639 | r_p0 -0.084 r_p1 +0.571 | clip_frac 0.257(fire:0.004) | KL 0.0074 | H_fire 0.165 H_ang 0.00 H_ship 3.42 | V_loss 0.4210 | LR 0.000098 | early_stop=0 | fire[0]=0.25 fire[rest_max]=0.62 srcs_multi=3.77 ship0=0.01 meanshipbin=15.3 avgfleet=110.8 p90fleet=226.2 | Vμ=+0.104 Vσ=1.689 Rμ=+0.130 Rσ=1.814 Aσ=0.663 rewμ=+0.0047 rewσ=0.1245 rewNZ=0.333 featσ[p/f/g/pw]=0.446/0.349/0.436/0.365
iter   587 | steps  19,234,816 | SPS     639 | r_p0 -0.111 r_p1 +0.597 | clip_frac 0.258(fire:0.004) | KL 0.0108 | H_fire 0.210 H_ang 0.00 H_ship 3.41 | V_loss 0.4781 | LR 0.000098 | early_stop=0 | fire[0]=0.29 fire[rest_max]=0.63 srcs_multi=4.58 ship0=0.00 meanshipbin=16.5 avgfleet=103.3 p90fleet=210.9 | Vμ=+0.561 Vσ=1.873 Rμ=+0.550 Rσ=1.973 Aσ=0.709 rewμ=+0.0091 rewσ=0.1387 rewNZ=0.423 featσ[p/f/g/pw]=0.443/0.337/0.438/0.393
iter   588 | steps  19,267,584 | SPS     639 | r_p0 -0.114 r_p1 +0.599 | clip_frac 0.259(fire:0.003) | KL 0.0110 | H_fire 0.253 H_ang 0.00 H_ship 3.42 | V_loss 0.3810 | LR 0.000098 | early_stop=0 | fire[0]=0.31 fire[rest_max]=0.60 srcs_multi=5.20 ship0=0.00 meanshipbin=15.7 avgfleet=101.3 p90fleet=207.5 | Vμ=+0.540 Vσ=1.749 Rμ=+0.521 Rσ=1.829 Aσ=0.640 rewμ=+0.0098 rewσ=0.1350 rewNZ=0.474 featσ[p/f/g/pw]=0.444/0.371/0.444/0.406
iter   589 | steps  19,300,352 | SPS     639 | r_p0 -0.255 r_p1 +0.748 | clip_frac 0.259(fire:0.004) | KL 0.0107 | H_fire 0.231 H_ang 0.00 H_ship 3.41 | V_loss 0.4837 | LR 0.000098 | early_stop=0 | fire[0]=0.30 fire[rest_max]=0.61 srcs_multi=5.01 ship0=0.00 meanshipbin=15.6 avgfleet=111.1 p90fleet=243.0 | Vμ=+0.554 Vσ=1.800 Rμ=+0.524 Rσ=1.900 Aσ=0.711 rewμ=+0.0090 rewσ=0.1367 rewNZ=0.437 featσ[p/f/g/pw]=0.443/0.345/0.448/0.402
iter   590 | steps  19,333,120 | SPS     639 | r_p0 -0.268 r_p1 +0.756 | clip_frac 0.257(fire:0.003) | KL 0.0082 | H_fire 0.181 H_ang 0.00 H_ship 3.42 | V_loss 0.3945 | LR 0.000098 | early_stop=0 | fire[0]=0.24 fire[rest_max]=0.62 srcs_multi=3.88 ship0=0.01 meanshipbin=15.5 avgfleet=101.4 p90fleet=221.7 | Vμ=-0.002 Vσ=1.778 Rμ=-0.029 Rσ=1.869 Aσ=0.644 rewμ=+0.0039 rewσ=0.1311 rewNZ=0.361 featσ[p/f/g/pw]=0.446/0.372/0.434/0.374
iter   591 | steps  19,365,888 | SPS     639 | r_p0 -0.055 r_p1 +0.544 | clip_frac 0.257(fire:0.003) | KL 0.0109 | H_fire 0.236 H_ang 0.00 H_ship 3.41 | V_loss 0.5984 | LR 0.000098 | early_stop=0 | fire[0]=0.30 fire[rest_max]=0.59 srcs_multi=5.04 ship0=0.00 meanshipbin=16.6 avgfleet=102.3 p90fleet=217.4 | Vμ=+0.611 Vσ=1.800 Rμ=+0.509 Rσ=1.869 Aσ=0.779 rewμ=+0.0093 rewσ=0.1394 rewNZ=0.445 featσ[p/f/g/pw]=0.442/0.340/0.447/0.398
iter   592 | steps  19,398,656 | SPS     639 | r_p0 +0.065 r_p1 +0.429 | clip_frac 0.255(fire:0.004) | KL 0.0098 | H_fire 0.174 H_ang 0.00 H_ship 3.42 | V_loss 0.4960 | LR 0.000098 | early_stop=0 | fire[0]=0.22 fire[rest_max]=0.57 srcs_multi=3.41 ship0=0.00 meanshipbin=17.3 avgfleet=105.7 p90fleet=233.4 | Vμ=+0.182 Vσ=1.722 Rμ=+0.154 Rσ=1.849 Aσ=0.713 rewμ=+0.0059 rewσ=0.1312 rewNZ=0.342 featσ[p/f/g/pw]=0.447/0.339/0.431/0.376
  saved checkpoints/torch_step_19398656_rev38_20260605_181635.pt
  saved checkpoints/pool_step_19398656_rev38_20260605_181635.pt (37 members)
  pool snapshot @ step 19,398,656
  pool size=38  alpha=2.0
    self                 self_step_18874368             wr=0.33 (n=72)  pfsp_w=0.444
    self                 self_step_18350080             wr=0.41 (n=70)  pfsp_w=0.343
    self                 self_step_5242880              wr=0.45 (n=2078)  pfsp_w=0.297
    self                 self_step_5767168              wr=0.46 (n=1750)  pfsp_w=0.295
    self                 self_step_6815744              wr=0.47 (n=1770)  pfsp_w=0.283
    self                 self_step_6291456              wr=0.47 (n=1332)  pfsp_w=0.282
    self                 self_step_3145728              wr=0.47 (n=2644)  pfsp_w=0.280
    self                 self_step_3670016              wr=0.48 (n=1400)  pfsp_w=0.274
iter   593 | steps  19,431,424 | SPS     639 | r_p0 -0.000 r_p1 +0.490 | clip_frac 0.256(fire:0.004) | KL 0.0126 | H_fire 0.230 H_ang 0.00 H_ship 3.41 | V_loss 0.4504 | LR 0.000098 | early_stop=0 | fire[0]=0.27 fire[rest_max]=0.55 srcs_multi=4.16 ship0=0.00 meanshipbin=16.9 avgfleet=101.1 p90fleet=206.3 | Vμ=+0.488 Vσ=1.829 Rμ=+0.492 Rσ=1.956 Aσ=0.683 rewμ=+0.0096 rewσ=0.1364 rewNZ=0.427 featσ[p/f/g/pw]=0.444/0.345/0.440/0.398
iter   594 | steps  19,464,192 | SPS     639 | r_p0 +0.046 r_p1 +0.440 | clip_frac 0.256(fire:0.003) | KL 0.0088 | H_fire 0.176 H_ang 0.00 H_ship 3.43 | V_loss 0.3948 | LR 0.000098 | early_stop=0 | fire[0]=0.24 fire[rest_max]=0.61 srcs_multi=3.90 ship0=0.00 meanshipbin=19.5 avgfleet=114.1 p90fleet=239.7 | Vμ=+0.069 Vσ=1.727 Rμ=+0.108 Rσ=1.817 Aσ=0.649 rewμ=+0.0057 rewσ=0.1262 rewNZ=0.338 featσ[p/f/g/pw]=0.446/0.350/0.436/0.377
iter   595 | steps  19,496,960 | SPS     639 | r_p0 +0.043 r_p1 +0.443 | clip_frac 0.257(fire:0.005) | KL 0.0130 | H_fire 0.217 H_ang 0.00 H_ship 3.41 | V_loss 0.6148 | LR 0.000098 | early_stop=0 | fire[0]=0.27 fire[rest_max]=0.59 srcs_multi=4.44 ship0=0.00 meanshipbin=20.1 avgfleet=110.0 p90fleet=243.4 | Vμ=+0.626 Vσ=1.860 Rμ=+0.645 Rσ=1.979 Aσ=0.804 rewμ=+0.0110 rewσ=0.1390 rewNZ=0.424 featσ[p/f/g/pw]=0.442/0.334/0.442/0.397
iter   596 | steps  19,529,728 | SPS     639 | r_p0 -0.116 r_p1 +0.603 | clip_frac 0.258(fire:0.002) | KL 0.0079 | H_fire 0.249 H_ang 0.00 H_ship 3.42 | V_loss 0.3338 | LR 0.000098 | early_stop=0 | fire[0]=0.30 fire[rest_max]=0.61 srcs_multi=5.34 ship0=0.00 meanshipbin=20.4 avgfleet=111.8 p90fleet=232.8 | Vμ=+0.529 Vσ=1.807 Rμ=+0.539 Rσ=1.868 Aσ=0.598 rewμ=+0.0094 rewσ=0.1319 rewNZ=0.461 featσ[p/f/g/pw]=0.444/0.354/0.445/0.410
iter   597 | steps  19,562,496 | SPS     639 | r_p0 -0.176 r_p1 +0.661 | clip_frac 0.258(fire:0.004) | KL 0.0093 | H_fire 0.160 H_ang 0.00 H_ship 3.42 | V_loss 0.5919 | LR 0.000098 | early_stop=0 | fire[0]=0.22 fire[rest_max]=0.59 srcs_multi=3.42 ship0=0.00 meanshipbin=18.1 avgfleet=109.6 p90fleet=225.7 | Vμ=-0.086 Vσ=1.744 Rμ=-0.088 Rσ=1.832 Aσ=0.791 rewμ=+0.0038 rewσ=0.1291 rewNZ=0.327 featσ[p/f/g/pw]=0.446/0.357/0.433/0.374
iter   598 | steps  19,595,264 | SPS     639 | r_p0 -0.117 r_p1 +0.605 | clip_frac 0.258(fire:0.004) | KL 0.0115 | H_fire 0.252 H_ang 0.00 H_ship 3.42 | V_loss 0.3980 | LR 0.000098 | early_stop=0 | fire[0]=0.29 fire[rest_max]=0.57 srcs_multi=4.87 ship0=0.00 meanshipbin=17.4 avgfleet=109.2 p90fleet=225.4 | Vμ=+0.547 Vσ=1.748 Rμ=+0.543 Rσ=1.844 Aσ=0.647 rewμ=+0.0092 rewσ=0.1277 rewNZ=0.457 featσ[p/f/g/pw]=0.444/0.357/0.447/0.410
iter   599 | steps  19,628,032 | SPS     639 | r_p0 -0.095 r_p1 +0.585 | clip_frac 0.257(fire:0.003) | KL 0.0063 | H_fire 0.173 H_ang 0.00 H_ship 3.43 | V_loss 0.4130 | LR 0.000098 | early_stop=0 | fire[0]=0.23 fire[rest_max]=0.59 srcs_multi=3.65 ship0=0.00 meanshipbin=18.3 avgfleet=119.9 p90fleet=254.3 | Vμ=-0.033 Vσ=1.688 Rμ=+0.014 Rσ=1.802 Aσ=0.661 rewμ=+0.0052 rewσ=0.1229 rewNZ=0.332 featσ[p/f/g/pw]=0.446/0.346/0.434/0.372
iter   600 | steps  19,660,800 | SPS     639 | r_p0 -0.014 r_p1 +0.503 | clip_frac 0.257(fire:0.002) | KL 0.0069 | H_fire 0.236 H_ang 0.00 H_ship 3.41 | V_loss 0.4910 | LR 0.000098 | early_stop=0 | fire[0]=0.29 fire[rest_max]=0.59 srcs_multi=4.67 ship0=0.00 meanshipbin=18.0 avgfleet=108.1 p90fleet=227.2 | Vμ=+0.600 Vσ=1.828 Rμ=+0.584 Rσ=1.951 Aσ=0.716 rewμ=+0.0110 rewσ=0.1335 rewNZ=0.444 featσ[p/f/g/pw]=0.444/0.344/0.440/0.401
iter   601 | steps  19,693,568 | SPS     639 | r_p0 -0.111 r_p1 +0.598 | clip_frac 0.259(fire:0.002) | KL 0.0078 | H_fire 0.241 H_ang 0.00 H_ship 3.42 | V_loss 0.4888 | LR 0.000098 | early_stop=0 | fire[0]=0.30 fire[rest_max]=0.60 srcs_multi=5.00 ship0=0.00 meanshipbin=19.6 avgfleet=107.7 p90fleet=232.4 | Vμ=+0.470 Vσ=1.775 Rμ=+0.465 Rσ=1.903 Aσ=0.716 rewμ=+0.0087 rewσ=0.1335 rewNZ=0.444 featσ[p/f/g/pw]=0.444/0.356/0.446/0.399
iter   602 | steps  19,726,336 | SPS     639 | r_p0 -0.130 r_p1 +0.621 | clip_frac 0.259(fire:0.002) | KL 0.0070 | H_fire 0.213 H_ang 0.00 H_ship 3.41 | V_loss 0.6026 | LR 0.000098 | early_stop=0 | fire[0]=0.27 fire[rest_max]=0.58 srcs_multi=4.11 ship0=0.00 meanshipbin=18.6 avgfleet=94.5 p90fleet=209.8 | Vμ=+0.412 Vσ=1.917 Rμ=+0.408 Rσ=2.026 Aσ=0.795 rewμ=+0.0104 rewσ=0.1345 rewNZ=0.419 featσ[p/f/g/pw]=0.441/0.346/0.438/0.386
iter   603 | steps  19,759,104 | SPS     639 | r_p0 -0.011 r_p1 +0.503 | clip_frac 0.259(fire:0.003) | KL 0.0088 | H_fire 0.225 H_ang 0.00 H_ship 3.42 | V_loss 0.4286 | LR 0.000098 | early_stop=0 | fire[0]=0.28 fire[rest_max]=0.59 srcs_multi=4.38 ship0=0.00 meanshipbin=21.0 avgfleet=105.0 p90fleet=217.7 | Vμ=+0.324 Vσ=1.897 Rμ=+0.310 Rσ=1.983 Aσ=0.669 rewμ=+0.0066 rewσ=0.1339 rewNZ=0.419 featσ[p/f/g/pw]=0.448/0.368/0.443/0.394
iter   604 | steps  19,791,872 | SPS     639 | r_p0 +0.123 r_p1 +0.367 | clip_frac 0.260(fire:0.003) | KL 0.0087 | H_fire 0.198 H_ang 0.00 H_ship 3.41 | V_loss 0.5642 | LR 0.000098 | early_stop=0 | fire[0]=0.25 fire[rest_max]=0.56 srcs_multi=3.67 ship0=0.00 meanshipbin=21.1 avgfleet=106.0 p90fleet=235.8 | Vμ=+0.450 Vσ=1.959 Rμ=+0.412 Rσ=2.047 Aσ=0.770 rewμ=+0.0088 rewσ=0.1326 rewNZ=0.386 featσ[p/f/g/pw]=0.443/0.316/0.440/0.382
iter   605 | steps  19,824,640 | SPS     639 | r_p0 +0.182 r_p1 +0.309 | clip_frac 0.260(fire:0.002) | KL 0.0082 | H_fire 0.214 H_ang 0.00 H_ship 3.41 | V_loss 0.5638 | LR 0.000098 | early_stop=0 | fire[0]=0.26 fire[rest_max]=0.55 srcs_multi=3.78 ship0=0.00 meanshipbin=20.5 avgfleet=101.4 p90fleet=207.7 | Vμ=+0.312 Vσ=1.910 Rμ=+0.278 Rσ=2.029 Aσ=0.769 rewμ=+0.0078 rewσ=0.1354 rewNZ=0.408 featσ[p/f/g/pw]=0.444/0.332/0.439/0.387
iter   606 | steps  19,857,408 | SPS     639 | r_p0 +0.162 r_p1 +0.330 | clip_frac 0.259(fire:0.002) | KL 0.0066 | H_fire 0.205 H_ang 0.00 H_ship 3.41 | V_loss 0.5096 | LR 0.000098 | early_stop=0 | fire[0]=0.26 fire[rest_max]=0.56 srcs_multi=3.78 ship0=0.00 meanshipbin=20.5 avgfleet=105.4 p90fleet=215.0 | Vμ=+0.459 Vσ=1.873 Rμ=+0.498 Rσ=2.005 Aσ=0.729 rewμ=+0.0095 rewσ=0.1355 rewNZ=0.400 featσ[p/f/g/pw]=0.443/0.314/0.438/0.385
iter   607 | steps  19,890,176 | SPS     639 | r_p0 +0.063 r_p1 +0.427 | clip_frac 0.258(fire:0.002) | KL 0.0073 | H_fire 0.224 H_ang 0.00 H_ship 3.42 | V_loss 0.5158 | LR 0.000098 | early_stop=0 | fire[0]=0.27 fire[rest_max]=0.56 srcs_multi=3.92 ship0=0.00 meanshipbin=22.0 avgfleet=108.2 p90fleet=226.0 | Vμ=+0.548 Vσ=1.812 Rμ=+0.550 Rσ=1.955 Aσ=0.741 rewμ=+0.0093 rewσ=0.1333 rewNZ=0.421 featσ[p/f/g/pw]=0.443/0.339/0.440/0.394
iter   608 | steps  19,922,944 | SPS     639 | r_p0 -0.032 r_p1 +0.523 | clip_frac 0.259(fire:0.003) | KL 0.0124 | H_fire 0.181 H_ang 0.00 H_ship 3.42 | V_loss 0.4831 | LR 0.000098 | early_stop=0 | fire[0]=0.23 fire[rest_max]=0.59 srcs_multi=3.60 ship0=0.00 meanshipbin=22.4 avgfleet=109.9 p90fleet=222.4 | Vμ=+0.302 Vσ=1.799 Rμ=+0.370 Rσ=1.910 Aσ=0.719 rewμ=+0.0074 rewσ=0.1246 rewNZ=0.350 featσ[p/f/g/pw]=0.443/0.316/0.437/0.375
  saved checkpoints/torch_step_19922944_rev38_20260605_181635.pt
  saved checkpoints/pool_step_19922944_rev38_20260605_181635.pt (38 members)
  pool snapshot @ step 19,922,944
  pool size=39  alpha=2.0
    self                 self_step_18874368             wr=0.33 (n=72)  pfsp_w=0.444
    self                 self_step_5242880              wr=0.46 (n=2149)  pfsp_w=0.296
    self                 self_step_5767168              wr=0.46 (n=1830)  pfsp_w=0.295
    self                 self_step_6815744              wr=0.47 (n=1770)  pfsp_w=0.283
    self                 self_step_6291456              wr=0.47 (n=1332)  pfsp_w=0.282
    self                 self_step_3670016              wr=0.48 (n=1400)  pfsp_w=0.274
    self                 self_step_3145728              wr=0.48 (n=2792)  pfsp_w=0.270
    self                 self_step_16777216             wr=0.48 (n=334)  pfsp_w=0.268
iter   609 | steps  19,955,712 | SPS     639 | r_p0 +0.010 r_p1 +0.481 | clip_frac 0.258(fire:0.003) | KL 0.0080 | H_fire 0.203 H_ang 0.00 H_ship 3.41 | V_loss 0.5321 | LR 0.000098 | early_stop=0 | fire[0]=0.26 fire[rest_max]=0.58 srcs_multi=3.71 ship0=0.00 meanshipbin=20.7 avgfleet=105.1 p90fleet=211.5 | Vμ=+0.618 Vσ=1.845 Rμ=+0.612 Rσ=2.015 Aσ=0.748 rewμ=+0.0095 rewσ=0.1346 rewNZ=0.401 featσ[p/f/g/pw]=0.444/0.331/0.434/0.386
iter   610 | steps  19,988,480 | SPS     639 | r_p0 +0.084 r_p1 +0.406 | clip_frac 0.259(fire:0.003) | KL 0.0104 | H_fire 0.245 H_ang 0.00 H_ship 3.41 | V_loss 0.4397 | LR 0.000098 | early_stop=0 | fire[0]=0.31 fire[rest_max]=0.60 srcs_multi=5.09 ship0=0.00 meanshipbin=20.0 avgfleet=100.5 p90fleet=213.9 | Vμ=+0.723 Vσ=1.838 Rμ=+0.723 Rσ=1.971 Aσ=0.685 rewμ=+0.0104 rewσ=0.1357 rewNZ=0.465 featσ[p/f/g/pw]=0.444/0.360/0.443/0.398
iter   611 | steps  20,021,248 | SPS     639 | r_p0 -0.216 r_p1 +0.708 | clip_frac 0.259(fire:0.003) | KL 0.0123 | H_fire 0.247 H_ang 0.00 H_ship 3.41 | V_loss 0.6225 | LR 0.000098 | early_stop=0 | fire[0]=0.30 fire[rest_max]=0.59 srcs_multi=4.89 ship0=0.00 meanshipbin=17.1 avgfleet=100.9 p90fleet=221.9 | Vμ=+0.715 Vσ=1.983 Rμ=+0.625 Rσ=2.058 Aσ=0.805 rewμ=+0.0107 rewσ=0.1383 rewNZ=0.464 featσ[p/f/g/pw]=0.444/0.357/0.444/0.403
iter   612 | steps  20,054,016 | SPS     639 | r_p0 -0.282 r_p1 +0.771 | clip_frac 0.259(fire:0.003) | KL 0.0105 | H_fire 0.180 H_ang 0.00 H_ship 3.42 | V_loss 0.5830 | LR 0.000098 | early_stop=0 | fire[0]=0.25 fire[rest_max]=0.60 srcs_multi=3.74 ship0=0.00 meanshipbin=17.3 avgfleet=101.0 p90fleet=208.5 | Vμ=+0.254 Vσ=1.920 Rμ=+0.313 Rσ=2.031 Aσ=0.776 rewμ=+0.0079 rewσ=0.1338 rewNZ=0.358 featσ[p/f/g/pw]=0.445/0.327/0.436/0.374
iter   613 | steps  20,086,784 | SPS     639 | r_p0 -0.034 r_p1 +0.524 | clip_frac 0.257(fire:0.002) | KL 0.0104 | H_fire 0.194 H_ang 0.00 H_ship 3.43 | V_loss 0.4879 | LR 0.000098 | early_stop=0 | fire[0]=0.25 fire[rest_max]=0.62 srcs_multi=4.02 ship0=0.00 meanshipbin=18.8 avgfleet=107.7 p90fleet=212.6 | Vμ=+0.234 Vσ=1.889 Rμ=+0.253 Rσ=1.970 Aσ=0.713 rewμ=+0.0068 rewσ=0.1274 rewNZ=0.377 featσ[p/f/g/pw]=0.446/0.329/0.441/0.389
iter   614 | steps  20,119,552 | SPS     639 | r_p0 +0.220 r_p1 +0.276 | clip_frac 0.254(fire:0.003) | KL 0.0079 | H_fire 0.203 H_ang 0.00 H_ship 3.42 | V_loss 0.4295 | LR 0.000098 | early_stop=0 | fire[0]=0.27 fire[rest_max]=0.61 srcs_multi=4.26 ship0=0.00 meanshipbin=19.8 avgfleet=109.7 p90fleet=225.3 | Vμ=+0.102 Vσ=1.738 Rμ=+0.094 Rσ=1.847 Aσ=0.673 rewμ=+0.0064 rewσ=0.1303 rewNZ=0.401 featσ[p/f/g/pw]=0.449/0.358/0.442/0.393
iter   615 | steps  20,152,320 | SPS     639 | r_p0 +0.144 r_p1 +0.351 | clip_frac 0.253(fire:0.003) | KL 0.0107 | H_fire 0.256 H_ang 0.00 H_ship 3.41 | V_loss 0.4388 | LR 0.000098 | early_stop=0 | fire[0]=0.32 fire[rest_max]=0.59 srcs_multi=5.08 ship0=0.00 meanshipbin=19.9 avgfleet=104.4 p90fleet=229.3 | Vμ=+0.646 Vσ=1.903 Rμ=+0.569 Rσ=1.990 Aσ=0.681 rewμ=+0.0100 rewσ=0.1359 rewNZ=0.475 featσ[p/f/g/pw]=0.447/0.374/0.444/0.404
iter   616 | steps  20,185,088 | SPS     639 | r_p0 -0.160 r_p1 +0.651 | clip_frac 0.253(fire:0.004) | KL 0.0114 | H_fire 0.169 H_ang 0.00 H_ship 3.42 | V_loss 0.5745 | LR 0.000098 | early_stop=0 | fire[0]=0.26 fire[rest_max]=0.63 srcs_multi=3.94 ship0=0.00 meanshipbin=19.3 avgfleet=106.1 p90fleet=236.6 | Vμ=+0.186 Vσ=1.799 Rμ=+0.246 Rσ=1.938 Aσ=0.772 rewμ=+0.0070 rewσ=0.1330 rewNZ=0.346 featσ[p/f/g/pw]=0.443/0.332/0.435/0.365
iter   617 | steps  20,217,856 | SPS     639 | r_p0 -0.095 r_p1 +0.586 | clip_frac 0.251(fire:0.003) | KL 0.0092 | H_fire 0.177 H_ang 0.00 H_ship 3.42 | V_loss 0.5203 | LR 0.000098 | early_stop=0 | fire[0]=0.24 fire[rest_max]=0.64 srcs_multi=3.82 ship0=0.00 meanshipbin=17.3 avgfleet=100.5 p90fleet=193.2 | Vμ=+0.019 Vσ=1.862 Rμ=+0.055 Rσ=1.978 Aσ=0.741 rewμ=+0.0063 rewσ=0.1297 rewNZ=0.364 featσ[p/f/g/pw]=0.443/0.337/0.431/0.376
iter   618 | steps  20,250,624 | SPS     639 | r_p0 +0.008 r_p1 +0.485 | clip_frac 0.249(fire:0.004) | KL 0.0087 | H_fire 0.176 H_ang 0.00 H_ship 3.43 | V_loss 0.4303 | LR 0.000097 | early_stop=0 | fire[0]=0.27 fire[rest_max]=0.64 srcs_multi=4.28 ship0=0.00 meanshipbin=17.9 avgfleet=109.4 p90fleet=219.7 | Vμ=+0.058 Vσ=1.713 Rμ=+0.074 Rσ=1.808 Aσ=0.676 rewμ=+0.0042 rewσ=0.1272 rewNZ=0.358 featσ[p/f/g/pw]=0.445/0.361/0.436/0.372
iter   619 | steps  20,283,392 | SPS     639 | r_p0 -0.042 r_p1 +0.534 | clip_frac 0.247(fire:0.004) | KL 0.0075 | H_fire 0.170 H_ang 0.00 H_ship 3.42 | V_loss 0.4875 | LR 0.000097 | early_stop=0 | fire[0]=0.25 fire[rest_max]=0.65 srcs_multi=3.94 ship0=0.00 meanshipbin=18.3 avgfleet=108.7 p90fleet=240.9 | Vμ=-0.045 Vσ=1.710 Rμ=+0.001 Rσ=1.824 Aσ=0.715 rewμ=+0.0055 rewσ=0.1296 rewNZ=0.356 featσ[p/f/g/pw]=0.445/0.362/0.434/0.374
iter   620 | steps  20,316,160 | SPS     639 | r_p0 +0.056 r_p1 +0.430 | clip_frac 0.247(fire:0.002) | KL 0.0091 | H_fire 0.264 H_ang 0.00 H_ship 3.42 | V_loss 0.4433 | LR 0.000097 | early_stop=0 | fire[0]=0.34 fire[rest_max]=0.62 srcs_multi=5.69 ship0=0.00 meanshipbin=18.7 avgfleet=104.3 p90fleet=219.6 | Vμ=+0.676 Vσ=1.814 Rμ=+0.641 Rσ=1.903 Aσ=0.685 rewμ=+0.0092 rewσ=0.1312 rewNZ=0.492 featσ[p/f/g/pw]=0.442/0.354/0.445/0.407
iter   621 | steps  20,348,928 | SPS     639 | r_p0 -0.115 r_p1 +0.601 | clip_frac 0.249(fire:0.003) | KL 0.0163 | H_fire 0.264 H_ang 0.00 H_ship 3.41 | V_loss 0.5993 | LR 0.000097 | early_stop=0 | fire[0]=0.34 fire[rest_max]=0.60 srcs_multi=5.58 ship0=0.00 meanshipbin=19.3 avgfleet=104.1 p90fleet=219.9 | Vμ=+0.588 Vσ=1.851 Rμ=+0.496 Rσ=1.911 Aσ=0.794 rewμ=+0.0097 rewσ=0.1361 rewNZ=0.487 featσ[p/f/g/pw]=0.443/0.363/0.448/0.406
iter   622 | steps  20,381,696 | SPS     639 | r_p0 -0.252 r_p1 +0.741 | clip_frac 0.248(fire:0.002) | KL 0.0089 | H_fire 0.236 H_ang 0.00 H_ship 3.41 | V_loss 0.4327 | LR 0.000097 | early_stop=0 | fire[0]=0.31 fire[rest_max]=0.61 srcs_multi=4.99 ship0=0.00 meanshipbin=18.8 avgfleet=107.1 p90fleet=233.4 | Vμ=+0.485 Vσ=1.869 Rμ=+0.488 Rσ=1.967 Aσ=0.677 rewμ=+0.0099 rewσ=0.1359 rewNZ=0.441 featσ[p/f/g/pw]=0.444/0.359/0.442/0.399
iter   623 | steps  20,414,464 | SPS     639 | r_p0 -0.052 r_p1 +0.546 | clip_frac 0.249(fire:0.003) | KL 0.0130 | H_fire 0.234 H_ang 0.00 H_ship 3.42 | V_loss 0.4763 | LR 0.000097 | early_stop=0 | fire[0]=0.30 fire[rest_max]=0.60 srcs_multi=4.82 ship0=0.00 meanshipbin=20.0 avgfleet=101.8 p90fleet=232.4 | Vμ=+0.452 Vσ=1.859 Rμ=+0.399 Rσ=1.967 Aσ=0.713 rewμ=+0.0071 rewσ=0.1333 rewNZ=0.437 featσ[p/f/g/pw]=0.446/0.368/0.440/0.392
iter   624 | steps  20,447,232 | SPS     639 | r_p0 +0.099 r_p1 +0.396 | clip_frac 0.248(fire:0.003) | KL 0.0087 | H_fire 0.191 H_ang 0.00 H_ship 3.42 | V_loss 0.5958 | LR 0.000097 | early_stop=0 | fire[0]=0.27 fire[rest_max]=0.63 srcs_multi=4.49 ship0=0.00 meanshipbin=20.0 avgfleet=109.0 p90fleet=231.9 | Vμ=+0.146 Vσ=1.731 Rμ=+0.215 Rσ=1.848 Aσ=0.798 rewμ=+0.0074 rewσ=0.1316 rewNZ=0.368 featσ[p/f/g/pw]=0.443/0.329/0.442/0.379
  saved checkpoints/torch_step_20447232_rev38_20260605_181635.pt
  saved checkpoints/pool_step_20447232_rev38_20260605_181635.pt (39 members)
  pool snapshot @ step 20,447,232
  pool size=40  alpha=2.0
    self                 self_step_5767168              wr=0.45 (n=1922)  pfsp_w=0.302
    self                 self_step_5242880              wr=0.46 (n=2149)  pfsp_w=0.296
    self                 self_step_18874368             wr=0.47 (n=148)  pfsp_w=0.285
    self                 self_step_6815744              wr=0.47 (n=1770)  pfsp_w=0.283
    self                 self_step_3670016              wr=0.47 (n=1493)  pfsp_w=0.283
    self                 self_step_6291456              wr=0.47 (n=1332)  pfsp_w=0.282
    self                 self_step_3145728              wr=0.48 (n=2859)  pfsp_w=0.269
    self                 self_step_4194304              wr=0.49 (n=1985)  pfsp_w=0.263
iter   625 | steps  20,480,000 | SPS     639 | r_p0 +0.139 r_p1 +0.351 | clip_frac 0.247(fire:0.002) | KL 0.0122 | H_fire 0.240 H_ang 0.00 H_ship 3.41 | V_loss 0.5247 | LR 0.000097 | early_stop=0 | fire[0]=0.29 fire[rest_max]=0.57 srcs_multi=4.42 ship0=0.00 meanshipbin=19.5 avgfleet=99.7 p90fleet=208.7 | Vμ=+0.490 Vσ=1.794 Rμ=+0.414 Rσ=1.859 Aσ=0.744 rewμ=+0.0087 rewσ=0.1337 rewNZ=0.448 featσ[p/f/g/pw]=0.445/0.353/0.436/0.392
iter   626 | steps  20,512,768 | SPS     639 | r_p0 +0.089 r_p1 +0.399 | clip_frac 0.244(fire:0.003) | KL 0.0070 | H_fire 0.193 H_ang 0.00 H_ship 3.42 | V_loss 0.4701 | LR 0.000097 | early_stop=0 | fire[0]=0.25 fire[rest_max]=0.57 srcs_multi=3.64 ship0=0.00 meanshipbin=18.5 avgfleet=107.5 p90fleet=230.6 | Vμ=+0.134 Vσ=1.629 Rμ=+0.161 Rσ=1.780 Aσ=0.707 rewμ=+0.0060 rewσ=0.1280 rewNZ=0.363 featσ[p/f/g/pw]=0.446/0.359/0.436/0.376
iter   627 | steps  20,545,536 | SPS     639 | r_p0 +0.050 r_p1 +0.442 | clip_frac 0.241(fire:0.003) | KL 0.0098 | H_fire 0.199 H_ang 0.00 H_ship 3.43 | V_loss 0.4350 | LR 0.000097 | early_stop=0 | fire[0]=0.24 fire[rest_max]=0.57 srcs_multi=3.87 ship0=0.00 meanshipbin=17.7 avgfleet=112.6 p90fleet=232.3 | Vμ=+0.179 Vσ=1.705 Rμ=+0.185 Rσ=1.850 Aσ=0.680 rewμ=+0.0054 rewσ=0.1228 rewNZ=0.369 featσ[p/f/g/pw]=0.444/0.335/0.440/0.379
iter   628 | steps  20,578,304 | SPS     639 | r_p0 +0.173 r_p1 +0.315 | clip_frac 0.242(fire:0.003) | KL 0.0099 | H_fire 0.239 H_ang 0.00 H_ship 3.41 | V_loss 0.5191 | LR 0.000097 | early_stop=0 | fire[0]=0.30 fire[rest_max]=0.57 srcs_multi=4.66 ship0=0.00 meanshipbin=17.2 avgfleet=100.5 p90fleet=215.8 | Vμ=+0.438 Vσ=1.780 Rμ=+0.445 Rσ=1.875 Aσ=0.738 rewμ=+0.0087 rewσ=0.1352 rewNZ=0.445 featσ[p/f/g/pw]=0.443/0.352/0.439/0.385
iter   629 | steps  20,611,072 | SPS     639 | r_p0 +0.147 r_p1 +0.344 | clip_frac 0.242(fire:0.003) | KL 0.0086 | H_fire 0.244 H_ang 0.00 H_ship 3.40 | V_loss 0.5571 | LR 0.000097 | early_stop=0 | fire[0]=0.31 fire[rest_max]=0.57 srcs_multi=4.74 ship0=0.00 meanshipbin=17.0 avgfleet=100.6 p90fleet=214.8 | Vμ=+0.482 Vσ=1.766 Rμ=+0.502 Rσ=1.927 Aσ=0.760 rewμ=+0.0088 rewσ=0.1378 rewNZ=0.458 featσ[p/f/g/pw]=0.441/0.331/0.443/0.395
iter   630 | steps  20,643,840 | SPS     639 | r_p0 -0.082 r_p1 +0.574 | clip_frac 0.241(fire:0.004) | KL 0.0128 | H_fire 0.182 H_ang 0.00 H_ship 3.42 | V_loss 0.4364 | LR 0.000097 | early_stop=0 | fire[0]=0.24 fire[rest_max]=0.58 srcs_multi=3.63 ship0=0.00 meanshipbin=16.8 avgfleet=100.7 p90fleet=214.5 | Vμ=-0.063 Vσ=1.760 Rμ=-0.096 Rσ=1.886 Aσ=0.679 rewμ=+0.0034 rewσ=0.1305 rewNZ=0.352 featσ[p/f/g/pw]=0.447/0.371/0.434/0.370
iter   631 | steps  20,676,608 | SPS     639 | r_p0 -0.057 r_p1 +0.545 | clip_frac 0.238(fire:0.005) | KL 0.0115 | H_fire 0.164 H_ang 0.00 H_ship 3.42 | V_loss 0.5084 | LR 0.000097 | early_stop=0 | fire[0]=0.24 fire[rest_max]=0.58 srcs_multi=3.33 ship0=0.01 meanshipbin=17.1 avgfleet=101.0 p90fleet=228.6 | Vμ=+0.027 Vσ=1.747 Rμ=+0.062 Rσ=1.915 Aσ=0.733 rewμ=+0.0051 rewσ=0.1348 rewNZ=0.336 featσ[p/f/g/pw]=0.443/0.342/0.432/0.360
iter   632 | steps  20,709,376 | SPS     639 | r_p0 -0.236 r_p1 +0.724 | clip_frac 0.237(fire:0.005) | KL 0.0132 | H_fire 0.247 H_ang 0.00 H_ship 3.40 | V_loss 0.6237 | LR 0.000097 | early_stop=0 | fire[0]=0.30 fire[rest_max]=0.55 srcs_multi=4.49 ship0=0.00 meanshipbin=17.2 avgfleet=90.3 p90fleet=190.0 | Vμ=+0.580 Vσ=1.789 Rμ=+0.638 Rσ=1.928 Aσ=0.813 rewμ=+0.0126 rewσ=0.1394 rewNZ=0.461 featσ[p/f/g/pw]=0.440/0.355/0.441/0.390
iter   633 | steps  20,742,144 | SPS     639 | r_p0 -0.160 r_p1 +0.653 | clip_frac 0.235(fire:0.004) | KL 0.0086 | H_fire 0.181 H_ang 0.00 H_ship 3.42 | V_loss 0.5089 | LR 0.000097 | early_stop=0 | fire[0]=0.25 fire[rest_max]=0.60 srcs_multi=3.80 ship0=0.01 meanshipbin=16.8 avgfleet=100.3 p90fleet=212.2 | Vμ=+0.166 Vσ=1.811 Rμ=+0.169 Rσ=1.943 Aσ=0.731 rewμ=+0.0061 rewσ=0.1319 rewNZ=0.359 featσ[p/f/g/pw]=0.443/0.350/0.434/0.368
iter   634 | steps  20,774,912 | SPS     639 | r_p0 +0.008 r_p1 +0.488 | clip_frac 0.235(fire:0.003) | KL 0.0088 | H_fire 0.178 H_ang 0.00 H_ship 3.42 | V_loss 0.4741 | LR 0.000097 | early_stop=0 | fire[0]=0.26 fire[rest_max]=0.63 srcs_multi=4.03 ship0=0.01 meanshipbin=16.7 avgfleet=107.6 p90fleet=226.6 | Vμ=+0.117 Vσ=1.722 Rμ=+0.125 Rσ=1.865 Aσ=0.710 rewμ=+0.0055 rewσ=0.1310 rewNZ=0.356 featσ[p/f/g/pw]=0.441/0.339/0.437/0.370
iter   635 | steps  20,807,680 | SPS     639 | r_p0 +0.020 r_p1 +0.473 | clip_frac 0.236(fire:0.002) | KL 0.0100 | H_fire 0.236 H_ang 0.00 H_ship 3.41 | V_loss 0.4842 | LR 0.000097 | early_stop=0 | fire[0]=0.31 fire[rest_max]=0.63 srcs_multi=5.06 ship0=0.00 meanshipbin=16.0 avgfleet=98.0 p90fleet=201.2 | Vμ=+0.516 Vσ=1.828 Rμ=+0.536 Rσ=1.953 Aσ=0.713 rewμ=+0.0089 rewσ=0.1327 rewNZ=0.448 featσ[p/f/g/pw]=0.440/0.352/0.437/0.389
iter   636 | steps  20,840,448 | SPS     639 | r_p0 +0.044 r_p1 +0.448 | clip_frac 0.236(fire:0.004) | KL 0.0085 | H_fire 0.168 H_ang 0.00 H_ship 3.42 | V_loss 0.4892 | LR 0.000097 | early_stop=0 | fire[0]=0.26 fire[rest_max]=0.65 srcs_multi=4.00 ship0=0.00 meanshipbin=15.4 avgfleet=100.9 p90fleet=221.8 | Vμ=+0.158 Vσ=1.814 Rμ=+0.167 Rσ=1.906 Aσ=0.720 rewμ=+0.0061 rewσ=0.1313 rewNZ=0.346 featσ[p/f/g/pw]=0.441/0.360/0.435/0.365
iter   637 | steps  20,873,216 | SPS     639 | r_p0 +0.008 r_p1 +0.487 | clip_frac 0.237(fire:0.004) | KL 0.0119 | H_fire 0.241 H_ang 0.00 H_ship 3.41 | V_loss 0.5233 | LR 0.000097 | early_stop=0 | fire[0]=0.32 fire[rest_max]=0.63 srcs_multi=5.23 ship0=0.00 meanshipbin=16.4 avgfleet=96.3 p90fleet=197.8 | Vμ=+0.586 Vσ=1.768 Rμ=+0.534 Rσ=1.885 Aσ=0.739 rewμ=+0.0099 rewσ=0.1378 rewNZ=0.473 featσ[p/f/g/pw]=0.440/0.351/0.438/0.392
iter   638 | steps  20,905,984 | SPS     639 | r_p0 -0.077 r_p1 +0.571 | clip_frac 0.235(fire:0.003) | KL 0.0072 | H_fire 0.183 H_ang 0.00 H_ship 3.42 | V_loss 0.5111 | LR 0.000097 | early_stop=0 | fire[0]=0.25 fire[rest_max]=0.62 srcs_multi=3.97 ship0=0.00 meanshipbin=15.8 avgfleet=99.2 p90fleet=213.2 | Vμ=+0.175 Vσ=1.711 Rμ=+0.207 Rσ=1.890 Aσ=0.733 rewμ=+0.0067 rewσ=0.1326 rewNZ=0.367 featσ[p/f/g/pw]=0.443/0.359/0.433/0.370
iter   639 | steps  20,938,752 | SPS     639 | r_p0 +0.023 r_p1 +0.466 | clip_frac 0.234(fire:0.003) | KL 0.0081 | H_fire 0.190 H_ang 0.00 H_ship 3.42 | V_loss 0.4595 | LR 0.000097 | early_stop=0 | fire[0]=0.25 fire[rest_max]=0.60 srcs_multi=3.93 ship0=0.00 meanshipbin=16.1 avgfleet=104.7 p90fleet=227.8 | Vμ=+0.144 Vσ=1.806 Rμ=+0.106 Rσ=1.924 Aσ=0.701 rewμ=+0.0057 rewσ=0.1325 rewNZ=0.376 featσ[p/f/g/pw]=0.447/0.360/0.438/0.377
iter   640 | steps  20,971,520 | SPS     639 | r_p0 +0.186 r_p1 +0.304 | clip_frac 0.235(fire:0.004) | KL 0.0133 | H_fire 0.254 H_ang 0.00 H_ship 3.41 | V_loss 0.4423 | LR 0.000097 | early_stop=0 | fire[0]=0.32 fire[rest_max]=0.58 srcs_multi=4.90 ship0=0.00 meanshipbin=16.7 avgfleet=100.1 p90fleet=223.8 | Vμ=+0.751 Vσ=1.856 Rμ=+0.764 Rσ=1.987 Aσ=0.683 rewμ=+0.0114 rewσ=0.1413 rewNZ=0.472 featσ[p/f/g/pw]=0.446/0.345/0.444/0.395
  saved checkpoints/torch_step_20971520_rev38_20260605_181635.pt
  saved checkpoints/pool_step_20971520_rev38_20260605_181635.pt (40 members)
  pool snapshot @ step 20,971,520
  pool size=40  alpha=2.0
    self                 self_step_20447232             wr=0.39 (n=85)  pfsp_w=0.374
    self                 self_step_5767168              wr=0.46 (n=2049)  pfsp_w=0.296
    self                 self_step_5242880              wr=0.46 (n=2149)  pfsp_w=0.296
    self                 self_step_16252928             wr=0.46 (n=155)  pfsp_w=0.294
    self                 self_step_18874368             wr=0.47 (n=148)  pfsp_w=0.285
    self                 self_step_16777216             wr=0.47 (n=482)  pfsp_w=0.284
    self                 self_step_6291456              wr=0.47 (n=1407)  pfsp_w=0.284
    self                 self_step_6815744              wr=0.47 (n=1770)  pfsp_w=0.283
iter   641 | steps  21,004,288 | SPS     639 | r_p0 -0.089 r_p1 +0.584 | clip_frac 0.233(fire:0.003) | KL 0.0068 | H_fire 0.161 H_ang 0.00 H_ship 3.43 | V_loss 0.4525 | LR 0.000097 | early_stop=0 | fire[0]=0.23 fire[rest_max]=0.61 srcs_multi=3.36 ship0=0.00 meanshipbin=16.1 avgfleet=101.0 p90fleet=220.1 | Vμ=-0.065 Vσ=1.816 Rμ=-0.066 Rσ=1.960 Aσ=0.691 rewμ=+0.0043 rewσ=0.1270 rewNZ=0.335 featσ[p/f/g/pw]=0.448/0.356/0.430/0.362
iter   642 | steps  21,037,056 | SPS     639 | r_p0 -0.286 r_p1 +0.782 | clip_frac 0.235(fire:0.003) | KL 0.0089 | H_fire 0.261 H_ang 0.00 H_ship 3.41 | V_loss 0.5790 | LR 0.000097 | early_stop=0 | fire[0]=0.32 fire[rest_max]=0.58 srcs_multi=5.20 ship0=0.00 meanshipbin=15.9 avgfleet=102.8 p90fleet=231.7 | Vμ=+0.608 Vσ=1.795 Rμ=+0.608 Rσ=1.904 Aσ=0.772 rewμ=+0.0108 rewσ=0.1394 rewNZ=0.483 featσ[p/f/g/pw]=0.446/0.350/0.453/0.405
iter   643 | steps  21,069,824 | SPS     639 | r_p0 -0.199 r_p1 +0.694 | clip_frac 0.234(fire:0.003) | KL 0.0092 | H_fire 0.241 H_ang 0.00 H_ship 3.40 | V_loss 0.6287 | LR 0.000097 | early_stop=0 | fire[0]=0.29 fire[rest_max]=0.55 srcs_multi=4.14 ship0=0.00 meanshipbin=16.8 avgfleet=102.0 p90fleet=214.1 | Vμ=+0.533 Vσ=1.939 Rμ=+0.534 Rσ=2.059 Aσ=0.791 rewμ=+0.0109 rewσ=0.1426 rewNZ=0.455 featσ[p/f/g/pw]=0.446/0.332/0.445/0.406
iter   644 | steps  21,102,592 | SPS     639 | r_p0 -0.202 r_p1 +0.696 | clip_frac 0.234(fire:0.003) | KL 0.0075 | H_fire 0.189 H_ang 0.00 H_ship 3.43 | V_loss 0.4836 | LR 0.000097 | early_stop=0 | fire[0]=0.24 fire[rest_max]=0.56 srcs_multi=3.54 ship0=0.00 meanshipbin=17.8 avgfleet=104.0 p90fleet=216.8 | Vμ=-0.047 Vσ=1.693 Rμ=-0.023 Rσ=1.806 Aσ=0.715 rewμ=+0.0053 rewσ=0.1299 rewNZ=0.361 featσ[p/f/g/pw]=0.450/0.363/0.439/0.381
iter   645 | steps  21,135,360 | SPS     639 | r_p0 -0.105 r_p1 +0.599 | clip_frac 0.234(fire:0.003) | KL 0.0112 | H_fire 0.256 H_ang 0.00 H_ship 3.41 | V_loss 0.5672 | LR 0.000097 | early_stop=0 | fire[0]=0.29 fire[rest_max]=0.56 srcs_multi=4.51 ship0=0.00 meanshipbin=17.1 avgfleet=106.1 p90fleet=239.8 | Vμ=+0.619 Vσ=1.886 Rμ=+0.569 Rσ=2.019 Aσ=0.775 rewμ=+0.0109 rewσ=0.1394 rewNZ=0.473 featσ[p/f/g/pw]=0.446/0.348/0.448/0.408
iter   646 | steps  21,168,128 | SPS     639 | r_p0 -0.209 r_p1 +0.702 | clip_frac 0.233(fire:0.006) | KL 0.0150 | H_fire 0.193 H_ang 0.00 H_ship 3.43 | V_loss 0.4784 | LR 0.000097 | early_stop=0 | fire[0]=0.24 fire[rest_max]=0.60 srcs_multi=3.91 ship0=0.00 meanshipbin=18.0 avgfleet=113.0 p90fleet=227.6 | Vμ=+0.134 Vσ=1.749 Rμ=+0.236 Rσ=1.898 Aσ=0.708 rewμ=+0.0075 rewσ=0.1255 rewNZ=0.357 featσ[p/f/g/pw]=0.448/0.329/0.442/0.379
iter   647 | steps  21,200,896 | SPS     639 | r_p0 -0.021 r_p1 +0.514 | clip_frac 0.234(fire:0.002) | KL 0.0100 | H_fire 0.236 H_ang 0.00 H_ship 3.41 | V_loss 0.5933 | LR 0.000097 | early_stop=0 | fire[0]=0.29 fire[rest_max]=0.59 srcs_multi=4.44 ship0=0.00 meanshipbin=17.7 avgfleet=102.5 p90fleet=220.5 | Vμ=+0.594 Vσ=1.880 Rμ=+0.672 Rσ=2.049 Aσ=0.791 rewμ=+0.0120 rewσ=0.1335 rewNZ=0.444 featσ[p/f/g/pw]=0.446/0.348/0.440/0.389
iter   648 | steps  21,233,664 | SPS     639 | r_p0 -0.021 r_p1 +0.516 | clip_frac 0.234(fire:0.005) | KL 0.0163 | H_fire 0.170 H_ang 0.00 H_ship 3.43 | V_loss 0.4625 | LR 0.000097 | early_stop=0 | fire[0]=0.26 fire[rest_max]=0.66 srcs_multi=4.00 ship0=0.00 meanshipbin=17.5 avgfleet=110.6 p90fleet=232.7 | Vμ=-0.116 Vσ=1.760 Rμ=-0.032 Rσ=1.864 Aσ=0.698 rewμ=+0.0049 rewσ=0.1290 rewNZ=0.343 featσ[p/f/g/pw]=0.446/0.344/0.436/0.366
iter   649 | steps  21,266,432 | SPS     639 | r_p0 -0.156 r_p1 +0.651 | clip_frac 0.234(fire:0.003) | KL 0.0094 | H_fire 0.159 H_ang 0.00 H_ship 3.43 | V_loss 0.4487 | LR 0.000097 | early_stop=0 | fire[0]=0.24 fire[rest_max]=0.65 srcs_multi=3.56 ship0=0.01 meanshipbin=18.2 avgfleet=104.5 p90fleet=206.0 | Vμ=-0.142 Vσ=1.719 Rμ=-0.067 Rσ=1.841 Aσ=0.688 rewμ=+0.0051 rewσ=0.1256 rewNZ=0.333 featσ[p/f/g/pw]=0.445/0.338/0.432/0.365
iter   650 | steps  21,299,200 | SPS     639 | r_p0 -0.215 r_p1 +0.711 | clip_frac 0.236(fire:0.002) | KL 0.0096 | H_fire 0.269 H_ang 0.00 H_ship 3.42 | V_loss 0.4652 | LR 0.000097 | early_stop=0 | fire[0]=0.35 fire[rest_max]=0.66 srcs_multi=6.08 ship0=0.00 meanshipbin=19.0 avgfleet=103.4 p90fleet=217.7 | Vμ=+0.671 Vσ=1.758 Rμ=+0.695 Rσ=1.882 Aσ=0.703 rewμ=+0.0124 rewσ=0.1339 rewNZ=0.507 featσ[p/f/g/pw]=0.446/0.380/0.446/0.407
iter   651 | steps  21,331,968 | SPS     639 | r_p0 -0.327 r_p1 +0.823 | clip_frac 0.238(fire:0.003) | KL 0.0143 | H_fire 0.251 H_ang 0.00 H_ship 3.41 | V_loss 0.5807 | LR 0.000097 | early_stop=0 | fire[0]=0.36 fire[rest_max]=0.68 srcs_multi=6.14 ship0=0.00 meanshipbin=18.5 avgfleet=97.9 p90fleet=224.7 | Vμ=+0.797 Vσ=1.894 Rμ=+0.837 Rσ=2.071 Aσ=0.776 rewμ=+0.0126 rewσ=0.1406 rewNZ=0.493 featσ[p/f/g/pw]=0.442/0.365/0.449/0.399
iter   652 | steps  21,364,736 | SPS     639 | r_p0 -0.225 r_p1 +0.721 | clip_frac 0.238(fire:0.003) | KL 0.0090 | H_fire 0.151 H_ang 0.00 H_ship 3.43 | V_loss 0.5877 | LR 0.000097 | early_stop=0 | fire[0]=0.24 fire[rest_max]=0.68 srcs_multi=3.70 ship0=0.00 meanshipbin=16.9 avgfleet=109.3 p90fleet=226.4 | Vμ=-0.159 Vσ=1.844 Rμ=-0.095 Rσ=1.947 Aσ=0.785 rewμ=+0.0045 rewσ=0.1295 rewNZ=0.327 featσ[p/f/g/pw]=0.446/0.332/0.432/0.362
iter   653 | steps  21,397,504 | SPS     639 | r_p0 -0.213 r_p1 +0.709 | clip_frac 0.241(fire:0.004) | KL 0.0134 | H_fire 0.257 H_ang 0.00 H_ship 3.41 | V_loss 0.5500 | LR 0.000097 | early_stop=0 | fire[0]=0.36 fire[rest_max]=0.67 srcs_multi=6.24 ship0=0.00 meanshipbin=16.2 avgfleet=101.8 p90fleet=218.7 | Vμ=+0.696 Vσ=1.953 Rμ=+0.651 Rσ=2.037 Aσ=0.767 rewμ=+0.0114 rewσ=0.1477 rewNZ=0.513 featσ[p/f/g/pw]=0.448/0.366/0.445/0.408
iter   654 | steps  21,430,272 | SPS     638 | r_p0 -0.164 r_p1 +0.661 | clip_frac 0.244(fire:0.003) | KL 0.0160 | H_fire 0.257 H_ang 0.00 H_ship 3.41 | V_loss 0.5496 | LR 0.000097 | early_stop=0 | fire[0]=0.34 fire[rest_max]=0.64 srcs_multi=5.99 ship0=0.00 meanshipbin=15.8 avgfleet=99.8 p90fleet=224.6 | Vμ=+0.392 Vσ=1.823 Rμ=+0.321 Rσ=1.889 Aσ=0.755 rewμ=+0.0083 rewσ=0.1396 rewNZ=0.493 featσ[p/f/g/pw]=0.446/0.380/0.445/0.403
iter   655 | steps  21,463,040 | SPS     638 | r_p0 -0.055 r_p1 +0.548 | clip_frac 0.245(fire:0.003) | KL 0.0068 | H_fire 0.193 H_ang 0.00 H_ship 3.42 | V_loss 0.4878 | LR 0.000097 | early_stop=0 | fire[0]=0.29 fire[rest_max]=0.67 srcs_multi=4.79 ship0=0.00 meanshipbin=16.2 avgfleet=98.8 p90fleet=224.6 | Vμ=+0.041 Vσ=1.714 Rμ=+0.030 Rσ=1.842 Aσ=0.720 rewμ=+0.0061 rewσ=0.1368 rewNZ=0.392 featσ[p/f/g/pw]=0.447/0.376/0.438/0.377
iter   656 | steps  21,495,808 | SPS     638 | r_p0 -0.044 r_p1 +0.536 | clip_frac 0.248(fire:0.003) | KL 0.0087 | H_fire 0.251 H_ang 0.00 H_ship 3.41 | V_loss 0.5613 | LR 0.000097 | early_stop=0 | fire[0]=0.34 fire[rest_max]=0.66 srcs_multi=5.82 ship0=0.00 meanshipbin=16.8 avgfleet=90.8 p90fleet=207.6 | Vμ=+0.489 Vσ=1.859 Rμ=+0.489 Rσ=1.949 Aσ=0.768 rewμ=+0.0112 rewσ=0.1407 rewNZ=0.486 featσ[p/f/g/pw]=0.445/0.382/0.441/0.396
  saved checkpoints/torch_step_21495808_rev38_20260605_181635.pt
  saved checkpoints/pool_step_21495808_rev38_20260605_181635.pt (40 members)
  pool snapshot @ step 21,495,808
  pool size=40  alpha=2.0
    self                 self_step_5242880              wr=0.46 (n=2149)  pfsp_w=0.296
    self                 self_step_5767168              wr=0.46 (n=2197)  pfsp_w=0.295
    self                 self_step_16252928             wr=0.46 (n=155)  pfsp_w=0.294
    self                 self_step_16777216             wr=0.46 (n=564)  pfsp_w=0.292
    self                 self_step_6815744              wr=0.46 (n=1844)  pfsp_w=0.286
    self                 self_step_18874368             wr=0.47 (n=148)  pfsp_w=0.285
    self                 self_step_6291456              wr=0.47 (n=1407)  pfsp_w=0.284
    self                 self_step_3670016              wr=0.47 (n=1493)  pfsp_w=0.283
iter   657 | steps  21,528,576 | SPS     638 | r_p0 -0.027 r_p1 +0.523 | clip_frac 0.249(fire:0.004) | KL 0.0092 | H_fire 0.185 H_ang 0.00 H_ship 3.42 | V_loss 0.4774 | LR 0.000097 | early_stop=0 | fire[0]=0.29 fire[rest_max]=0.67 srcs_multi=4.84 ship0=0.00 meanshipbin=17.8 avgfleet=100.4 p90fleet=229.9 | Vμ=-0.061 Vσ=1.655 Rμ=-0.091 Rσ=1.778 Aσ=0.704 rewμ=+0.0041 rewσ=0.1363 rewNZ=0.381 featσ[p/f/g/pw]=0.447/0.377/0.436/0.372
iter   658 | steps  21,561,344 | SPS     638 | r_p0 -0.115 r_p1 +0.610 | clip_frac 0.249(fire:0.002) | KL 0.0074 | H_fire 0.154 H_ang 0.00 H_ship 3.43 | V_loss 0.4787 | LR 0.000097 | early_stop=0 | fire[0]=0.23 fire[rest_max]=0.65 srcs_multi=3.60 ship0=0.01 meanshipbin=18.1 avgfleet=105.6 p90fleet=222.3 | Vμ=-0.127 Vσ=1.750 Rμ=-0.080 Rσ=1.870 Aσ=0.714 rewμ=+0.0042 rewσ=0.1289 rewNZ=0.328 featσ[p/f/g/pw]=0.446/0.333/0.432/0.365
iter   659 | steps  21,594,112 | SPS     638 | r_p0 -0.285 r_p1 +0.779 | clip_frac 0.252(fire:0.002) | KL 0.0090 | H_fire 0.263 H_ang 0.00 H_ship 3.41 | V_loss 0.5239 | LR 0.000097 | early_stop=0 | fire[0]=0.35 fire[rest_max]=0.67 srcs_multi=6.23 ship0=0.01 meanshipbin=18.8 avgfleet=96.6 p90fleet=207.8 | Vμ=+0.695 Vσ=1.765 Rμ=+0.761 Rσ=1.909 Aσ=0.745 rewμ=+0.0133 rewσ=0.1366 rewNZ=0.503 featσ[p/f/g/pw]=0.448/0.371/0.443/0.407
iter   660 | steps  21,626,880 | SPS     638 | r_p0 -0.282 r_p1 +0.776 | clip_frac 0.254(fire:0.002) | KL 0.0089 | H_fire 0.280 H_ang 0.00 H_ship 3.42 | V_loss 0.4637 | LR 0.000097 | early_stop=0 | fire[0]=0.37 fire[rest_max]=0.68 srcs_multi=6.88 ship0=0.04 meanshipbin=17.3 avgfleet=100.1 p90fleet=222.4 | Vμ=+0.648 Vσ=1.753 Rμ=+0.623 Rσ=1.862 Aσ=0.697 rewμ=+0.0104 rewσ=0.1370 rewNZ=0.527 featσ[p/f/g/pw]=0.448/0.378/0.453/0.418
iter   661 | steps  21,659,648 | SPS     638 | r_p0 -0.296 r_p1 +0.787 | clip_frac 0.252(fire:0.003) | KL 0.0057 | H_fire 0.163 H_ang 0.00 H_ship 3.43 | V_loss 0.4753 | LR 0.000097 | early_stop=0 | fire[0]=0.24 fire[rest_max]=0.68 srcs_multi=4.02 ship0=0.03 meanshipbin=17.8 avgfleet=95.8 p90fleet=206.1 | Vμ=+0.030 Vσ=1.716 Rμ=+0.029 Rσ=1.834 Aσ=0.710 rewμ=+0.0049 rewσ=0.1314 rewNZ=0.345 featσ[p/f/g/pw]=0.445/0.360/0.432/0.361
iter   662 | steps  21,692,416 | SPS     638 | r_p0 -0.208 r_p1 +0.700 | clip_frac 0.255(fire:0.002) | KL 0.0138 | H_fire 0.259 H_ang 0.00 H_ship 3.41 | V_loss 0.6026 | LR 0.000097 | early_stop=0 | fire[0]=0.34 fire[rest_max]=0.66 srcs_multi=6.14 ship0=0.02 meanshipbin=18.5 avgfleet=95.8 p90fleet=206.7 | Vμ=+0.628 Vσ=1.937 Rμ=+0.505 Rσ=1.986 Aσ=0.796 rewμ=+0.0089 rewσ=0.1430 rewNZ=0.505 featσ[p/f/g/pw]=0.446/0.364/0.441/0.405
iter   663 | steps  21,725,184 | SPS     638 | r_p0 -0.126 r_p1 +0.622 | clip_frac 0.256(fire:0.004) | KL 0.0118 | H_fire 0.185 H_ang 0.00 H_ship 3.43 | V_loss 0.4366 | LR 0.000097 | early_stop=0 | fire[0]=0.26 fire[rest_max]=0.65 srcs_multi=4.47 ship0=0.07 meanshipbin=18.0 avgfleet=100.3 p90fleet=211.9 | Vμ=-0.102 Vσ=1.708 Rμ=-0.122 Rσ=1.842 Aσ=0.681 rewμ=+0.0038 rewσ=0.1306 rewNZ=0.370 featσ[p/f/g/pw]=0.451/0.374/0.437/0.380
iter   664 | steps  21,757,952 | SPS     638 | r_p0 -0.180 r_p1 +0.671 | clip_frac 0.256(fire:0.003) | KL 0.0084 | H_fire 0.172 H_ang 0.00 H_ship 3.42 | V_loss 0.4173 | LR 0.000097 | early_stop=0 | fire[0]=0.25 fire[rest_max]=0.65 srcs_multi=3.99 ship0=0.06 meanshipbin=17.8 avgfleet=98.2 p90fleet=214.9 | Vμ=-0.268 Vσ=1.783 Rμ=-0.266 Rσ=1.848 Aσ=0.663 rewμ=+0.0039 rewσ=0.1316 rewNZ=0.349 featσ[p/f/g/pw]=0.449/0.372/0.432/0.366
iter   665 | steps  21,790,720 | SPS     638 | r_p0 -0.379 r_p1 +0.871 | clip_frac 0.254(fire:0.005) | KL 0.0118 | H_fire 0.156 H_ang 0.00 H_ship 3.43 | V_loss 0.5112 | LR 0.000097 | early_stop=0 | fire[0]=0.24 fire[rest_max]=0.65 srcs_multi=3.64 ship0=0.12 meanshipbin=17.0 avgfleet=94.2 p90fleet=190.8 | Vμ=-0.318 Vσ=1.807 Rμ=-0.315 Rσ=1.895 Aσ=0.732 rewμ=+0.0016 rewσ=0.1311 rewNZ=0.332 featσ[p/f/g/pw]=0.447/0.371/0.423/0.351
iter   666 | steps  21,823,488 | SPS     638 | r_p0 -0.429 r_p1 +0.921 | clip_frac 0.253(fire:0.003) | KL 0.0072 | H_fire 0.159 H_ang 0.00 H_ship 3.43 | V_loss 0.3650 | LR 0.000097 | early_stop=0 | fire[0]=0.25 fire[rest_max]=0.65 srcs_multi=3.85 ship0=0.07 meanshipbin=17.6 avgfleet=98.6 p90fleet=218.5 | Vμ=-0.307 Vσ=1.765 Rμ=-0.286 Rσ=1.861 Aσ=0.620 rewμ=+0.0027 rewσ=0.1301 rewNZ=0.335 featσ[p/f/g/pw]=0.448/0.377/0.426/0.351
iter   667 | steps  21,856,256 | SPS     638 | r_p0 -0.371 r_p1 +0.863 | clip_frac 0.253(fire:0.006) | KL 0.0146 | H_fire 0.138 H_ang 0.00 H_ship 3.42 | V_loss 0.4592 | LR 0.000097 | early_stop=0 | fire[0]=0.23 fire[rest_max]=0.69 srcs_multi=3.56 ship0=0.04 meanshipbin=17.4 avgfleet=108.3 p90fleet=224.1 | Vμ=-0.136 Vσ=1.771 Rμ=-0.055 Rσ=1.889 Aσ=0.697 rewμ=+0.0036 rewσ=0.1279 rewNZ=0.303 featσ[p/f/g/pw]=0.445/0.331/0.428/0.349
iter   668 | steps  21,889,024 | SPS     638 | r_p0 -0.449 r_p1 +0.943 | clip_frac 0.252(fire:0.003) | KL 0.0084 | H_fire 0.162 H_ang 0.00 H_ship 3.42 | V_loss 0.4620 | LR 0.000097 | early_stop=0 | fire[0]=0.25 fire[rest_max]=0.69 srcs_multi=3.91 ship0=0.01 meanshipbin=18.2 avgfleet=95.3 p90fleet=200.5 | Vμ=-0.046 Vσ=1.775 Rμ=-0.062 Rσ=1.907 Aσ=0.697 rewμ=+0.0042 rewσ=0.1321 rewNZ=0.349 featσ[p/f/g/pw]=0.443/0.352/0.426/0.357
iter   669 | steps  21,921,792 | SPS     638 | r_p0 -0.371 r_p1 +0.865 | clip_frac 0.253(fire:0.003) | KL 0.0065 | H_fire 0.175 H_ang 0.00 H_ship 3.43 | V_loss 0.4230 | LR 0.000097 | early_stop=0 | fire[0]=0.28 fire[rest_max]=0.69 srcs_multi=4.58 ship0=0.03 meanshipbin=16.3 avgfleet=102.5 p90fleet=216.3 | Vμ=-0.170 Vσ=1.718 Rμ=-0.193 Rσ=1.808 Aσ=0.676 rewμ=+0.0023 rewσ=0.1279 rewNZ=0.370 featσ[p/f/g/pw]=0.445/0.370/0.432/0.367
iter   670 | steps  21,954,560 | SPS     638 | r_p0 -0.215 r_p1 +0.704 | clip_frac 0.254(fire:0.002) | KL 0.0067 | H_fire 0.251 H_ang 0.00 H_ship 3.42 | V_loss 0.4492 | LR 0.000097 | early_stop=0 | fire[0]=0.36 fire[rest_max]=0.69 srcs_multi=6.39 ship0=0.11 meanshipbin=14.5 avgfleet=97.1 p90fleet=213.8 | Vμ=+0.792 Vσ=1.771 Rμ=+0.778 Rσ=1.905 Aσ=0.692 rewμ=+0.0117 rewσ=0.1345 rewNZ=0.485 featσ[p/f/g/pw]=0.441/0.370/0.446/0.400
iter   671 | steps  21,987,328 | SPS     638 | r_p0 -0.205 r_p1 +0.693 | clip_frac 0.254(fire:0.003) | KL 0.0152 | H_fire 0.253 H_ang 0.00 H_ship 3.41 | V_loss 0.5104 | LR 0.000097 | early_stop=0 | fire[0]=0.36 fire[rest_max]=0.67 srcs_multi=6.25 ship0=0.11 meanshipbin=14.9 avgfleet=91.7 p90fleet=212.0 | Vμ=+0.618 Vσ=1.863 Rμ=+0.510 Rσ=1.951 Aσ=0.727 rewμ=+0.0100 rewσ=0.1427 rewNZ=0.491 featσ[p/f/g/pw]=0.440/0.371/0.442/0.395
iter   672 | steps  22,020,096 | SPS     638 | r_p0 -0.116 r_p1 +0.609 | clip_frac 0.253(fire:0.004) | KL 0.0096 | H_fire 0.174 H_ang 0.00 H_ship 3.43 | V_loss 0.4915 | LR 0.000097 | early_stop=0 | fire[0]=0.26 fire[rest_max]=0.69 srcs_multi=4.48 ship0=0.12 meanshipbin=14.2 avgfleet=96.6 p90fleet=207.5 | Vμ=-0.019 Vσ=1.683 Rμ=-0.001 Rσ=1.783 Aσ=0.719 rewμ=+0.0053 rewσ=0.1304 rewNZ=0.359 featσ[p/f/g/pw]=0.441/0.361/0.431/0.360
  saved checkpoints/torch_step_22020096_rev38_20260605_181635.pt
  saved checkpoints/pool_step_22020096_rev38_20260605_181635.pt (40 members)
  pool snapshot @ step 22,020,096
  pool size=40  alpha=2.0
    self                 self_step_15204352             wr=0.45 (n=460)  pfsp_w=0.305
    self                 self_step_5242880              wr=0.45 (n=2224)  pfsp_w=0.297
    self                 self_step_5767168              wr=0.46 (n=2197)  pfsp_w=0.295
    self                 self_step_16777216             wr=0.46 (n=564)  pfsp_w=0.292
    self                 self_step_3670016              wr=0.46 (n=1630)  pfsp_w=0.289
    self                 self_step_6815744              wr=0.46 (n=1844)  pfsp_w=0.286
    self                 self_step_18874368             wr=0.47 (n=148)  pfsp_w=0.285
    self                 self_step_6291456              wr=0.47 (n=1407)  pfsp_w=0.284
iter   673 | steps  22,052,864 | SPS     638 | r_p0 -0.116 r_p1 +0.611 | clip_frac 0.255(fire:0.003) | KL 0.0130 | H_fire 0.249 H_ang 0.00 H_ship 3.41 | V_loss 0.5931 | LR 0.000097 | early_stop=0 | fire[0]=0.33 fire[rest_max]=0.66 srcs_multi=5.91 ship0=0.03 meanshipbin=16.3 avgfleet=94.5 p90fleet=207.1 | Vμ=+0.572 Vσ=1.778 Rμ=+0.493 Rσ=1.844 Aσ=0.791 rewμ=+0.0102 rewσ=0.1396 rewNZ=0.479 featσ[p/f/g/pw]=0.442/0.363/0.442/0.398
iter   674 | steps  22,085,632 | SPS     637 | r_p0 -0.102 r_p1 +0.596 | clip_frac 0.255(fire:0.003) | KL 0.0107 | H_fire 0.197 H_ang 0.00 H_ship 3.43 | V_loss 0.3956 | LR 0.000097 | early_stop=0 | fire[0]=0.26 fire[rest_max]=0.63 srcs_multi=4.65 ship0=0.01 meanshipbin=15.9 avgfleet=99.7 p90fleet=209.5 | Vμ=-0.101 Vσ=1.569 Rμ=-0.105 Rσ=1.730 Aσ=0.640 rewμ=+0.0031 rewσ=0.1302 rewNZ=0.381 featσ[p/f/g/pw]=0.446/0.381/0.432/0.372
iter   675 | steps  22,118,400 | SPS     637 | r_p0 -0.040 r_p1 +0.534 | clip_frac 0.256(fire:0.003) | KL 0.0090 | H_fire 0.256 H_ang 0.00 H_ship 3.40 | V_loss 0.5254 | LR 0.000097 | early_stop=0 | fire[0]=0.34 fire[rest_max]=0.61 srcs_multi=5.76 ship0=0.01 meanshipbin=15.4 avgfleet=96.4 p90fleet=228.7 | Vμ=+0.648 Vσ=1.751 Rμ=+0.641 Rσ=1.855 Aσ=0.743 rewμ=+0.0107 rewσ=0.1432 rewNZ=0.486 featσ[p/f/g/pw]=0.443/0.359/0.447/0.394
iter   676 | steps  22,151,168 | SPS     637 | r_p0 -0.168 r_p1 +0.664 | clip_frac 0.258(fire:0.003) | KL 0.0114 | H_fire 0.271 H_ang 0.00 H_ship 3.41 | V_loss 0.4990 | LR 0.000097 | early_stop=0 | fire[0]=0.33 fire[rest_max]=0.60 srcs_multi=5.85 ship0=0.01 meanshipbin=16.3 avgfleet=89.4 p90fleet=193.6 | Vμ=+0.432 Vσ=1.802 Rμ=+0.392 Rσ=1.918 Aσ=0.726 rewμ=+0.0087 rewσ=0.1424 rewNZ=0.507 featσ[p/f/g/pw]=0.445/0.374/0.443/0.399
iter   677 | steps  22,183,936 | SPS     636 | r_p0 -0.140 r_p1 +0.635 | clip_frac 0.260(fire:0.003) | KL 0.0112 | H_fire 0.241 H_ang 0.00 H_ship 3.41 | V_loss 0.5726 | LR 0.000097 | early_stop=0 | fire[0]=0.31 fire[rest_max]=0.57 srcs_multi=5.06 ship0=0.01 meanshipbin=17.1 avgfleet=91.8 p90fleet=208.0 | Vμ=+0.343 Vσ=1.770 Rμ=+0.301 Rσ=1.902 Aσ=0.781 rewμ=+0.0078 rewσ=0.1402 rewNZ=0.458 featσ[p/f/g/pw]=0.444/0.361/0.441/0.384
iter   678 | steps  22,216,704 | SPS     636 | r_p0 +0.087 r_p1 +0.404 | clip_frac 0.259(fire:0.003) | KL 0.0069 | H_fire 0.206 H_ang 0.00 H_ship 3.42 | V_loss 0.4562 | LR 0.000097 | early_stop=0 | fire[0]=0.25 fire[rest_max]=0.57 srcs_multi=4.26 ship0=0.00 meanshipbin=17.4 avgfleet=95.5 p90fleet=215.8 | Vμ=+0.115 Vσ=1.700 Rμ=+0.161 Rσ=1.889 Aσ=0.694 rewμ=+0.0071 rewσ=0.1360 rewNZ=0.399 featσ[p/f/g/pw]=0.446/0.362/0.438/0.378
iter   679 | steps  22,249,472 | SPS     636 | r_p0 +0.075 r_p1 +0.417 | clip_frac 0.257(fire:0.002) | KL 0.0061 | H_fire 0.179 H_ang 0.00 H_ship 3.42 | V_loss 0.4236 | LR 0.000097 | early_stop=0 | fire[0]=0.24 fire[rest_max]=0.56 srcs_multi=3.52 ship0=0.01 meanshipbin=18.9 avgfleet=90.7 p90fleet=199.2 | Vμ=-0.130 Vσ=1.723 Rμ=-0.132 Rσ=1.891 Aσ=0.670 rewμ=+0.0047 rewσ=0.1347 rewNZ=0.358 featσ[p/f/g/pw]=0.446/0.355/0.429/0.359
iter   680 | steps  22,282,240 | SPS     635 | r_p0 -0.229 r_p1 +0.733 | clip_frac 0.256(fire:0.003) | KL 0.0061 | H_fire 0.161 H_ang 0.00 H_ship 3.42 | V_loss 0.4159 | LR 0.000097 | early_stop=0 | fire[0]=0.23 fire[rest_max]=0.57 srcs_multi=3.36 ship0=0.01 meanshipbin=19.4 avgfleet=96.8 p90fleet=216.8 | Vμ=-0.191 Vσ=1.739 Rμ=-0.169 Rσ=1.894 Aσ=0.666 rewμ=+0.0026 rewσ=0.1305 rewNZ=0.326 featσ[p/f/g/pw]=0.447/0.351/0.428/0.348
iter   681 | steps  22,315,008 | SPS     635 | r_p0 -0.455 r_p1 +0.961 | clip_frac 0.257(fire:0.002) | KL 0.0115 | H_fire 0.272 H_ang 0.00 H_ship 3.40 | V_loss 0.5923 | LR 0.000097 | early_stop=0 | fire[0]=0.30 fire[rest_max]=0.56 srcs_multi=4.78 ship0=0.00 meanshipbin=18.1 avgfleet=93.2 p90fleet=206.8 | Vμ=+0.726 Vσ=1.928 Rμ=+0.642 Rσ=2.022 Aσ=0.792 rewμ=+0.0124 rewσ=0.1449 rewNZ=0.493 featσ[p/f/g/pw]=0.444/0.350/0.447/0.401
iter   682 | steps  22,347,776 | SPS     635 | r_p0 -0.264 r_p1 +0.764 | clip_frac 0.256(fire:0.003) | KL 0.0059 | H_fire 0.203 H_ang 0.00 H_ship 3.42 | V_loss 0.4129 | LR 0.000097 | early_stop=0 | fire[0]=0.25 fire[rest_max]=0.54 srcs_multi=3.67 ship0=0.01 meanshipbin=16.0 avgfleet=99.0 p90fleet=211.8 | Vμ=+0.092 Vσ=1.744 Rμ=+0.102 Rσ=1.890 Aσ=0.662 rewμ=+0.0072 rewσ=0.1376 rewNZ=0.391 featσ[p/f/g/pw]=0.449/0.352/0.440/0.377
iter   683 | steps  22,380,544 | SPS     634 | r_p0 -0.083 r_p1 +0.581 | clip_frac 0.255(fire:0.003) | KL 0.0079 | H_fire 0.177 H_ang 0.00 H_ship 3.42 | V_loss 0.5164 | LR 0.000097 | early_stop=0 | fire[0]=0.23 fire[rest_max]=0.55 srcs_multi=3.29 ship0=0.01 meanshipbin=14.6 avgfleet=101.3 p90fleet=213.0 | Vμ=-0.049 Vσ=1.792 Rμ=-0.003 Rσ=1.950 Aσ=0.734 rewμ=+0.0041 rewσ=0.1348 rewNZ=0.347 featσ[p/f/g/pw]=0.449/0.358/0.433/0.367
iter   684 | steps  22,413,312 | SPS     634 | r_p0 -0.201 r_p1 +0.695 | clip_frac 0.254(fire:0.003) | KL 0.0119 | H_fire 0.175 H_ang 0.00 H_ship 3.42 | V_loss 0.4646 | LR 0.000097 | early_stop=0 | fire[0]=0.23 fire[rest_max]=0.56 srcs_multi=3.44 ship0=0.01 meanshipbin=14.1 avgfleet=111.0 p90fleet=230.4 | Vμ=+0.076 Vσ=1.810 Rμ=+0.112 Rσ=1.918 Aσ=0.697 rewμ=+0.0055 rewσ=0.1272 rewNZ=0.336 featσ[p/f/g/pw]=0.447/0.334/0.437/0.368
iter   685 | steps  22,446,080 | SPS     634 | r_p0 -0.254 r_p1 +0.747 | clip_frac 0.253(fire:0.002) | KL 0.0083 | H_fire 0.188 H_ang 0.00 H_ship 3.42 | V_loss 0.4835 | LR 0.000097 | early_stop=0 | fire[0]=0.24 fire[rest_max]=0.59 srcs_multi=3.83 ship0=0.01 meanshipbin=14.8 avgfleet=109.9 p90fleet=225.2 | Vμ=+0.081 Vσ=1.747 Rμ=+0.120 Rσ=1.897 Aσ=0.716 rewμ=+0.0054 rewσ=0.1291 rewNZ=0.360 featσ[p/f/g/pw]=0.447/0.330/0.437/0.377
iter   686 | steps  22,478,848 | SPS     634 | r_p0 -0.203 r_p1 +0.698 | clip_frac 0.253(fire:0.004) | KL 0.0096 | H_fire 0.210 H_ang 0.00 H_ship 3.42 | V_loss 0.4157 | LR 0.000097 | early_stop=0 | fire[0]=0.28 fire[rest_max]=0.62 srcs_multi=4.51 ship0=0.02 meanshipbin=14.1 avgfleet=104.6 p90fleet=219.9 | Vμ=-0.054 Vσ=1.806 Rμ=-0.071 Rσ=1.902 Aσ=0.660 rewμ=+0.0036 rewσ=0.1303 rewNZ=0.406 featσ[p/f/g/pw]=0.448/0.377/0.436/0.380
iter   687 | steps  22,511,616 | SPS     633 | r_p0 -0.046 r_p1 +0.537 | clip_frac 0.251(fire:0.005) | KL 0.0094 | H_fire 0.195 H_ang 0.00 H_ship 3.42 | V_loss 0.5370 | LR 0.000097 | early_stop=0 | fire[0]=0.29 fire[rest_max]=0.62 srcs_multi=4.55 ship0=0.02 meanshipbin=14.2 avgfleet=101.9 p90fleet=237.3 | Vμ=-0.048 Vσ=1.745 Rμ=-0.001 Rσ=1.892 Aσ=0.748 rewμ=+0.0040 rewσ=0.1369 rewNZ=0.387 featσ[p/f/g/pw]=0.447/0.381/0.437/0.368
iter   688 | steps  22,544,384 | SPS     633 | r_p0 -0.159 r_p1 +0.647 | clip_frac 0.253(fire:0.002) | KL 0.0151 | H_fire 0.268 H_ang 0.00 H_ship 3.40 | V_loss 0.5896 | LR 0.000097 | early_stop=0 | fire[0]=0.32 fire[rest_max]=0.59 srcs_multi=5.10 ship0=0.01 meanshipbin=15.7 avgfleet=91.1 p90fleet=212.5 | Vμ=+0.789 Vσ=2.001 Rμ=+0.713 Rσ=2.114 Aσ=0.784 rewμ=+0.0116 rewσ=0.1440 rewNZ=0.495 featσ[p/f/g/pw]=0.444/0.361/0.442/0.400
  saved checkpoints/torch_step_22544384_rev38_20260605_181635.pt
  saved checkpoints/pool_step_22544384_rev38_20260605_181635.pt (40 members)
  pool snapshot @ step 22,544,384
  pool size=40  alpha=2.0
    self                 self_step_19922944             wr=0.34 (n=157)  pfsp_w=0.439
    self                 self_step_21495808             wr=0.45 (n=173)  pfsp_w=0.308
    self                 self_step_15204352             wr=0.45 (n=460)  pfsp_w=0.305
    self                 self_step_5242880              wr=0.45 (n=2224)  pfsp_w=0.297
    self                 self_step_5767168              wr=0.46 (n=2197)  pfsp_w=0.295
    self                 self_step_16777216             wr=0.46 (n=564)  pfsp_w=0.292
    self                 self_step_6291456              wr=0.46 (n=1491)  pfsp_w=0.291
    self                 self_step_3670016              wr=0.46 (n=1630)  pfsp_w=0.289
iter   689 | steps  22,577,152 | SPS     633 | r_p0 -0.193 r_p1 +0.689 | clip_frac 0.254(fire:0.002) | KL 0.0071 | H_fire 0.271 H_ang 0.00 H_ship 3.41 | V_loss 0.4795 | LR 0.000097 | early_stop=0 | fire[0]=0.33 fire[rest_max]=0.59 srcs_multi=5.71 ship0=0.01 meanshipbin=15.7 avgfleet=95.6 p90fleet=222.0 | Vμ=+0.759 Vσ=1.913 Rμ=+0.737 Rσ=2.004 Aσ=0.712 rewμ=+0.0103 rewσ=0.1406 rewNZ=0.487 featσ[p/f/g/pw]=0.444/0.365/0.450/0.396
iter   690 | steps  22,609,920 | SPS     632 | r_p0 -0.064 r_p1 +0.562 | clip_frac 0.254(fire:0.004) | KL 0.0142 | H_fire 0.267 H_ang 0.00 H_ship 3.40 | V_loss 0.5744 | LR 0.000097 | early_stop=0 | fire[0]=0.29 fire[rest_max]=0.56 srcs_multi=4.73 ship0=0.00 meanshipbin=15.4 avgfleet=97.6 p90fleet=219.6 | Vμ=+0.751 Vσ=1.891 Rμ=+0.666 Rσ=1.953 Aσ=0.774 rewμ=+0.0115 rewσ=0.1387 rewNZ=0.488 featσ[p/f/g/pw]=0.440/0.334/0.443/0.402
iter   691 | steps  22,642,688 | SPS     632 | r_p0 -0.128 r_p1 +0.622 | clip_frac 0.254(fire:0.002) | KL 0.0055 | H_fire 0.192 H_ang 0.00 H_ship 3.43 | V_loss 0.3702 | LR 0.000097 | early_stop=0 | fire[0]=0.23 fire[rest_max]=0.54 srcs_multi=3.27 ship0=0.01 meanshipbin=15.1 avgfleet=113.4 p90fleet=232.6 | Vμ=-0.029 Vσ=1.753 Rμ=+0.018 Rσ=1.851 Aσ=0.627 rewμ=+0.0045 rewσ=0.1263 rewNZ=0.354 featσ[p/f/g/pw]=0.448/0.344/0.437/0.376
iter   692 | steps  22,675,456 | SPS     632 | r_p0 -0.271 r_p1 +0.763 | clip_frac 0.252(fire:0.003) | KL 0.0066 | H_fire 0.188 H_ang 0.00 H_ship 3.42 | V_loss 0.4150 | LR 0.000097 | early_stop=0 | fire[0]=0.24 fire[rest_max]=0.59 srcs_multi=3.90 ship0=0.01 meanshipbin=15.0 avgfleet=112.7 p90fleet=241.3 | Vμ=+0.033 Vσ=1.720 Rμ=+0.054 Rσ=1.819 Aσ=0.658 rewμ=+0.0055 rewσ=0.1265 rewNZ=0.359 featσ[p/f/g/pw]=0.443/0.352/0.437/0.371
iter   693 | steps  22,708,224 | SPS     631 | r_p0 -0.205 r_p1 +0.697 | clip_frac 0.250(fire:0.002) | KL 0.0048 | H_fire 0.181 H_ang 0.00 H_ship 3.42 | V_loss 0.3940 | LR 0.000097 | early_stop=0 | fire[0]=0.22 fire[rest_max]=0.56 srcs_multi=3.27 ship0=0.01 meanshipbin=14.0 avgfleet=113.5 p90fleet=232.9 | Vμ=-0.039 Vσ=1.744 Rμ=-0.048 Rσ=1.830 Aσ=0.642 rewμ=+0.0048 rewσ=0.1248 rewNZ=0.347 featσ[p/f/g/pw]=0.443/0.352/0.431/0.368
iter   694 | steps  22,740,992 | SPS     631 | r_p0 -0.164 r_p1 +0.653 | clip_frac 0.252(fire:0.002) | KL 0.0091 | H_fire 0.281 H_ang 0.00 H_ship 3.41 | V_loss 0.5206 | LR 0.000097 | early_stop=0 | fire[0]=0.30 fire[rest_max]=0.53 srcs_multi=4.62 ship0=0.00 meanshipbin=13.9 avgfleet=102.8 p90fleet=215.8 | Vμ=+0.791 Vσ=1.853 Rμ=+0.747 Rσ=1.949 Aσ=0.740 rewμ=+0.0119 rewσ=0.1365 rewNZ=0.486 featσ[p/f/g/pw]=0.444/0.361/0.444/0.406
iter   695 | steps  22,773,760 | SPS     631 | r_p0 -0.205 r_p1 +0.694 | clip_frac 0.250(fire:0.002) | KL 0.0057 | H_fire 0.167 H_ang 0.00 H_ship 3.43 | V_loss 0.4614 | LR 0.000097 | early_stop=0 | fire[0]=0.21 fire[rest_max]=0.54 srcs_multi=2.84 ship0=0.01 meanshipbin=14.6 avgfleet=103.4 p90fleet=229.0 | Vμ=-0.054 Vσ=1.835 Rμ=-0.088 Rσ=1.957 Aσ=0.700 rewμ=+0.0035 rewσ=0.1279 rewNZ=0.327 featσ[p/f/g/pw]=0.445/0.353/0.431/0.360
iter   696 | steps  22,806,528 | SPS     631 | r_p0 -0.268 r_p1 +0.760 | clip_frac 0.250(fire:0.005) | KL 0.0119 | H_fire 0.287 H_ang 0.00 H_ship 3.41 | V_loss 0.4756 | LR 0.000097 | early_stop=0 | fire[0]=0.31 fire[rest_max]=0.53 srcs_multi=4.56 ship0=0.00 meanshipbin=14.2 avgfleet=108.6 p90fleet=242.2 | Vμ=+0.865 Vσ=1.852 Rμ=+0.853 Rσ=1.921 Aσ=0.708 rewμ=+0.0126 rewσ=0.1337 rewNZ=0.498 featσ[p/f/g/pw]=0.442/0.336/0.452/0.409
iter   697 | steps  22,839,296 | SPS     630 | r_p0 -0.291 r_p1 +0.782 | clip_frac 0.247(fire:0.003) | KL 0.0070 | H_fire 0.153 H_ang 0.00 H_ship 3.42 | V_loss 0.4019 | LR 0.000097 | early_stop=0 | fire[0]=0.21 fire[rest_max]=0.55 srcs_multi=2.65 ship0=0.01 meanshipbin=18.4 avgfleet=105.5 p90fleet=219.2 | Vμ=-0.047 Vσ=1.762 Rμ=-0.046 Rσ=1.852 Aσ=0.653 rewμ=+0.0040 rewσ=0.1267 rewNZ=0.304 featσ[p/f/g/pw]=0.443/0.342/0.429/0.355
iter   698 | steps  22,872,064 | SPS     630 | r_p0 -0.279 r_p1 +0.770 | clip_frac 0.247(fire:0.002) | KL 0.0110 | H_fire 0.274 H_ang 0.00 H_ship 3.41 | V_loss 0.5049 | LR 0.000097 | early_stop=0 | fire[0]=0.29 fire[rest_max]=0.52 srcs_multi=4.05 ship0=0.00 meanshipbin=20.3 avgfleet=106.3 p90fleet=226.3 | Vμ=+0.807 Vσ=1.813 Rμ=+0.715 Rσ=1.915 Aσ=0.731 rewμ=+0.0116 rewσ=0.1332 rewNZ=0.481 featσ[p/f/g/pw]=0.442/0.337/0.449/0.409
iter   699 | steps  22,904,832 | SPS     630 | r_p0 -0.293 r_p1 +0.781 | clip_frac 0.246(fire:0.003) | KL 0.0078 | H_fire 0.190 H_ang 0.00 H_ship 3.42 | V_loss 0.4056 | LR 0.000097 | early_stop=0 | fire[0]=0.22 fire[rest_max]=0.53 srcs_multi=3.00 ship0=0.01 meanshipbin=18.8 avgfleet=105.0 p90fleet=219.1 | Vμ=+0.045 Vσ=1.866 Rμ=+0.055 Rσ=1.958 Aσ=0.656 rewμ=+0.0054 rewσ=0.1233 rewNZ=0.359 featσ[p/f/g/pw]=0.446/0.358/0.433/0.371
iter   700 | steps  22,937,600 | SPS     629 | r_p0 -0.144 r_p1 +0.631 | clip_frac 0.241(fire:0.002) | KL 0.0055 | H_fire 0.178 H_ang 0.00 H_ship 3.42 | V_loss 0.4774 | LR 0.000097 | early_stop=0 | fire[0]=0.24 fire[rest_max]=0.55 srcs_multi=3.24 ship0=0.01 meanshipbin=18.3 avgfleet=109.4 p90fleet=239.1 | Vμ=-0.011 Vσ=1.825 Rμ=-0.052 Rσ=1.921 Aσ=0.700 rewμ=+0.0036 rewσ=0.1284 rewNZ=0.348 featσ[p/f/g/pw]=0.450/0.352/0.438/0.369
iter   701 | steps  22,970,368 | SPS     629 | r_p0 -0.133 r_p1 +0.625 | clip_frac 0.237(fire:0.003) | KL 0.0065 | H_fire 0.173 H_ang 0.00 H_ship 3.43 | V_loss 0.4115 | LR 0.000097 | early_stop=0 | fire[0]=0.20 fire[rest_max]=0.51 srcs_multi=2.49 ship0=0.01 meanshipbin=19.2 avgfleet=112.5 p90fleet=224.6 | Vμ=-0.130 Vσ=1.858 Rμ=-0.131 Rσ=1.953 Aσ=0.658 rewμ=+0.0040 rewσ=0.1234 rewNZ=0.331 featσ[p/f/g/pw]=0.450/0.330/0.436/0.370
iter   702 | steps  23,003,136 | SPS     629 | r_p0 -0.282 r_p1 +0.776 | clip_frac 0.237(fire:0.002) | KL 0.0130 | H_fire 0.284 H_ang 0.00 H_ship 3.40 | V_loss 0.7376 | LR 0.000097 | early_stop=0 | fire[0]=0.30 fire[rest_max]=0.51 srcs_multi=3.80 ship0=0.00 meanshipbin=18.9 avgfleet=101.1 p90fleet=211.2 | Vμ=+0.906 Vσ=1.910 Rμ=+0.835 Rσ=1.994 Aσ=0.877 rewμ=+0.0143 rewσ=0.1384 rewNZ=0.501 featσ[p/f/g/pw]=0.447/0.349/0.453/0.411
iter   703 | steps  23,035,904 | SPS     628 | r_p0 -0.421 r_p1 +0.917 | clip_frac 0.234(fire:0.003) | KL 0.0124 | H_fire 0.254 H_ang 0.00 H_ship 3.40 | V_loss 0.5352 | LR 0.000097 | early_stop=0 | fire[0]=0.27 fire[rest_max]=0.50 srcs_multi=3.45 ship0=0.00 meanshipbin=20.2 avgfleet=106.7 p90fleet=238.1 | Vμ=+0.713 Vσ=1.998 Rμ=+0.644 Rσ=2.063 Aσ=0.744 rewμ=+0.0099 rewσ=0.1359 rewNZ=0.456 featσ[p/f/g/pw]=0.445/0.329/0.446/0.405
iter   704 | steps  23,068,672 | SPS     628 | r_p0 -0.216 r_p1 +0.713 | clip_frac 0.229(fire:0.003) | KL 0.0077 | H_fire 0.193 H_ang 0.00 H_ship 3.42 | V_loss 0.5485 | LR 0.000097 | early_stop=0 | fire[0]=0.22 fire[rest_max]=0.50 srcs_multi=2.65 ship0=0.01 meanshipbin=21.6 avgfleet=116.9 p90fleet=240.6 | Vμ=+0.160 Vσ=1.825 Rμ=+0.197 Rσ=1.925 Aσ=0.757 rewμ=+0.0069 rewσ=0.1319 rewNZ=0.358 featσ[p/f/g/pw]=0.446/0.313/0.443/0.389
  saved checkpoints/torch_step_23068672_rev38_20260605_181635.pt
  saved checkpoints/pool_step_23068672_rev38_20260605_181635.pt (40 members)
  pool snapshot @ step 23,068,672
  pool size=40  alpha=2.0
    self                 self_step_19922944             wr=0.34 (n=157)  pfsp_w=0.439
    self                 self_step_18350080             wr=0.44 (n=399)  pfsp_w=0.315
    self                 self_step_6291456              wr=0.44 (n=1726)  pfsp_w=0.311
    self                 self_step_15204352             wr=0.45 (n=460)  pfsp_w=0.305
    self                 self_step_5242880              wr=0.45 (n=2224)  pfsp_w=0.297
    self                 self_step_5767168              wr=0.46 (n=2197)  pfsp_w=0.295
    self                 self_step_16777216             wr=0.46 (n=564)  pfsp_w=0.292
    self                 self_step_16252928             wr=0.46 (n=383)  pfsp_w=0.289
iter   705 | steps  23,101,440 | SPS     628 | r_p0 -0.066 r_p1 +0.560 | clip_frac 0.227(fire:0.002) | KL 0.0073 | H_fire 0.268 H_ang 0.00 H_ship 3.41 | V_loss 0.4114 | LR 0.000097 | early_stop=0 | fire[0]=0.26 fire[rest_max]=0.48 srcs_multi=2.94 ship0=0.01 meanshipbin=21.7 avgfleet=110.1 p90fleet=219.3 | Vμ=+0.842 Vσ=1.925 Rμ=+0.820 Rσ=2.015 Aσ=0.660 rewμ=+0.0114 rewσ=0.1345 rewNZ=0.474 featσ[p/f/g/pw]=0.447/0.330/0.441/0.409
iter   706 | steps  23,134,208 | SPS     628 | r_p0 -0.152 r_p1 +0.644 | clip_frac 0.224(fire:0.002) | KL 0.0114 | H_fire 0.286 H_ang 0.00 H_ship 3.40 | V_loss 0.6661 | LR 0.000097 | early_stop=0 | fire[0]=0.29 fire[rest_max]=0.48 srcs_multi=3.30 ship0=0.02 meanshipbin=21.6 avgfleet=110.4 p90fleet=247.4 | Vμ=+0.877 Vσ=1.927 Rμ=+0.789 Rσ=2.017 Aσ=0.838 rewμ=+0.0118 rewσ=0.1397 rewNZ=0.505 featσ[p/f/g/pw]=0.448/0.347/0.454/0.416
iter   707 | steps  23,166,976 | SPS     627 | r_p0 -0.263 r_p1 +0.755 | clip_frac 0.223(fire:0.004) | KL 0.0103 | H_fire 0.248 H_ang 0.00 H_ship 3.40 | V_loss 0.5286 | LR 0.000097 | early_stop=0 | fire[0]=0.27 fire[rest_max]=0.48 srcs_multi=3.07 ship0=0.02 meanshipbin=21.5 avgfleet=102.1 p90fleet=242.0 | Vμ=+0.755 Vσ=2.042 Rμ=+0.682 Rσ=2.179 Aσ=0.745 rewμ=+0.0113 rewσ=0.1425 rewNZ=0.454 featσ[p/f/g/pw]=0.444/0.309/0.449/0.403
iter   708 | steps  23,199,744 | SPS     627 | r_p0 -0.091 r_p1 +0.586 | clip_frac 0.221(fire:0.003) | KL 0.0083 | H_fire 0.195 H_ang 0.00 H_ship 3.42 | V_loss 0.4951 | LR 0.000097 | early_stop=0 | fire[0]=0.20 fire[rest_max]=0.45 srcs_multi=1.79 ship0=0.02 meanshipbin=21.3 avgfleet=100.9 p90fleet=209.0 | Vμ=-0.001 Vσ=1.926 Rμ=+0.025 Rσ=2.016 Aσ=0.721 rewμ=+0.0064 rewσ=0.1349 rewNZ=0.374 featσ[p/f/g/pw]=0.448/0.329/0.441/0.385
iter   709 | steps  23,232,512 | SPS     627 | r_p0 -0.014 r_p1 +0.511 | clip_frac 0.216(fire:0.003) | KL 0.0068 | H_fire 0.183 H_ang 0.00 H_ship 3.42 | V_loss 0.3949 | LR 0.000097 | early_stop=0 | fire[0]=0.20 fire[rest_max]=0.46 srcs_multi=1.73 ship0=0.01 meanshipbin=20.7 avgfleet=109.5 p90fleet=233.0 | Vμ=-0.071 Vσ=1.808 Rμ=-0.083 Rσ=1.902 Aσ=0.653 rewμ=+0.0044 rewσ=0.1287 rewNZ=0.354 featσ[p/f/g/pw]=0.448/0.347/0.438/0.375
iter   710 | steps  23,265,280 | SPS     626 | r_p0 -0.138 r_p1 +0.632 | clip_frac 0.211(fire:0.002) | KL 0.0095 | H_fire 0.266 H_ang 0.00 H_ship 3.40 | V_loss 0.5937 | LR 0.000097 | early_stop=0 | fire[0]=0.25 fire[rest_max]=0.44 srcs_multi=2.05 ship0=0.01 meanshipbin=21.6 avgfleet=105.5 p90fleet=233.7 | Vμ=+0.815 Vσ=1.885 Rμ=+0.784 Rσ=2.010 Aσ=0.792 rewμ=+0.0126 rewσ=0.1369 rewNZ=0.470 featσ[p/f/g/pw]=0.443/0.326/0.451/0.408
iter   711 | steps  23,298,048 | SPS     626 | r_p0 -0.231 r_p1 +0.723 | clip_frac 0.210(fire:0.003) | KL 0.0098 | H_fire 0.237 H_ang 0.00 H_ship 3.39 | V_loss 0.7387 | LR 0.000097 | early_stop=0 | fire[0]=0.25 fire[rest_max]=0.42 srcs_multi=1.53 ship0=0.01 meanshipbin=20.7 avgfleet=92.8 p90fleet=207.6 | Vμ=+0.703 Vσ=1.957 Rμ=+0.638 Rσ=2.062 Aσ=0.866 rewμ=+0.0119 rewσ=0.1430 rewNZ=0.447 featσ[p/f/g/pw]=0.443/0.329/0.443/0.393
iter   712 | steps  23,330,816 | SPS     626 | r_p0 -0.128 r_p1 +0.624 | clip_frac 0.204(fire:0.002) | KL 0.0075 | H_fire 0.214 H_ang 0.00 H_ship 3.40 | V_loss 0.4896 | LR 0.000097 | early_stop=0 | fire[0]=0.23 fire[rest_max]=0.42 srcs_multi=1.45 ship0=0.01 meanshipbin=20.7 avgfleet=98.5 p90fleet=209.1 | Vμ=+0.542 Vσ=2.015 Rμ=+0.533 Rσ=2.117 Aσ=0.718 rewμ=+0.0085 rewσ=0.1369 rewNZ=0.398 featσ[p/f/g/pw]=0.441/0.307/0.439/0.385
iter   713 | steps  23,363,584 | SPS     626 | r_p0 +0.102 r_p1 +0.394 | clip_frac 0.201(fire:0.003) | KL 0.0100 | H_fire 0.199 H_ang 0.00 H_ship 3.42 | V_loss 0.4671 | LR 0.000097 | early_stop=0 | fire[0]=0.20 fire[rest_max]=0.45 srcs_multi=1.50 ship0=0.01 meanshipbin=21.9 avgfleet=106.5 p90fleet=220.3 | Vμ=+0.166 Vσ=1.868 Rμ=+0.250 Rσ=1.990 Aσ=0.702 rewμ=+0.0077 rewσ=0.1246 rewNZ=0.364 featσ[p/f/g/pw]=0.443/0.309/0.441/0.379
iter   714 | steps  23,396,352 | SPS     625 | r_p0 -0.023 r_p1 +0.519 | clip_frac 0.200(fire:0.004) | KL 0.0116 | H_fire 0.241 H_ang 0.00 H_ship 3.40 | V_loss 0.5538 | LR 0.000097 | early_stop=0 | fire[0]=0.24 fire[rest_max]=0.42 srcs_multi=1.38 ship0=0.01 meanshipbin=21.7 avgfleet=107.8 p90fleet=222.8 | Vμ=+0.820 Vσ=1.966 Rμ=+0.782 Rσ=2.082 Aσ=0.763 rewμ=+0.0127 rewσ=0.1377 rewNZ=0.438 featσ[p/f/g/pw]=0.441/0.324/0.443/0.391
iter   715 | steps  23,429,120 | SPS     625 | r_p0 -0.233 r_p1 +0.727 | clip_frac 0.198(fire:0.002) | KL 0.0072 | H_fire 0.189 H_ang 0.00 H_ship 3.42 | V_loss 0.4688 | LR 0.000097 | early_stop=0 | fire[0]=0.20 fire[rest_max]=0.44 srcs_multi=1.47 ship0=0.01 meanshipbin=22.2 avgfleet=110.2 p90fleet=216.6 | Vμ=+0.218 Vσ=1.912 Rμ=+0.260 Rσ=2.064 Aσ=0.704 rewμ=+0.0071 rewσ=0.1258 rewNZ=0.351 featσ[p/f/g/pw]=0.442/0.306/0.437/0.374
iter   716 | steps  23,461,888 | SPS     625 | r_p0 -0.082 r_p1 +0.575 | clip_frac 0.196(fire:0.003) | KL 0.0089 | H_fire 0.235 H_ang 0.00 H_ship 3.40 | V_loss 0.5788 | LR 0.000097 | early_stop=0 | fire[0]=0.26 fire[rest_max]=0.43 srcs_multi=1.71 ship0=0.01 meanshipbin=21.3 avgfleet=104.0 p90fleet=217.4 | Vμ=+0.754 Vσ=2.037 Rμ=+0.725 Rσ=2.177 Aσ=0.782 rewμ=+0.0113 rewσ=0.1409 rewNZ=0.436 featσ[p/f/g/pw]=0.444/0.326/0.440/0.388
iter   717 | steps  23,494,656 | SPS     625 | r_p0 -0.014 r_p1 +0.510 | clip_frac 0.194(fire:0.003) | KL 0.0093 | H_fire 0.244 H_ang 0.00 H_ship 3.40 | V_loss 0.6163 | LR 0.000097 | early_stop=0 | fire[0]=0.26 fire[rest_max]=0.44 srcs_multi=1.85 ship0=0.01 meanshipbin=21.2 avgfleet=107.9 p90fleet=225.6 | Vμ=+0.750 Vσ=2.049 Rμ=+0.729 Rσ=2.173 Aσ=0.802 rewμ=+0.0112 rewσ=0.1373 rewNZ=0.440 featσ[p/f/g/pw]=0.442/0.305/0.447/0.396
iter   718 | steps  23,527,424 | SPS     624 | r_p0 -0.053 r_p1 +0.551 | clip_frac 0.194(fire:0.002) | KL 0.0135 | H_fire 0.258 H_ang 0.00 H_ship 3.40 | V_loss 0.5121 | LR 0.000097 | early_stop=0 | fire[0]=0.27 fire[rest_max]=0.46 srcs_multi=2.45 ship0=0.02 meanshipbin=19.8 avgfleet=106.5 p90fleet=218.8 | Vμ=+0.803 Vσ=2.030 Rμ=+0.820 Rσ=2.171 Aσ=0.734 rewμ=+0.0111 rewσ=0.1333 rewNZ=0.455 featσ[p/f/g/pw]=0.445/0.326/0.448/0.402
iter   719 | steps  23,560,192 | SPS     624 | r_p0 -0.116 r_p1 +0.615 | clip_frac 0.191(fire:0.003) | KL 0.0091 | H_fire 0.266 H_ang 0.00 H_ship 3.40 | V_loss 0.6177 | LR 0.000097 | early_stop=0 | fire[0]=0.28 fire[rest_max]=0.46 srcs_multi=2.61 ship0=0.02 meanshipbin=20.6 avgfleet=109.1 p90fleet=244.7 | Vμ=+0.888 Vσ=2.053 Rμ=+0.856 Rσ=2.196 Aσ=0.803 rewμ=+0.0120 rewσ=0.1393 rewNZ=0.472 featσ[p/f/g/pw]=0.445/0.331/0.447/0.405
iter   720 | steps  23,592,960 | SPS     624 | r_p0 -0.191 r_p1 +0.688 | clip_frac 0.187(fire:0.002) | KL 0.0077 | H_fire 0.273 H_ang 0.00 H_ship 3.40 | V_loss 0.5826 | LR 0.000097 | early_stop=0 | fire[0]=0.28 fire[rest_max]=0.47 srcs_multi=2.73 ship0=0.02 meanshipbin=19.7 avgfleet=106.4 p90fleet=232.1 | Vμ=+0.752 Vσ=2.065 Rμ=+0.718 Rσ=2.162 Aσ=0.776 rewμ=+0.0113 rewσ=0.1382 rewNZ=0.482 featσ[p/f/g/pw]=0.449/0.340/0.453/0.409
  saved checkpoints/torch_step_23592960_rev38_20260605_181635.pt
  saved checkpoints/pool_step_23592960_rev38_20260605_181635.pt (40 members)
  pool snapshot @ step 23,592,960
  pool size=40  alpha=2.0
    self                 self_step_19922944             wr=0.34 (n=157)  pfsp_w=0.439
    self                 self_step_6291456              wr=0.44 (n=1726)  pfsp_w=0.311
    self                 self_step_5242880              wr=0.45 (n=2224)  pfsp_w=0.297
    self                 self_step_16777216             wr=0.46 (n=564)  pfsp_w=0.292
    self                 self_step_5767168              wr=0.46 (n=2258)  pfsp_w=0.291
    self                 self_step_16252928             wr=0.46 (n=383)  pfsp_w=0.289
    self                 self_step_15204352             wr=0.47 (n=625)  pfsp_w=0.282
    self                 self_step_6815744              wr=0.47 (n=2054)  pfsp_w=0.281
iter   721 | steps  23,625,728 | SPS     623 | r_p0 -0.186 r_p1 +0.682 | clip_frac 0.183(fire:0.004) | KL 0.0114 | H_fire 0.180 H_ang 0.00 H_ship 3.42 | V_loss 0.4963 | LR 0.000097 | early_stop=0 | fire[0]=0.21 fire[rest_max]=0.49 srcs_multi=2.28 ship0=0.08 meanshipbin=19.9 avgfleet=109.3 p90fleet=228.6 | Vμ=+0.002 Vσ=1.907 Rμ=+0.079 Rσ=1.995 Aσ=0.722 rewμ=+0.0065 rewσ=0.1274 rewNZ=0.342 featσ[p/f/g/pw]=0.447/0.316/0.437/0.376
iter   722 | steps  23,658,496 | SPS     623 | r_p0 -0.200 r_p1 +0.694 | clip_frac 0.182(fire:0.002) | KL 0.0100 | H_fire 0.286 H_ang 0.00 H_ship 3.41 | V_loss 0.5377 | LR 0.000097 | early_stop=0 | fire[0]=0.30 fire[rest_max]=0.51 srcs_multi=3.74 ship0=0.06 meanshipbin=20.5 avgfleet=108.0 p90fleet=215.9 | Vμ=+0.821 Vσ=1.908 Rμ=+0.807 Rσ=2.040 Aσ=0.755 rewμ=+0.0122 rewσ=0.1322 rewNZ=0.490 featσ[p/f/g/pw]=0.448/0.354/0.449/0.411
iter   723 | steps  23,691,264 | SPS     623 | r_p0 -0.166 r_p1 +0.661 | clip_frac 0.179(fire:0.002) | KL 0.0072 | H_fire 0.283 H_ang 0.00 H_ship 3.40 | V_loss 0.5442 | LR 0.000097 | early_stop=0 | fire[0]=0.31 fire[rest_max]=0.52 srcs_multi=4.29 ship0=0.01 meanshipbin=20.0 avgfleet=106.8 p90fleet=234.9 | Vμ=+0.823 Vσ=1.972 Rμ=+0.810 Rσ=2.094 Aσ=0.755 rewμ=+0.0119 rewσ=0.1392 rewNZ=0.501 featσ[p/f/g/pw]=0.444/0.340/0.453/0.409
iter   724 | steps  23,724,032 | SPS     623 | r_p0 -0.190 r_p1 +0.684 | clip_frac 0.176(fire:0.004) | KL 0.0074 | H_fire 0.165 H_ang 0.00 H_ship 3.42 | V_loss 0.4355 | LR 0.000097 | early_stop=0 | fire[0]=0.21 fire[rest_max]=0.53 srcs_multi=2.69 ship0=0.01 meanshipbin=20.3 avgfleet=102.6 p90fleet=232.5 | Vμ=-0.189 Vσ=1.796 Rμ=-0.216 Rσ=1.903 Aσ=0.680 rewμ=+0.0034 rewσ=0.1331 rewNZ=0.330 featσ[p/f/g/pw]=0.447/0.344/0.431/0.361
iter   725 | steps  23,756,800 | SPS     622 | r_p0 -0.329 r_p1 +0.823 | clip_frac 0.174(fire:0.003) | KL 0.0070 | H_fire 0.300 H_ang 0.00 H_ship 3.41 | V_loss 0.5417 | LR 0.000097 | early_stop=0 | fire[0]=0.32 fire[rest_max]=0.52 srcs_multi=4.31 ship0=0.00 meanshipbin=19.2 avgfleet=102.6 p90fleet=227.6 | Vμ=+0.940 Vσ=1.895 Rμ=+0.970 Rσ=2.030 Aσ=0.757 rewμ=+0.0147 rewσ=0.1374 rewNZ=0.521 featσ[p/f/g/pw]=0.445/0.352/0.452/0.412
iter   726 | steps  23,789,568 | SPS     622 | r_p0 -0.292 r_p1 +0.787 | clip_frac 0.173(fire:0.003) | KL 0.0152 | H_fire 0.290 H_ang 0.00 H_ship 3.40 | V_loss 0.4675 | LR 0.000097 | early_stop=0 | fire[0]=0.33 fire[rest_max]=0.56 srcs_multi=5.30 ship0=0.00 meanshipbin=18.5 avgfleet=103.0 p90fleet=237.7 | Vμ=+1.073 Vσ=1.932 Rμ=+1.103 Rσ=2.065 Aσ=0.691 rewμ=+0.0146 rewσ=0.1367 rewNZ=0.508 featσ[p/f/g/pw]=0.445/0.343/0.453/0.410
iter   727 | steps  23,822,336 | SPS     622 | r_p0 -0.380 r_p1 +0.876 | clip_frac 0.171(fire:0.003) | KL 0.0094 | H_fire 0.139 H_ang 0.00 H_ship 3.42 | V_loss 0.4707 | LR 0.000097 | early_stop=0 | fire[0]=0.21 fire[rest_max]=0.59 srcs_multi=2.89 ship0=0.01 meanshipbin=19.6 avgfleet=104.0 p90fleet=224.3 | Vμ=-0.254 Vσ=1.823 Rμ=-0.190 Rσ=1.926 Aσ=0.707 rewμ=+0.0025 rewσ=0.1259 rewNZ=0.287 featσ[p/f/g/pw]=0.446/0.349/0.427/0.347
iter   728 | steps  23,855,104 | SPS     622 | r_p0 -0.481 r_p1 +0.976 | clip_frac 0.173(fire:0.002) | KL 0.0101 | H_fire 0.300 H_ang 0.00 H_ship 3.41 | V_loss 0.5262 | LR 0.000097 | early_stop=0 | fire[0]=0.34 fire[rest_max]=0.58 srcs_multi=6.03 ship0=0.00 meanshipbin=20.9 avgfleet=100.0 p90fleet=214.5 | Vμ=+0.922 Vσ=1.903 Rμ=+0.839 Rσ=1.949 Aσ=0.751 rewμ=+0.0114 rewσ=0.1391 rewNZ=0.539 featσ[p/f/g/pw]=0.442/0.364/0.447/0.412
iter   729 | steps  23,887,872 | SPS     621 | r_p0 -0.393 r_p1 +0.885 | clip_frac 0.173(fire:0.002) | KL 0.0088 | H_fire 0.165 H_ang 0.00 H_ship 3.42 | V_loss 0.4920 | LR 0.000097 | early_stop=0 | fire[0]=0.22 fire[rest_max]=0.60 srcs_multi=3.76 ship0=0.01 meanshipbin=21.6 avgfleet=109.4 p90fleet=224.9 | Vμ=-0.105 Vσ=1.749 Rμ=-0.050 Rσ=1.844 Aσ=0.725 rewμ=+0.0029 rewσ=0.1221 rewNZ=0.320 featσ[p/f/g/pw]=0.444/0.345/0.434/0.364
iter   730 | steps  23,920,640 | SPS     621 | r_p0 -0.318 r_p1 +0.807 | clip_frac 0.174(fire:0.003) | KL 0.0065 | H_fire 0.172 H_ang 0.00 H_ship 3.43 | V_loss 0.4431 | LR 0.000097 | early_stop=0 | fire[0]=0.23 fire[rest_max]=0.61 srcs_multi=3.88 ship0=0.00 meanshipbin=20.7 avgfleet=112.3 p90fleet=226.1 | Vμ=-0.005 Vσ=1.732 Rμ=-0.014 Rσ=1.827 Aσ=0.689 rewμ=+0.0040 rewσ=0.1238 rewNZ=0.336 featσ[p/f/g/pw]=0.443/0.334/0.432/0.364
iter   731 | steps  23,953,408 | SPS     621 | r_p0 -0.291 r_p1 +0.781 | clip_frac 0.175(fire:0.002) | KL 0.0091 | H_fire 0.286 H_ang 0.00 H_ship 3.41 | V_loss 0.4272 | LR 0.000097 | early_stop=0 | fire[0]=0.34 fire[rest_max]=0.61 srcs_multi=6.25 ship0=0.00 meanshipbin=20.8 avgfleet=100.2 p90fleet=221.3 | Vμ=+0.759 Vσ=1.830 Rμ=+0.765 Rσ=1.952 Aσ=0.673 rewμ=+0.0119 rewσ=0.1341 rewNZ=0.513 featσ[p/f/g/pw]=0.443/0.369/0.443/0.402
iter   732 | steps  23,986,176 | SPS     621 | r_p0 -0.316 r_p1 +0.811 | clip_frac 0.179(fire:0.002) | KL 0.0096 | H_fire 0.305 H_ang 0.00 H_ship 3.41 | V_loss 0.4514 | LR 0.000096 | early_stop=0 | fire[0]=0.36 fire[rest_max]=0.57 srcs_multi=6.30 ship0=0.00 meanshipbin=20.4 avgfleet=95.5 p90fleet=216.9 | Vμ=+0.773 Vσ=1.863 Rμ=+0.733 Rσ=1.988 Aσ=0.686 rewμ=+0.0111 rewσ=0.1361 rewNZ=0.539 featσ[p/f/g/pw]=0.441/0.374/0.448/0.403
iter   733 | steps  24,018,944 | SPS     620 | r_p0 -0.320 r_p1 +0.813 | clip_frac 0.182(fire:0.003) | KL 0.0107 | H_fire 0.297 H_ang 0.00 H_ship 3.41 | V_loss 0.4357 | LR 0.000096 | early_stop=0 | fire[0]=0.37 fire[rest_max]=0.58 srcs_multi=6.58 ship0=0.00 meanshipbin=20.5 avgfleet=99.1 p90fleet=221.3 | Vμ=+0.812 Vσ=1.901 Rμ=+0.794 Rσ=2.041 Aσ=0.679 rewμ=+0.0118 rewσ=0.1405 rewNZ=0.531 featσ[p/f/g/pw]=0.439/0.359/0.450/0.395
iter   734 | steps  24,051,712 | SPS     620 | r_p0 -0.244 r_p1 +0.737 | clip_frac 0.181(fire:0.003) | KL 0.0088 | H_fire 0.154 H_ang 0.00 H_ship 3.42 | V_loss 0.5774 | LR 0.000096 | early_stop=0 | fire[0]=0.23 fire[rest_max]=0.60 srcs_multi=3.59 ship0=0.01 meanshipbin=20.9 avgfleet=95.4 p90fleet=202.6 | Vμ=-0.089 Vσ=1.897 Rμ=+0.019 Rσ=1.991 Aσ=0.781 rewμ=+0.0060 rewσ=0.1335 rewNZ=0.318 featσ[p/f/g/pw]=0.441/0.325/0.428/0.343
iter   735 | steps  24,084,480 | SPS     620 | r_p0 -0.341 r_p1 +0.836 | clip_frac 0.182(fire:0.002) | KL 0.0075 | H_fire 0.193 H_ang 0.00 H_ship 3.42 | V_loss 0.3847 | LR 0.000096 | early_stop=0 | fire[0]=0.25 fire[rest_max]=0.61 srcs_multi=4.20 ship0=0.01 meanshipbin=22.0 avgfleet=106.5 p90fleet=209.2 | Vμ=-0.112 Vσ=1.817 Rμ=-0.077 Rσ=1.860 Aσ=0.649 rewμ=+0.0042 rewσ=0.1248 rewNZ=0.378 featσ[p/f/g/pw]=0.446/0.349/0.432/0.373
iter   736 | steps  24,117,248 | SPS     620 | r_p0 -0.287 r_p1 +0.785 | clip_frac 0.183(fire:0.002) | KL 0.0085 | H_fire 0.287 H_ang 0.00 H_ship 3.41 | V_loss 0.4108 | LR 0.000096 | early_stop=0 | fire[0]=0.36 fire[rest_max]=0.59 srcs_multi=6.26 ship0=0.00 meanshipbin=21.1 avgfleet=106.1 p90fleet=236.8 | Vμ=+0.745 Vσ=1.807 Rμ=+0.730 Rσ=1.889 Aσ=0.663 rewμ=+0.0110 rewσ=0.1329 rewNZ=0.513 featσ[p/f/g/pw]=0.446/0.368/0.445/0.403
  saved checkpoints/torch_step_24117248_rev38_20260605_181635.pt
  saved checkpoints/pool_step_24117248_rev38_20260605_181635.pt (40 members)
  pool snapshot @ step 24,117,248
  pool size=40  alpha=2.0
    self                 self_step_15204352             wr=0.44 (n=697)  pfsp_w=0.311
    self                 self_step_6291456              wr=0.44 (n=1726)  pfsp_w=0.311
    self                 self_step_16777216             wr=0.46 (n=564)  pfsp_w=0.292
    self                 self_step_5767168              wr=0.46 (n=2258)  pfsp_w=0.291
    self                 self_step_5242880              wr=0.46 (n=2311)  pfsp_w=0.291
    self                 self_step_16252928             wr=0.46 (n=383)  pfsp_w=0.289
    self                 self_step_6815744              wr=0.46 (n=2139)  pfsp_w=0.289
    self                 self_step_3670016              wr=0.46 (n=2020)  pfsp_w=0.287
iter   737 | steps  24,150,016 | SPS     619 | r_p0 -0.283 r_p1 +0.777 | clip_frac 0.185(fire:0.002) | KL 0.0133 | H_fire 0.283 H_ang 0.00 H_ship 3.39 | V_loss 0.5641 | LR 0.000096 | early_stop=0 | fire[0]=0.34 fire[rest_max]=0.58 srcs_multi=5.86 ship0=0.00 meanshipbin=21.2 avgfleet=91.4 p90fleet=202.6 | Vμ=+0.809 Vσ=1.926 Rμ=+0.688 Rσ=1.984 Aσ=0.773 rewμ=+0.0107 rewσ=0.1476 rewNZ=0.532 featσ[p/f/g/pw]=0.444/0.361/0.443/0.402
iter   738 | steps  24,182,784 | SPS     619 | r_p0 -0.198 r_p1 +0.686 | clip_frac 0.185(fire:0.003) | KL 0.0101 | H_fire 0.287 H_ang 0.00 H_ship 3.40 | V_loss 0.5010 | LR 0.000096 | early_stop=0 | fire[0]=0.34 fire[rest_max]=0.56 srcs_multi=5.51 ship0=0.00 meanshipbin=21.3 avgfleet=93.0 p90fleet=204.8 | Vμ=+0.669 Vσ=1.872 Rμ=+0.662 Rσ=1.979 Aσ=0.731 rewμ=+0.0101 rewσ=0.1386 rewNZ=0.526 featσ[p/f/g/pw]=0.445/0.369/0.445/0.402
iter   739 | steps  24,215,552 | SPS     619 | r_p0 -0.159 r_p1 +0.648 | clip_frac 0.185(fire:0.003) | KL 0.0119 | H_fire 0.268 H_ang 0.00 H_ship 3.39 | V_loss 0.5622 | LR 0.000096 | early_stop=0 | fire[0]=0.33 fire[rest_max]=0.55 srcs_multi=4.90 ship0=0.00 meanshipbin=21.7 avgfleet=96.5 p90fleet=229.2 | Vμ=+0.729 Vσ=1.929 Rμ=+0.605 Rσ=2.011 Aσ=0.766 rewμ=+0.0104 rewσ=0.1457 rewNZ=0.499 featσ[p/f/g/pw]=0.444/0.354/0.447/0.400
iter   740 | steps  24,248,320 | SPS     619 | r_p0 -0.156 r_p1 +0.650 | clip_frac 0.183(fire:0.003) | KL 0.0088 | H_fire 0.205 H_ang 0.00 H_ship 3.41 | V_loss 0.4215 | LR 0.000096 | early_stop=0 | fire[0]=0.25 fire[rest_max]=0.56 srcs_multi=4.15 ship0=0.01 meanshipbin=20.5 avgfleet=96.8 p90fleet=216.4 | Vμ=+0.135 Vσ=1.798 Rμ=+0.172 Rσ=1.906 Aσ=0.669 rewμ=+0.0075 rewσ=0.1359 rewNZ=0.394 featσ[p/f/g/pw]=0.443/0.342/0.439/0.380
iter   741 | steps  24,281,088 | SPS     618 | r_p0 +0.008 r_p1 +0.486 | clip_frac 0.185(fire:0.002) | KL 0.0088 | H_fire 0.281 H_ang 0.00 H_ship 3.40 | V_loss 0.4974 | LR 0.000096 | early_stop=0 | fire[0]=0.33 fire[rest_max]=0.55 srcs_multi=4.99 ship0=0.01 meanshipbin=19.8 avgfleet=95.1 p90fleet=202.4 | Vμ=+0.761 Vσ=1.863 Rμ=+0.725 Rσ=1.975 Aσ=0.728 rewμ=+0.0120 rewσ=0.1388 rewNZ=0.508 featσ[p/f/g/pw]=0.444/0.353/0.445/0.399
iter   742 | steps  24,313,856 | SPS     618 | r_p0 -0.170 r_p1 +0.665 | clip_frac 0.186(fire:0.002) | KL 0.0094 | H_fire 0.273 H_ang 0.00 H_ship 3.40 | V_loss 0.4699 | LR 0.000096 | early_stop=0 | fire[0]=0.32 fire[rest_max]=0.53 srcs_multi=4.75 ship0=0.00 meanshipbin=19.0 avgfleet=97.6 p90fleet=227.4 | Vμ=+0.688 Vσ=1.933 Rμ=+0.639 Rσ=2.036 Aσ=0.704 rewμ=+0.0103 rewσ=0.1425 rewNZ=0.501 featσ[p/f/g/pw]=0.444/0.362/0.447/0.401
iter   743 | steps  24,346,624 | SPS     618 | r_p0 -0.175 r_p1 +0.670 | clip_frac 0.187(fire:0.003) | KL 0.0085 | H_fire 0.258 H_ang 0.00 H_ship 3.40 | V_loss 0.5218 | LR 0.000096 | early_stop=0 | fire[0]=0.32 fire[rest_max]=0.54 srcs_multi=4.25 ship0=0.01 meanshipbin=18.9 avgfleet=100.9 p90fleet=244.5 | Vμ=+0.714 Vσ=1.951 Rμ=+0.700 Rσ=2.104 Aσ=0.740 rewμ=+0.0099 rewσ=0.1387 rewNZ=0.470 featσ[p/f/g/pw]=0.445/0.353/0.445/0.392
iter   744 | steps  24,379,392 | SPS     618 | r_p0 -0.109 r_p1 +0.605 | clip_frac 0.186(fire:0.003) | KL 0.0114 | H_fire 0.181 H_ang 0.00 H_ship 3.42 | V_loss 0.6055 | LR 0.000096 | early_stop=0 | fire[0]=0.24 fire[rest_max]=0.57 srcs_multi=3.65 ship0=0.01 meanshipbin=20.0 avgfleet=98.4 p90fleet=213.6 | Vμ=+0.053 Vσ=1.919 Rμ=+0.145 Rσ=2.055 Aσ=0.796 rewμ=+0.0067 rewσ=0.1342 rewNZ=0.355 featσ[p/f/g/pw]=0.445/0.317/0.431/0.361
iter   745 | steps  24,412,160 | SPS     617 | r_p0 -0.150 r_p1 +0.647 | clip_frac 0.188(fire:0.003) | KL 0.0113 | H_fire 0.262 H_ang 0.00 H_ship 3.39 | V_loss 0.6200 | LR 0.000096 | early_stop=0 | fire[0]=0.30 fire[rest_max]=0.54 srcs_multi=4.32 ship0=0.00 meanshipbin=20.5 avgfleet=89.5 p90fleet=188.0 | Vμ=+0.800 Vσ=2.032 Rμ=+0.763 Rσ=2.151 Aσ=0.811 rewμ=+0.0127 rewσ=0.1422 rewNZ=0.489 featσ[p/f/g/pw]=0.446/0.341/0.441/0.397
iter   746 | steps  24,444,928 | SPS     617 | r_p0 -0.211 r_p1 +0.709 | clip_frac 0.188(fire:0.002) | KL 0.0105 | H_fire 0.288 H_ang 0.00 H_ship 3.40 | V_loss 0.3977 | LR 0.000096 | early_stop=0 | fire[0]=0.34 fire[rest_max]=0.54 srcs_multi=5.36 ship0=0.00 meanshipbin=19.1 avgfleet=102.4 p90fleet=232.8 | Vμ=+0.748 Vσ=1.885 Rμ=+0.720 Rσ=1.978 Aσ=0.646 rewμ=+0.0102 rewσ=0.1372 rewNZ=0.514 featσ[p/f/g/pw]=0.447/0.354/0.453/0.405
iter   747 | steps  24,477,696 | SPS     617 | r_p0 -0.179 r_p1 +0.674 | clip_frac 0.191(fire:0.003) | KL 0.0127 | H_fire 0.272 H_ang 0.00 H_ship 3.39 | V_loss 0.5652 | LR 0.000096 | early_stop=0 | fire[0]=0.31 fire[rest_max]=0.53 srcs_multi=4.34 ship0=0.00 meanshipbin=19.3 avgfleet=96.9 p90fleet=228.7 | Vμ=+0.799 Vσ=1.926 Rμ=+0.763 Rσ=2.025 Aσ=0.771 rewμ=+0.0122 rewσ=0.1438 rewNZ=0.493 featσ[p/f/g/pw]=0.442/0.335/0.448/0.401
iter   748 | steps  24,510,464 | SPS     617 | r_p0 -0.243 r_p1 +0.738 | clip_frac 0.190(fire:0.003) | KL 0.0085 | H_fire 0.282 H_ang 0.00 H_ship 3.40 | V_loss 0.6164 | LR 0.000096 | early_stop=0 | fire[0]=0.31 fire[rest_max]=0.51 srcs_multi=4.06 ship0=0.01 meanshipbin=18.9 avgfleet=91.0 p90fleet=192.8 | Vμ=+0.642 Vσ=1.950 Rμ=+0.699 Rσ=2.052 Aσ=0.807 rewμ=+0.0119 rewσ=0.1371 rewNZ=0.505 featσ[p/f/g/pw]=0.441/0.347/0.445/0.397
iter   749 | steps  24,543,232 | SPS     616 | r_p0 -0.200 r_p1 +0.698 | clip_frac 0.191(fire:0.003) | KL 0.0088 | H_fire 0.263 H_ang 0.00 H_ship 3.40 | V_loss 0.5649 | LR 0.000096 | early_stop=0 | fire[0]=0.30 fire[rest_max]=0.51 srcs_multi=3.87 ship0=0.01 meanshipbin=18.8 avgfleet=95.8 p90fleet=218.3 | Vμ=+0.840 Vσ=1.917 Rμ=+0.843 Rσ=2.025 Aσ=0.767 rewμ=+0.0116 rewσ=0.1419 rewNZ=0.474 featσ[p/f/g/pw]=0.442/0.323/0.450/0.395
iter   750 | steps  24,576,000 | SPS     616 | r_p0 -0.175 r_p1 +0.673 | clip_frac 0.191(fire:0.003) | KL 0.0114 | H_fire 0.179 H_ang 0.00 H_ship 3.42 | V_loss 0.5407 | LR 0.000096 | early_stop=0 | fire[0]=0.22 fire[rest_max]=0.53 srcs_multi=2.78 ship0=0.01 meanshipbin=19.0 avgfleet=94.8 p90fleet=191.8 | Vμ=-0.118 Vσ=1.938 Rμ=-0.033 Rσ=2.070 Aσ=0.752 rewμ=+0.0055 rewσ=0.1298 rewNZ=0.354 featσ[p/f/g/pw]=0.446/0.339/0.430/0.367
iter   751 | steps  24,608,768 | SPS     616 | r_p0 -0.251 r_p1 +0.749 | clip_frac 0.194(fire:0.003) | KL 0.0116 | H_fire 0.294 H_ang 0.00 H_ship 3.40 | V_loss 0.6279 | LR 0.000096 | early_stop=0 | fire[0]=0.32 fire[rest_max]=0.54 srcs_multi=4.88 ship0=0.01 meanshipbin=18.9 avgfleet=103.0 p90fleet=222.5 | Vμ=+0.698 Vσ=1.916 Rμ=+0.607 Rσ=2.048 Aσ=0.793 rewμ=+0.0111 rewσ=0.1412 rewNZ=0.528 featσ[p/f/g/pw]=0.451/0.360/0.451/0.415
iter   752 | steps  24,641,536 | SPS     616 | r_p0 -0.203 r_p1 +0.700 | clip_frac 0.192(fire:0.002) | KL 0.0072 | H_fire 0.244 H_ang 0.00 H_ship 3.40 | V_loss 0.5766 | LR 0.000096 | early_stop=0 | fire[0]=0.32 fire[rest_max]=0.55 srcs_multi=4.53 ship0=0.01 meanshipbin=20.2 avgfleet=101.3 p90fleet=240.9 | Vμ=+0.624 Vσ=1.992 Rμ=+0.654 Rσ=2.099 Aσ=0.768 rewμ=+0.0108 rewσ=0.1466 rewNZ=0.456 featσ[p/f/g/pw]=0.447/0.344/0.449/0.390
  saved checkpoints/torch_step_24641536_rev38_20260605_181635.pt
  saved checkpoints/pool_step_24641536_rev38_20260605_181635.pt (40 members)
  pool snapshot @ step 24,641,536
  pool size=40  alpha=2.0
    self                 self_step_6291456              wr=0.45 (n=1809)  pfsp_w=0.300
    self                 self_step_16777216             wr=0.46 (n=564)  pfsp_w=0.292
    self                 self_step_5767168              wr=0.46 (n=2258)  pfsp_w=0.291
    self                 self_step_6815744              wr=0.46 (n=2139)  pfsp_w=0.289
    self                 self_step_5242880              wr=0.47 (n=2396)  pfsp_w=0.285
    self                 self_step_15204352             wr=0.47 (n=795)  pfsp_w=0.280
    self                 self_step_18350080             wr=0.47 (n=484)  pfsp_w=0.278
    self                 self_step_7340032              wr=0.48 (n=1397)  pfsp_w=0.269
iter   753 | steps  24,674,304 | SPS     615 | r_p0 +0.021 r_p1 +0.473 | clip_frac 0.192(fire:0.008) | KL 0.0212 | H_fire 0.173 H_ang 0.00 H_ship 3.42 | V_loss 0.5588 | LR 0.000096 | early_stop=0 | fire[0]=0.23 fire[rest_max]=0.56 srcs_multi=3.22 ship0=0.01 meanshipbin=18.6 avgfleet=95.9 p90fleet=200.1 | Vμ=-0.032 Vσ=1.966 Rμ=+0.028 Rσ=2.088 Aσ=0.767 rewμ=+0.0066 rewσ=0.1389 rewNZ=0.350 featσ[p/f/g/pw]=0.445/0.313/0.433/0.367
iter   754 | steps  24,707,072 | SPS     615 | r_p0 +0.046 r_p1 +0.449 | clip_frac 0.194(fire:0.002) | KL 0.0069 | H_fire 0.281 H_ang 0.00 H_ship 3.41 | V_loss 0.5093 | LR 0.000096 | early_stop=0 | fire[0]=0.33 fire[rest_max]=0.56 srcs_multi=5.06 ship0=0.01 meanshipbin=18.9 avgfleet=96.7 p90fleet=199.8 | Vμ=+0.684 Vσ=1.894 Rμ=+0.643 Rσ=1.943 Aσ=0.738 rewμ=+0.0109 rewσ=0.1389 rewNZ=0.504 featσ[p/f/g/pw]=0.444/0.343/0.448/0.400
iter   755 | steps  24,739,840 | SPS     615 | r_p0 -0.076 r_p1 +0.572 | clip_frac 0.194(fire:0.003) | KL 0.0076 | H_fire 0.171 H_ang 0.00 H_ship 3.42 | V_loss 0.4646 | LR 0.000096 | early_stop=0 | fire[0]=0.24 fire[rest_max]=0.59 srcs_multi=3.41 ship0=0.02 meanshipbin=20.2 avgfleet=100.0 p90fleet=220.2 | Vμ=-0.115 Vσ=1.740 Rμ=-0.074 Rσ=1.909 Aσ=0.700 rewμ=+0.0046 rewσ=0.1309 rewNZ=0.342 featσ[p/f/g/pw]=0.443/0.351/0.428/0.353
iter   756 | steps  24,772,608 | SPS     615 | r_p0 -0.225 r_p1 +0.720 | clip_frac 0.193(fire:0.003) | KL 0.0073 | H_fire 0.172 H_ang 0.00 H_ship 3.42 | V_loss 0.4409 | LR 0.000096 | early_stop=0 | fire[0]=0.26 fire[rest_max]=0.60 srcs_multi=3.79 ship0=0.02 meanshipbin=19.6 avgfleet=96.1 p90fleet=219.2 | Vμ=-0.207 Vσ=1.814 Rμ=-0.181 Rσ=1.940 Aσ=0.681 rewμ=+0.0030 rewσ=0.1334 rewNZ=0.357 featσ[p/f/g/pw]=0.444/0.366/0.425/0.348
iter   757 | steps  24,805,376 | SPS     614 | r_p0 -0.342 r_p1 +0.837 | clip_frac 0.195(fire:0.002) | KL 0.0088 | H_fire 0.291 H_ang 0.00 H_ship 3.40 | V_loss 0.4623 | LR 0.000096 | early_stop=0 | fire[0]=0.37 fire[rest_max]=0.60 srcs_multi=6.35 ship0=0.00 meanshipbin=20.4 avgfleet=95.6 p90fleet=217.6 | Vμ=+0.953 Vσ=1.969 Rμ=+0.972 Rσ=2.084 Aσ=0.702 rewμ=+0.0136 rewσ=0.1424 rewNZ=0.533 featσ[p/f/g/pw]=0.442/0.351/0.451/0.403
iter   758 | steps  24,838,144 | SPS     614 | r_p0 -0.393 r_p1 +0.889 | clip_frac 0.197(fire:0.003) | KL 0.0105 | H_fire 0.167 H_ang 0.00 H_ship 3.42 | V_loss 0.5418 | LR 0.000096 | early_stop=0 | fire[0]=0.25 fire[rest_max]=0.62 srcs_multi=3.71 ship0=0.01 meanshipbin=21.2 avgfleet=103.0 p90fleet=214.9 | Vμ=-0.111 Vσ=1.882 Rμ=-0.038 Rσ=1.994 Aσ=0.752 rewμ=+0.0042 rewσ=0.1297 rewNZ=0.344 featσ[p/f/g/pw]=0.447/0.342/0.432/0.359
iter   759 | steps  24,870,912 | SPS     614 | r_p0 -0.340 r_p1 +0.838 | clip_frac 0.201(fire:0.002) | KL 0.0083 | H_fire 0.275 H_ang 0.00 H_ship 3.41 | V_loss 0.5082 | LR 0.000096 | early_stop=0 | fire[0]=0.35 fire[rest_max]=0.63 srcs_multi=6.11 ship0=0.00 meanshipbin=19.4 avgfleet=105.3 p90fleet=240.9 | Vμ=+0.774 Vσ=1.924 Rμ=+0.720 Rσ=1.957 Aσ=0.732 rewμ=+0.0103 rewσ=0.1346 rewNZ=0.508 featσ[p/f/g/pw]=0.445/0.356/0.451/0.408
iter   760 | steps  24,903,680 | SPS     614 | r_p0 -0.329 r_p1 +0.825 | clip_frac 0.202(fire:0.004) | KL 0.0080 | H_fire 0.175 H_ang 0.00 H_ship 3.43 | V_loss 0.3605 | LR 0.000096 | early_stop=0 | fire[0]=0.26 fire[rest_max]=0.64 srcs_multi=4.07 ship0=0.01 meanshipbin=19.2 avgfleet=100.4 p90fleet=220.3 | Vμ=-0.168 Vσ=1.767 Rμ=-0.127 Rσ=1.875 Aσ=0.611 rewμ=+0.0038 rewσ=0.1285 rewNZ=0.356 featσ[p/f/g/pw]=0.447/0.374/0.432/0.360
iter   761 | steps  24,936,448 | SPS     614 | r_p0 -0.392 r_p1 +0.889 | clip_frac 0.205(fire:0.002) | KL 0.0075 | H_fire 0.274 H_ang 0.00 H_ship 3.41 | V_loss 0.4733 | LR 0.000096 | early_stop=0 | fire[0]=0.39 fire[rest_max]=0.65 srcs_multi=6.58 ship0=0.01 meanshipbin=20.7 avgfleet=100.2 p90fleet=231.3 | Vμ=+0.686 Vσ=1.919 Rμ=+0.639 Rσ=1.983 Aσ=0.709 rewμ=+0.0109 rewσ=0.1376 rewNZ=0.515 featσ[p/f/g/pw]=0.442/0.371/0.449/0.399
iter   762 | steps  24,969,216 | SPS     614 | r_p0 -0.154 r_p1 +0.651 | clip_frac 0.209(fire:0.002) | KL 0.0093 | H_fire 0.258 H_ang 0.00 H_ship 3.41 | V_loss 0.4242 | LR 0.000096 | early_stop=0 | fire[0]=0.36 fire[rest_max]=0.65 srcs_multi=6.20 ship0=0.00 meanshipbin=18.0 avgfleet=94.8 p90fleet=215.6 | Vμ=+0.759 Vσ=1.970 Rμ=+0.784 Rσ=2.034 Aσ=0.668 rewμ=+0.0110 rewσ=0.1345 rewNZ=0.491 featσ[p/f/g/pw]=0.442/0.360/0.447/0.395
iter   763 | steps  25,001,984 | SPS     614 | r_p0 -0.091 r_p1 +0.584 | clip_frac 0.210(fire:0.004) | KL 0.0068 | H_fire 0.150 H_ang 0.00 H_ship 3.43 | V_loss 0.3304 | LR 0.000096 | early_stop=0 | fire[0]=0.24 fire[rest_max]=0.67 srcs_multi=3.59 ship0=0.01 meanshipbin=21.6 avgfleet=102.2 p90fleet=215.4 | Vμ=-0.327 Vσ=1.706 Rμ=-0.279 Rσ=1.860 Aσ=0.594 rewμ=+0.0029 rewσ=0.1272 rewNZ=0.323 featσ[p/f/g/pw]=0.446/0.365/0.426/0.348
iter   764 | steps  25,034,752 | SPS     614 | r_p0 -0.388 r_p1 +0.884 | clip_frac 0.215(fire:0.003) | KL 0.0136 | H_fire 0.296 H_ang 0.00 H_ship 3.41 | V_loss 0.4984 | LR 0.000096 | early_stop=0 | fire[0]=0.39 fire[rest_max]=0.65 srcs_multi=6.93 ship0=0.00 meanshipbin=23.2 avgfleet=107.2 p90fleet=241.4 | Vμ=+0.679 Vσ=1.822 Rμ=+0.622 Rσ=1.885 Aσ=0.725 rewμ=+0.0110 rewσ=0.1362 rewNZ=0.540 featσ[p/f/g/pw]=0.443/0.376/0.456/0.413
iter   765 | steps  25,067,520 | SPS     614 | r_p0 -0.492 r_p1 +0.998 | clip_frac 0.218(fire:0.003) | KL 0.0082 | H_fire 0.240 H_ang 0.00 H_ship 3.40 | V_loss 0.4855 | LR 0.000096 | early_stop=0 | fire[0]=0.34 fire[rest_max]=0.65 srcs_multi=5.49 ship0=0.01 meanshipbin=22.4 avgfleet=96.9 p90fleet=221.8 | Vμ=+0.544 Vσ=1.952 Rμ=+0.570 Rσ=2.030 Aσ=0.714 rewμ=+0.0108 rewσ=0.1410 rewNZ=0.474 featσ[p/f/g/pw]=0.445/0.358/0.445/0.392
iter   766 | steps  25,100,288 | SPS     614 | r_p0 -0.154 r_p1 +0.660 | clip_frac 0.221(fire:0.003) | KL 0.0105 | H_fire 0.203 H_ang 0.00 H_ship 3.43 | V_loss 0.3506 | LR 0.000096 | early_stop=0 | fire[0]=0.28 fire[rest_max]=0.66 srcs_multi=4.78 ship0=0.01 meanshipbin=22.2 avgfleet=108.4 p90fleet=222.5 | Vμ=-0.118 Vσ=1.691 Rμ=-0.012 Rσ=1.803 Aσ=0.612 rewμ=+0.0054 rewσ=0.1212 rewNZ=0.394 featσ[p/f/g/pw]=0.447/0.354/0.442/0.386
iter   767 | steps  25,133,056 | SPS     614 | r_p0 -0.038 r_p1 +0.533 | clip_frac 0.224(fire:0.003) | KL 0.0088 | H_fire 0.192 H_ang 0.00 H_ship 3.43 | V_loss 0.3287 | LR 0.000096 | early_stop=0 | fire[0]=0.29 fire[rest_max]=0.69 srcs_multi=4.85 ship0=0.01 meanshipbin=22.5 avgfleet=112.6 p90fleet=224.9 | Vμ=-0.174 Vσ=1.645 Rμ=-0.142 Rσ=1.762 Aσ=0.593 rewμ=+0.0028 rewσ=0.1234 rewNZ=0.389 featσ[p/f/g/pw]=0.447/0.368/0.442/0.381
iter   768 | steps  25,165,824 | SPS     614 | r_p0 -0.265 r_p1 +0.756 | clip_frac 0.228(fire:0.002) | KL 0.0094 | H_fire 0.281 H_ang 0.00 H_ship 3.41 | V_loss 0.4837 | LR 0.000096 | early_stop=0 | fire[0]=0.38 fire[rest_max]=0.67 srcs_multi=6.64 ship0=0.00 meanshipbin=22.3 avgfleet=109.6 p90fleet=242.8 | Vμ=+0.750 Vσ=1.842 Rμ=+0.697 Rσ=1.905 Aσ=0.717 rewμ=+0.0113 rewσ=0.1352 rewNZ=0.525 featσ[p/f/g/pw]=0.442/0.375/0.448/0.409
  saved checkpoints/torch_step_25165824_rev38_20260605_181635.pt
  saved checkpoints/pool_step_25165824_rev38_20260605_181635.pt (40 members)
  pool snapshot @ step 25,165,824
  pool size=40  alpha=2.0
    self                 self_step_24117248             wr=0.43 (n=157)  pfsp_w=0.329
    self                 self_step_6291456              wr=0.45 (n=1809)  pfsp_w=0.300
    self                 self_step_16777216             wr=0.46 (n=564)  pfsp_w=0.292
    self                 self_step_5767168              wr=0.46 (n=2258)  pfsp_w=0.291
    self                 self_step_6815744              wr=0.46 (n=2139)  pfsp_w=0.289
    self                 self_step_15204352             wr=0.47 (n=795)  pfsp_w=0.280
    self                 self_step_5242880              wr=0.47 (n=2464)  pfsp_w=0.280
    self                 self_step_18350080             wr=0.47 (n=484)  pfsp_w=0.278
iter   769 | steps  25,198,592 | SPS     614 | r_p0 -0.391 r_p1 +0.882 | clip_frac 0.229(fire:0.002) | KL 0.0069 | H_fire 0.181 H_ang 0.00 H_ship 3.43 | V_loss 0.2830 | LR 0.000096 | early_stop=0 | fire[0]=0.29 fire[rest_max]=0.66 srcs_multi=4.53 ship0=0.02 meanshipbin=22.1 avgfleet=100.2 p90fleet=231.3 | Vμ=-0.132 Vσ=1.716 Rμ=-0.145 Rσ=1.841 Aσ=0.553 rewμ=+0.0031 rewσ=0.1319 rewNZ=0.372 featσ[p/f/g/pw]=0.445/0.375/0.433/0.358
iter   770 | steps  25,231,360 | SPS     614 | r_p0 -0.317 r_p1 +0.809 | clip_frac 0.234(fire:0.004) | KL 0.0155 | H_fire 0.279 H_ang 0.00 H_ship 3.40 | V_loss 0.5282 | LR 0.000096 | early_stop=0 | fire[0]=0.37 fire[rest_max]=0.62 srcs_multi=6.26 ship0=0.00 meanshipbin=22.6 avgfleet=92.2 p90fleet=211.6 | Vμ=+0.921 Vσ=1.921 Rμ=+0.824 Rσ=1.965 Aσ=0.744 rewμ=+0.0118 rewσ=0.1410 rewNZ=0.532 featσ[p/f/g/pw]=0.443/0.354/0.448/0.400
iter   771 | steps  25,264,128 | SPS     614 | r_p0 -0.343 r_p1 +0.834 | clip_frac 0.235(fire:0.002) | KL 0.0076 | H_fire 0.174 H_ang 0.00 H_ship 3.43 | V_loss 0.2877 | LR 0.000096 | early_stop=0 | fire[0]=0.26 fire[rest_max]=0.65 srcs_multi=4.02 ship0=0.02 meanshipbin=22.3 avgfleet=99.5 p90fleet=217.4 | Vμ=-0.177 Vσ=1.738 Rμ=-0.138 Rσ=1.863 Aσ=0.555 rewμ=+0.0019 rewσ=0.1276 rewNZ=0.353 featσ[p/f/g/pw]=0.448/0.367/0.430/0.362
iter   772 | steps  25,296,896 | SPS     614 | r_p0 -0.389 r_p1 +0.885 | clip_frac 0.238(fire:0.002) | KL 0.0101 | H_fire 0.282 H_ang 0.00 H_ship 3.42 | V_loss 0.2822 | LR 0.000096 | early_stop=0 | fire[0]=0.41 fire[rest_max]=0.69 srcs_multi=7.11 ship0=0.01 meanshipbin=22.0 avgfleet=106.9 p90fleet=251.0 | Vμ=+0.867 Vσ=1.805 Rμ=+0.905 Rσ=1.908 Aσ=0.550 rewμ=+0.0113 rewσ=0.1313 rewNZ=0.523 featσ[p/f/g/pw]=0.441/0.374/0.455/0.404
iter   773 | steps  25,329,664 | SPS     614 | r_p0 -0.378 r_p1 +0.875 | clip_frac 0.242(fire:0.003) | KL 0.0128 | H_fire 0.282 H_ang 0.00 H_ship 3.41 | V_loss 0.6592 | LR 0.000096 | early_stop=0 | fire[0]=0.39 fire[rest_max]=0.67 srcs_multi=6.80 ship0=0.00 meanshipbin=21.3 avgfleet=95.5 p90fleet=224.8 | Vμ=+0.978 Vσ=1.900 Rμ=+0.883 Rσ=1.981 Aσ=0.832 rewμ=+0.0134 rewσ=0.1425 rewNZ=0.533 featσ[p/f/g/pw]=0.436/0.354/0.449/0.398
iter   774 | steps  25,362,432 | SPS     614 | r_p0 -0.491 r_p1 +0.987 | clip_frac 0.244(fire:0.004) | KL 0.0132 | H_fire 0.171 H_ang 0.00 H_ship 3.43 | V_loss 0.5126 | LR 0.000096 | early_stop=0 | fire[0]=0.26 fire[rest_max]=0.69 srcs_multi=4.06 ship0=0.01 meanshipbin=21.9 avgfleet=100.7 p90fleet=212.5 | Vμ=-0.090 Vσ=1.869 Rμ=-0.016 Rσ=1.952 Aσ=0.721 rewμ=+0.0047 rewσ=0.1297 rewNZ=0.354 featσ[p/f/g/pw]=0.445/0.354/0.429/0.360
iter   775 | steps  25,395,200 | SPS     614 | r_p0 -0.314 r_p1 +0.810 | clip_frac 0.247(fire:0.003) | KL 0.0086 | H_fire 0.277 H_ang 0.00 H_ship 3.42 | V_loss 0.3461 | LR 0.000096 | early_stop=0 | fire[0]=0.39 fire[rest_max]=0.68 srcs_multi=6.67 ship0=0.01 meanshipbin=21.5 avgfleet=101.8 p90fleet=228.9 | Vμ=+0.801 Vσ=2.000 Rμ=+0.773 Rσ=2.068 Aσ=0.606 rewμ=+0.0122 rewσ=0.1341 rewNZ=0.532 featσ[p/f/g/pw]=0.445/0.384/0.445/0.404
iter   776 | steps  25,427,968 | SPS     614 | r_p0 -0.364 r_p1 +0.859 | clip_frac 0.249(fire:0.002) | KL 0.0090 | H_fire 0.272 H_ang 0.00 H_ship 3.41 | V_loss 0.4358 | LR 0.000096 | early_stop=0 | fire[0]=0.38 fire[rest_max]=0.67 srcs_multi=6.74 ship0=0.00 meanshipbin=22.1 avgfleet=104.4 p90fleet=241.1 | Vμ=+0.826 Vσ=2.002 Rμ=+0.736 Rσ=2.020 Aσ=0.678 rewμ=+0.0107 rewσ=0.1417 rewNZ=0.517 featσ[p/f/g/pw]=0.444/0.370/0.453/0.404
iter   777 | steps  25,460,736 | SPS     614 | r_p0 -0.280 r_p1 +0.773 | clip_frac 0.253(fire:0.002) | KL 0.0094 | H_fire 0.273 H_ang 0.00 H_ship 3.42 | V_loss 0.3232 | LR 0.000096 | early_stop=0 | fire[0]=0.38 fire[rest_max]=0.68 srcs_multi=6.67 ship0=0.00 meanshipbin=21.4 avgfleet=99.8 p90fleet=230.2 | Vμ=+0.785 Vσ=1.925 Rμ=+0.783 Rσ=2.018 Aσ=0.589 rewμ=+0.0106 rewσ=0.1320 rewNZ=0.517 featσ[p/f/g/pw]=0.442/0.369/0.449/0.400
iter   778 | steps  25,493,504 | SPS     614 | r_p0 -0.293 r_p1 +0.785 | clip_frac 0.251(fire:0.003) | KL 0.0070 | H_fire 0.148 H_ang 0.00 H_ship 3.43 | V_loss 0.3391 | LR 0.000096 | early_stop=0 | fire[0]=0.24 fire[rest_max]=0.67 srcs_multi=3.44 ship0=0.01 meanshipbin=21.2 avgfleet=94.9 p90fleet=206.7 | Vμ=-0.372 Vσ=1.849 Rμ=-0.367 Rσ=1.930 Aσ=0.599 rewμ=+0.0029 rewσ=0.1291 rewNZ=0.322 featσ[p/f/g/pw]=0.444/0.362/0.425/0.338
iter   779 | steps  25,526,272 | SPS     614 | r_p0 -0.529 r_p1 +1.026 | clip_frac 0.255(fire:0.002) | KL 0.0135 | H_fire 0.308 H_ang 0.00 H_ship 3.41 | V_loss 0.5160 | LR 0.000096 | early_stop=0 | fire[0]=0.41 fire[rest_max]=0.67 srcs_multi=7.47 ship0=0.00 meanshipbin=22.1 avgfleet=94.8 p90fleet=216.8 | Vμ=+0.967 Vσ=2.008 Rμ=+0.880 Rσ=2.048 Aσ=0.732 rewμ=+0.0144 rewσ=0.1437 rewNZ=0.576 featσ[p/f/g/pw]=0.445/0.375/0.457/0.414
iter   780 | steps  25,559,040 | SPS     614 | r_p0 -0.543 r_p1 +1.041 | clip_frac 0.256(fire:0.005) | KL 0.0129 | H_fire 0.160 H_ang 0.00 H_ship 3.42 | V_loss 0.5207 | LR 0.000096 | early_stop=0 | fire[0]=0.25 fire[rest_max]=0.68 srcs_multi=4.01 ship0=0.01 meanshipbin=22.4 avgfleet=97.9 p90fleet=219.4 | Vμ=-0.247 Vσ=1.932 Rμ=-0.129 Rσ=2.092 Aσ=0.736 rewμ=+0.0041 rewσ=0.1328 rewNZ=0.348 featσ[p/f/g/pw]=0.449/0.355/0.429/0.352
iter   781 | steps  25,591,808 | SPS     614 | r_p0 -0.364 r_p1 +0.861 | clip_frac 0.255(fire:0.004) | KL 0.0115 | H_fire 0.164 H_ang 0.00 H_ship 3.43 | V_loss 0.4046 | LR 0.000096 | early_stop=0 | fire[0]=0.29 fire[rest_max]=0.72 srcs_multi=4.32 ship0=0.01 meanshipbin=21.1 avgfleet=100.5 p90fleet=225.0 | Vμ=-0.228 Vσ=1.875 Rμ=-0.178 Rσ=1.940 Aσ=0.654 rewμ=+0.0042 rewσ=0.1339 rewNZ=0.361 featσ[p/f/g/pw]=0.450/0.378/0.434/0.359
iter   782 | steps  25,624,576 | SPS     614 | r_p0 -0.348 r_p1 +0.846 | clip_frac 0.252(fire:0.003) | KL 0.0068 | H_fire 0.146 H_ang 0.00 H_ship 3.43 | V_loss 0.3020 | LR 0.000096 | early_stop=0 | fire[0]=0.27 fire[rest_max]=0.72 srcs_multi=3.92 ship0=0.03 meanshipbin=19.1 avgfleet=103.6 p90fleet=234.2 | Vμ=-0.360 Vσ=1.796 Rμ=-0.331 Rσ=1.863 Aσ=0.569 rewμ=+0.0019 rewσ=0.1305 rewNZ=0.334 featσ[p/f/g/pw]=0.450/0.376/0.428/0.347
iter   783 | steps  25,657,344 | SPS     615 | r_p0 -0.525 r_p1 +1.022 | clip_frac 0.251(fire:0.005) | KL 0.0127 | H_fire 0.144 H_ang 0.00 H_ship 3.43 | V_loss 0.3332 | LR 0.000096 | early_stop=0 | fire[0]=0.27 fire[rest_max]=0.74 srcs_multi=3.98 ship0=0.05 meanshipbin=18.9 avgfleet=107.9 p90fleet=230.8 | Vμ=-0.373 Vσ=1.667 Rμ=-0.310 Rσ=1.722 Aσ=0.601 rewμ=+0.0014 rewσ=0.1224 rewNZ=0.322 featσ[p/f/g/pw]=0.445/0.353/0.430/0.346
iter   784 | steps  25,690,112 | SPS     615 | r_p0 -0.568 r_p1 +1.063 | clip_frac 0.253(fire:0.004) | KL 0.0098 | H_fire 0.148 H_ang 0.00 H_ship 3.43 | V_loss 0.4031 | LR 0.000096 | early_stop=0 | fire[0]=0.27 fire[rest_max]=0.74 srcs_multi=4.03 ship0=0.09 meanshipbin=17.6 avgfleet=98.1 p90fleet=213.6 | Vμ=-0.349 Vσ=1.716 Rμ=-0.311 Rσ=1.812 Aσ=0.649 rewμ=+0.0018 rewσ=0.1275 rewNZ=0.352 featσ[p/f/g/pw]=0.444/0.363/0.426/0.348
  saved checkpoints/torch_step_25690112_rev38_20260605_181635.pt
  saved checkpoints/pool_step_25690112_rev38_20260605_181635.pt (40 members)
  pool snapshot @ step 25,690,112
  pool size=40  alpha=2.0
    self                 self_step_24117248             wr=0.36 (n=244)  pfsp_w=0.409
    self                 self_step_6291456              wr=0.44 (n=1886)  pfsp_w=0.312
    self                 self_step_16777216             wr=0.46 (n=564)  pfsp_w=0.292
    self                 self_step_5767168              wr=0.46 (n=2258)  pfsp_w=0.291
    self                 self_step_6815744              wr=0.46 (n=2139)  pfsp_w=0.289
    self                 self_step_5242880              wr=0.47 (n=2464)  pfsp_w=0.280
    self                 self_step_20971520             wr=0.47 (n=624)  pfsp_w=0.276
    self                 self_step_18350080             wr=0.48 (n=644)  pfsp_w=0.266
iter   785 | steps  25,722,880 | SPS     615 | r_p0 -0.445 r_p1 +0.939 | clip_frac 0.254(fire:0.003) | KL 0.0081 | H_fire 0.153 H_ang 0.00 H_ship 3.43 | V_loss 0.3489 | LR 0.000096 | early_stop=0 | fire[0]=0.32 fire[rest_max]=0.77 srcs_multi=4.68 ship0=0.26 meanshipbin=14.3 avgfleet=100.2 p90fleet=226.0 | Vμ=-0.372 Vσ=1.656 Rμ=-0.323 Rσ=1.750 Aσ=0.607 rewμ=+0.0015 rewσ=0.1331 rewNZ=0.364 featσ[p/f/g/pw]=0.447/0.396/0.430/0.352
iter   786 | steps  25,755,648 | SPS     615 | r_p0 -0.504 r_p1 +0.998 | clip_frac 0.257(fire:0.007) | KL 0.0239 | H_fire 0.252 H_ang 0.00 H_ship 3.40 | V_loss 0.4569 | LR 0.000096 | early_stop=0 | fire[0]=0.42 fire[rest_max]=0.76 srcs_multi=7.11 ship0=0.30 meanshipbin=13.1 avgfleet=93.6 p90fleet=230.9 | Vμ=+0.746 Vσ=1.892 Rμ=+0.641 Rσ=1.889 Aσ=0.694 rewμ=+0.0110 rewσ=0.1441 rewNZ=0.540 featσ[p/f/g/pw]=0.441/0.384/0.445/0.404
iter   787 | steps  25,788,416 | SPS     615 | r_p0 -0.440 r_p1 +0.934 | clip_frac 0.256(fire:0.002) | KL 0.0087 | H_fire 0.172 H_ang 0.00 H_ship 3.43 | V_loss 0.2877 | LR 0.000096 | early_stop=0 | fire[0]=0.29 fire[rest_max]=0.76 srcs_multi=4.75 ship0=0.17 meanshipbin=14.8 avgfleet=98.9 p90fleet=217.7 | Vμ=-0.302 Vσ=1.658 Rμ=-0.264 Rσ=1.732 Aσ=0.558 rewμ=+0.0023 rewσ=0.1248 rewNZ=0.383 featσ[p/f/g/pw]=0.445/0.401/0.428/0.365
iter   788 | steps  25,821,184 | SPS     615 | r_p0 -0.330 r_p1 +0.825 | clip_frac 0.255(fire:0.003) | KL 0.0082 | H_fire 0.161 H_ang 0.00 H_ship 3.43 | V_loss 0.3023 | LR 0.000096 | early_stop=0 | fire[0]=0.31 fire[rest_max]=0.77 srcs_multi=4.83 ship0=0.20 meanshipbin=15.0 avgfleet=102.4 p90fleet=228.5 | Vμ=-0.276 Vσ=1.625 Rμ=-0.294 Rσ=1.695 Aσ=0.568 rewμ=+0.0013 rewσ=0.1309 rewNZ=0.370 featσ[p/f/g/pw]=0.446/0.397/0.432/0.357
iter   789 | steps  25,853,952 | SPS     615 | r_p0 -0.367 r_p1 +0.860 | clip_frac 0.259(fire:0.012) | KL 0.0207 | H_fire 0.252 H_ang 0.00 H_ship 3.41 | V_loss 0.7620 | LR 0.000096 | early_stop=0 | fire[0]=0.42 fire[rest_max]=0.76 srcs_multi=7.25 ship0=0.16 meanshipbin=17.2 avgfleet=93.0 p90fleet=227.4 | Vμ=+0.661 Vσ=1.796 Rμ=+0.394 Rσ=1.799 Aσ=0.883 rewμ=+0.0088 rewσ=0.1460 rewNZ=0.546 featσ[p/f/g/pw]=0.440/0.377/0.442/0.401
iter   790 | steps  25,886,720 | SPS     615 | r_p0 -0.182 r_p1 +0.669 | clip_frac 0.264(fire:0.003) | KL 0.0133 | H_fire 0.258 H_ang 0.00 H_ship 3.42 | V_loss 0.3657 | LR 0.000096 | early_stop=0 | fire[0]=0.41 fire[rest_max]=0.74 srcs_multi=7.17 ship0=0.16 meanshipbin=16.7 avgfleet=88.8 p90fleet=184.0 | Vμ=+0.259 Vσ=1.709 Rμ=+0.218 Rσ=1.761 Aσ=0.625 rewμ=+0.0061 rewσ=0.1300 rewNZ=0.552 featσ[p/f/g/pw]=0.442/0.413/0.433/0.401
iter   791 | steps  25,919,488 | SPS     615 | r_p0 +0.016 r_p1 +0.465 | clip_frac 0.268(fire:0.011) | KL 0.0270 | H_fire 0.260 H_ang 0.00 H_ship 3.41 | V_loss 0.5003 | LR 0.000096 | early_stop=0 | fire[0]=0.43 fire[rest_max]=0.73 srcs_multi=7.36 ship0=0.07 meanshipbin=17.9 avgfleet=102.7 p90fleet=233.8 | Vμ=+0.268 Vσ=1.698 Rμ=+0.140 Rσ=1.758 Aσ=0.729 rewμ=+0.0048 rewσ=0.1338 rewNZ=0.545 featσ[p/f/g/pw]=0.444/0.413/0.441/0.406
iter   792 | steps  25,952,256 | SPS     615 | r_p0 +0.043 r_p1 +0.439 | clip_frac 0.268(fire:0.004) | KL 0.0111 | H_fire 0.176 H_ang 0.00 H_ship 3.43 | V_loss 0.3259 | LR 0.000096 | early_stop=0 | fire[0]=0.28 fire[rest_max]=0.72 srcs_multi=4.60 ship0=0.07 meanshipbin=18.4 avgfleet=96.7 p90fleet=226.2 | Vμ=-0.285 Vσ=1.522 Rμ=-0.287 Rσ=1.625 Aσ=0.588 rewμ=+0.0033 rewσ=0.1286 rewNZ=0.382 featσ[p/f/g/pw]=0.444/0.392/0.432/0.372
iter   793 | steps  25,985,024 | SPS     615 | r_p0 -0.118 r_p1 +0.602 | clip_frac 0.273(fire:0.004) | KL 0.0232 | H_fire 0.290 H_ang 0.00 H_ship 3.40 | V_loss 0.4104 | LR 0.000096 | early_stop=0 | fire[0]=0.43 fire[rest_max]=0.69 srcs_multi=7.68 ship0=0.04 meanshipbin=19.9 avgfleet=98.2 p90fleet=229.5 | Vμ=+0.459 Vσ=1.629 Rμ=+0.383 Rσ=1.694 Aσ=0.665 rewμ=+0.0092 rewσ=0.1429 rewNZ=0.571 featσ[p/f/g/pw]=0.442/0.385/0.448/0.414
iter   794 | steps  26,017,792 | SPS     615 | r_p0 -0.279 r_p1 +0.764 | clip_frac 0.277(fire:0.005) | KL 0.0184 | H_fire 0.271 H_ang 0.00 H_ship 3.40 | V_loss 0.5367 | LR 0.000096 | early_stop=0 | fire[0]=0.39 fire[rest_max]=0.66 srcs_multi=6.50 ship0=0.04 meanshipbin=20.5 avgfleet=90.5 p90fleet=218.5 | Vμ=+0.120 Vσ=1.783 Rμ=+0.017 Rσ=1.873 Aσ=0.756 rewμ=+0.0057 rewσ=0.1400 rewNZ=0.552 featσ[p/f/g/pw]=0.444/0.391/0.434/0.401
iter   795 | steps  26,050,560 | SPS     615 | r_p0 +0.021 r_p1 +0.466 | clip_frac 0.279(fire:0.003) | KL 0.0130 | H_fire 0.246 H_ang 0.00 H_ship 3.40 | V_loss 0.3880 | LR 0.000096 | early_stop=0 | fire[0]=0.39 fire[rest_max]=0.65 srcs_multi=6.34 ship0=0.02 meanshipbin=20.3 avgfleet=96.4 p90fleet=225.9 | Vμ=+0.203 Vσ=1.763 Rμ=+0.154 Rσ=1.834 Aσ=0.646 rewμ=+0.0054 rewσ=0.1354 rewNZ=0.492 featσ[p/f/g/pw]=0.444/0.382/0.440/0.389
iter   796 | steps  26,083,328 | SPS     615 | r_p0 +0.159 r_p1 +0.329 | clip_frac 0.279(fire:0.003) | KL 0.0086 | H_fire 0.189 H_ang 0.00 H_ship 3.43 | V_loss 0.2899 | LR 0.000096 | early_stop=0 | fire[0]=0.26 fire[rest_max]=0.65 srcs_multi=4.39 ship0=0.02 meanshipbin=21.6 avgfleet=105.8 p90fleet=223.7 | Vμ=-0.121 Vσ=1.487 Rμ=-0.039 Rσ=1.610 Aσ=0.562 rewμ=+0.0055 rewσ=0.1255 rewNZ=0.374 featσ[p/f/g/pw]=0.442/0.358/0.436/0.377
iter   797 | steps  26,116,096 | SPS     615 | r_p0 +0.027 r_p1 +0.461 | clip_frac 0.279(fire:0.005) | KL 0.0125 | H_fire 0.191 H_ang 0.00 H_ship 3.43 | V_loss 0.2766 | LR 0.000096 | early_stop=0 | fire[0]=0.27 fire[rest_max]=0.64 srcs_multi=4.44 ship0=0.02 meanshipbin=21.5 avgfleet=104.4 p90fleet=229.5 | Vμ=-0.290 Vσ=1.424 Rμ=-0.247 Rσ=1.601 Aσ=0.554 rewμ=+0.0023 rewσ=0.1267 rewNZ=0.392 featσ[p/f/g/pw]=0.444/0.385/0.430/0.367
iter   798 | steps  26,148,864 | SPS     615 | r_p0 -0.237 r_p1 +0.726 | clip_frac 0.280(fire:0.005) | KL 0.0182 | H_fire 0.179 H_ang 0.00 H_ship 3.43 | V_loss 0.2577 | LR 0.000096 | early_stop=0 | fire[0]=0.29 fire[rest_max]=0.66 srcs_multi=4.55 ship0=0.02 meanshipbin=21.1 avgfleet=108.0 p90fleet=236.2 | Vμ=-0.273 Vσ=1.523 Rμ=-0.232 Rσ=1.637 Aσ=0.527 rewμ=+0.0027 rewσ=0.1270 rewNZ=0.375 featσ[p/f/g/pw]=0.445/0.384/0.434/0.360
iter   799 | steps  26,181,632 | SPS     615 | r_p0 -0.357 r_p1 +0.845 | clip_frac 0.280(fire:0.003) | KL 0.0079 | H_fire 0.158 H_ang 0.00 H_ship 3.43 | V_loss 0.2491 | LR 0.000096 | early_stop=0 | fire[0]=0.25 fire[rest_max]=0.65 srcs_multi=3.58 ship0=0.02 meanshipbin=20.0 avgfleet=99.8 p90fleet=231.0 | Vμ=-0.361 Vσ=1.582 Rμ=-0.377 Rσ=1.692 Aσ=0.519 rewμ=+0.0018 rewσ=0.1280 rewNZ=0.344 featσ[p/f/g/pw]=0.446/0.380/0.424/0.350
iter   800 | steps  26,214,400 | SPS     615 | r_p0 -0.479 r_p1 +0.968 | clip_frac 0.281(fire:0.003) | KL 0.0079 | H_fire 0.151 H_ang 0.00 H_ship 3.43 | V_loss 0.3140 | LR 0.000096 | early_stop=0 | fire[0]=0.27 fire[rest_max]=0.66 srcs_multi=3.64 ship0=0.03 meanshipbin=20.3 avgfleet=103.6 p90fleet=235.4 | Vμ=-0.336 Vσ=1.641 Rμ=-0.278 Rσ=1.747 Aσ=0.577 rewμ=+0.0018 rewσ=0.1311 rewNZ=0.334 featσ[p/f/g/pw]=0.449/0.378/0.426/0.342
  saved checkpoints/torch_step_26214400_rev38_20260605_181635.pt
  saved checkpoints/pool_step_26214400_rev38_20260605_181635.pt (40 members)
  pool snapshot @ step 26,214,400
  pool size=40  alpha=2.0
    self                 self_step_24117248             wr=0.36 (n=244)  pfsp_w=0.409
    self                 self_step_22544384             wr=0.42 (n=149)  pfsp_w=0.333
    self                 self_step_6291456              wr=0.45 (n=1966)  pfsp_w=0.298
    self                 self_step_16777216             wr=0.46 (n=564)  pfsp_w=0.292
    self                 self_step_5767168              wr=0.46 (n=2258)  pfsp_w=0.291
    self                 self_step_6815744              wr=0.47 (n=2300)  pfsp_w=0.280
    self                 self_step_20971520             wr=0.47 (n=694)  pfsp_w=0.280
    self                 self_step_10485760             wr=0.47 (n=1500)  pfsp_w=0.279
iter   801 | steps  26,247,168 | SPS     615 | r_p0 -0.542 r_p1 +1.034 | clip_frac 0.280(fire:0.004) | KL 0.0090 | H_fire 0.153 H_ang 0.00 H_ship 3.43 | V_loss 0.2426 | LR 0.000096 | early_stop=0 | fire[0]=0.24 fire[rest_max]=0.66 srcs_multi=3.44 ship0=0.02 meanshipbin=20.5 avgfleet=95.5 p90fleet=211.8 | Vμ=-0.358 Vσ=1.652 Rμ=-0.352 Rσ=1.715 Aσ=0.515 rewμ=+0.0024 rewσ=0.1278 rewNZ=0.343 featσ[p/f/g/pw]=0.444/0.363/0.424/0.350
iter   802 | steps  26,279,936 | SPS     615 | r_p0 -0.496 r_p1 +0.985 | clip_frac 0.285(fire:0.002) | KL 0.0110 | H_fire 0.317 H_ang 0.00 H_ship 3.41 | V_loss 0.3720 | LR 0.000096 | early_stop=0 | fire[0]=0.42 fire[rest_max]=0.65 srcs_multi=7.57 ship0=0.01 meanshipbin=19.5 avgfleet=102.9 p90fleet=233.2 | Vμ=+0.775 Vσ=1.679 Rμ=+0.767 Rσ=1.728 Aσ=0.636 rewμ=+0.0125 rewσ=0.1336 rewNZ=0.588 featσ[p/f/g/pw]=0.444/0.394/0.455/0.421
iter   803 | steps  26,312,704 | SPS     615 | r_p0 -0.583 r_p1 +1.070 | clip_frac 0.289(fire:0.003) | KL 0.0120 | H_fire 0.280 H_ang 0.00 H_ship 3.41 | V_loss 0.4313 | LR 0.000096 | early_stop=0 | fire[0]=0.40 fire[rest_max]=0.67 srcs_multi=6.75 ship0=0.01 meanshipbin=21.5 avgfleet=99.5 p90fleet=234.4 | Vμ=+0.699 Vσ=1.850 Rμ=+0.681 Rσ=1.949 Aσ=0.680 rewμ=+0.0122 rewσ=0.1403 rewNZ=0.555 featσ[p/f/g/pw]=0.444/0.371/0.451/0.410
iter   804 | steps  26,345,472 | SPS     615 | r_p0 -0.507 r_p1 +0.998 | clip_frac 0.293(fire:0.004) | KL 0.0189 | H_fire 0.272 H_ang 0.00 H_ship 3.41 | V_loss 0.4712 | LR 0.000096 | early_stop=0 | fire[0]=0.38 fire[rest_max]=0.65 srcs_multi=6.24 ship0=0.01 meanshipbin=22.4 avgfleet=99.5 p90fleet=227.0 | Vμ=+0.397 Vσ=1.783 Rμ=+0.308 Rσ=1.824 Aσ=0.707 rewμ=+0.0079 rewσ=0.1446 rewNZ=0.548 featσ[p/f/g/pw]=0.446/0.388/0.446/0.406
iter   805 | steps  26,378,240 | SPS     615 | r_p0 -0.242 r_p1 +0.737 | clip_frac 0.296(fire:0.006) | KL 0.0178 | H_fire 0.251 H_ang 0.00 H_ship 3.40 | V_loss 0.4719 | LR 0.000096 | early_stop=0 | fire[0]=0.36 fire[rest_max]=0.62 srcs_multi=5.61 ship0=0.01 meanshipbin=23.0 avgfleet=107.5 p90fleet=249.4 | Vμ=+0.374 Vσ=1.807 Rμ=+0.338 Rσ=1.905 Aσ=0.706 rewμ=+0.0073 rewσ=0.1367 rewNZ=0.505 featσ[p/f/g/pw]=0.444/0.362/0.446/0.401
iter   806 | steps  26,411,008 | SPS     615 | r_p0 -0.051 r_p1 +0.543 | clip_frac 0.298(fire:0.004) | KL 0.0103 | H_fire 0.206 H_ang 0.00 H_ship 3.43 | V_loss 0.2849 | LR 0.000096 | early_stop=0 | fire[0]=0.28 fire[rest_max]=0.63 srcs_multi=4.52 ship0=0.02 meanshipbin=23.7 avgfleet=102.8 p90fleet=231.1 | Vμ=-0.182 Vσ=1.616 Rμ=-0.154 Rσ=1.744 Aσ=0.549 rewμ=+0.0037 rewσ=0.1286 rewNZ=0.411 featσ[p/f/g/pw]=0.447/0.388/0.433/0.377
iter   807 | steps  26,443,776 | SPS     615 | r_p0 -0.100 r_p1 +0.594 | clip_frac 0.296(fire:0.004) | KL 0.0088 | H_fire 0.158 H_ang 0.00 H_ship 3.43 | V_loss 0.2525 | LR 0.000096 | early_stop=0 | fire[0]=0.26 fire[rest_max]=0.64 srcs_multi=3.75 ship0=0.03 meanshipbin=22.2 avgfleet=103.5 p90fleet=231.2 | Vμ=-0.327 Vσ=1.579 Rμ=-0.298 Rσ=1.698 Aσ=0.517 rewμ=+0.0025 rewσ=0.1315 rewNZ=0.338 featσ[p/f/g/pw]=0.445/0.369/0.431/0.350
iter   808 | steps  26,476,544 | SPS     615 | r_p0 -0.348 r_p1 +0.841 | clip_frac 0.295(fire:0.003) | KL 0.0080 | H_fire 0.146 H_ang 0.00 H_ship 3.43 | V_loss 0.2912 | LR 0.000096 | early_stop=0 | fire[0]=0.23 fire[rest_max]=0.63 srcs_multi=3.03 ship0=0.03 meanshipbin=22.3 avgfleet=96.5 p90fleet=207.3 | Vμ=-0.428 Vσ=1.641 Rμ=-0.405 Rσ=1.793 Aσ=0.555 rewμ=+0.0011 rewσ=0.1306 rewNZ=0.328 featσ[p/f/g/pw]=0.449/0.374/0.421/0.342
iter   809 | steps  26,509,312 | SPS     615 | r_p0 -0.589 r_p1 +1.081 | clip_frac 0.296(fire:0.003) | KL 0.0116 | H_fire 0.316 H_ang 0.00 H_ship 3.40 | V_loss 0.4027 | LR 0.000096 | early_stop=0 | fire[0]=0.40 fire[rest_max]=0.62 srcs_multi=6.77 ship0=0.01 meanshipbin=21.3 avgfleet=99.0 p90fleet=234.2 | Vμ=+0.961 Vσ=1.775 Rμ=+0.946 Rσ=1.850 Aσ=0.652 rewμ=+0.0140 rewσ=0.1453 rewNZ=0.596 featσ[p/f/g/pw]=0.445/0.361/0.462/0.422
iter   810 | steps  26,542,080 | SPS     615 | r_p0 -0.600 r_p1 +1.097 | clip_frac 0.296(fire:0.005) | KL 0.0102 | H_fire 0.155 H_ang 0.00 H_ship 3.43 | V_loss 0.4229 | LR 0.000096 | early_stop=0 | fire[0]=0.23 fire[rest_max]=0.61 srcs_multi=2.96 ship0=0.03 meanshipbin=21.0 avgfleet=103.3 p90fleet=228.6 | Vμ=-0.261 Vσ=1.757 Rμ=-0.184 Rσ=1.913 Aσ=0.666 rewμ=+0.0022 rewσ=0.1275 rewNZ=0.330 featσ[p/f/g/pw]=0.450/0.354/0.426/0.353
iter   811 | steps  26,574,848 | SPS     615 | r_p0 -0.463 r_p1 +0.957 | clip_frac 0.293(fire:0.003) | KL 0.0082 | H_fire 0.171 H_ang 0.00 H_ship 3.43 | V_loss 0.2461 | LR 0.000096 | early_stop=0 | fire[0]=0.26 fire[rest_max]=0.63 srcs_multi=3.76 ship0=0.02 meanshipbin=21.5 avgfleet=105.4 p90fleet=232.8 | Vμ=-0.212 Vσ=1.698 Rμ=-0.234 Rσ=1.813 Aσ=0.515 rewμ=+0.0028 rewσ=0.1318 rewNZ=0.357 featσ[p/f/g/pw]=0.449/0.358/0.437/0.358
iter   812 | steps  26,607,616 | SPS     615 | r_p0 -0.364 r_p1 +0.859 | clip_frac 0.294(fire:0.004) | KL 0.0150 | H_fire 0.286 H_ang 0.00 H_ship 3.40 | V_loss 0.5050 | LR 0.000096 | early_stop=0 | fire[0]=0.37 fire[rest_max]=0.61 srcs_multi=5.80 ship0=0.01 meanshipbin=21.1 avgfleet=95.0 p90fleet=224.8 | Vμ=+0.900 Vσ=1.865 Rμ=+0.846 Rσ=1.892 Aσ=0.729 rewμ=+0.0130 rewσ=0.1417 rewNZ=0.554 featσ[p/f/g/pw]=0.442/0.353/0.450/0.407
iter   813 | steps  26,640,384 | SPS     615 | r_p0 -0.464 r_p1 +0.962 | clip_frac 0.297(fire:0.003) | KL 0.0136 | H_fire 0.287 H_ang 0.00 H_ship 3.40 | V_loss 0.4193 | LR 0.000096 | early_stop=0 | fire[0]=0.35 fire[rest_max]=0.60 srcs_multi=5.54 ship0=0.01 meanshipbin=20.9 avgfleet=90.4 p90fleet=203.4 | Vμ=+0.745 Vσ=1.852 Rμ=+0.716 Rσ=1.955 Aσ=0.670 rewμ=+0.0119 rewσ=0.1397 rewNZ=0.549 featσ[p/f/g/pw]=0.441/0.363/0.448/0.403
iter   814 | steps  26,673,152 | SPS     615 | r_p0 -0.415 r_p1 +0.906 | clip_frac 0.293(fire:0.004) | KL 0.0096 | H_fire 0.164 H_ang 0.00 H_ship 3.42 | V_loss 0.4548 | LR 0.000096 | early_stop=0 | fire[0]=0.26 fire[rest_max]=0.61 srcs_multi=3.60 ship0=0.02 meanshipbin=21.2 avgfleet=95.5 p90fleet=208.8 | Vμ=-0.173 Vσ=1.743 Rμ=-0.139 Rσ=1.846 Aσ=0.694 rewμ=+0.0036 rewσ=0.1359 rewNZ=0.350 featσ[p/f/g/pw]=0.442/0.346/0.433/0.347
iter   815 | steps  26,705,920 | SPS     615 | r_p0 -0.340 r_p1 +0.832 | clip_frac 0.294(fire:0.003) | KL 0.0103 | H_fire 0.283 H_ang 0.00 H_ship 3.40 | V_loss 0.4845 | LR 0.000096 | early_stop=0 | fire[0]=0.36 fire[rest_max]=0.60 srcs_multi=5.43 ship0=0.01 meanshipbin=21.4 avgfleet=93.1 p90fleet=216.0 | Vμ=+0.741 Vσ=1.914 Rμ=+0.710 Rσ=1.986 Aσ=0.712 rewμ=+0.0118 rewσ=0.1402 rewNZ=0.549 featσ[p/f/g/pw]=0.439/0.350/0.446/0.399
iter   816 | steps  26,738,688 | SPS     615 | r_p0 -0.379 r_p1 +0.877 | clip_frac 0.295(fire:0.004) | KL 0.0153 | H_fire 0.272 H_ang 0.00 H_ship 3.40 | V_loss 0.6220 | LR 0.000096 | early_stop=0 | fire[0]=0.37 fire[rest_max]=0.60 srcs_multi=5.64 ship0=0.01 meanshipbin=21.2 avgfleet=96.6 p90fleet=228.8 | Vμ=+0.610 Vσ=1.885 Rμ=+0.567 Rσ=1.954 Aσ=0.808 rewμ=+0.0113 rewσ=0.1452 rewNZ=0.529 featσ[p/f/g/pw]=0.439/0.354/0.452/0.398
  saved checkpoints/torch_step_26738688_rev38_20260605_181635.pt
  saved checkpoints/pool_step_26738688_rev38_20260605_181635.pt (40 members)
  pool snapshot @ step 26,738,688
  pool size=40  alpha=2.0
    self                 self_step_24117248             wr=0.36 (n=244)  pfsp_w=0.409
    self                 self_step_22544384             wr=0.42 (n=149)  pfsp_w=0.333
    self                 self_step_6291456              wr=0.45 (n=1966)  pfsp_w=0.298
    self                 self_step_23068672             wr=0.46 (n=500)  pfsp_w=0.296
    self                 self_step_16777216             wr=0.46 (n=564)  pfsp_w=0.292
    self                 self_step_20971520             wr=0.47 (n=694)  pfsp_w=0.280
    self                 self_step_10485760             wr=0.47 (n=1500)  pfsp_w=0.279
    self                 self_step_18350080             wr=0.47 (n=865)  pfsp_w=0.277
iter   817 | steps  26,771,456 | SPS     615 | r_p0 -0.283 r_p1 +0.776 | clip_frac 0.295(fire:0.004) | KL 0.0114 | H_fire 0.242 H_ang 0.00 H_ship 3.40 | V_loss 0.5010 | LR 0.000096 | early_stop=0 | fire[0]=0.33 fire[rest_max]=0.58 srcs_multi=4.52 ship0=0.01 meanshipbin=21.3 avgfleet=90.0 p90fleet=206.3 | Vμ=+0.606 Vσ=1.994 Rμ=+0.624 Rσ=2.092 Aσ=0.723 rewμ=+0.0104 rewσ=0.1415 rewNZ=0.484 featσ[p/f/g/pw]=0.440/0.347/0.441/0.384
iter   818 | steps  26,804,224 | SPS     615 | r_p0 -0.005 r_p1 +0.495 | clip_frac 0.290(fire:0.003) | KL 0.0076 | H_fire 0.178 H_ang 0.00 H_ship 3.43 | V_loss 0.3044 | LR 0.000096 | early_stop=0 | fire[0]=0.26 fire[rest_max]=0.59 srcs_multi=3.56 ship0=0.02 meanshipbin=23.0 avgfleet=96.2 p90fleet=208.7 | Vμ=-0.239 Vσ=1.765 Rμ=-0.187 Rσ=1.898 Aσ=0.568 rewμ=+0.0042 rewσ=0.1331 rewNZ=0.366 featσ[p/f/g/pw]=0.446/0.358/0.435/0.359
iter   819 | steps  26,836,992 | SPS     615 | r_p0 -0.215 r_p1 +0.709 | clip_frac 0.289(fire:0.005) | KL 0.0085 | H_fire 0.143 H_ang 0.00 H_ship 3.43 | V_loss 0.3061 | LR 0.000096 | early_stop=0 | fire[0]=0.24 fire[rest_max]=0.63 srcs_multi=3.13 ship0=0.03 meanshipbin=24.9 avgfleet=100.5 p90fleet=223.5 | Vμ=-0.314 Vσ=1.721 Rμ=-0.291 Rσ=1.840 Aσ=0.570 rewμ=+0.0021 rewσ=0.1307 rewNZ=0.317 featσ[p/f/g/pw]=0.446/0.347/0.429/0.345
iter   820 | steps  26,869,760 | SPS     615 | r_p0 -0.504 r_p1 +1.001 | clip_frac 0.288(fire:0.004) | KL 0.0146 | H_fire 0.289 H_ang 0.00 H_ship 3.41 | V_loss 0.4318 | LR 0.000096 | early_stop=0 | fire[0]=0.35 fire[rest_max]=0.61 srcs_multi=5.58 ship0=0.01 meanshipbin=25.6 avgfleet=97.4 p90fleet=217.9 | Vμ=+0.835 Vσ=1.839 Rμ=+0.807 Rσ=1.911 Aσ=0.670 rewμ=+0.0124 rewσ=0.1389 rewNZ=0.544 featσ[p/f/g/pw]=0.437/0.351/0.453/0.401
iter   821 | steps  26,902,528 | SPS     615 | r_p0 -0.488 r_p1 +0.986 | clip_frac 0.289(fire:0.003) | KL 0.0146 | H_fire 0.247 H_ang 0.00 H_ship 3.40 | V_loss 0.6571 | LR 0.000096 | early_stop=0 | fire[0]=0.35 fire[rest_max]=0.60 srcs_multi=5.02 ship0=0.01 meanshipbin=24.1 avgfleet=91.6 p90fleet=213.0 | Vμ=+0.708 Vσ=1.982 Rμ=+0.649 Rσ=2.056 Aσ=0.826 rewμ=+0.0114 rewσ=0.1431 rewNZ=0.488 featσ[p/f/g/pw]=0.436/0.327/0.448/0.386
iter   822 | steps  26,935,296 | SPS     615 | r_p0 -0.339 r_p1 +0.835 | clip_frac 0.287(fire:0.004) | KL 0.0115 | H_fire 0.247 H_ang 0.00 H_ship 3.40 | V_loss 0.6018 | LR 0.000096 | early_stop=0 | fire[0]=0.32 fire[rest_max]=0.57 srcs_multi=4.37 ship0=0.01 meanshipbin=23.7 avgfleet=86.3 p90fleet=187.0 | Vμ=+0.596 Vσ=2.007 Rμ=+0.606 Rσ=2.140 Aσ=0.792 rewμ=+0.0111 rewσ=0.1420 rewNZ=0.485 featσ[p/f/g/pw]=0.441/0.346/0.438/0.383
iter   823 | steps  26,968,064 | SPS     616 | r_p0 -0.126 r_p1 +0.621 | clip_frac 0.284(fire:0.003) | KL 0.0114 | H_fire 0.252 H_ang 0.00 H_ship 3.40 | V_loss 0.4414 | LR 0.000096 | early_stop=0 | fire[0]=0.34 fire[rest_max]=0.58 srcs_multi=4.73 ship0=0.01 meanshipbin=23.6 avgfleet=95.1 p90fleet=221.6 | Vμ=+0.736 Vσ=1.931 Rμ=+0.787 Rσ=2.060 Aσ=0.682 rewμ=+0.0117 rewσ=0.1391 rewNZ=0.490 featσ[p/f/g/pw]=0.444/0.338/0.450/0.386
iter   824 | steps  27,000,832 | SPS     616 | r_p0 -0.202 r_p1 +0.697 | clip_frac 0.285(fire:0.004) | KL 0.0130 | H_fire 0.273 H_ang 0.00 H_ship 3.39 | V_loss 0.4799 | LR 0.000096 | early_stop=0 | fire[0]=0.37 fire[rest_max]=0.61 srcs_multi=5.56 ship0=0.01 meanshipbin=23.7 avgfleet=85.2 p90fleet=198.0 | Vμ=+0.950 Vσ=1.980 Rμ=+1.007 Rσ=2.149 Aσ=0.708 rewμ=+0.0146 rewσ=0.1479 rewNZ=0.537 featσ[p/f/g/pw]=0.442/0.338/0.448/0.392
iter   825 | steps  27,033,600 | SPS     616 | r_p0 -0.404 r_p1 +0.900 | clip_frac 0.281(fire:0.006) | KL 0.0130 | H_fire 0.165 H_ang 0.00 H_ship 3.42 | V_loss 0.3890 | LR 0.000096 | early_stop=0 | fire[0]=0.26 fire[rest_max]=0.61 srcs_multi=3.44 ship0=0.03 meanshipbin=23.7 avgfleet=87.6 p90fleet=195.6 | Vμ=-0.305 Vσ=1.822 Rμ=-0.264 Rσ=1.936 Aσ=0.640 rewμ=+0.0024 rewσ=0.1360 rewNZ=0.355 featσ[p/f/g/pw]=0.444/0.350/0.428/0.344
iter   826 | steps  27,066,368 | SPS     616 | r_p0 -0.348 r_p1 +0.845 | clip_frac 0.278(fire:0.005) | KL 0.0144 | H_fire 0.151 H_ang 0.00 H_ship 3.42 | V_loss 0.5777 | LR 0.000096 | early_stop=0 | fire[0]=0.25 fire[rest_max]=0.63 srcs_multi=3.36 ship0=0.02 meanshipbin=23.5 avgfleet=96.4 p90fleet=219.1 | Vμ=-0.214 Vσ=1.864 Rμ=-0.111 Rσ=2.017 Aσ=0.771 rewμ=+0.0045 rewσ=0.1395 rewNZ=0.341 featσ[p/f/g/pw]=0.445/0.328/0.430/0.344
iter   827 | steps  27,099,136 | SPS     616 | r_p0 -0.379 r_p1 +0.876 | clip_frac 0.277(fire:0.003) | KL 0.0112 | H_fire 0.289 H_ang 0.00 H_ship 3.40 | V_loss 0.6006 | LR 0.000096 | early_stop=0 | fire[0]=0.37 fire[rest_max]=0.62 srcs_multi=5.86 ship0=0.01 meanshipbin=23.1 avgfleet=93.1 p90fleet=216.3 | Vμ=+0.854 Vσ=2.016 Rμ=+0.858 Rσ=2.130 Aσ=0.794 rewμ=+0.0134 rewσ=0.1446 rewNZ=0.558 featσ[p/f/g/pw]=0.444/0.357/0.450/0.405
iter   828 | steps  27,131,904 | SPS     616 | r_p0 -0.380 r_p1 +0.879 | clip_frac 0.279(fire:0.003) | KL 0.0097 | H_fire 0.272 H_ang 0.00 H_ship 3.39 | V_loss 0.3725 | LR 0.000096 | early_stop=0 | fire[0]=0.40 fire[rest_max]=0.64 srcs_multi=6.20 ship0=0.01 meanshipbin=22.7 avgfleet=98.5 p90fleet=235.2 | Vμ=+0.941 Vσ=1.970 Rμ=+0.938 Rσ=2.081 Aσ=0.629 rewμ=+0.0118 rewσ=0.1508 rewNZ=0.542 featσ[p/f/g/pw]=0.442/0.347/0.454/0.400
iter   829 | steps  27,164,672 | SPS     616 | r_p0 -0.348 r_p1 +0.848 | clip_frac 0.275(fire:0.006) | KL 0.0144 | H_fire 0.158 H_ang 0.00 H_ship 3.42 | V_loss 0.5207 | LR 0.000096 | early_stop=0 | fire[0]=0.24 fire[rest_max]=0.64 srcs_multi=3.28 ship0=0.02 meanshipbin=21.8 avgfleet=87.9 p90fleet=198.3 | Vμ=-0.172 Vσ=1.952 Rμ=-0.043 Rσ=2.047 Aσ=0.733 rewμ=+0.0054 rewσ=0.1375 rewNZ=0.351 featσ[p/f/g/pw]=0.440/0.346/0.422/0.347
iter   830 | steps  27,197,440 | SPS     616 | r_p0 -0.235 r_p1 +0.730 | clip_frac 0.277(fire:0.002) | KL 0.0099 | H_fire 0.283 H_ang 0.00 H_ship 3.41 | V_loss 0.4807 | LR 0.000096 | early_stop=0 | fire[0]=0.38 fire[rest_max]=0.64 srcs_multi=6.27 ship0=0.01 meanshipbin=21.5 avgfleet=91.9 p90fleet=204.4 | Vμ=+0.909 Vσ=1.840 Rμ=+0.886 Rσ=1.898 Aσ=0.713 rewμ=+0.0109 rewσ=0.1392 rewNZ=0.552 featσ[p/f/g/pw]=0.441/0.363/0.448/0.402
iter   831 | steps  27,230,208 | SPS     616 | r_p0 -0.340 r_p1 +0.832 | clip_frac 0.279(fire:0.003) | KL 0.0101 | H_fire 0.284 H_ang 0.00 H_ship 3.41 | V_loss 0.3419 | LR 0.000096 | early_stop=0 | fire[0]=0.39 fire[rest_max]=0.65 srcs_multi=6.33 ship0=0.00 meanshipbin=21.1 avgfleet=95.3 p90fleet=224.9 | Vμ=+0.947 Vσ=1.821 Rμ=+0.957 Rσ=1.933 Aσ=0.601 rewμ=+0.0140 rewσ=0.1373 rewNZ=0.551 featσ[p/f/g/pw]=0.439/0.359/0.451/0.406
iter   832 | steps  27,262,976 | SPS     616 | r_p0 -0.453 r_p1 +0.944 | clip_frac 0.279(fire:0.007) | KL 0.0183 | H_fire 0.157 H_ang 0.00 H_ship 3.43 | V_loss 0.4306 | LR 0.000095 | early_stop=0 | fire[0]=0.25 fire[rest_max]=0.66 srcs_multi=3.69 ship0=0.02 meanshipbin=19.8 avgfleet=98.2 p90fleet=226.8 | Vμ=-0.292 Vσ=1.726 Rμ=-0.223 Rσ=1.844 Aσ=0.675 rewμ=+0.0025 rewσ=0.1283 rewNZ=0.342 featσ[p/f/g/pw]=0.444/0.374/0.426/0.345
  saved checkpoints/torch_step_27262976_rev38_20260605_181635.pt
  saved checkpoints/pool_step_27262976_rev38_20260605_181635.pt (40 members)
  pool snapshot @ step 27,262,976
  pool size=40  alpha=2.0
    self                 self_step_26738688             wr=0.21 (n=84)  pfsp_w=0.617
    self                 self_step_24117248             wr=0.42 (n=330)  pfsp_w=0.335
    self                 self_step_22544384             wr=0.42 (n=149)  pfsp_w=0.333
    self                 self_step_23068672             wr=0.44 (n=586)  pfsp_w=0.319
    self                 self_step_20971520             wr=0.45 (n=773)  pfsp_w=0.308
    self                 self_step_16777216             wr=0.46 (n=564)  pfsp_w=0.292
    self                 self_step_10485760             wr=0.47 (n=1500)  pfsp_w=0.279
    self                 self_step_18350080             wr=0.47 (n=865)  pfsp_w=0.277
iter   833 | steps  27,295,744 | SPS     616 | r_p0 -0.467 r_p1 +0.957 | clip_frac 0.282(fire:0.002) | KL 0.0088 | H_fire 0.283 H_ang 0.00 H_ship 3.40 | V_loss 0.3473 | LR 0.000095 | early_stop=0 | fire[0]=0.40 fire[rest_max]=0.67 srcs_multi=6.95 ship0=0.01 meanshipbin=21.1 avgfleet=91.0 p90fleet=210.2 | Vμ=+0.986 Vσ=1.888 Rμ=+0.959 Rσ=1.980 Aσ=0.605 rewμ=+0.0135 rewσ=0.1401 rewNZ=0.558 featσ[p/f/g/pw]=0.441/0.362/0.451/0.401
iter   834 | steps  27,328,512 | SPS     616 | r_p0 -0.489 r_p1 +0.983 | clip_frac 0.282(fire:0.005) | KL 0.0132 | H_fire 0.161 H_ang 0.00 H_ship 3.43 | V_loss 0.4600 | LR 0.000095 | early_stop=0 | fire[0]=0.27 fire[rest_max]=0.69 srcs_multi=3.92 ship0=0.03 meanshipbin=20.0 avgfleet=97.0 p90fleet=218.1 | Vμ=-0.190 Vσ=1.832 Rμ=-0.136 Rσ=1.917 Aσ=0.696 rewμ=+0.0034 rewσ=0.1317 rewNZ=0.352 featσ[p/f/g/pw]=0.446/0.375/0.427/0.350
iter   835 | steps  27,361,280 | SPS     616 | r_p0 -0.378 r_p1 +0.871 | clip_frac 0.285(fire:0.004) | KL 0.0168 | H_fire 0.279 H_ang 0.00 H_ship 3.41 | V_loss 0.4923 | LR 0.000095 | early_stop=0 | fire[0]=0.40 fire[rest_max]=0.67 srcs_multi=6.82 ship0=0.02 meanshipbin=19.9 avgfleet=97.5 p90fleet=230.4 | Vμ=+0.732 Vσ=1.913 Rμ=+0.607 Rσ=1.936 Aσ=0.707 rewμ=+0.0098 rewσ=0.1430 rewNZ=0.555 featσ[p/f/g/pw]=0.443/0.381/0.448/0.406
iter   836 | steps  27,394,048 | SPS     616 | r_p0 -0.245 r_p1 +0.738 | clip_frac 0.283(fire:0.003) | KL 0.0180 | H_fire 0.262 H_ang 0.00 H_ship 3.40 | V_loss 0.6853 | LR 0.000095 | early_stop=0 | fire[0]=0.37 fire[rest_max]=0.65 srcs_multi=6.23 ship0=0.04 meanshipbin=18.7 avgfleet=90.7 p90fleet=224.9 | Vμ=+0.602 Vσ=1.904 Rμ=+0.507 Rσ=1.949 Aσ=0.838 rewμ=+0.0086 rewσ=0.1440 rewNZ=0.523 featσ[p/f/g/pw]=0.441/0.369/0.443/0.391
iter   837 | steps  27,426,816 | SPS     616 | r_p0 -0.193 r_p1 +0.687 | clip_frac 0.282(fire:0.003) | KL 0.0085 | H_fire 0.177 H_ang 0.00 H_ship 3.42 | V_loss 0.3510 | LR 0.000095 | early_stop=0 | fire[0]=0.25 fire[rest_max]=0.65 srcs_multi=4.11 ship0=0.05 meanshipbin=17.5 avgfleet=93.1 p90fleet=206.6 | Vμ=-0.112 Vσ=1.681 Rμ=-0.102 Rσ=1.790 Aσ=0.607 rewμ=+0.0046 rewσ=0.1327 rewNZ=0.369 featσ[p/f/g/pw]=0.443/0.366/0.429/0.358
iter   838 | steps  27,459,584 | SPS     616 | r_p0 -0.189 r_p1 +0.681 | clip_frac 0.284(fire:0.002) | KL 0.0109 | H_fire 0.306 H_ang 0.00 H_ship 3.41 | V_loss 0.3260 | LR 0.000095 | early_stop=0 | fire[0]=0.39 fire[rest_max]=0.64 srcs_multi=7.02 ship0=0.02 meanshipbin=17.5 avgfleet=95.6 p90fleet=213.9 | Vμ=+0.738 Vσ=1.795 Rμ=+0.774 Rσ=1.908 Aσ=0.589 rewμ=+0.0120 rewσ=0.1341 rewNZ=0.576 featσ[p/f/g/pw]=0.443/0.374/0.449/0.411
iter   839 | steps  27,492,352 | SPS     616 | r_p0 -0.301 r_p1 +0.791 | clip_frac 0.279(fire:0.004) | KL 0.0082 | H_fire 0.151 H_ang 0.00 H_ship 3.43 | V_loss 0.4332 | LR 0.000095 | early_stop=0 | fire[0]=0.24 fire[rest_max]=0.65 srcs_multi=3.69 ship0=0.02 meanshipbin=18.6 avgfleet=97.9 p90fleet=229.7 | Vμ=-0.294 Vσ=1.614 Rμ=-0.297 Rσ=1.717 Aσ=0.676 rewμ=+0.0015 rewσ=0.1315 rewNZ=0.332 featσ[p/f/g/pw]=0.447/0.369/0.428/0.344
iter   840 | steps  27,525,120 | SPS     616 | r_p0 -0.402 r_p1 +0.892 | clip_frac 0.274(fire:0.004) | KL 0.0079 | H_fire 0.153 H_ang 0.00 H_ship 3.43 | V_loss 0.3398 | LR 0.000095 | early_stop=0 | fire[0]=0.24 fire[rest_max]=0.65 srcs_multi=3.53 ship0=0.02 meanshipbin=19.0 avgfleet=93.1 p90fleet=212.4 | Vμ=-0.265 Vσ=1.759 Rμ=-0.220 Rσ=1.885 Aσ=0.600 rewμ=+0.0029 rewσ=0.1334 rewNZ=0.343 featσ[p/f/g/pw]=0.448/0.376/0.424/0.346
iter   841 | steps  27,557,888 | SPS     616 | r_p0 -0.423 r_p1 +0.917 | clip_frac 0.272(fire:0.002) | KL 0.0110 | H_fire 0.293 H_ang 0.00 H_ship 3.40 | V_loss 0.5121 | LR 0.000095 | early_stop=0 | fire[0]=0.38 fire[rest_max]=0.64 srcs_multi=6.81 ship0=0.00 meanshipbin=18.4 avgfleet=92.7 p90fleet=208.8 | Vμ=+0.845 Vσ=1.808 Rμ=+0.810 Rσ=1.885 Aσ=0.735 rewμ=+0.0123 rewσ=0.1420 rewNZ=0.555 featσ[p/f/g/pw]=0.443/0.367/0.456/0.408
iter   842 | steps  27,590,656 | SPS     616 | r_p0 -0.411 r_p1 +0.906 | clip_frac 0.274(fire:0.004) | KL 0.0163 | H_fire 0.294 H_ang 0.00 H_ship 3.40 | V_loss 0.5086 | LR 0.000095 | early_stop=0 | fire[0]=0.37 fire[rest_max]=0.63 srcs_multi=6.56 ship0=0.01 meanshipbin=19.6 avgfleet=99.4 p90fleet=245.6 | Vμ=+0.638 Vσ=1.833 Rμ=+0.584 Rσ=1.909 Aσ=0.730 rewμ=+0.0104 rewσ=0.1412 rewNZ=0.560 featσ[p/f/g/pw]=0.445/0.376/0.451/0.414
iter   843 | steps  27,623,424 | SPS     616 | r_p0 -0.313 r_p1 +0.809 | clip_frac 0.270(fire:0.006) | KL 0.0147 | H_fire 0.185 H_ang 0.00 H_ship 3.42 | V_loss 0.4478 | LR 0.000095 | early_stop=0 | fire[0]=0.25 fire[rest_max]=0.61 srcs_multi=4.02 ship0=0.03 meanshipbin=20.0 avgfleet=94.1 p90fleet=210.4 | Vμ=-0.090 Vσ=1.702 Rμ=-0.073 Rσ=1.835 Aσ=0.687 rewμ=+0.0049 rewσ=0.1371 rewNZ=0.381 featσ[p/f/g/pw]=0.446/0.362/0.433/0.366
iter   844 | steps  27,656,192 | SPS     616 | r_p0 -0.126 r_p1 +0.619 | clip_frac 0.268(fire:0.003) | KL 0.0084 | H_fire 0.293 H_ang 0.00 H_ship 3.40 | V_loss 0.3559 | LR 0.000095 | early_stop=0 | fire[0]=0.38 fire[rest_max]=0.62 srcs_multi=6.58 ship0=0.09 meanshipbin=20.1 avgfleet=94.2 p90fleet=213.5 | Vμ=+0.831 Vσ=1.786 Rμ=+0.873 Rσ=1.934 Aσ=0.615 rewμ=+0.0131 rewσ=0.1422 rewNZ=0.548 featσ[p/f/g/pw]=0.443/0.373/0.450/0.401
iter   845 | steps  27,688,960 | SPS     616 | r_p0 -0.339 r_p1 +0.835 | clip_frac 0.267(fire:0.003) | KL 0.0096 | H_fire 0.268 H_ang 0.00 H_ship 3.39 | V_loss 0.5160 | LR 0.000095 | early_stop=0 | fire[0]=0.38 fire[rest_max]=0.64 srcs_multi=6.44 ship0=0.05 meanshipbin=18.9 avgfleet=87.4 p90fleet=214.8 | Vμ=+0.757 Vσ=1.900 Rμ=+0.748 Rσ=2.023 Aσ=0.733 rewμ=+0.0128 rewσ=0.1477 rewNZ=0.538 featσ[p/f/g/pw]=0.440/0.348/0.447/0.397
iter   846 | steps  27,721,728 | SPS     616 | r_p0 -0.500 r_p1 +0.997 | clip_frac 0.269(fire:0.003) | KL 0.0161 | H_fire 0.278 H_ang 0.00 H_ship 3.41 | V_loss 0.4241 | LR 0.000095 | early_stop=0 | fire[0]=0.38 fire[rest_max]=0.64 srcs_multi=6.67 ship0=0.01 meanshipbin=22.1 avgfleet=87.2 p90fleet=191.2 | Vμ=+0.617 Vσ=1.900 Rμ=+0.691 Rσ=2.039 Aσ=0.667 rewμ=+0.0113 rewσ=0.1394 rewNZ=0.534 featσ[p/f/g/pw]=0.442/0.374/0.444/0.395
iter   847 | steps  27,754,496 | SPS     616 | r_p0 -0.260 r_p1 +0.757 | clip_frac 0.271(fire:0.003) | KL 0.0103 | H_fire 0.253 H_ang 0.00 H_ship 3.39 | V_loss 0.5835 | LR 0.000095 | early_stop=0 | fire[0]=0.37 fire[rest_max]=0.64 srcs_multi=6.05 ship0=0.10 meanshipbin=17.6 avgfleet=90.1 p90fleet=211.5 | Vμ=+0.654 Vσ=1.898 Rμ=+0.612 Rσ=2.028 Aσ=0.783 rewμ=+0.0114 rewσ=0.1465 rewNZ=0.509 featσ[p/f/g/pw]=0.439/0.352/0.446/0.387
iter   848 | steps  27,787,264 | SPS     616 | r_p0 -0.200 r_p1 +0.694 | clip_frac 0.271(fire:0.003) | KL 0.0133 | H_fire 0.198 H_ang 0.00 H_ship 3.43 | V_loss 0.4382 | LR 0.000095 | early_stop=0 | fire[0]=0.27 fire[rest_max]=0.65 srcs_multi=4.68 ship0=0.09 meanshipbin=18.2 avgfleet=95.0 p90fleet=199.7 | Vμ=-0.011 Vσ=1.909 Rμ=+0.090 Rσ=1.995 Aσ=0.680 rewμ=+0.0062 rewσ=0.1303 rewNZ=0.395 featσ[p/f/g/pw]=0.442/0.344/0.436/0.367
  saved checkpoints/torch_step_27787264_rev38_20260605_181635.pt
  saved checkpoints/pool_step_27787264_rev38_20260605_181635.pt (40 members)
  pool snapshot @ step 27,787,264
  pool size=40  alpha=2.0
    self                 self_step_26738688             wr=0.35 (n=240)  pfsp_w=0.423
    self                 self_step_22544384             wr=0.42 (n=149)  pfsp_w=0.333
    self                 self_step_23068672             wr=0.44 (n=586)  pfsp_w=0.319
    self                 self_step_20971520             wr=0.45 (n=773)  pfsp_w=0.308
    self                 self_step_10485760             wr=0.46 (n=1588)  pfsp_w=0.293
    self                 self_step_24117248             wr=0.47 (n=417)  pfsp_w=0.286
    self                 self_step_18350080             wr=0.47 (n=865)  pfsp_w=0.277
    self                 self_step_14155776             wr=0.48 (n=1034)  pfsp_w=0.268
iter   849 | steps  27,820,032 | SPS     616 | r_p0 -0.224 r_p1 +0.719 | clip_frac 0.274(fire:0.003) | KL 0.0118 | H_fire 0.250 H_ang 0.00 H_ship 3.40 | V_loss 0.5333 | LR 0.000095 | early_stop=0 | fire[0]=0.36 fire[rest_max]=0.65 srcs_multi=5.96 ship0=0.04 meanshipbin=20.8 avgfleet=93.3 p90fleet=205.3 | Vμ=+0.640 Vσ=1.919 Rμ=+0.619 Rσ=2.015 Aσ=0.752 rewμ=+0.0119 rewσ=0.1452 rewNZ=0.503 featσ[p/f/g/pw]=0.442/0.356/0.441/0.387
iter   850 | steps  27,852,800 | SPS     616 | r_p0 -0.272 r_p1 +0.770 | clip_frac 0.276(fire:0.003) | KL 0.0117 | H_fire 0.242 H_ang 0.00 H_ship 3.40 | V_loss 0.4727 | LR 0.000095 | early_stop=0 | fire[0]=0.36 fire[rest_max]=0.67 srcs_multi=6.01 ship0=0.06 meanshipbin=19.4 avgfleet=95.2 p90fleet=215.3 | Vμ=+0.553 Vσ=1.940 Rμ=+0.589 Rσ=2.027 Aσ=0.704 rewμ=+0.0094 rewσ=0.1441 rewNZ=0.496 featσ[p/f/g/pw]=0.439/0.352/0.442/0.386
iter   851 | steps  27,885,568 | SPS     616 | r_p0 -0.237 r_p1 +0.731 | clip_frac 0.278(fire:0.002) | KL 0.0084 | H_fire 0.262 H_ang 0.00 H_ship 3.40 | V_loss 0.4013 | LR 0.000095 | early_stop=0 | fire[0]=0.39 fire[rest_max]=0.68 srcs_multi=6.74 ship0=0.06 meanshipbin=20.7 avgfleet=91.4 p90fleet=207.7 | Vμ=+0.784 Vσ=1.850 Rμ=+0.788 Rσ=1.990 Aσ=0.644 rewμ=+0.0115 rewσ=0.1386 rewNZ=0.524 featσ[p/f/g/pw]=0.440/0.364/0.441/0.387
iter   852 | steps  27,918,336 | SPS     616 | r_p0 -0.303 r_p1 +0.793 | clip_frac 0.274(fire:0.004) | KL 0.0094 | H_fire 0.159 H_ang 0.00 H_ship 3.43 | V_loss 0.3463 | LR 0.000095 | early_stop=0 | fire[0]=0.27 fire[rest_max]=0.69 srcs_multi=4.29 ship0=0.09 meanshipbin=20.0 avgfleet=93.8 p90fleet=219.8 | Vμ=-0.277 Vσ=1.701 Rμ=-0.262 Rσ=1.812 Aσ=0.601 rewμ=+0.0023 rewσ=0.1325 rewNZ=0.352 featσ[p/f/g/pw]=0.445/0.366/0.428/0.351
iter   853 | steps  27,951,104 | SPS     616 | r_p0 -0.352 r_p1 +0.847 | clip_frac 0.270(fire:0.004) | KL 0.0076 | H_fire 0.139 H_ang 0.00 H_ship 3.43 | V_loss 0.3757 | LR 0.000095 | early_stop=0 | fire[0]=0.23 fire[rest_max]=0.67 srcs_multi=3.37 ship0=0.08 meanshipbin=19.8 avgfleet=96.4 p90fleet=199.5 | Vμ=-0.381 Vσ=1.690 Rμ=-0.320 Rσ=1.800 Aσ=0.630 rewμ=+0.0025 rewσ=0.1281 rewNZ=0.312 featσ[p/f/g/pw]=0.446/0.358/0.425/0.343
iter   854 | steps  27,983,872 | SPS     616 | r_p0 -0.464 r_p1 +0.960 | clip_frac 0.270(fire:0.002) | KL 0.0111 | H_fire 0.300 H_ang 0.00 H_ship 3.41 | V_loss 0.4498 | LR 0.000095 | early_stop=0 | fire[0]=0.41 fire[rest_max]=0.67 srcs_multi=7.43 ship0=0.10 meanshipbin=19.7 avgfleet=95.5 p90fleet=209.8 | Vμ=+0.785 Vσ=1.804 Rμ=+0.732 Rσ=1.889 Aσ=0.688 rewμ=+0.0126 rewσ=0.1417 rewNZ=0.585 featσ[p/f/g/pw]=0.441/0.376/0.452/0.411
iter   855 | steps  28,016,640 | SPS     616 | r_p0 -0.476 r_p1 +0.972 | clip_frac 0.271(fire:0.004) | KL 0.0191 | H_fire 0.264 H_ang 0.00 H_ship 3.40 | V_loss 0.4651 | LR 0.000095 | early_stop=0 | fire[0]=0.41 fire[rest_max]=0.67 srcs_multi=6.65 ship0=0.14 meanshipbin=18.5 avgfleet=93.6 p90fleet=227.3 | Vμ=+0.696 Vσ=1.908 Rμ=+0.637 Rσ=2.020 Aσ=0.695 rewμ=+0.0105 rewσ=0.1454 rewNZ=0.537 featσ[p/f/g/pw]=0.439/0.367/0.448/0.396
iter   856 | steps  28,049,408 | SPS     616 | r_p0 -0.278 r_p1 +0.772 | clip_frac 0.270(fire:0.003) | KL 0.0078 | H_fire 0.168 H_ang 0.00 H_ship 3.42 | V_loss 0.3478 | LR 0.000095 | early_stop=0 | fire[0]=0.26 fire[rest_max]=0.65 srcs_multi=3.99 ship0=0.07 meanshipbin=18.6 avgfleet=91.7 p90fleet=206.2 | Vμ=-0.078 Vσ=1.825 Rμ=-0.071 Rσ=1.959 Aσ=0.600 rewμ=+0.0051 rewσ=0.1369 rewNZ=0.364 featσ[p/f/g/pw]=0.441/0.343/0.428/0.353
iter   857 | steps  28,082,176 | SPS     616 | r_p0 -0.265 r_p1 +0.760 | clip_frac 0.274(fire:0.003) | KL 0.0122 | H_fire 0.281 H_ang 0.00 H_ship 3.40 | V_loss 0.4703 | LR 0.000095 | early_stop=0 | fire[0]=0.41 fire[rest_max]=0.67 srcs_multi=6.94 ship0=0.03 meanshipbin=20.4 avgfleet=90.8 p90fleet=209.4 | Vμ=+0.822 Vσ=1.835 Rμ=+0.808 Rσ=1.944 Aσ=0.702 rewμ=+0.0125 rewσ=0.1412 rewNZ=0.551 featσ[p/f/g/pw]=0.440/0.368/0.445/0.395
iter   858 | steps  28,114,944 | SPS     616 | r_p0 -0.379 r_p1 +0.876 | clip_frac 0.275(fire:0.005) | KL 0.0119 | H_fire 0.156 H_ang 0.00 H_ship 3.42 | V_loss 0.5337 | LR 0.000095 | early_stop=0 | fire[0]=0.26 fire[rest_max]=0.66 srcs_multi=3.70 ship0=0.05 meanshipbin=20.6 avgfleet=89.7 p90fleet=201.3 | Vμ=-0.060 Vσ=1.847 Rμ=-0.021 Rσ=1.966 Aσ=0.746 rewμ=+0.0047 rewσ=0.1356 rewNZ=0.348 featσ[p/f/g/pw]=0.442/0.357/0.427/0.351
iter   859 | steps  28,147,712 | SPS     616 | r_p0 -0.251 r_p1 +0.747 | clip_frac 0.275(fire:0.003) | KL 0.0124 | H_fire 0.273 H_ang 0.00 H_ship 3.40 | V_loss 0.5033 | LR 0.000095 | early_stop=0 | fire[0]=0.40 fire[rest_max]=0.66 srcs_multi=6.65 ship0=0.05 meanshipbin=18.8 avgfleet=94.2 p90fleet=216.0 | Vμ=+0.866 Vσ=1.939 Rμ=+0.813 Rσ=2.049 Aσ=0.723 rewμ=+0.0120 rewσ=0.1445 rewNZ=0.549 featσ[p/f/g/pw]=0.444/0.362/0.446/0.401
iter   860 | steps  28,180,480 | SPS     616 | r_p0 -0.257 r_p1 +0.749 | clip_frac 0.279(fire:0.002) | KL 0.0108 | H_fire 0.294 H_ang 0.00 H_ship 3.41 | V_loss 0.4051 | LR 0.000095 | early_stop=0 | fire[0]=0.40 fire[rest_max]=0.63 srcs_multi=6.70 ship0=0.10 meanshipbin=18.5 avgfleet=93.7 p90fleet=215.0 | Vμ=+0.804 Vσ=1.898 Rμ=+0.792 Rσ=2.033 Aσ=0.654 rewμ=+0.0120 rewσ=0.1405 rewNZ=0.565 featσ[p/f/g/pw]=0.444/0.372/0.451/0.406
iter   861 | steps  28,213,248 | SPS     616 | r_p0 -0.347 r_p1 +0.839 | clip_frac 0.280(fire:0.005) | KL 0.0180 | H_fire 0.159 H_ang 0.00 H_ship 3.42 | V_loss 0.3669 | LR 0.000095 | early_stop=0 | fire[0]=0.28 fire[rest_max]=0.66 srcs_multi=4.00 ship0=0.08 meanshipbin=17.8 avgfleet=98.5 p90fleet=222.1 | Vμ=-0.163 Vσ=1.824 Rμ=-0.120 Rσ=1.913 Aσ=0.618 rewμ=+0.0043 rewσ=0.1352 rewNZ=0.350 featσ[p/f/g/pw]=0.445/0.364/0.427/0.350
iter   862 | steps  28,246,016 | SPS     616 | r_p0 -0.442 r_p1 +0.936 | clip_frac 0.281(fire:0.004) | KL 0.0216 | H_fire 0.283 H_ang 0.00 H_ship 3.40 | V_loss 0.8883 | LR 0.000095 | early_stop=0 | fire[0]=0.39 fire[rest_max]=0.63 srcs_multi=6.39 ship0=0.05 meanshipbin=18.7 avgfleet=86.8 p90fleet=193.6 | Vμ=+0.825 Vσ=1.995 Rμ=+0.628 Rσ=2.038 Aσ=0.957 rewμ=+0.0122 rewσ=0.1453 rewNZ=0.557 featσ[p/f/g/pw]=0.442/0.376/0.443/0.398
iter   863 | steps  28,278,784 | SPS     616 | r_p0 -0.389 r_p1 +0.885 | clip_frac 0.281(fire:0.003) | KL 0.0124 | H_fire 0.241 H_ang 0.00 H_ship 3.39 | V_loss 0.4330 | LR 0.000095 | early_stop=0 | fire[0]=0.37 fire[rest_max]=0.63 srcs_multi=5.78 ship0=0.03 meanshipbin=18.4 avgfleet=93.2 p90fleet=218.9 | Vμ=+0.598 Vσ=1.926 Rμ=+0.569 Rσ=2.016 Aσ=0.673 rewμ=+0.0098 rewσ=0.1458 rewNZ=0.493 featσ[p/f/g/pw]=0.443/0.371/0.444/0.388
iter   864 | steps  28,311,552 | SPS     616 | r_p0 -0.221 r_p1 +0.717 | clip_frac 0.283(fire:0.003) | KL 0.0110 | H_fire 0.251 H_ang 0.00 H_ship 3.40 | V_loss 0.5210 | LR 0.000095 | early_stop=0 | fire[0]=0.33 fire[rest_max]=0.60 srcs_multi=5.14 ship0=0.02 meanshipbin=19.3 avgfleet=92.6 p90fleet=211.5 | Vμ=+0.706 Vσ=1.931 Rμ=+0.685 Rσ=2.093 Aσ=0.740 rewμ=+0.0102 rewσ=0.1379 rewNZ=0.490 featσ[p/f/g/pw]=0.446/0.363/0.439/0.386
  saved checkpoints/torch_step_28311552_rev38_20260605_181635.pt
  saved checkpoints/pool_step_28311552_rev38_20260605_181635.pt (40 members)
  pool snapshot @ step 28,311,552
  pool size=40  alpha=2.0
    self                 self_step_26738688             wr=0.35 (n=240)  pfsp_w=0.423
    self                 self_step_22544384             wr=0.42 (n=149)  pfsp_w=0.333
    self                 self_step_20971520             wr=0.45 (n=773)  pfsp_w=0.308
    self                 self_step_23068672             wr=0.45 (n=750)  pfsp_w=0.300
    self                 self_step_10485760             wr=0.46 (n=1588)  pfsp_w=0.293
    self                 self_step_18350080             wr=0.47 (n=865)  pfsp_w=0.277
    self                 self_step_14155776             wr=0.49 (n=1104)  pfsp_w=0.262
    self                 self_step_16777216             wr=0.49 (n=796)  pfsp_w=0.255
iter   865 | steps  28,344,320 | SPS     616 | r_p0 -0.191 r_p1 +0.688 | clip_frac 0.283(fire:0.002) | KL 0.0099 | H_fire 0.281 H_ang 0.00 H_ship 3.40 | V_loss 0.4416 | LR 0.000095 | early_stop=0 | fire[0]=0.37 fire[rest_max]=0.61 srcs_multi=6.15 ship0=0.06 meanshipbin=18.5 avgfleet=93.2 p90fleet=212.0 | Vμ=+0.808 Vσ=1.902 Rμ=+0.820 Rσ=2.044 Aσ=0.683 rewμ=+0.0127 rewσ=0.1382 rewNZ=0.534 featσ[p/f/g/pw]=0.445/0.357/0.451/0.398
iter   866 | steps  28,377,088 | SPS     616 | r_p0 -0.349 r_p1 +0.847 | clip_frac 0.281(fire:0.003) | KL 0.0094 | H_fire 0.166 H_ang 0.00 H_ship 3.43 | V_loss 0.3723 | LR 0.000095 | early_stop=0 | fire[0]=0.25 fire[rest_max]=0.64 srcs_multi=4.01 ship0=0.06 meanshipbin=19.4 avgfleet=97.4 p90fleet=212.6 | Vμ=-0.278 Vσ=1.755 Rμ=-0.205 Rσ=1.861 Aσ=0.626 rewμ=+0.0035 rewσ=0.1289 rewNZ=0.346 featσ[p/f/g/pw]=0.445/0.364/0.433/0.354
iter   867 | steps  28,409,856 | SPS     616 | r_p0 -0.353 r_p1 +0.848 | clip_frac 0.280(fire:0.003) | KL 0.0142 | H_fire 0.141 H_ang 0.00 H_ship 3.43 | V_loss 0.3119 | LR 0.000095 | early_stop=0 | fire[0]=0.23 fire[rest_max]=0.67 srcs_multi=3.44 ship0=0.07 meanshipbin=19.3 avgfleet=103.6 p90fleet=220.6 | Vμ=-0.415 Vσ=1.724 Rμ=-0.390 Rσ=1.808 Aσ=0.578 rewμ=+0.0020 rewσ=0.1256 rewNZ=0.320 featσ[p/f/g/pw]=0.445/0.357/0.426/0.347
iter   868 | steps  28,442,624 | SPS     616 | r_p0 -0.463 r_p1 +0.957 | clip_frac 0.285(fire:0.002) | KL 0.0104 | H_fire 0.312 H_ang 0.00 H_ship 3.41 | V_loss 0.3000 | LR 0.000095 | early_stop=0 | fire[0]=0.44 fire[rest_max]=0.69 srcs_multi=8.10 ship0=0.07 meanshipbin=18.5 avgfleet=100.0 p90fleet=218.4 | Vμ=+1.158 Vσ=1.856 Rμ=+1.170 Rσ=1.965 Aσ=0.564 rewμ=+0.0153 rewσ=0.1357 rewNZ=0.596 featσ[p/f/g/pw]=0.444/0.378/0.457/0.417
iter   869 | steps  28,475,392 | SPS     616 | r_p0 -0.729 r_p1 +1.224 | clip_frac 0.286(fire:0.005) | KL 0.0105 | H_fire 0.121 H_ang 0.00 H_ship 3.43 | V_loss 0.3081 | LR 0.000095 | early_stop=0 | fire[0]=0.23 fire[rest_max]=0.68 srcs_multi=3.13 ship0=0.04 meanshipbin=18.2 avgfleet=97.6 p90fleet=228.4 | Vμ=-0.405 Vσ=1.816 Rμ=-0.380 Rσ=1.877 Aσ=0.574 rewμ=+0.0009 rewσ=0.1290 rewNZ=0.297 featσ[p/f/g/pw]=0.445/0.363/0.423/0.327
iter   870 | steps  28,508,160 | SPS     616 | r_p0 -0.681 r_p1 +1.176 | clip_frac 0.288(fire:0.002) | KL 0.0112 | H_fire 0.299 H_ang 0.00 H_ship 3.41 | V_loss 0.4124 | LR 0.000095 | early_stop=0 | fire[0]=0.43 fire[rest_max]=0.69 srcs_multi=7.68 ship0=0.07 meanshipbin=18.1 avgfleet=95.2 p90fleet=212.8 | Vμ=+1.009 Vσ=1.980 Rμ=+0.935 Rσ=2.026 Aσ=0.659 rewμ=+0.0135 rewσ=0.1373 rewNZ=0.578 featσ[p/f/g/pw]=0.441/0.378/0.456/0.411
iter   871 | steps  28,540,928 | SPS     617 | r_p0 -0.591 r_p1 +1.088 | clip_frac 0.287(fire:0.005) | KL 0.0112 | H_fire 0.139 H_ang 0.00 H_ship 3.43 | V_loss 0.1948 | LR 0.000095 | early_stop=0 | fire[0]=0.25 fire[rest_max]=0.68 srcs_multi=3.59 ship0=0.08 meanshipbin=18.0 avgfleet=94.3 p90fleet=219.0 | Vμ=-0.290 Vσ=1.795 Rμ=-0.304 Rσ=1.843 Aσ=0.459 rewμ=+0.0024 rewσ=0.1293 rewNZ=0.320 featσ[p/f/g/pw]=0.441/0.363/0.422/0.328
iter   872 | steps  28,573,696 | SPS     617 | r_p0 -0.545 r_p1 +1.039 | clip_frac 0.290(fire:0.003) | KL 0.0093 | H_fire 0.294 H_ang 0.00 H_ship 3.40 | V_loss 0.3002 | LR 0.000095 | early_stop=0 | fire[0]=0.41 fire[rest_max]=0.67 srcs_multi=7.25 ship0=0.05 meanshipbin=17.4 avgfleet=91.0 p90fleet=207.0 | Vμ=+1.007 Vσ=1.855 Rμ=+0.986 Rσ=1.910 Aσ=0.565 rewμ=+0.0143 rewσ=0.1364 rewNZ=0.569 featσ[p/f/g/pw]=0.438/0.361/0.453/0.406
iter   873 | steps  28,606,464 | SPS     617 | r_p0 -0.692 r_p1 +1.185 | clip_frac 0.293(fire:0.002) | KL 0.0108 | H_fire 0.289 H_ang 0.00 H_ship 3.40 | V_loss 0.4795 | LR 0.000095 | early_stop=0 | fire[0]=0.40 fire[rest_max]=0.67 srcs_multi=7.29 ship0=0.04 meanshipbin=15.8 avgfleet=93.1 p90fleet=216.0 | Vμ=+0.914 Vσ=1.867 Rμ=+0.941 Rσ=1.925 Aσ=0.718 rewμ=+0.0139 rewσ=0.1414 rewNZ=0.563 featσ[p/f/g/pw]=0.441/0.375/0.453/0.408
iter   874 | steps  28,639,232 | SPS     617 | r_p0 -0.655 r_p1 +1.151 | clip_frac 0.291(fire:0.003) | KL 0.0078 | H_fire 0.142 H_ang 0.00 H_ship 3.43 | V_loss 0.2939 | LR 0.000095 | early_stop=0 | fire[0]=0.24 fire[rest_max]=0.68 srcs_multi=3.62 ship0=0.03 meanshipbin=15.5 avgfleet=103.4 p90fleet=222.6 | Vμ=-0.413 Vσ=1.687 Rμ=-0.361 Rσ=1.765 Aσ=0.563 rewμ=+0.0012 rewσ=0.1238 rewNZ=0.320 featσ[p/f/g/pw]=0.448/0.372/0.428/0.353
iter   875 | steps  28,672,000 | SPS     617 | r_p0 -0.504 r_p1 +0.999 | clip_frac 0.291(fire:0.003) | KL 0.0066 | H_fire 0.130 H_ang 0.00 H_ship 3.43 | V_loss 0.3034 | LR 0.000095 | early_stop=0 | fire[0]=0.23 fire[rest_max]=0.71 srcs_multi=3.39 ship0=0.02 meanshipbin=16.4 avgfleet=114.3 p90fleet=236.6 | Vμ=-0.329 Vσ=1.647 Rμ=-0.280 Rσ=1.723 Aσ=0.573 rewμ=+0.0011 rewσ=0.1186 rewNZ=0.295 featσ[p/f/g/pw]=0.451/0.369/0.429/0.346
iter   876 | steps  28,704,768 | SPS     617 | r_p0 -0.560 r_p1 +1.052 | clip_frac 0.297(fire:0.006) | KL 0.0238 | H_fire 0.286 H_ang 0.00 H_ship 3.40 | V_loss 0.4720 | LR 0.000095 | early_stop=0 | fire[0]=0.39 fire[rest_max]=0.67 srcs_multi=6.94 ship0=0.01 meanshipbin=16.6 avgfleet=101.8 p90fleet=221.4 | Vμ=+0.790 Vσ=1.886 Rμ=+0.704 Rσ=1.940 Aσ=0.708 rewμ=+0.0125 rewσ=0.1382 rewNZ=0.557 featσ[p/f/g/pw]=0.447/0.381/0.456/0.417
iter   877 | steps  28,737,536 | SPS     617 | r_p0 -0.571 r_p1 +1.064 | clip_frac 0.295(fire:0.003) | KL 0.0087 | H_fire 0.171 H_ang 0.00 H_ship 3.43 | V_loss 0.2142 | LR 0.000095 | early_stop=0 | fire[0]=0.27 fire[rest_max]=0.68 srcs_multi=4.53 ship0=0.01 meanshipbin=16.8 avgfleet=102.6 p90fleet=230.7 | Vμ=-0.228 Vσ=1.709 Rμ=-0.228 Rσ=1.770 Aσ=0.480 rewμ=+0.0028 rewσ=0.1274 rewNZ=0.357 featσ[p/f/g/pw]=0.447/0.366/0.436/0.358
iter   878 | steps  28,770,304 | SPS     617 | r_p0 -0.428 r_p1 +0.922 | clip_frac 0.294(fire:0.003) | KL 0.0077 | H_fire 0.136 H_ang 0.00 H_ship 3.43 | V_loss 0.2558 | LR 0.000095 | early_stop=0 | fire[0]=0.23 fire[rest_max]=0.69 srcs_multi=3.41 ship0=0.02 meanshipbin=16.9 avgfleet=101.9 p90fleet=219.5 | Vμ=-0.467 Vσ=1.688 Rμ=-0.439 Rσ=1.754 Aσ=0.522 rewμ=+0.0014 rewσ=0.1273 rewNZ=0.316 featσ[p/f/g/pw]=0.443/0.354/0.425/0.337
iter   879 | steps  28,803,072 | SPS     617 | r_p0 -0.542 r_p1 +1.036 | clip_frac 0.299(fire:0.009) | KL 0.0235 | H_fire 0.292 H_ang 0.00 H_ship 3.40 | V_loss 0.5060 | LR 0.000095 | early_stop=0 | fire[0]=0.42 fire[rest_max]=0.69 srcs_multi=7.48 ship0=0.01 meanshipbin=17.7 avgfleet=92.4 p90fleet=209.6 | Vμ=+0.977 Vσ=1.928 Rμ=+0.832 Rσ=1.910 Aσ=0.726 rewμ=+0.0126 rewσ=0.1427 rewNZ=0.573 featσ[p/f/g/pw]=0.442/0.376/0.453/0.412
iter   880 | steps  28,835,840 | SPS     617 | r_p0 -0.599 r_p1 +1.092 | clip_frac 0.297(fire:0.003) | KL 0.0080 | H_fire 0.158 H_ang 0.00 H_ship 3.43 | V_loss 0.3709 | LR 0.000095 | early_stop=0 | fire[0]=0.26 fire[rest_max]=0.69 srcs_multi=4.06 ship0=0.01 meanshipbin=17.0 avgfleet=96.6 p90fleet=214.8 | Vμ=-0.316 Vσ=1.802 Rμ=-0.321 Rσ=1.881 Aσ=0.630 rewμ=+0.0025 rewσ=0.1292 rewNZ=0.346 featσ[p/f/g/pw]=0.446/0.372/0.430/0.353
  saved checkpoints/torch_step_28835840_rev38_20260605_181635.pt
  saved checkpoints/pool_step_28835840_rev38_20260605_181635.pt (40 members)
  pool snapshot @ step 28,835,840
  pool size=40  alpha=2.0
    self                 self_step_27787264             wr=0.21 (n=82)  pfsp_w=0.628
    self                 self_step_26738688             wr=0.32 (n=317)  pfsp_w=0.460
    self                 self_step_22544384             wr=0.42 (n=149)  pfsp_w=0.333
    self                 self_step_24117248             wr=0.44 (n=586)  pfsp_w=0.317
    self                 self_step_20971520             wr=0.45 (n=773)  pfsp_w=0.308
    self                 self_step_10485760             wr=0.45 (n=1655)  pfsp_w=0.303
    self                 self_step_23068672             wr=0.47 (n=843)  pfsp_w=0.280
    self                 self_step_14155776             wr=0.47 (n=1191)  pfsp_w=0.278
iter   881 | steps  28,868,608 | SPS     617 | r_p0 -0.439 r_p1 +0.933 | clip_frac 0.293(fire:0.003) | KL 0.0092 | H_fire 0.140 H_ang 0.00 H_ship 3.43 | V_loss 0.2796 | LR 0.000095 | early_stop=0 | fire[0]=0.25 fire[rest_max]=0.69 srcs_multi=3.70 ship0=0.01 meanshipbin=17.4 avgfleet=95.3 p90fleet=214.8 | Vμ=-0.465 Vσ=1.736 Rμ=-0.431 Rσ=1.824 Aσ=0.543 rewμ=+0.0018 rewσ=0.1311 rewNZ=0.323 featσ[p/f/g/pw]=0.444/0.374/0.425/0.332
iter   882 | steps  28,901,376 | SPS     617 | r_p0 -0.526 r_p1 +1.023 | clip_frac 0.298(fire:0.003) | KL 0.0187 | H_fire 0.310 H_ang 0.00 H_ship 3.40 | V_loss 0.4737 | LR 0.000095 | early_stop=0 | fire[0]=0.44 fire[rest_max]=0.67 srcs_multi=7.92 ship0=0.00 meanshipbin=17.6 avgfleet=86.8 p90fleet=200.8 | Vμ=+1.036 Vσ=1.965 Rμ=+0.998 Rσ=1.996 Aσ=0.712 rewμ=+0.0154 rewσ=0.1401 rewNZ=0.593 featσ[p/f/g/pw]=0.441/0.381/0.452/0.410
iter   883 | steps  28,934,144 | SPS     617 | r_p0 -0.627 r_p1 +1.123 | clip_frac 0.298(fire:0.003) | KL 0.0148 | H_fire 0.284 H_ang 0.00 H_ship 3.40 | V_loss 0.5068 | LR 0.000095 | early_stop=0 | fire[0]=0.41 fire[rest_max]=0.65 srcs_multi=7.03 ship0=0.00 meanshipbin=16.8 avgfleet=87.4 p90fleet=215.3 | Vμ=+0.914 Vσ=2.035 Rμ=+0.849 Rσ=2.102 Aσ=0.733 rewμ=+0.0134 rewσ=0.1448 rewNZ=0.549 featσ[p/f/g/pw]=0.441/0.362/0.454/0.403
iter   884 | steps  28,966,912 | SPS     617 | r_p0 -0.415 r_p1 +0.915 | clip_frac 0.301(fire:0.003) | KL 0.0112 | H_fire 0.296 H_ang 0.00 H_ship 3.40 | V_loss 0.2681 | LR 0.000095 | early_stop=0 | fire[0]=0.41 fire[rest_max]=0.64 srcs_multi=7.30 ship0=0.00 meanshipbin=17.2 avgfleet=91.1 p90fleet=212.1 | Vμ=+0.959 Vσ=2.041 Rμ=+0.954 Rσ=2.118 Aσ=0.534 rewμ=+0.0129 rewσ=0.1402 rewNZ=0.560 featσ[p/f/g/pw]=0.444/0.377/0.450/0.399
iter   885 | steps  28,999,680 | SPS     617 | r_p0 -0.408 r_p1 +0.906 | clip_frac 0.300(fire:0.004) | KL 0.0134 | H_fire 0.301 H_ang 0.00 H_ship 3.40 | V_loss 0.4251 | LR 0.000095 | early_stop=0 | fire[0]=0.42 fire[rest_max]=0.65 srcs_multi=7.28 ship0=0.00 meanshipbin=17.0 avgfleet=90.8 p90fleet=213.0 | Vμ=+1.175 Vσ=2.006 Rμ=+1.175 Rσ=2.093 Aσ=0.670 rewμ=+0.0160 rewσ=0.1442 rewNZ=0.567 featσ[p/f/g/pw]=0.441/0.358/0.457/0.405
iter   886 | steps  29,032,448 | SPS     617 | r_p0 -0.655 r_p1 +1.153 | clip_frac 0.301(fire:0.002) | KL 0.0123 | H_fire 0.320 H_ang 0.00 H_ship 3.40 | V_loss 0.4654 | LR 0.000095 | early_stop=0 | fire[0]=0.43 fire[rest_max]=0.64 srcs_multi=7.76 ship0=0.00 meanshipbin=17.4 avgfleet=91.6 p90fleet=214.2 | Vμ=+1.007 Vσ=2.010 Rμ=+0.942 Rσ=2.071 Aσ=0.701 rewμ=+0.0153 rewσ=0.1465 rewNZ=0.597 featσ[p/f/g/pw]=0.442/0.375/0.455/0.409
iter   887 | steps  29,065,216 | SPS     617 | r_p0 -0.548 r_p1 +1.047 | clip_frac 0.300(fire:0.005) | KL 0.0125 | H_fire 0.151 H_ang 0.00 H_ship 3.42 | V_loss 0.2556 | LR 0.000095 | early_stop=0 | fire[0]=0.24 fire[rest_max]=0.63 srcs_multi=3.80 ship0=0.01 meanshipbin=17.1 avgfleet=93.4 p90fleet=214.1 | Vμ=-0.328 Vσ=1.870 Rμ=-0.296 Rσ=1.950 Aσ=0.521 rewμ=+0.0033 rewσ=0.1331 rewNZ=0.333 featσ[p/f/g/pw]=0.444/0.350/0.428/0.338
iter   888 | steps  29,097,984 | SPS     617 | r_p0 -0.498 r_p1 +0.996 | clip_frac 0.301(fire:0.003) | KL 0.0135 | H_fire 0.323 H_ang 0.00 H_ship 3.40 | V_loss 0.3068 | LR 0.000095 | early_stop=0 | fire[0]=0.40 fire[rest_max]=0.62 srcs_multi=7.34 ship0=0.00 meanshipbin=16.7 avgfleet=87.2 p90fleet=190.5 | Vμ=+1.156 Vσ=1.974 Rμ=+1.137 Rσ=2.051 Aσ=0.571 rewμ=+0.0160 rewσ=0.1406 rewNZ=0.594 featσ[p/f/g/pw]=0.441/0.372/0.454/0.410
iter   889 | steps  29,130,752 | SPS     617 | r_p0 -0.688 r_p1 +1.184 | clip_frac 0.301(fire:0.004) | KL 0.0127 | H_fire 0.133 H_ang 0.00 H_ship 3.42 | V_loss 0.4900 | LR 0.000095 | early_stop=0 | fire[0]=0.24 fire[rest_max]=0.67 srcs_multi=3.57 ship0=0.01 meanshipbin=16.6 avgfleet=96.3 p90fleet=214.0 | Vμ=-0.303 Vσ=1.856 Rμ=-0.253 Rσ=1.995 Aσ=0.714 rewμ=+0.0022 rewσ=0.1319 rewNZ=0.310 featσ[p/f/g/pw]=0.443/0.345/0.426/0.330
iter   890 | steps  29,163,520 | SPS     617 | r_p0 -0.627 r_p1 +1.127 | clip_frac 0.304(fire:0.003) | KL 0.0120 | H_fire 0.301 H_ang 0.00 H_ship 3.40 | V_loss 0.4309 | LR 0.000095 | early_stop=0 | fire[0]=0.40 fire[rest_max]=0.65 srcs_multi=7.28 ship0=0.01 meanshipbin=17.0 avgfleet=89.7 p90fleet=206.9 | Vμ=+1.094 Vσ=2.082 Rμ=+1.029 Rσ=2.174 Aσ=0.672 rewμ=+0.0143 rewσ=0.1438 rewNZ=0.572 featσ[p/f/g/pw]=0.439/0.362/0.451/0.402
iter   891 | steps  29,196,288 | SPS     617 | r_p0 -0.462 r_p1 +0.962 | clip_frac 0.300(fire:0.004) | KL 0.0076 | H_fire 0.137 H_ang 0.00 H_ship 3.43 | V_loss 0.3604 | LR 0.000095 | early_stop=0 | fire[0]=0.25 fire[rest_max]=0.67 srcs_multi=3.68 ship0=0.02 meanshipbin=17.6 avgfleet=92.9 p90fleet=217.9 | Vμ=-0.385 Vσ=1.826 Rμ=-0.335 Rσ=1.945 Aσ=0.616 rewμ=+0.0026 rewσ=0.1320 rewNZ=0.318 featσ[p/f/g/pw]=0.443/0.355/0.425/0.327
iter   892 | steps  29,229,056 | SPS     617 | r_p0 -0.512 r_p1 +1.012 | clip_frac 0.301(fire:0.004) | KL 0.0176 | H_fire 0.311 H_ang 0.00 H_ship 3.40 | V_loss 0.3689 | LR 0.000095 | early_stop=0 | fire[0]=0.41 fire[rest_max]=0.63 srcs_multi=7.36 ship0=0.00 meanshipbin=17.2 avgfleet=88.5 p90fleet=200.2 | Vμ=+1.087 Vσ=2.030 Rμ=+1.040 Rσ=2.118 Aσ=0.621 rewμ=+0.0151 rewσ=0.1412 rewNZ=0.581 featσ[p/f/g/pw]=0.441/0.365/0.457/0.409
iter   893 | steps  29,261,824 | SPS     617 | r_p0 -0.575 r_p1 +1.074 | clip_frac 0.303(fire:0.005) | KL 0.0209 | H_fire 0.277 H_ang 0.00 H_ship 3.39 | V_loss 0.6830 | LR 0.000095 | early_stop=0 | fire[0]=0.39 fire[rest_max]=0.62 srcs_multi=6.64 ship0=0.01 meanshipbin=17.2 avgfleet=93.0 p90fleet=222.6 | Vμ=+0.993 Vσ=2.116 Rμ=+0.856 Rσ=2.152 Aσ=0.845 rewμ=+0.0130 rewσ=0.1445 rewNZ=0.528 featσ[p/f/g/pw]=0.440/0.350/0.457/0.397
iter   894 | steps  29,294,592 | SPS     617 | r_p0 -0.449 r_p1 +0.947 | clip_frac 0.303(fire:0.004) | KL 0.0136 | H_fire 0.251 H_ang 0.00 H_ship 3.39 | V_loss 0.4638 | LR 0.000095 | early_stop=0 | fire[0]=0.35 fire[rest_max]=0.60 srcs_multi=5.46 ship0=0.01 meanshipbin=17.5 avgfleet=83.9 p90fleet=196.1 | Vμ=+0.773 Vσ=2.184 Rμ=+0.743 Rσ=2.255 Aσ=0.698 rewμ=+0.0117 rewσ=0.1444 rewNZ=0.495 featσ[p/f/g/pw]=0.439/0.343/0.443/0.380
iter   895 | steps  29,327,360 | SPS     617 | r_p0 -0.252 r_p1 +0.749 | clip_frac 0.303(fire:0.004) | KL 0.0182 | H_fire 0.265 H_ang 0.00 H_ship 3.39 | V_loss 0.5493 | LR 0.000095 | early_stop=0 | fire[0]=0.36 fire[rest_max]=0.56 srcs_multi=5.26 ship0=0.01 meanshipbin=17.2 avgfleet=90.6 p90fleet=213.4 | Vμ=+0.805 Vσ=2.104 Rμ=+0.713 Rσ=2.116 Aσ=0.761 rewμ=+0.0110 rewσ=0.1400 rewNZ=0.505 featσ[p/f/g/pw]=0.442/0.357/0.448/0.384
iter   896 | steps  29,360,128 | SPS     617 | r_p0 -0.230 r_p1 +0.727 | clip_frac 0.302(fire:0.003) | KL 0.0140 | H_fire 0.278 H_ang 0.00 H_ship 3.40 | V_loss 0.2597 | LR 0.000095 | early_stop=0 | fire[0]=0.38 fire[rest_max]=0.59 srcs_multi=5.88 ship0=0.01 meanshipbin=19.2 avgfleet=90.2 p90fleet=212.5 | Vμ=+1.044 Vσ=2.121 Rμ=+1.077 Rσ=2.245 Aσ=0.533 rewμ=+0.0138 rewσ=0.1385 rewNZ=0.531 featσ[p/f/g/pw]=0.441/0.347/0.446/0.388
  saved checkpoints/torch_step_29360128_rev38_20260605_181635.pt
  saved checkpoints/pool_step_29360128_rev38_20260605_181635.pt (40 members)
  pool snapshot @ step 29,360,128
  pool size=40  alpha=2.0
    self                 self_step_26738688             wr=0.38 (n=382)  pfsp_w=0.388
    self                 self_step_24117248             wr=0.39 (n=771)  pfsp_w=0.367
    self                 self_step_10485760             wr=0.45 (n=1655)  pfsp_w=0.303
    self                 self_step_20971520             wr=0.46 (n=944)  pfsp_w=0.292
    self                 self_step_23068672             wr=0.47 (n=843)  pfsp_w=0.280
    self                 self_step_18350080             wr=0.47 (n=865)  pfsp_w=0.277
    self                 self_step_16777216             wr=0.49 (n=796)  pfsp_w=0.255
    self                 self_step_14155776             wr=0.50 (n=1294)  pfsp_w=0.253
iter   897 | steps  29,392,896 | SPS     617 | r_p0 -0.400 r_p1 +0.899 | clip_frac 0.299(fire:0.004) | KL 0.0104 | H_fire 0.138 H_ang 0.00 H_ship 3.43 | V_loss 0.2814 | LR 0.000095 | early_stop=0 | fire[0]=0.24 fire[rest_max]=0.64 srcs_multi=3.44 ship0=0.02 meanshipbin=19.4 avgfleet=96.8 p90fleet=231.2 | Vμ=-0.466 Vσ=1.840 Rμ=-0.409 Rσ=1.903 Aσ=0.546 rewμ=+0.0020 rewσ=0.1340 rewNZ=0.315 featσ[p/f/g/pw]=0.444/0.367/0.427/0.329
iter   898 | steps  29,425,664 | SPS     617 | r_p0 -0.639 r_p1 +1.137 | clip_frac 0.301(fire:0.003) | KL 0.0160 | H_fire 0.326 H_ang 0.00 H_ship 3.40 | V_loss 0.6105 | LR 0.000095 | early_stop=0 | fire[0]=0.40 fire[rest_max]=0.60 srcs_multi=6.89 ship0=0.01 meanshipbin=19.6 avgfleet=91.2 p90fleet=205.8 | Vμ=+1.082 Vσ=2.018 Rμ=+1.032 Rσ=2.046 Aσ=0.798 rewμ=+0.0151 rewσ=0.1403 rewNZ=0.603 featσ[p/f/g/pw]=0.441/0.363/0.456/0.411
iter   899 | steps  29,458,432 | SPS     617 | r_p0 -0.678 r_p1 +1.175 | clip_frac 0.298(fire:0.004) | KL 0.0100 | H_fire 0.150 H_ang 0.00 H_ship 3.42 | V_loss 0.3071 | LR 0.000095 | early_stop=0 | fire[0]=0.25 fire[rest_max]=0.62 srcs_multi=3.48 ship0=0.02 meanshipbin=19.5 avgfleet=91.8 p90fleet=212.3 | Vμ=-0.344 Vσ=1.844 Rμ=-0.312 Rσ=1.945 Aσ=0.570 rewμ=+0.0025 rewσ=0.1339 rewNZ=0.335 featσ[p/f/g/pw]=0.444/0.356/0.426/0.329
iter   900 | steps  29,491,200 | SPS     617 | r_p0 -0.502 r_p1 +0.999 | clip_frac 0.299(fire:0.003) | KL 0.0150 | H_fire 0.297 H_ang 0.00 H_ship 3.40 | V_loss 0.5398 | LR 0.000095 | early_stop=0 | fire[0]=0.39 fire[rest_max]=0.60 srcs_multi=6.17 ship0=0.01 meanshipbin=18.9 avgfleet=90.9 p90fleet=214.7 | Vμ=+0.931 Vσ=1.996 Rμ=+0.850 Rσ=2.034 Aσ=0.746 rewμ=+0.0129 rewσ=0.1401 rewNZ=0.554 featσ[p/f/g/pw]=0.443/0.361/0.452/0.402
iter   901 | steps  29,523,968 | SPS     617 | r_p0 -0.465 r_p1 +0.963 | clip_frac 0.298(fire:0.004) | KL 0.0104 | H_fire 0.281 H_ang 0.00 H_ship 3.40 | V_loss 0.4138 | LR 0.000095 | early_stop=0 | fire[0]=0.38 fire[rest_max]=0.60 srcs_multi=6.02 ship0=0.02 meanshipbin=18.6 avgfleet=91.5 p90fleet=207.1 | Vμ=+0.950 Vσ=2.134 Rμ=+0.934 Rσ=2.206 Aσ=0.654 rewμ=+0.0136 rewσ=0.1402 rewNZ=0.537 featσ[p/f/g/pw]=0.443/0.351/0.451/0.397
iter   902 | steps  29,556,736 | SPS     617 | r_p0 -0.415 r_p1 +0.913 | clip_frac 0.300(fire:0.004) | KL 0.0189 | H_fire 0.290 H_ang 0.00 H_ship 3.40 | V_loss 0.6413 | LR 0.000095 | early_stop=0 | fire[0]=0.37 fire[rest_max]=0.56 srcs_multi=5.55 ship0=0.02 meanshipbin=17.1 avgfleet=99.3 p90fleet=234.5 | Vμ=+0.775 Vσ=2.027 Rμ=+0.683 Rσ=2.104 Aσ=0.811 rewμ=+0.0117 rewσ=0.1421 rewNZ=0.546 featσ[p/f/g/pw]=0.449/0.363/0.457/0.408
iter   903 | steps  29,589,504 | SPS     617 | r_p0 -0.389 r_p1 +0.886 | clip_frac 0.302(fire:0.002) | KL 0.0133 | H_fire 0.271 H_ang 0.00 H_ship 3.40 | V_loss 0.3927 | LR 0.000095 | early_stop=0 | fire[0]=0.37 fire[rest_max]=0.59 srcs_multi=5.68 ship0=0.02 meanshipbin=16.5 avgfleet=98.5 p90fleet=227.5 | Vμ=+0.880 Vσ=2.081 Rμ=+0.933 Rσ=2.214 Aσ=0.647 rewμ=+0.0127 rewσ=0.1339 rewNZ=0.511 featσ[p/f/g/pw]=0.446/0.356/0.451/0.394
iter   904 | steps  29,622,272 | SPS     617 | r_p0 -0.310 r_p1 +0.806 | clip_frac 0.298(fire:0.008) | KL 0.0236 | H_fire 0.156 H_ang 0.00 H_ship 3.43 | V_loss 0.4306 | LR 0.000095 | early_stop=0 | fire[0]=0.24 fire[rest_max]=0.63 srcs_multi=3.65 ship0=0.02 meanshipbin=16.0 avgfleet=97.6 p90fleet=225.9 | Vμ=-0.411 Vσ=1.897 Rμ=-0.323 Rσ=1.978 Aσ=0.672 rewμ=+0.0039 rewσ=0.1336 rewNZ=0.347 featσ[p/f/g/pw]=0.448/0.363/0.428/0.344
iter   905 | steps  29,655,040 | SPS     617 | r_p0 -0.462 r_p1 +0.960 | clip_frac 0.294(fire:0.005) | KL 0.0118 | H_fire 0.142 H_ang 0.00 H_ship 3.43 | V_loss 0.2770 | LR 0.000095 | early_stop=0 | fire[0]=0.24 fire[rest_max]=0.64 srcs_multi=3.45 ship0=0.05 meanshipbin=16.9 avgfleet=97.7 p90fleet=198.6 | Vμ=-0.478 Vσ=1.827 Rμ=-0.436 Rσ=1.904 Aσ=0.540 rewμ=+0.0011 rewσ=0.1298 rewNZ=0.322 featσ[p/f/g/pw]=0.448/0.372/0.427/0.339
iter   906 | steps  29,687,808 | SPS     617 | r_p0 -0.498 r_p1 +0.995 | clip_frac 0.294(fire:0.004) | KL 0.0115 | H_fire 0.136 H_ang 0.00 H_ship 3.43 | V_loss 0.3175 | LR 0.000095 | early_stop=0 | fire[0]=0.24 fire[rest_max]=0.68 srcs_multi=3.48 ship0=0.11 meanshipbin=15.5 avgfleet=104.3 p90fleet=237.7 | Vμ=-0.376 Vσ=1.848 Rμ=-0.337 Rσ=1.923 Aσ=0.582 rewμ=+0.0009 rewσ=0.1261 rewNZ=0.313 featσ[p/f/g/pw]=0.449/0.377/0.424/0.335
iter   907 | steps  29,720,576 | SPS     617 | r_p0 -0.625 r_p1 +1.121 | clip_frac 0.295(fire:0.004) | KL 0.0207 | H_fire 0.287 H_ang 0.00 H_ship 3.39 | V_loss 0.5970 | LR 0.000095 | early_stop=0 | fire[0]=0.42 fire[rest_max]=0.65 srcs_multi=6.96 ship0=0.08 meanshipbin=15.0 avgfleet=98.9 p90fleet=239.8 | Vμ=+1.091 Vσ=2.046 Rμ=+0.972 Rσ=2.032 Aσ=0.793 rewμ=+0.0146 rewσ=0.1464 rewNZ=0.577 featσ[p/f/g/pw]=0.443/0.369/0.457/0.411
iter   908 | steps  29,753,344 | SPS     617 | r_p0 -0.600 r_p1 +1.098 | clip_frac 0.295(fire:0.004) | KL 0.0105 | H_fire 0.164 H_ang 0.00 H_ship 3.43 | V_loss 0.2844 | LR 0.000095 | early_stop=0 | fire[0]=0.26 fire[rest_max]=0.68 srcs_multi=4.16 ship0=0.10 meanshipbin=16.4 avgfleet=95.3 p90fleet=216.2 | Vμ=-0.235 Vσ=1.835 Rμ=-0.230 Rσ=1.919 Aσ=0.549 rewμ=+0.0025 rewσ=0.1301 rewNZ=0.361 featσ[p/f/g/pw]=0.446/0.374/0.429/0.351
iter   909 | steps  29,786,112 | SPS     617 | r_p0 -0.387 r_p1 +0.885 | clip_frac 0.291(fire:0.004) | KL 0.0085 | H_fire 0.144 H_ang 0.00 H_ship 3.43 | V_loss 0.3425 | LR 0.000095 | early_stop=0 | fire[0]=0.27 fire[rest_max]=0.71 srcs_multi=4.03 ship0=0.21 meanshipbin=14.8 avgfleet=98.9 p90fleet=211.7 | Vμ=-0.300 Vσ=1.821 Rμ=-0.279 Rσ=1.909 Aσ=0.603 rewμ=+0.0017 rewσ=0.1251 rewNZ=0.330 featσ[p/f/g/pw]=0.444/0.354/0.429/0.338
iter   910 | steps  29,818,880 | SPS     617 | r_p0 -0.459 r_p1 +0.957 | clip_frac 0.289(fire:0.007) | KL 0.0149 | H_fire 0.134 H_ang 0.00 H_ship 3.43 | V_loss 0.4478 | LR 0.000095 | early_stop=0 | fire[0]=0.25 fire[rest_max]=0.72 srcs_multi=3.63 ship0=0.19 meanshipbin=15.8 avgfleet=99.9 p90fleet=221.6 | Vμ=-0.280 Vσ=1.870 Rμ=-0.202 Rσ=1.930 Aσ=0.686 rewμ=+0.0039 rewσ=0.1275 rewNZ=0.317 featσ[p/f/g/pw]=0.446/0.366/0.424/0.332
iter   911 | steps  29,851,648 | SPS     617 | r_p0 -0.559 r_p1 +1.055 | clip_frac 0.294(fire:0.004) | KL 0.0242 | H_fire 0.293 H_ang 0.00 H_ship 3.40 | V_loss 0.6677 | LR 0.000095 | early_stop=0 | fire[0]=0.42 fire[rest_max]=0.67 srcs_multi=7.46 ship0=0.12 meanshipbin=16.6 avgfleet=90.8 p90fleet=199.2 | Vμ=+0.853 Vσ=2.028 Rμ=+0.686 Rσ=2.018 Aσ=0.824 rewμ=+0.0111 rewσ=0.1403 rewNZ=0.584 featσ[p/f/g/pw]=0.445/0.380/0.450/0.406
iter   912 | steps  29,884,416 | SPS     617 | r_p0 -0.404 r_p1 +0.900 | clip_frac 0.290(fire:0.003) | KL 0.0083 | H_fire 0.173 H_ang 0.00 H_ship 3.43 | V_loss 0.3630 | LR 0.000095 | early_stop=0 | fire[0]=0.29 fire[rest_max]=0.69 srcs_multi=4.65 ship0=0.09 meanshipbin=16.6 avgfleet=100.2 p90fleet=232.3 | Vμ=-0.206 Vσ=1.831 Rμ=-0.167 Rσ=1.949 Aσ=0.619 rewμ=+0.0039 rewσ=0.1324 rewNZ=0.379 featσ[p/f/g/pw]=0.450/0.382/0.435/0.361
  saved checkpoints/torch_step_29884416_rev38_20260605_181635.pt
  saved checkpoints/pool_step_29884416_rev38_20260605_181635.pt (40 members)
  pool snapshot @ step 29,884,416
  pool size=40  alpha=2.0
    self                 self_step_28835840             wr=0.34 (n=161)  pfsp_w=0.433
    self                 self_step_25690112             wr=0.36 (n=163)  pfsp_w=0.407
    self                 self_step_26738688             wr=0.38 (n=382)  pfsp_w=0.388
    self                 self_step_24117248             wr=0.38 (n=851)  pfsp_w=0.383
    self                 self_step_20971520             wr=0.46 (n=944)  pfsp_w=0.292
    self                 self_step_10485760             wr=0.47 (n=1740)  pfsp_w=0.280
    self                 self_step_22544384             wr=0.47 (n=309)  pfsp_w=0.278
    self                 self_step_18350080             wr=0.47 (n=865)  pfsp_w=0.277
iter   913 | steps  29,917,184 | SPS     617 | r_p0 -0.228 r_p1 +0.720 | clip_frac 0.292(fire:0.002) | KL 0.0110 | H_fire 0.284 H_ang 0.00 H_ship 3.41 | V_loss 0.4312 | LR 0.000095 | early_stop=0 | fire[0]=0.43 fire[rest_max]=0.68 srcs_multi=7.45 ship0=0.07 meanshipbin=17.9 avgfleet=93.9 p90fleet=211.3 | Vμ=+0.992 Vσ=1.983 Rμ=+0.963 Rσ=2.056 Aσ=0.675 rewμ=+0.0135 rewσ=0.1359 rewNZ=0.557 featσ[p/f/g/pw]=0.444/0.369/0.458/0.403
iter   914 | steps  29,949,952 | SPS     617 | r_p0 -0.400 r_p1 +0.895 | clip_frac 0.290(fire:0.005) | KL 0.0098 | H_fire 0.156 H_ang 0.00 H_ship 3.43 | V_loss 0.2777 | LR 0.000095 | early_stop=0 | fire[0]=0.26 fire[rest_max]=0.68 srcs_multi=3.99 ship0=0.01 meanshipbin=19.8 avgfleet=93.2 p90fleet=204.8 | Vμ=-0.357 Vσ=1.782 Rμ=-0.322 Rσ=1.852 Aσ=0.545 rewμ=+0.0019 rewσ=0.1270 rewNZ=0.346 featσ[p/f/g/pw]=0.445/0.382/0.423/0.338
iter   915 | steps  29,982,720 | SPS     617 | r_p0 -0.508 r_p1 +1.007 | clip_frac 0.288(fire:0.005) | KL 0.0141 | H_fire 0.149 H_ang 0.00 H_ship 3.43 | V_loss 0.2549 | LR 0.000095 | early_stop=0 | fire[0]=0.27 fire[rest_max]=0.68 srcs_multi=4.04 ship0=0.01 meanshipbin=19.6 avgfleet=94.2 p90fleet=232.3 | Vμ=-0.390 Vσ=1.790 Rμ=-0.416 Rσ=1.872 Aσ=0.520 rewμ=+0.0009 rewσ=0.1323 rewNZ=0.348 featσ[p/f/g/pw]=0.445/0.383/0.422/0.333
iter   916 | steps  30,015,488 | SPS     617 | r_p0 -0.617 r_p1 +1.111 | clip_frac 0.289(fire:0.004) | KL 0.0092 | H_fire 0.146 H_ang 0.00 H_ship 3.43 | V_loss 0.5209 | LR 0.000095 | early_stop=0 | fire[0]=0.27 fire[rest_max]=0.70 srcs_multi=4.04 ship0=0.01 meanshipbin=18.5 avgfleet=97.4 p90fleet=222.4 | Vμ=-0.332 Vσ=1.853 Rμ=-0.265 Rσ=1.975 Aσ=0.738 rewμ=+0.0013 rewσ=0.1272 rewNZ=0.336 featσ[p/f/g/pw]=0.447/0.367/0.424/0.334

Training complete: 30,015,488 env steps in 48626s
Final SPS: 617
[W606 07:47:03.499543494 AllocatorConfig.cpp:28] Warning: PYTORCH_CUDA_ALLOC_CONF is deprecated, use PYTORCH_ALLOC_CONF instead (function operator())
