/opt/pytorch/lib/python3.13/site-packages/torch/cuda/__init__.py:65: FutureWarning: The pynvml package is deprecated. Please install nvidia-ml-py instead. If you did not install pynvml directly, please report this to the maintainers of the package that installed pynvml for you.
  import pynvml  # type: ignore[import]
Training on device: cuda
Parallel envs: 512
Rollout steps: 64
Batch per update: 65536  (T=64 x N=512 x P=2 players)
PPO config: lr=3e-05, ppo_epochs=2, num_minibatches=32, kl_target=0.05
Action decode: target
Win margin coeff: 0.5
Checkpoint declares num_ship_bins=10
Checkpoint declares ship_bin_mode=fraction
[kaggle_environments.envs.open_spiel_env.open_spiel_env] INFO: Successfully loaded OpenSpiel environments: 24.
[kaggle_environments.envs.open_spiel_env.open_spiel_env] INFO:    open_spiel_amazons
[kaggle_environments.envs.open_spiel_env.open_spiel_env] INFO:    open_spiel_backgammon
[kaggle_environments.envs.open_spiel_env.open_spiel_env] INFO:    open_spiel_checkers
[kaggle_environments.envs.open_spiel_env.open_spiel_env] INFO:    open_spiel_chess
[kaggle_environments.envs.open_spiel_env.open_spiel_env] INFO:    open_spiel_clobber
[kaggle_environments.envs.open_spiel_env.open_spiel_env] INFO:    open_spiel_coin_game
[kaggle_environments.envs.open_spiel_env.open_spiel_env] INFO:    open_spiel_coin_game_arena
[kaggle_environments.envs.open_spiel_env.open_spiel_env] INFO:    open_spiel_connect_four
[kaggle_environments.envs.open_spiel_env.open_spiel_env] INFO:    open_spiel_dark_hex
[kaggle_environments.envs.open_spiel_env.open_spiel_env] INFO:    open_spiel_gin_rummy
[kaggle_environments.envs.open_spiel_env.open_spiel_env] INFO:    open_spiel_go
[kaggle_environments.envs.open_spiel_env.open_spiel_env] INFO:    open_spiel_goofspiel
[kaggle_environments.envs.open_spiel_env.open_spiel_env] INFO:    open_spiel_hearts
[kaggle_environments.envs.open_spiel_env.open_spiel_env] INFO:    open_spiel_hex
[kaggle_environments.envs.open_spiel_env.open_spiel_env] INFO:    open_spiel_lines_of_action
[kaggle_environments.envs.open_spiel_env.open_spiel_env] INFO:    open_spiel_matching_pennies_3p
[kaggle_environments.envs.open_spiel_env.open_spiel_env] INFO:    open_spiel_oshi_zumo
[kaggle_environments.envs.open_spiel_env.open_spiel_env] INFO:    open_spiel_othello
[kaggle_environments.envs.open_spiel_env.open_spiel_env] INFO:    open_spiel_repeated_game
[kaggle_environments.envs.open_spiel_env.open_spiel_env] INFO:    open_spiel_tic_tac_toe
[kaggle_environments.envs.open_spiel_env.open_spiel_env] INFO:    open_spiel_y
[kaggle_environments.envs.open_spiel_env.open_spiel_env] INFO:    open_spiel_universal_poker
[kaggle_environments.envs.open_spiel_env.open_spiel_env] INFO:    open_spiel_repeated_poker
[kaggle_environments.envs.open_spiel_env.open_spiel_env] INFO:    open_spiel_python_repeated_pokerkit
[kaggle_environments.envs.open_spiel_env.open_spiel_env] INFO: OpenSpiel games skipped: 1.
[kaggle_environments.envs.open_spiel_env.open_spiel_env] INFO:    snake
Model params: 391,453
Resumed from checkpoints/torch_suneet6of32_zach6of32_margin05_pool05_step4063232.pt
LR schedule: warmup=0 updates (skip_warmup=True), total_updates=195264, peak_lr=3e-05
Pool resumed from checkpoints/pool_suneet6of32_zach6of32_margin05_pool05_step4063232.pt: 6 members
  pool external already present from resume: candidate_zach_public
  pool external already present from resume: candidate_hellburner
  heuristic worker pool: candidate_zach_public × 7 workers
  heuristic worker pool: candidate_hellburner × 7 workers
Pool initialised: mode=mixed, members=6, fraction=0.5, snapshot_every=1,000,000 steps

Run timestamp: 20260525_184201

Starting self-play training (target 100,000,000 env steps)
======================================================================
iter     1 | steps      32,768 | SPS     629 | r_p0 -0.375 r_p1 +0.875 | clip_frac 0.061 | KL 0.0052 | H_fire 0.112 H_ang 4.96 H_ship 2.16 | V_loss 0.0130 | LR 0.000030 | early_stop=0 | fire[0]=0.25 fire[rest_max]=0.22 srcs_multi=0.52 ship0=0.00 meanshipbin=6.6 avgfleet=15.0 p90fleet=29.0
iter     2 | steps      65,536 | SPS     706 | r_p0 -0.167 r_p1 +0.667 | clip_frac 0.060 | KL 0.0050 | H_fire 0.256 H_ang 4.95 H_ship 2.04 | V_loss 0.0132 | LR 0.000030 | early_stop=0 | fire[0]=0.17 fire[rest_max]=0.21 srcs_multi=0.84 ship0=0.02 meanshipbin=5.7 avgfleet=19.1 p90fleet=36.0
iter     3 | steps      98,304 | SPS     793 | r_p0 -0.197 r_p1 +0.697 | clip_frac 0.064 | KL 0.0051 | H_fire 0.251 H_ang 4.96 H_ship 2.06 | V_loss 0.0087 | LR 0.000030 | early_stop=0 | fire[0]=0.18 fire[rest_max]=0.26 srcs_multi=1.07 ship0=0.04 meanshipbin=5.2 avgfleet=17.3 p90fleet=35.0
  ★ best updated: reward=-0.197
iter     4 | steps     131,072 | SPS     847 | r_p0 +0.237 r_p1 +0.263 | clip_frac 0.065 | KL 0.0058 | H_fire 0.264 H_ang 4.96 H_ship 2.06 | V_loss 0.0073 | LR 0.000030 | early_stop=0 | fire[0]=0.22 fire[rest_max]=0.33 srcs_multi=1.49 ship0=0.04 meanshipbin=5.3 avgfleet=17.8 p90fleet=36.0
  ★ best updated: reward=+0.237
iter     5 | steps     163,840 | SPS     884 | r_p0 +0.575 r_p1 -0.075 | clip_frac 0.065 | KL 0.0057 | H_fire 0.273 H_ang 4.96 H_ship 2.06 | V_loss 0.0078 | LR 0.000030 | early_stop=0 | fire[0]=0.21 fire[rest_max]=0.32 srcs_multi=1.44 ship0=0.02 meanshipbin=5.4 avgfleet=17.0 p90fleet=34.0
  ★ best updated: reward=+0.575
iter     6 | steps     196,608 | SPS     911 | r_p0 +0.613 r_p1 -0.113 | clip_frac 0.066 | KL 0.0054 | H_fire 0.291 H_ang 4.96 H_ship 2.05 | V_loss 0.0081 | LR 0.000030 | early_stop=0 | fire[0]=0.21 fire[rest_max]=0.31 srcs_multi=1.37 ship0=0.02 meanshipbin=5.4 avgfleet=16.5 p90fleet=33.0
  ★ best updated: reward=+0.613
iter     7 | steps     229,376 | SPS     930 | r_p0 +0.662 r_p1 -0.163 | clip_frac 0.067 | KL 0.0055 | H_fire 0.301 H_ang 4.96 H_ship 2.05 | V_loss 0.0069 | LR 0.000030 | early_stop=0 | fire[0]=0.22 fire[rest_max]=0.33 srcs_multi=1.55 ship0=0.04 meanshipbin=5.1 avgfleet=17.7 p90fleet=35.0
  ★ best updated: reward=+0.662
iter     8 | steps     262,144 | SPS     941 | r_p0 +0.519 r_p1 -0.083 | clip_frac 0.066 | KL 0.0045 | H_fire 0.226 H_ang 4.96 H_ship 2.08 | V_loss 0.0267 | LR 0.000030 | early_stop=0 | fire[0]=0.19 fire[rest_max]=0.26 srcs_multi=0.88 ship0=0.01 meanshipbin=5.6 avgfleet=18.4 p90fleet=35.0
iter     9 | steps     294,912 | SPS     955 | r_p0 +0.534 r_p1 -0.092 | clip_frac 0.064 | KL 0.0047 | H_fire 0.206 H_ang 4.96 H_ship 2.09 | V_loss 0.0101 | LR 0.000030 | early_stop=0 | fire[0]=0.17 fire[rest_max]=0.24 srcs_multi=0.73 ship0=0.02 meanshipbin=5.5 avgfleet=18.3 p90fleet=36.0
iter    10 | steps     327,680 | SPS     915 | r_p0 +0.414 r_p1 +0.064 | clip_frac 0.064 | KL 0.0061 | H_fire 0.246 H_ang 4.96 H_ship 2.08 | V_loss 0.0110 | LR 0.000030 | early_stop=0 | fire[0]=0.19 fire[rest_max]=0.29 srcs_multi=1.13 ship0=0.02 meanshipbin=5.5 avgfleet=16.9 p90fleet=32.0
iter    11 | steps     360,448 | SPS     897 | r_p0 -0.351 r_p1 +0.828 | clip_frac 0.065 | KL 0.0054 | H_fire 0.224 H_ang 4.96 H_ship 2.09 | V_loss 0.0146 | LR 0.000030 | early_stop=0 | fire[0]=0.20 fire[rest_max]=0.28 srcs_multi=1.08 ship0=0.02 meanshipbin=5.6 avgfleet=17.1 p90fleet=33.0
iter    12 | steps     393,216 | SPS     888 | r_p0 -0.188 r_p1 +0.664 | clip_frac 0.064 | KL 0.0058 | H_fire 0.237 H_ang 4.96 H_ship 2.08 | V_loss 0.0160 | LR 0.000030 | early_stop=0 | fire[0]=0.23 fire[rest_max]=0.31 srcs_multi=1.26 ship0=0.03 meanshipbin=5.6 avgfleet=17.6 p90fleet=34.0
iter    13 | steps     425,984 | SPS     899 | r_p0 +0.274 r_p1 +0.206 | clip_frac 0.065 | KL 0.0069 | H_fire 0.246 H_ang 4.96 H_ship 2.07 | V_loss 0.0126 | LR 0.000030 | early_stop=0 | fire[0]=0.19 fire[rest_max]=0.28 srcs_multi=1.08 ship0=0.05 meanshipbin=5.3 avgfleet=18.4 p90fleet=36.0
iter    14 | steps     458,752 | SPS     800 | r_p0 +0.513 r_p1 -0.029 | clip_frac 0.065 | KL 0.0053 | H_fire 0.233 H_ang 4.96 H_ship 2.09 | V_loss 0.0110 | LR 0.000030 | early_stop=0 | fire[0]=0.19 fire[rest_max]=0.29 srcs_multi=1.08 ship0=0.03 meanshipbin=5.6 avgfleet=16.7 p90fleet=34.0
iter    15 | steps     491,520 | SPS     814 | r_p0 +0.490 r_p1 -0.009 | clip_frac 0.064 | KL 0.0052 | H_fire 0.224 H_ang 4.96 H_ship 2.09 | V_loss 0.0109 | LR 0.000030 | early_stop=0 | fire[0]=0.17 fire[rest_max]=0.26 srcs_multi=0.89 ship0=0.02 meanshipbin=5.5 avgfleet=17.7 p90fleet=36.0
iter    16 | steps     524,288 | SPS     826 | r_p0 +0.240 r_p1 +0.233 | clip_frac 0.063 | KL 0.0041 | H_fire 0.240 H_ang 4.96 H_ship 2.08 | V_loss 0.0158 | LR 0.000030 | early_stop=0 | fire[0]=0.18 fire[rest_max]=0.26 srcs_multi=1.02 ship0=0.05 meanshipbin=5.2 avgfleet=17.9 p90fleet=36.0
iter    17 | steps     557,056 | SPS     836 | r_p0 -0.088 r_p1 +0.559 | clip_frac 0.063 | KL 0.0055 | H_fire 0.229 H_ang 4.96 H_ship 2.09 | V_loss 0.0110 | LR 0.000030 | early_stop=0 | fire[0]=0.19 fire[rest_max]=0.27 srcs_multi=0.99 ship0=0.02 meanshipbin=5.6 avgfleet=17.3 p90fleet=34.0
iter    18 | steps     589,824 | SPS     829 | r_p0 -0.193 r_p1 +0.678 | clip_frac 0.064 | KL 0.0069 | H_fire 0.248 H_ang 4.96 H_ship 2.08 | V_loss 0.0128 | LR 0.000030 | early_stop=0 | fire[0]=0.19 fire[rest_max]=0.28 srcs_multi=1.06 ship0=0.03 meanshipbin=5.6 avgfleet=17.5 p90fleet=33.0
iter    19 | steps     622,592 | SPS     759 | r_p0 -0.122 r_p1 +0.599 | clip_frac 0.065 | KL 0.0062 | H_fire 0.252 H_ang 4.96 H_ship 2.09 | V_loss 0.0128 | LR 0.000030 | early_stop=0 | fire[0]=0.21 fire[rest_max]=0.31 srcs_multi=1.31 ship0=0.03 meanshipbin=5.5 avgfleet=18.7 p90fleet=36.0
iter    20 | steps     655,360 | SPS     770 | r_p0 +0.060 r_p1 +0.414 | clip_frac 0.065 | KL 0.0053 | H_fire 0.234 H_ang 4.96 H_ship 2.09 | V_loss 0.0131 | LR 0.000030 | early_stop=0 | fire[0]=0.18 fire[rest_max]=0.26 srcs_multi=0.94 ship0=0.03 meanshipbin=5.5 avgfleet=18.2 p90fleet=36.0
iter    21 | steps     688,128 | SPS     770 | r_p0 -0.038 r_p1 +0.509 | clip_frac 0.065 | KL 0.0056 | H_fire 0.254 H_ang 4.96 H_ship 2.08 | V_loss 0.0126 | LR 0.000030 | early_stop=0 | fire[0]=0.21 fire[rest_max]=0.30 srcs_multi=1.22 ship0=0.04 meanshipbin=5.4 avgfleet=18.6 p90fleet=37.0
iter    22 | steps     720,896 | SPS     780 | r_p0 +0.109 r_p1 +0.376 | clip_frac 0.065 | KL 0.0054 | H_fire 0.245 H_ang 4.96 H_ship 2.09 | V_loss 0.0097 | LR 0.000030 | early_stop=0 | fire[0]=0.19 fire[rest_max]=0.29 srcs_multi=1.13 ship0=0.03 meanshipbin=5.5 avgfleet=18.7 p90fleet=36.0
iter    23 | steps     753,664 | SPS     789 | r_p0 +0.342 r_p1 +0.154 | clip_frac 0.066 | KL 0.0056 | H_fire 0.256 H_ang 4.96 H_ship 2.08 | V_loss 0.0125 | LR 0.000030 | early_stop=0 | fire[0]=0.18 fire[rest_max]=0.27 srcs_multi=1.08 ship0=0.04 meanshipbin=5.3 avgfleet=17.1 p90fleet=33.5
iter    24 | steps     786,432 | SPS     786 | r_p0 +0.498 r_p1 -0.014 | clip_frac 0.066 | KL 0.0077 | H_fire 0.271 H_ang 4.96 H_ship 2.09 | V_loss 0.0134 | LR 0.000030 | early_stop=0 | fire[0]=0.21 fire[rest_max]=0.33 srcs_multi=1.42 ship0=0.07 meanshipbin=5.2 avgfleet=16.3 p90fleet=32.0
iter    25 | steps     819,200 | SPS     744 | r_p0 +0.599 r_p1 -0.124 | clip_frac 0.066 | KL 0.0052 | H_fire 0.262 H_ang 4.95 H_ship 2.09 | V_loss 0.0119 | LR 0.000030 | early_stop=0 | fire[0]=0.21 fire[rest_max]=0.32 srcs_multi=1.41 ship0=0.04 meanshipbin=5.5 avgfleet=15.9 p90fleet=31.0
iter    26 | steps     851,968 | SPS     753 | r_p0 +0.252 r_p1 +0.225 | clip_frac 0.067 | KL 0.0065 | H_fire 0.240 H_ang 4.96 H_ship 2.09 | V_loss 0.0124 | LR 0.000030 | early_stop=0 | fire[0]=0.19 fire[rest_max]=0.27 srcs_multi=1.09 ship0=0.03 meanshipbin=5.5 avgfleet=19.1 p90fleet=37.0
iter    27 | steps     884,736 | SPS     761 | r_p0 +0.013 r_p1 +0.460 | clip_frac 0.067 | KL 0.0046 | H_fire 0.244 H_ang 4.96 H_ship 2.09 | V_loss 0.0115 | LR 0.000030 | early_stop=0 | fire[0]=0.19 fire[rest_max]=0.28 srcs_multi=1.13 ship0=0.03 meanshipbin=5.6 avgfleet=17.4 p90fleet=34.0
iter    28 | steps     917,504 | SPS     769 | r_p0 -0.137 r_p1 +0.610 | clip_frac 0.067 | KL 0.0052 | H_fire 0.250 H_ang 4.96 H_ship 2.09 | V_loss 0.0128 | LR 0.000030 | early_stop=0 | fire[0]=0.19 fire[rest_max]=0.28 srcs_multi=1.13 ship0=0.06 meanshipbin=5.2 avgfleet=18.1 p90fleet=36.0
iter    29 | steps     950,272 | SPS     776 | r_p0 -0.261 r_p1 +0.736 | clip_frac 0.067 | KL 0.0058 | H_fire 0.258 H_ang 4.96 H_ship 2.09 | V_loss 0.0110 | LR 0.000030 | early_stop=0 | fire[0]=0.21 fire[rest_max]=0.30 srcs_multi=1.29 ship0=0.09 meanshipbin=5.1 avgfleet=19.1 p90fleet=38.0
iter    30 | steps     983,040 | SPS     775 | r_p0 -0.408 r_p1 +0.891 | clip_frac 0.067 | KL 0.0057 | H_fire 0.222 H_ang 4.96 H_ship 2.10 | V_loss 0.0125 | LR 0.000030 | early_stop=0 | fire[0]=0.19 fire[rest_max]=0.28 srcs_multi=1.04 ship0=0.04 meanshipbin=5.6 avgfleet=16.6 p90fleet=32.0
iter    31 | steps   1,015,808 | SPS     782 | r_p0 -0.518 r_p1 +1.002 | clip_frac 0.067 | KL 0.0047 | H_fire 0.221 H_ang 4.96 H_ship 2.10 | V_loss 0.0116 | LR 0.000030 | early_stop=0 | fire[0]=0.18 fire[rest_max]=0.28 srcs_multi=0.97 ship0=0.03 meanshipbin=5.4 avgfleet=16.7 p90fleet=32.0
  pool snapshot @ step 1,015,808
  pool size=7  alpha=2.0
    self                 self_step_3047424              wr=0.44 (n=720)  pfsp_w=0.313
    self                 self_step_0                    wr=0.44 (n=2859)  pfsp_w=0.309
    external_heuristic   candidate_zach_public          wr=0.49 (n=1469)  pfsp_w=0.257
    self                 self_step_1015808              wr=0.50 (n=0)  pfsp_w=0.250
    external_heuristic   candidate_hellburner           wr=0.51 (n=2004)  pfsp_w=0.242
    self                 self_step_2031616              wr=0.57 (n=518)  pfsp_w=0.184
    self                 self_step_1015808              wr=0.59 (n=793)  pfsp_w=0.170
iter    32 | steps   1,048,576 | SPS     788 | r_p0 -0.307 r_p1 +0.783 | clip_frac 0.067 | KL 0.0052 | H_fire 0.242 H_ang 4.96 H_ship 2.09 | V_loss 0.0124 | LR 0.000030 | early_stop=0 | fire[0]=0.18 fire[rest_max]=0.28 srcs_multi=1.04 ship0=0.05 meanshipbin=5.2 avgfleet=16.8 p90fleet=32.0
iter    33 | steps   1,081,344 | SPS     794 | r_p0 -0.026 r_p1 +0.496 | clip_frac 0.067 | KL 0.0053 | H_fire 0.241 H_ang 4.96 H_ship 2.09 | V_loss 0.0116 | LR 0.000030 | early_stop=0 | fire[0]=0.18 fire[rest_max]=0.28 srcs_multi=1.08 ship0=0.06 meanshipbin=5.3 avgfleet=17.5 p90fleet=35.0
iter    34 | steps   1,114,112 | SPS     800 | r_p0 -0.049 r_p1 +0.523 | clip_frac 0.067 | KL 0.0061 | H_fire 0.233 H_ang 4.96 H_ship 2.10 | V_loss 0.0123 | LR 0.000030 | early_stop=0 | fire[0]=0.17 fire[rest_max]=0.28 srcs_multi=1.01 ship0=0.08 meanshipbin=5.1 avgfleet=16.4 p90fleet=32.0
iter    35 | steps   1,146,880 | SPS     798 | r_p0 -0.031 r_p1 +0.512 | clip_frac 0.067 | KL 0.0046 | H_fire 0.248 H_ang 4.95 H_ship 2.09 | V_loss 0.0116 | LR 0.000030 | early_stop=0 | fire[0]=0.19 fire[rest_max]=0.29 srcs_multi=1.14 ship0=0.05 meanshipbin=5.4 avgfleet=16.9 p90fleet=32.0
iter    36 | steps   1,179,648 | SPS     803 | r_p0 -0.104 r_p1 +0.592 | clip_frac 0.067 | KL 0.0054 | H_fire 0.239 H_ang 4.96 H_ship 2.09 | V_loss 0.0111 | LR 0.000030 | early_stop=0 | fire[0]=0.19 fire[rest_max]=0.28 srcs_multi=1.12 ship0=0.05 meanshipbin=5.3 avgfleet=16.8 p90fleet=33.0
iter    37 | steps   1,212,416 | SPS     769 | r_p0 -0.021 r_p1 +0.500 | clip_frac 0.067 | KL 0.0052 | H_fire 0.235 H_ang 4.96 H_ship 2.10 | V_loss 0.0121 | LR 0.000030 | early_stop=0 | fire[0]=0.20 fire[rest_max]=0.29 srcs_multi=1.12 ship0=0.05 meanshipbin=5.6 avgfleet=16.3 p90fleet=32.0
iter    38 | steps   1,245,184 | SPS     774 | r_p0 +0.326 r_p1 +0.148 | clip_frac 0.067 | KL 0.0050 | H_fire 0.270 H_ang 4.95 H_ship 2.08 | V_loss 0.0104 | LR 0.000030 | early_stop=0 | fire[0]=0.20 fire[rest_max]=0.31 srcs_multi=1.34 ship0=0.06 meanshipbin=5.2 avgfleet=17.5 p90fleet=34.0
iter    39 | steps   1,277,952 | SPS     780 | r_p0 +0.449 r_p1 +0.036 | clip_frac 0.067 | KL 0.0049 | H_fire 0.206 H_ang 4.96 H_ship 2.09 | V_loss 0.0118 | LR 0.000030 | early_stop=0 | fire[0]=0.16 fire[rest_max]=0.24 srcs_multi=0.83 ship0=0.03 meanshipbin=5.5 avgfleet=17.8 p90fleet=35.0
iter    40 | steps   1,310,720 | SPS     785 | r_p0 +0.338 r_p1 +0.145 | clip_frac 0.067 | KL 0.0048 | H_fire 0.226 H_ang 4.96 H_ship 2.08 | V_loss 0.0109 | LR 0.000030 | early_stop=0 | fire[0]=0.17 fire[rest_max]=0.25 srcs_multi=0.90 ship0=0.05 meanshipbin=5.3 avgfleet=18.2 p90fleet=35.0
iter    41 | steps   1,343,488 | SPS     790 | r_p0 +0.140 r_p1 +0.335 | clip_frac 0.067 | KL 0.0050 | H_fire 0.242 H_ang 4.95 H_ship 2.08 | V_loss 0.0109 | LR 0.000030 | early_stop=0 | fire[0]=0.19 fire[rest_max]=0.28 srcs_multi=1.16 ship0=0.07 meanshipbin=5.2 avgfleet=17.4 p90fleet=34.0
iter    42 | steps   1,376,256 | SPS     795 | r_p0 -0.012 r_p1 +0.488 | clip_frac 0.067 | KL 0.0048 | H_fire 0.238 H_ang 4.96 H_ship 2.08 | V_loss 0.0104 | LR 0.000030 | early_stop=0 | fire[0]=0.18 fire[rest_max]=0.28 srcs_multi=1.00 ship0=0.05 meanshipbin=5.2 avgfleet=17.0 p90fleet=33.0
iter    43 | steps   1,409,024 | SPS     800 | r_p0 -0.015 r_p1 +0.488 | clip_frac 0.067 | KL 0.0062 | H_fire 0.226 H_ang 4.96 H_ship 2.09 | V_loss 0.0098 | LR 0.000030 | early_stop=0 | fire[0]=0.17 fire[rest_max]=0.26 srcs_multi=0.98 ship0=0.04 meanshipbin=5.4 avgfleet=17.1 p90fleet=34.0
iter    44 | steps   1,441,792 | SPS     804 | r_p0 +0.208 r_p1 +0.258 | clip_frac 0.066 | KL 0.0049 | H_fire 0.222 H_ang 4.96 H_ship 2.09 | V_loss 0.0136 | LR 0.000030 | early_stop=0 | fire[0]=0.18 fire[rest_max]=0.26 srcs_multi=0.99 ship0=0.03 meanshipbin=5.5 avgfleet=17.5 p90fleet=34.0
iter    45 | steps   1,474,560 | SPS     809 | r_p0 +0.124 r_p1 +0.338 | clip_frac 0.067 | KL 0.0061 | H_fire 0.226 H_ang 4.95 H_ship 2.08 | V_loss 0.0116 | LR 0.000030 | early_stop=0 | fire[0]=0.18 fire[rest_max]=0.26 srcs_multi=1.03 ship0=0.04 meanshipbin=5.4 avgfleet=17.5 p90fleet=34.0
iter    46 | steps   1,507,328 | SPS     813 | r_p0 +0.104 r_p1 +0.368 | clip_frac 0.067 | KL 0.0066 | H_fire 0.237 H_ang 4.95 H_ship 2.08 | V_loss 0.0112 | LR 0.000030 | early_stop=0 | fire[0]=0.18 fire[rest_max]=0.28 srcs_multi=1.04 ship0=0.04 meanshipbin=5.3 avgfleet=16.4 p90fleet=32.0
iter    47 | steps   1,540,096 | SPS     817 | r_p0 +0.178 r_p1 +0.294 | clip_frac 0.067 | KL 0.0059 | H_fire 0.247 H_ang 4.95 H_ship 2.09 | V_loss 0.0117 | LR 0.000030 | early_stop=0 | fire[0]=0.19 fire[rest_max]=0.29 srcs_multi=1.18 ship0=0.05 meanshipbin=5.3 avgfleet=15.7 p90fleet=31.0
iter    48 | steps   1,572,864 | SPS     789 | r_p0 +0.253 r_p1 +0.221 | clip_frac 0.067 | KL 0.0060 | H_fire 0.250 H_ang 4.95 H_ship 2.09 | V_loss 0.0113 | LR 0.000030 | early_stop=0 | fire[0]=0.20 fire[rest_max]=0.31 srcs_multi=1.29 ship0=0.05 meanshipbin=5.3 avgfleet=15.7 p90fleet=30.0
iter    49 | steps   1,605,632 | SPS     794 | r_p0 +0.303 r_p1 +0.175 | clip_frac 0.067 | KL 0.0069 | H_fire 0.238 H_ang 4.95 H_ship 2.08 | V_loss 0.0105 | LR 0.000030 | early_stop=0 | fire[0]=0.18 fire[rest_max]=0.28 srcs_multi=1.05 ship0=0.05 meanshipbin=5.3 avgfleet=17.1 p90fleet=33.0
iter    50 | steps   1,638,400 | SPS     767 | r_p0 +0.214 r_p1 +0.262 | clip_frac 0.067 | KL 0.0056 | H_fire 0.231 H_ang 4.95 H_ship 2.09 | V_loss 0.0106 | LR 0.000030 | early_stop=0 | fire[0]=0.19 fire[rest_max]=0.29 srcs_multi=1.10 ship0=0.03 meanshipbin=5.6 avgfleet=16.8 p90fleet=32.0
iter    51 | steps   1,671,168 | SPS     766 | r_p0 +0.368 r_p1 +0.108 | clip_frac 0.068 | KL 0.0066 | H_fire 0.213 H_ang 4.95 H_ship 2.10 | V_loss 0.0129 | LR 0.000030 | early_stop=0 | fire[0]=0.20 fire[rest_max]=0.29 srcs_multi=1.09 ship0=0.03 meanshipbin=5.6 avgfleet=17.2 p90fleet=32.0
iter    52 | steps   1,703,936 | SPS     770 | r_p0 +0.714 r_p1 -0.236 | clip_frac 0.068 | KL 0.0049 | H_fire 0.197 H_ang 4.95 H_ship 2.10 | V_loss 0.0119 | LR 0.000030 | early_stop=0 | fire[0]=0.16 fire[rest_max]=0.25 srcs_multi=0.86 ship0=0.02 meanshipbin=5.5 avgfleet=17.6 p90fleet=34.0
  ★ best updated: reward=+0.714
iter    53 | steps   1,736,704 | SPS     774 | r_p0 +0.574 r_p1 -0.097 | clip_frac 0.067 | KL 0.0055 | H_fire 0.233 H_ang 4.95 H_ship 2.08 | V_loss 0.0101 | LR 0.000030 | early_stop=0 | fire[0]=0.18 fire[rest_max]=0.27 srcs_multi=1.07 ship0=0.03 meanshipbin=5.4 avgfleet=17.1 p90fleet=33.0
iter    54 | steps   1,769,472 | SPS     754 | r_p0 +0.460 r_p1 +0.012 | clip_frac 0.067 | KL 0.0051 | H_fire 0.247 H_ang 4.95 H_ship 2.08 | V_loss 0.0096 | LR 0.000030 | early_stop=0 | fire[0]=0.19 fire[rest_max]=0.28 srcs_multi=1.18 ship0=0.04 meanshipbin=5.3 avgfleet=16.0 p90fleet=31.0
iter    55 | steps   1,802,240 | SPS     735 | r_p0 +0.287 r_p1 +0.184 | clip_frac 0.068 | KL 0.0067 | H_fire 0.246 H_ang 4.95 H_ship 2.08 | V_loss 0.0101 | LR 0.000030 | early_stop=0 | fire[0]=0.19 fire[rest_max]=0.28 srcs_multi=1.25 ship0=0.04 meanshipbin=5.5 avgfleet=17.3 p90fleet=34.0
iter    56 | steps   1,835,008 | SPS     717 | r_p0 +0.048 r_p1 +0.421 | clip_frac 0.068 | KL 0.0078 | H_fire 0.241 H_ang 4.95 H_ship 2.09 | V_loss 0.0119 | LR 0.000030 | early_stop=0 | fire[0]=0.20 fire[rest_max]=0.28 srcs_multi=1.23 ship0=0.03 meanshipbin=5.6 avgfleet=15.3 p90fleet=30.0
iter    57 | steps   1,867,776 | SPS     721 | r_p0 +0.132 r_p1 +0.336 | clip_frac 0.068 | KL 0.0060 | H_fire 0.216 H_ang 4.95 H_ship 2.08 | V_loss 0.0111 | LR 0.000030 | early_stop=0 | fire[0]=0.16 fire[rest_max]=0.26 srcs_multi=0.95 ship0=0.03 meanshipbin=5.3 avgfleet=17.8 p90fleet=34.0
iter    58 | steps   1,900,544 | SPS     725 | r_p0 +0.249 r_p1 +0.225 | clip_frac 0.068 | KL 0.0053 | H_fire 0.227 H_ang 4.95 H_ship 2.09 | V_loss 0.0109 | LR 0.000030 | early_stop=0 | fire[0]=0.17 fire[rest_max]=0.28 srcs_multi=1.07 ship0=0.03 meanshipbin=5.4 avgfleet=15.4 p90fleet=30.0
iter    59 | steps   1,933,312 | SPS     729 | r_p0 +0.149 r_p1 +0.321 | clip_frac 0.069 | KL 0.0051 | H_fire 0.205 H_ang 4.95 H_ship 2.09 | V_loss 0.0122 | LR 0.000030 | early_stop=0 | fire[0]=0.17 fire[rest_max]=0.27 srcs_multi=0.98 ship0=0.03 meanshipbin=5.5 avgfleet=16.0 p90fleet=32.0
iter    60 | steps   1,966,080 | SPS     733 | r_p0 +0.298 r_p1 +0.170 | clip_frac 0.069 | KL 0.0059 | H_fire 0.234 H_ang 4.95 H_ship 2.09 | V_loss 0.0111 | LR 0.000030 | early_stop=0 | fire[0]=0.19 fire[rest_max]=0.29 srcs_multi=1.16 ship0=0.04 meanshipbin=5.2 avgfleet=15.8 p90fleet=30.0
iter    61 | steps   1,998,848 | SPS     737 | r_p0 +0.458 r_p1 +0.010 | clip_frac 0.069 | KL 0.0047 | H_fire 0.239 H_ang 4.95 H_ship 2.09 | V_loss 0.0117 | LR 0.000030 | early_stop=0 | fire[0]=0.18 fire[rest_max]=0.29 srcs_multi=1.07 ship0=0.04 meanshipbin=5.1 avgfleet=15.7 p90fleet=30.0
iter    62 | steps   2,031,616 | SPS     741 | r_p0 +0.335 r_p1 +0.137 | clip_frac 0.069 | KL 0.0050 | H_fire 0.215 H_ang 4.95 H_ship 2.09 | V_loss 0.0093 | LR 0.000030 | early_stop=0 | fire[0]=0.17 fire[rest_max]=0.26 srcs_multi=1.00 ship0=0.05 meanshipbin=5.0 avgfleet=16.7 p90fleet=33.0
  pool snapshot @ step 2,031,616
  pool size=8  alpha=2.0
    self                 self_step_0                    wr=0.44 (n=3108)  pfsp_w=0.310
    self                 self_step_1015808              wr=0.46 (n=336)  pfsp_w=0.297
    self                 self_step_3047424              wr=0.46 (n=1051)  pfsp_w=0.290
    external_heuristic   candidate_zach_public          wr=0.48 (n=1605)  pfsp_w=0.267
    self                 self_step_2031616              wr=0.50 (n=0)  pfsp_w=0.250
    external_heuristic   candidate_hellburner           wr=0.51 (n=2214)  pfsp_w=0.238
    self                 self_step_1015808              wr=0.55 (n=1011)  pfsp_w=0.203
    self                 self_step_2031616              wr=0.56 (n=628)  pfsp_w=0.193
iter    63 | steps   2,064,384 | SPS     744 | r_p0 +0.256 r_p1 +0.226 | clip_frac 0.069 | KL 0.0050 | H_fire 0.235 H_ang 4.95 H_ship 2.09 | V_loss 0.0099 | LR 0.000030 | early_stop=0 | fire[0]=0.18 fire[rest_max]=0.27 srcs_multi=1.05 ship0=0.06 meanshipbin=5.1 avgfleet=15.7 p90fleet=30.0
iter    64 | steps   2,097,152 | SPS     748 | r_p0 +0.334 r_p1 +0.151 | clip_frac 0.069 | KL 0.0061 | H_fire 0.237 H_ang 4.95 H_ship 2.08 | V_loss 0.0101 | LR 0.000030 | early_stop=0 | fire[0]=0.18 fire[rest_max]=0.27 srcs_multi=1.04 ship0=0.06 meanshipbin=4.8 avgfleet=15.9 p90fleet=32.0
iter    65 | steps   2,129,920 | SPS     747 | r_p0 +0.440 r_p1 +0.037 | clip_frac 0.069 | KL 0.0055 | H_fire 0.248 H_ang 4.95 H_ship 2.09 | V_loss 0.0118 | LR 0.000030 | early_stop=0 | fire[0]=0.20 fire[rest_max]=0.32 srcs_multi=1.30 ship0=0.08 meanshipbin=4.7 avgfleet=15.5 p90fleet=30.0
iter    66 | steps   2,162,688 | SPS     747 | r_p0 +0.277 r_p1 +0.199 | clip_frac 0.070 | KL 0.0049 | H_fire 0.209 H_ang 4.95 H_ship 2.09 | V_loss 0.0135 | LR 0.000030 | early_stop=0 | fire[0]=0.19 fire[rest_max]=0.29 srcs_multi=1.12 ship0=0.05 meanshipbin=5.2 avgfleet=17.4 p90fleet=34.0
iter    67 | steps   2,195,456 | SPS     750 | r_p0 +0.132 r_p1 +0.351 | clip_frac 0.070 | KL 0.0048 | H_fire 0.194 H_ang 4.95 H_ship 2.09 | V_loss 0.0124 | LR 0.000030 | early_stop=0 | fire[0]=0.16 fire[rest_max]=0.24 srcs_multi=0.89 ship0=0.06 meanshipbin=4.8 avgfleet=16.8 p90fleet=33.0
iter    68 | steps   2,228,224 | SPS     753 | r_p0 -0.072 r_p1 +0.556 | clip_frac 0.070 | KL 0.0064 | H_fire 0.205 H_ang 4.95 H_ship 2.08 | V_loss 0.0109 | LR 0.000030 | early_stop=0 | fire[0]=0.18 fire[rest_max]=0.26 srcs_multi=1.11 ship0=0.08 meanshipbin=4.6 avgfleet=17.0 p90fleet=34.0
iter    69 | steps   2,260,992 | SPS     757 | r_p0 -0.007 r_p1 +0.491 | clip_frac 0.069 | KL 0.0049 | H_fire 0.204 H_ang 4.95 H_ship 2.08 | V_loss 0.0116 | LR 0.000030 | early_stop=0 | fire[0]=0.16 fire[rest_max]=0.24 srcs_multi=0.86 ship0=0.05 meanshipbin=4.8 avgfleet=16.6 p90fleet=33.0
iter    70 | steps   2,293,760 | SPS     760 | r_p0 +0.276 r_p1 +0.198 | clip_frac 0.069 | KL 0.0057 | H_fire 0.219 H_ang 4.95 H_ship 2.07 | V_loss 0.0119 | LR 0.000030 | early_stop=0 | fire[0]=0.17 fire[rest_max]=0.26 srcs_multi=1.04 ship0=0.06 meanshipbin=4.6 avgfleet=16.2 p90fleet=32.0
iter    71 | steps   2,326,528 | SPS     763 | r_p0 +0.315 r_p1 +0.163 | clip_frac 0.069 | KL 0.0049 | H_fire 0.213 H_ang 4.95 H_ship 2.08 | V_loss 0.0106 | LR 0.000030 | early_stop=0 | fire[0]=0.16 fire[rest_max]=0.24 srcs_multi=0.96 ship0=0.07 meanshipbin=4.6 avgfleet=16.5 p90fleet=33.0
iter    72 | steps   2,359,296 | SPS     748 | r_p0 +0.191 r_p1 +0.293 | clip_frac 0.069 | KL 0.0054 | H_fire 0.204 H_ang 4.95 H_ship 2.10 | V_loss 0.0094 | LR 0.000030 | early_stop=0 | fire[0]=0.17 fire[rest_max]=0.26 srcs_multi=0.98 ship0=0.06 meanshipbin=5.0 avgfleet=15.6 p90fleet=31.0
iter    73 | steps   2,392,064 | SPS     751 | r_p0 -0.269 r_p1 +0.756 | clip_frac 0.069 | KL 0.0057 | H_fire 0.227 H_ang 4.95 H_ship 2.08 | V_loss 0.0107 | LR 0.000030 | early_stop=0 | fire[0]=0.18 fire[rest_max]=0.27 srcs_multi=1.13 ship0=0.07 meanshipbin=4.8 avgfleet=20.3 p90fleet=41.0
iter    74 | steps   2,424,832 | SPS     754 | r_p0 -0.434 r_p1 +0.920 | clip_frac 0.068 | KL 0.0056 | H_fire 0.175 H_ang 4.95 H_ship 2.11 | V_loss 0.0105 | LR 0.000030 | early_stop=0 | fire[0]=0.16 fire[rest_max]=0.24 srcs_multi=0.80 ship0=0.04 meanshipbin=5.1 avgfleet=17.6 p90fleet=33.0
iter    75 | steps   2,457,600 | SPS     757 | r_p0 -0.310 r_p1 +0.793 | clip_frac 0.068 | KL 0.0056 | H_fire 0.209 H_ang 4.95 H_ship 2.09 | V_loss 0.0113 | LR 0.000030 | early_stop=0 | fire[0]=0.17 fire[rest_max]=0.26 srcs_multi=0.99 ship0=0.07 meanshipbin=4.6 avgfleet=17.0 p90fleet=34.0
iter    76 | steps   2,490,368 | SPS     760 | r_p0 -0.356 r_p1 +0.840 | clip_frac 0.068 | KL 0.0044 | H_fire 0.178 H_ang 4.95 H_ship 2.10 | V_loss 0.0114 | LR 0.000030 | early_stop=0 | fire[0]=0.16 fire[rest_max]=0.24 srcs_multi=0.80 ship0=0.05 meanshipbin=5.0 avgfleet=16.5 p90fleet=32.0
iter    77 | steps   2,523,136 | SPS     747 | r_p0 -0.379 r_p1 +0.864 | clip_frac 0.068 | KL 0.0047 | H_fire 0.216 H_ang 4.95 H_ship 2.09 | V_loss 0.0116 | LR 0.000030 | early_stop=0 | fire[0]=0.18 fire[rest_max]=0.28 srcs_multi=1.13 ship0=0.04 meanshipbin=5.2 avgfleet=16.5 p90fleet=33.0
iter    78 | steps   2,555,904 | SPS     750 | r_p0 -0.152 r_p1 +0.637 | clip_frac 0.068 | KL 0.0056 | H_fire 0.197 H_ang 4.95 H_ship 2.09 | V_loss 0.0097 | LR 0.000030 | early_stop=0 | fire[0]=0.16 fire[rest_max]=0.24 srcs_multi=0.91 ship0=0.02 meanshipbin=5.3 avgfleet=17.5 p90fleet=34.0
iter    79 | steps   2,588,672 | SPS     753 | r_p0 +0.110 r_p1 +0.375 | clip_frac 0.068 | KL 0.0055 | H_fire 0.204 H_ang 4.95 H_ship 2.09 | V_loss 0.0100 | LR 0.000030 | early_stop=0 | fire[0]=0.16 fire[rest_max]=0.24 srcs_multi=0.91 ship0=0.02 meanshipbin=5.3 avgfleet=17.8 p90fleet=35.0
iter    80 | steps   2,621,440 | SPS     756 | r_p0 +0.068 r_p1 +0.416 | clip_frac 0.068 | KL 0.0057 | H_fire 0.204 H_ang 4.95 H_ship 2.08 | V_loss 0.0107 | LR 0.000030 | early_stop=0 | fire[0]=0.16 fire[rest_max]=0.24 srcs_multi=0.91 ship0=0.03 meanshipbin=5.2 avgfleet=17.0 p90fleet=33.0
iter    81 | steps   2,654,208 | SPS     759 | r_p0 +0.093 r_p1 +0.389 | clip_frac 0.068 | KL 0.0040 | H_fire 0.218 H_ang 4.95 H_ship 2.08 | V_loss 0.0104 | LR 0.000030 | early_stop=0 | fire[0]=0.17 fire[rest_max]=0.26 srcs_multi=1.03 ship0=0.06 meanshipbin=4.9 avgfleet=18.0 p90fleet=36.0
iter    82 | steps   2,686,976 | SPS     758 | r_p0 +0.474 r_p1 -0.000 | clip_frac 0.068 | KL 0.0065 | H_fire 0.225 H_ang 4.95 H_ship 2.09 | V_loss 0.0134 | LR 0.000030 | early_stop=0 | fire[0]=0.20 fire[rest_max]=0.30 srcs_multi=1.29 ship0=0.04 meanshipbin=5.2 avgfleet=17.8 p90fleet=34.0
iter    83 | steps   2,719,744 | SPS     758 | r_p0 +0.263 r_p1 +0.213 | clip_frac 0.068 | KL 0.0050 | H_fire 0.211 H_ang 4.95 H_ship 2.10 | V_loss 0.0154 | LR 0.000030 | early_stop=0 | fire[0]=0.19 fire[rest_max]=0.28 srcs_multi=1.11 ship0=0.03 meanshipbin=5.4 avgfleet=17.0 p90fleet=32.0
iter    84 | steps   2,752,512 | SPS     760 | r_p0 +0.128 r_p1 +0.351 | clip_frac 0.067 | KL 0.0044 | H_fire 0.189 H_ang 4.95 H_ship 2.10 | V_loss 0.0131 | LR 0.000030 | early_stop=0 | fire[0]=0.16 fire[rest_max]=0.23 srcs_multi=0.85 ship0=0.03 meanshipbin=5.2 avgfleet=17.7 p90fleet=34.0
iter    85 | steps   2,785,280 | SPS     763 | r_p0 +0.282 r_p1 +0.198 | clip_frac 0.067 | KL 0.0059 | H_fire 0.208 H_ang 4.95 H_ship 2.09 | V_loss 0.0125 | LR 0.000030 | early_stop=0 | fire[0]=0.17 fire[rest_max]=0.26 srcs_multi=0.99 ship0=0.03 meanshipbin=4.9 avgfleet=18.8 p90fleet=38.0
iter    86 | steps   2,818,048 | SPS     765 | r_p0 +0.423 r_p1 +0.064 | clip_frac 0.068 | KL 0.0051 | H_fire 0.210 H_ang 4.95 H_ship 2.09 | V_loss 0.0110 | LR 0.000030 | early_stop=0 | fire[0]=0.18 fire[rest_max]=0.28 srcs_multi=1.11 ship0=0.03 meanshipbin=5.0 avgfleet=18.1 p90fleet=36.0
iter    87 | steps   2,850,816 | SPS     768 | r_p0 +0.345 r_p1 +0.137 | clip_frac 0.068 | KL 0.0061 | H_fire 0.184 H_ang 4.95 H_ship 2.09 | V_loss 0.0124 | LR 0.000030 | early_stop=0 | fire[0]=0.15 fire[rest_max]=0.22 srcs_multi=0.82 ship0=0.02 meanshipbin=5.4 avgfleet=18.1 p90fleet=36.0
iter    88 | steps   2,883,584 | SPS     755 | r_p0 +0.031 r_p1 +0.452 | clip_frac 0.067 | KL 0.0051 | H_fire 0.210 H_ang 4.94 H_ship 2.09 | V_loss 0.0115 | LR 0.000030 | early_stop=0 | fire[0]=0.16 fire[rest_max]=0.26 srcs_multi=0.98 ship0=0.02 meanshipbin=5.2 avgfleet=17.0 p90fleet=33.0
iter    89 | steps   2,916,352 | SPS     755 | r_p0 -0.142 r_p1 +0.630 | clip_frac 0.068 | KL 0.0076 | H_fire 0.206 H_ang 4.94 H_ship 2.09 | V_loss 0.0129 | LR 0.000030 | early_stop=0 | fire[0]=0.18 fire[rest_max]=0.27 srcs_multi=1.10 ship0=0.02 meanshipbin=5.4 avgfleet=18.5 p90fleet=35.0
iter    90 | steps   2,949,120 | SPS     757 | r_p0 +0.145 r_p1 +0.344 | clip_frac 0.068 | KL 0.0048 | H_fire 0.178 H_ang 4.95 H_ship 2.09 | V_loss 0.0123 | LR 0.000030 | early_stop=0 | fire[0]=0.14 fire[rest_max]=0.21 srcs_multi=0.78 ship0=0.02 meanshipbin=5.3 avgfleet=18.6 p90fleet=36.0
iter    91 | steps   2,981,888 | SPS     759 | r_p0 +0.003 r_p1 +0.477 | clip_frac 0.068 | KL 0.0059 | H_fire 0.171 H_ang 4.95 H_ship 2.10 | V_loss 0.0127 | LR 0.000030 | early_stop=0 | fire[0]=0.14 fire[rest_max]=0.22 srcs_multi=0.73 ship0=0.02 meanshipbin=5.5 avgfleet=18.0 p90fleet=34.0
iter    92 | steps   3,014,656 | SPS     762 | r_p0 -0.075 r_p1 +0.550 | clip_frac 0.068 | KL 0.0056 | H_fire 0.188 H_ang 4.94 H_ship 2.09 | V_loss 0.0123 | LR 0.000030 | early_stop=0 | fire[0]=0.14 fire[rest_max]=0.22 srcs_multi=0.84 ship0=0.02 meanshipbin=5.3 avgfleet=17.9 p90fleet=35.0
  saved checkpoints/torch_step_3014656_20260525_184201.pt
  saved checkpoints/pool_step_3014656_20260525_184201.pt (8 members)
iter    93 | steps   3,047,424 | SPS     764 | r_p0 -0.309 r_p1 +0.791 | clip_frac 0.068 | KL 0.0062 | H_fire 0.198 H_ang 4.94 H_ship 2.10 | V_loss 0.0115 | LR 0.000030 | early_stop=0 | fire[0]=0.16 fire[rest_max]=0.26 srcs_multi=1.02 ship0=0.03 meanshipbin=5.2 avgfleet=19.9 p90fleet=40.0
  pool snapshot @ step 3,047,424
  pool size=9  alpha=2.0
    self                 self_step_1015808              wr=0.43 (n=740)  pfsp_w=0.325
    self                 self_step_0                    wr=0.46 (n=3547)  pfsp_w=0.293
    self                 self_step_3047424              wr=0.46 (n=1144)  pfsp_w=0.287
    self                 self_step_3047424              wr=0.50 (n=0)  pfsp_w=0.250
    external_heuristic   candidate_zach_public          wr=0.51 (n=1938)  pfsp_w=0.243
    external_heuristic   candidate_hellburner           wr=0.51 (n=2332)  pfsp_w=0.239
    self                 self_step_1015808              wr=0.56 (n=1246)  pfsp_w=0.191
    self                 self_step_2031616              wr=0.60 (n=714)  pfsp_w=0.159
iter    94 | steps   3,080,192 | SPS     764 | r_p0 -0.447 r_p1 +0.931 | clip_frac 0.068 | KL 0.0053 | H_fire 0.167 H_ang 4.94 H_ship 2.11 | V_loss 0.0157 | LR 0.000030 | early_stop=0 | fire[0]=0.16 fire[rest_max]=0.22 srcs_multi=0.80 ship0=0.02 meanshipbin=5.6 avgfleet=17.2 p90fleet=32.0
iter    95 | steps   3,112,960 | SPS     757 | r_p0 -0.272 r_p1 +0.758 | clip_frac 0.068 | KL 0.0057 | H_fire 0.177 H_ang 4.94 H_ship 2.11 | V_loss 0.0123 | LR 0.000030 | early_stop=0 | fire[0]=0.16 fire[rest_max]=0.23 srcs_multi=0.87 ship0=0.02 meanshipbin=5.2 avgfleet=16.9 p90fleet=32.0
iter    96 | steps   3,145,728 | SPS     759 | r_p0 -0.180 r_p1 +0.668 | clip_frac 0.068 | KL 0.0063 | H_fire 0.208 H_ang 4.94 H_ship 2.08 | V_loss 0.0107 | LR 0.000030 | early_stop=0 | fire[0]=0.16 fire[rest_max]=0.25 srcs_multi=1.14 ship0=0.02 meanshipbin=5.2 avgfleet=18.6 p90fleet=36.0
iter    97 | steps   3,178,496 | SPS     761 | r_p0 -0.343 r_p1 +0.830 | clip_frac 0.068 | KL 0.0054 | H_fire 0.150 H_ang 4.95 H_ship 2.12 | V_loss 0.0123 | LR 0.000030 | early_stop=0 | fire[0]=0.14 fire[rest_max]=0.24 srcs_multi=0.79 ship0=0.03 meanshipbin=5.4 avgfleet=16.9 p90fleet=33.0
iter    98 | steps   3,211,264 | SPS     763 | r_p0 -0.407 r_p1 +0.896 | clip_frac 0.068 | KL 0.0047 | H_fire 0.168 H_ang 4.95 H_ship 2.11 | V_loss 0.0121 | LR 0.000030 | early_stop=0 | fire[0]=0.14 fire[rest_max]=0.24 srcs_multi=0.78 ship0=0.02 meanshipbin=5.0 avgfleet=17.1 p90fleet=34.0
iter    99 | steps   3,244,032 | SPS     763 | r_p0 -0.132 r_p1 +0.617 | clip_frac 0.068 | KL 0.0074 | H_fire 0.199 H_ang 4.94 H_ship 2.10 | V_loss 0.0140 | LR 0.000030 | early_stop=0 | fire[0]=0.17 fire[rest_max]=0.28 srcs_multi=1.12 ship0=0.03 meanshipbin=5.0 avgfleet=16.1 p90fleet=31.0
iter   100 | steps   3,276,800 | SPS     765 | r_p0 -0.077 r_p1 +0.568 | clip_frac 0.068 | KL 0.0060 | H_fire 0.184 H_ang 4.95 H_ship 2.10 | V_loss 0.0130 | LR 0.000030 | early_stop=0 | fire[0]=0.16 fire[rest_max]=0.27 srcs_multi=1.03 ship0=0.02 meanshipbin=5.1 avgfleet=19.0 p90fleet=36.0
iter   101 | steps   3,309,568 | SPS     765 | r_p0 -0.105 r_p1 +0.595 | clip_frac 0.068 | KL 0.0068 | H_fire 0.184 H_ang 4.94 H_ship 2.10 | V_loss 0.0149 | LR 0.000030 | early_stop=0 | fire[0]=0.18 fire[rest_max]=0.28 srcs_multi=1.03 ship0=0.02 meanshipbin=5.1 avgfleet=16.3 p90fleet=31.0
iter   102 | steps   3,342,336 | SPS     765 | r_p0 -0.241 r_p1 +0.732 | clip_frac 0.068 | KL 0.0045 | H_fire 0.180 H_ang 4.94 H_ship 2.10 | V_loss 0.0149 | LR 0.000030 | early_stop=0 | fire[0]=0.18 fire[rest_max]=0.27 srcs_multi=1.06 ship0=0.02 meanshipbin=5.0 avgfleet=16.0 p90fleet=30.0
iter   103 | steps   3,375,104 | SPS     767 | r_p0 -0.102 r_p1 +0.595 | clip_frac 0.068 | KL 0.0045 | H_fire 0.179 H_ang 4.94 H_ship 2.10 | V_loss 0.0120 | LR 0.000030 | early_stop=0 | fire[0]=0.15 fire[rest_max]=0.26 srcs_multi=1.00 ship0=0.04 meanshipbin=4.2 avgfleet=15.4 p90fleet=30.0
iter   104 | steps   3,407,872 | SPS     769 | r_p0 +0.394 r_p1 +0.096 | clip_frac 0.068 | KL 0.0047 | H_fire 0.184 H_ang 4.95 H_ship 2.10 | V_loss 0.0122 | LR 0.000030 | early_stop=0 | fire[0]=0.17 fire[rest_max]=0.26 srcs_multi=1.08 ship0=0.03 meanshipbin=4.6 avgfleet=16.1 p90fleet=32.0
iter   105 | steps   3,440,640 | SPS     771 | r_p0 +0.166 r_p1 +0.317 | clip_frac 0.068 | KL 0.0040 | H_fire 0.174 H_ang 4.95 H_ship 2.10 | V_loss 0.0134 | LR 0.000030 | early_stop=0 | fire[0]=0.15 fire[rest_max]=0.23 srcs_multi=0.90 ship0=0.02 meanshipbin=4.8 avgfleet=16.9 p90fleet=33.0
iter   106 | steps   3,473,408 | SPS     771 | r_p0 -0.008 r_p1 +0.494 | clip_frac 0.067 | KL 0.0061 | H_fire 0.196 H_ang 4.94 H_ship 2.09 | V_loss 0.0133 | LR 0.000030 | early_stop=0 | fire[0]=0.19 fire[rest_max]=0.29 srcs_multi=1.30 ship0=0.03 meanshipbin=4.7 avgfleet=16.4 p90fleet=32.0
iter   107 | steps   3,506,176 | SPS     773 | r_p0 +0.107 r_p1 +0.382 | clip_frac 0.067 | KL 0.0041 | H_fire 0.175 H_ang 4.95 H_ship 2.10 | V_loss 0.0131 | LR 0.000030 | early_stop=0 | fire[0]=0.17 fire[rest_max]=0.27 srcs_multi=1.04 ship0=0.03 meanshipbin=4.8 avgfleet=16.8 p90fleet=32.0
iter   108 | steps   3,538,944 | SPS     775 | r_p0 +0.182 r_p1 +0.306 | clip_frac 0.067 | KL 0.0050 | H_fire 0.178 H_ang 4.94 H_ship 2.09 | V_loss 0.0141 | LR 0.000030 | early_stop=0 | fire[0]=0.16 fire[rest_max]=0.26 srcs_multi=1.05 ship0=0.02 meanshipbin=4.8 avgfleet=16.9 p90fleet=33.0
iter   109 | steps   3,571,712 | SPS     777 | r_p0 +0.004 r_p1 +0.482 | clip_frac 0.067 | KL 0.0052 | H_fire 0.188 H_ang 4.94 H_ship 2.09 | V_loss 0.0117 | LR 0.000030 | early_stop=0 | fire[0]=0.16 fire[rest_max]=0.26 srcs_multi=1.09 ship0=0.02 meanshipbin=4.7 avgfleet=15.5 p90fleet=31.0
iter   110 | steps   3,604,480 | SPS     779 | r_p0 -0.161 r_p1 +0.642 | clip_frac 0.067 | KL 0.0048 | H_fire 0.187 H_ang 4.94 H_ship 2.10 | V_loss 0.0124 | LR 0.000030 | early_stop=0 | fire[0]=0.17 fire[rest_max]=0.29 srcs_multi=1.20 ship0=0.04 meanshipbin=4.9 avgfleet=16.3 p90fleet=32.0
iter   111 | steps   3,637,248 | SPS     781 | r_p0 -0.170 r_p1 +0.655 | clip_frac 0.067 | KL 0.0064 | H_fire 0.187 H_ang 4.94 H_ship 2.09 | V_loss 0.0117 | LR 0.000030 | early_stop=0 | fire[0]=0.15 fire[rest_max]=0.26 srcs_multi=1.03 ship0=0.03 meanshipbin=4.8 avgfleet=16.1 p90fleet=32.0
iter   112 | steps   3,670,016 | SPS     782 | r_p0 -0.097 r_p1 +0.581 | clip_frac 0.067 | KL 0.0060 | H_fire 0.162 H_ang 4.94 H_ship 2.10 | V_loss 0.0130 | LR 0.000030 | early_stop=0 | fire[0]=0.14 fire[rest_max]=0.24 srcs_multi=0.89 ship0=0.03 meanshipbin=4.8 avgfleet=16.0 p90fleet=31.0
iter   113 | steps   3,702,784 | SPS     772 | r_p0 -0.108 r_p1 +0.590 | clip_frac 0.067 | KL 0.0068 | H_fire 0.190 H_ang 4.94 H_ship 2.09 | V_loss 0.0127 | LR 0.000030 | early_stop=0 | fire[0]=0.17 fire[rest_max]=0.26 srcs_multi=1.08 ship0=0.03 meanshipbin=4.6 avgfleet=16.5 p90fleet=32.0
iter   114 | steps   3,735,552 | SPS     774 | r_p0 +0.019 r_p1 +0.463 | clip_frac 0.067 | KL 0.0043 | H_fire 0.172 H_ang 4.94 H_ship 2.09 | V_loss 0.0119 | LR 0.000030 | early_stop=0 | fire[0]=0.16 fire[rest_max]=0.25 srcs_multi=0.98 ship0=0.02 meanshipbin=4.7 avgfleet=16.7 p90fleet=32.0
iter   115 | steps   3,768,320 | SPS     775 | r_p0 -0.130 r_p1 +0.613 | clip_frac 0.067 | KL 0.0053 | H_fire 0.188 H_ang 4.94 H_ship 2.09 | V_loss 0.0131 | LR 0.000030 | early_stop=0 | fire[0]=0.16 fire[rest_max]=0.24 srcs_multi=1.04 ship0=0.02 meanshipbin=4.7 avgfleet=16.1 p90fleet=31.0
iter   116 | steps   3,801,088 | SPS     775 | r_p0 -0.280 r_p1 +0.767 | clip_frac 0.067 | KL 0.0055 | H_fire 0.159 H_ang 4.94 H_ship 2.11 | V_loss 0.0161 | LR 0.000030 | early_stop=0 | fire[0]=0.17 fire[rest_max]=0.27 srcs_multi=0.98 ship0=0.02 meanshipbin=5.0 avgfleet=15.5 p90fleet=29.0
iter   117 | steps   3,833,856 | SPS     777 | r_p0 -0.255 r_p1 +0.744 | clip_frac 0.067 | KL 0.0050 | H_fire 0.155 H_ang 4.94 H_ship 2.10 | V_loss 0.0145 | LR 0.000030 | early_stop=0 | fire[0]=0.16 fire[rest_max]=0.25 srcs_multi=0.89 ship0=0.02 meanshipbin=4.8 avgfleet=15.9 p90fleet=31.0
iter   118 | steps   3,866,624 | SPS     778 | r_p0 +0.095 r_p1 +0.394 | clip_frac 0.066 | KL 0.0043 | H_fire 0.187 H_ang 4.94 H_ship 2.08 | V_loss 0.0133 | LR 0.000030 | early_stop=0 | fire[0]=0.18 fire[rest_max]=0.27 srcs_multi=1.19 ship0=0.02 meanshipbin=4.5 avgfleet=15.8 p90fleet=31.0
iter   119 | steps   3,899,392 | SPS     769 | r_p0 +0.418 r_p1 +0.068 | clip_frac 0.067 | KL 0.0062 | H_fire 0.192 H_ang 4.94 H_ship 2.09 | V_loss 0.0145 | LR 0.000030 | early_stop=0 | fire[0]=0.19 fire[rest_max]=0.30 srcs_multi=1.26 ship0=0.02 meanshipbin=4.6 avgfleet=15.1 p90fleet=29.0
iter   120 | steps   3,932,160 | SPS     771 | r_p0 +0.429 r_p1 +0.054 | clip_frac 0.067 | KL 0.0047 | H_fire 0.183 H_ang 4.94 H_ship 2.08 | V_loss 0.0118 | LR 0.000030 | early_stop=0 | fire[0]=0.16 fire[rest_max]=0.26 srcs_multi=1.06 ship0=0.02 meanshipbin=4.8 avgfleet=16.0 p90fleet=30.0
iter   121 | steps   3,964,928 | SPS     760 | r_p0 +0.244 r_p1 +0.240 | clip_frac 0.067 | KL 0.0049 | H_fire 0.196 H_ang 4.94 H_ship 2.09 | V_loss 0.0115 | LR 0.000030 | early_stop=0 | fire[0]=0.18 fire[rest_max]=0.28 srcs_multi=1.18 ship0=0.03 meanshipbin=4.8 avgfleet=15.7 p90fleet=30.0
iter   122 | steps   3,997,696 | SPS     751 | r_p0 +0.034 r_p1 +0.454 | clip_frac 0.067 | KL 0.0052 | H_fire 0.202 H_ang 4.94 H_ship 2.09 | V_loss 0.0095 | LR 0.000030 | early_stop=0 | fire[0]=0.18 fire[rest_max]=0.28 srcs_multi=1.26 ship0=0.02 meanshipbin=5.0 avgfleet=17.5 p90fleet=33.0
iter   123 | steps   4,030,464 | SPS     742 | r_p0 +0.007 r_p1 +0.481 | clip_frac 0.067 | KL 0.0060 | H_fire 0.196 H_ang 4.94 H_ship 2.09 | V_loss 0.0096 | LR 0.000030 | early_stop=0 | fire[0]=0.19 fire[rest_max]=0.27 srcs_multi=1.22 ship0=0.03 meanshipbin=4.9 avgfleet=15.7 p90fleet=30.0
iter   124 | steps   4,063,232 | SPS     744 | r_p0 +0.239 r_p1 +0.243 | clip_frac 0.067 | KL 0.0056 | H_fire 0.196 H_ang 4.94 H_ship 2.08 | V_loss 0.0127 | LR 0.000030 | early_stop=0 | fire[0]=0.18 fire[rest_max]=0.28 srcs_multi=1.22 ship0=0.02 meanshipbin=4.9 avgfleet=17.5 p90fleet=32.0
  pool snapshot @ step 4,063,232
  pool size=10  alpha=2.0
    self                 self_step_1015808              wr=0.40 (n=932)  pfsp_w=0.355
    self                 self_step_0                    wr=0.46 (n=3787)  pfsp_w=0.289
    external_heuristic   candidate_zach_public          wr=0.47 (n=2369)  pfsp_w=0.280
    self                 self_step_3047424              wr=0.49 (n=1316)  pfsp_w=0.264
    self                 self_step_4063232              wr=0.50 (n=0)  pfsp_w=0.250
    external_heuristic   candidate_hellburner           wr=0.52 (n=2582)  pfsp_w=0.234
    self                 self_step_1015808              wr=0.55 (n=1420)  pfsp_w=0.204
    self                 self_step_2031616              wr=0.60 (n=878)  pfsp_w=0.160
iter   125 | steps   4,096,000 | SPS     745 | r_p0 +0.248 r_p1 +0.224 | clip_frac 0.067 | KL 0.0035 | H_fire 0.165 H_ang 4.94 H_ship 2.08 | V_loss 0.0129 | LR 0.000030 | early_stop=0 | fire[0]=0.15 fire[rest_max]=0.23 srcs_multi=0.97 ship0=0.01 meanshipbin=4.9 avgfleet=16.4 p90fleet=32.0
iter   126 | steps   4,128,768 | SPS     747 | r_p0 +0.189 r_p1 +0.285 | clip_frac 0.067 | KL 0.0065 | H_fire 0.179 H_ang 4.94 H_ship 2.08 | V_loss 0.0125 | LR 0.000030 | early_stop=0 | fire[0]=0.17 fire[rest_max]=0.27 srcs_multi=1.14 ship0=0.02 meanshipbin=4.8 avgfleet=16.1 p90fleet=32.0
iter   127 | steps   4,161,536 | SPS     749 | r_p0 -0.110 r_p1 +0.585 | clip_frac 0.067 | KL 0.0049 | H_fire 0.192 H_ang 4.94 H_ship 2.08 | V_loss 0.0119 | LR 0.000030 | early_stop=0 | fire[0]=0.18 fire[rest_max]=0.29 srcs_multi=1.32 ship0=0.02 meanshipbin=4.7 avgfleet=15.0 p90fleet=30.0
iter   128 | steps   4,194,304 | SPS     749 | r_p0 -0.185 r_p1 +0.662 | clip_frac 0.067 | KL 0.0052 | H_fire 0.169 H_ang 4.94 H_ship 2.09 | V_loss 0.0155 | LR 0.000030 | early_stop=0 | fire[0]=0.18 fire[rest_max]=0.27 srcs_multi=1.13 ship0=0.02 meanshipbin=5.1 avgfleet=15.8 p90fleet=29.0
iter   129 | steps   4,227,072 | SPS     750 | r_p0 -0.219 r_p1 +0.702 | clip_frac 0.067 | KL 0.0044 | H_fire 0.158 H_ang 4.94 H_ship 2.09 | V_loss 0.0137 | LR 0.000030 | early_stop=0 | fire[0]=0.15 fire[rest_max]=0.24 srcs_multi=0.91 ship0=0.02 meanshipbin=4.8 avgfleet=16.2 p90fleet=31.0
iter   130 | steps   4,259,840 | SPS     752 | r_p0 +0.006 r_p1 +0.471 | clip_frac 0.067 | KL 0.0058 | H_fire 0.180 H_ang 4.94 H_ship 2.08 | V_loss 0.0137 | LR 0.000030 | early_stop=0 | fire[0]=0.17 fire[rest_max]=0.27 srcs_multi=1.12 ship0=0.04 meanshipbin=4.5 avgfleet=16.6 p90fleet=32.0
iter   131 | steps   4,292,608 | SPS     752 | r_p0 +0.429 r_p1 +0.047 | clip_frac 0.067 | KL 0.0071 | H_fire 0.203 H_ang 4.94 H_ship 2.08 | V_loss 0.0147 | LR 0.000030 | early_stop=0 | fire[0]=0.20 fire[rest_max]=0.32 srcs_multi=1.43 ship0=0.03 meanshipbin=4.8 avgfleet=15.5 p90fleet=30.0
iter   132 | steps   4,325,376 | SPS     753 | r_p0 +0.271 r_p1 +0.213 | clip_frac 0.067 | KL 0.0043 | H_fire 0.186 H_ang 4.94 H_ship 2.09 | V_loss 0.0129 | LR 0.000030 | early_stop=0 | fire[0]=0.19 fire[rest_max]=0.29 srcs_multi=1.27 ship0=0.02 meanshipbin=5.0 avgfleet=13.9 p90fleet=27.0
iter   133 | steps   4,358,144 | SPS     755 | r_p0 +0.271 r_p1 +0.219 | clip_frac 0.067 | KL 0.0038 | H_fire 0.164 H_ang 4.94 H_ship 2.09 | V_loss 0.0127 | LR 0.000030 | early_stop=0 | fire[0]=0.16 fire[rest_max]=0.26 srcs_multi=1.09 ship0=0.03 meanshipbin=5.0 avgfleet=14.9 p90fleet=29.0
iter   134 | steps   4,390,912 | SPS     757 | r_p0 +0.184 r_p1 +0.304 | clip_frac 0.067 | KL 0.0051 | H_fire 0.170 H_ang 4.94 H_ship 2.09 | V_loss 0.0132 | LR 0.000030 | early_stop=0 | fire[0]=0.16 fire[rest_max]=0.26 srcs_multi=1.09 ship0=0.02 meanshipbin=4.9 avgfleet=15.8 p90fleet=31.0
iter   135 | steps   4,423,680 | SPS     758 | r_p0 -0.117 r_p1 +0.600 | clip_frac 0.068 | KL 0.0076 | H_fire 0.185 H_ang 4.94 H_ship 2.09 | V_loss 0.0129 | LR 0.000030 | early_stop=0 | fire[0]=0.17 fire[rest_max]=0.29 srcs_multi=1.23 ship0=0.03 meanshipbin=4.7 avgfleet=15.1 p90fleet=29.0
iter   136 | steps   4,456,448 | SPS     751 | r_p0 -0.071 r_p1 +0.554 | clip_frac 0.067 | KL 0.0049 | H_fire 0.173 H_ang 4.94 H_ship 2.10 | V_loss 0.0123 | LR 0.000030 | early_stop=0 | fire[0]=0.17 fire[rest_max]=0.26 srcs_multi=0.99 ship0=0.03 meanshipbin=4.8 avgfleet=15.8 p90fleet=30.0
iter   137 | steps   4,489,216 | SPS     753 | r_p0 -0.120 r_p1 +0.608 | clip_frac 0.068 | KL 0.0058 | H_fire 0.188 H_ang 4.94 H_ship 2.09 | V_loss 0.0107 | LR 0.000030 | early_stop=0 | fire[0]=0.17 fire[rest_max]=0.26 srcs_multi=1.13 ship0=0.02 meanshipbin=5.0 avgfleet=17.2 p90fleet=33.0
iter   138 | steps   4,521,984 | SPS     755 | r_p0 -0.230 r_p1 +0.722 | clip_frac 0.068 | KL 0.0052 | H_fire 0.163 H_ang 4.94 H_ship 2.09 | V_loss 0.0114 | LR 0.000030 | early_stop=0 | fire[0]=0.16 fire[rest_max]=0.24 srcs_multi=0.96 ship0=0.02 meanshipbin=4.9 avgfleet=14.8 p90fleet=29.0
iter   139 | steps   4,554,752 | SPS     756 | r_p0 -0.031 r_p1 +0.515 | clip_frac 0.067 | KL 0.0042 | H_fire 0.164 H_ang 4.94 H_ship 2.09 | V_loss 0.0131 | LR 0.000030 | early_stop=0 | fire[0]=0.16 fire[rest_max]=0.24 srcs_multi=0.96 ship0=0.02 meanshipbin=4.9 avgfleet=15.5 p90fleet=30.0
iter   140 | steps   4,587,520 | SPS     758 | r_p0 +0.093 r_p1 +0.385 | clip_frac 0.067 | KL 0.0051 | H_fire 0.172 H_ang 4.94 H_ship 2.08 | V_loss 0.0138 | LR 0.000030 | early_stop=0 | fire[0]=0.15 fire[rest_max]=0.24 srcs_multi=0.98 ship0=0.02 meanshipbin=4.5 avgfleet=16.2 p90fleet=31.0
iter   141 | steps   4,620,288 | SPS     759 | r_p0 +0.357 r_p1 +0.128 | clip_frac 0.067 | KL 0.0045 | H_fire 0.180 H_ang 4.94 H_ship 2.09 | V_loss 0.0110 | LR 0.000030 | early_stop=0 | fire[0]=0.17 fire[rest_max]=0.27 srcs_multi=1.12 ship0=0.03 meanshipbin=4.5 avgfleet=15.1 p90fleet=29.0
iter   142 | steps   4,653,056 | SPS     761 | r_p0 +0.476 r_p1 +0.004 | clip_frac 0.067 | KL 0.0061 | H_fire 0.185 H_ang 4.94 H_ship 2.09 | V_loss 0.0138 | LR 0.000030 | early_stop=0 | fire[0]=0.17 fire[rest_max]=0.27 srcs_multi=1.07 ship0=0.02 meanshipbin=4.5 avgfleet=15.6 p90fleet=30.0
iter   143 | steps   4,685,824 | SPS     762 | r_p0 +0.280 r_p1 +0.198 | clip_frac 0.067 | KL 0.0057 | H_fire 0.185 H_ang 4.94 H_ship 2.09 | V_loss 0.0126 | LR 0.000030 | early_stop=0 | fire[0]=0.18 fire[rest_max]=0.27 srcs_multi=1.08 ship0=0.02 meanshipbin=4.8 avgfleet=15.0 p90fleet=29.0
iter   144 | steps   4,718,592 | SPS     764 | r_p0 +0.258 r_p1 +0.224 | clip_frac 0.067 | KL 0.0043 | H_fire 0.154 H_ang 4.94 H_ship 2.09 | V_loss 0.0136 | LR 0.000030 | early_stop=0 | fire[0]=0.15 fire[rest_max]=0.22 srcs_multi=0.85 ship0=0.02 meanshipbin=5.0 avgfleet=17.0 p90fleet=33.0
iter   145 | steps   4,751,360 | SPS     764 | r_p0 +0.304 r_p1 +0.178 | clip_frac 0.067 | KL 0.0048 | H_fire 0.176 H_ang 4.94 H_ship 2.09 | V_loss 0.0165 | LR 0.000030 | early_stop=0 | fire[0]=0.18 fire[rest_max]=0.27 srcs_multi=1.11 ship0=0.01 meanshipbin=5.0 avgfleet=15.9 p90fleet=30.0
iter   146 | steps   4,784,128 | SPS     765 | r_p0 +0.492 r_p1 -0.009 | clip_frac 0.067 | KL 0.0044 | H_fire 0.183 H_ang 4.94 H_ship 2.09 | V_loss 0.0138 | LR 0.000030 | early_stop=0 | fire[0]=0.18 fire[rest_max]=0.27 srcs_multi=1.16 ship0=0.02 meanshipbin=5.1 avgfleet=15.5 p90fleet=30.0
iter   147 | steps   4,816,896 | SPS     766 | r_p0 +0.407 r_p1 +0.083 | clip_frac 0.067 | KL 0.0044 | H_fire 0.159 H_ang 4.94 H_ship 2.10 | V_loss 0.0138 | LR 0.000030 | early_stop=0 | fire[0]=0.14 fire[rest_max]=0.23 srcs_multi=0.87 ship0=0.01 meanshipbin=5.0 avgfleet=16.4 p90fleet=32.0
iter   148 | steps   4,849,664 | SPS     768 | r_p0 -0.018 r_p1 +0.502 | clip_frac 0.067 | KL 0.0054 | H_fire 0.160 H_ang 4.94 H_ship 2.10 | V_loss 0.0143 | LR 0.000030 | early_stop=0 | fire[0]=0.15 fire[rest_max]=0.25 srcs_multi=0.94 ship0=0.01 meanshipbin=5.0 avgfleet=15.1 p90fleet=29.0
iter   149 | steps   4,882,432 | SPS     769 | r_p0 -0.058 r_p1 +0.539 | clip_frac 0.067 | KL 0.0056 | H_fire 0.155 H_ang 4.94 H_ship 2.10 | V_loss 0.0136 | LR 0.000030 | early_stop=0 | fire[0]=0.14 fire[rest_max]=0.24 srcs_multi=0.86 ship0=0.02 meanshipbin=4.8 avgfleet=16.2 p90fleet=31.0
iter   150 | steps   4,915,200 | SPS     771 | r_p0 +0.287 r_p1 +0.190 | clip_frac 0.067 | KL 0.0047 | H_fire 0.156 H_ang 4.94 H_ship 2.10 | V_loss 0.0139 | LR 0.000030 | early_stop=0 | fire[0]=0.14 fire[rest_max]=0.25 srcs_multi=0.84 ship0=0.01 meanshipbin=5.0 avgfleet=15.9 p90fleet=31.0
iter   151 | steps   4,947,968 | SPS     772 | r_p0 +0.324 r_p1 +0.157 | clip_frac 0.066 | KL 0.0042 | H_fire 0.162 H_ang 4.94 H_ship 2.10 | V_loss 0.0134 | LR 0.000030 | early_stop=0 | fire[0]=0.14 fire[rest_max]=0.24 srcs_multi=0.88 ship0=0.01 meanshipbin=4.8 avgfleet=16.5 p90fleet=32.0
iter   152 | steps   4,980,736 | SPS     764 | r_p0 -0.032 r_p1 +0.521 | clip_frac 0.066 | KL 0.0044 | H_fire 0.182 H_ang 4.94 H_ship 2.10 | V_loss 0.0133 | LR 0.000030 | early_stop=0 | fire[0]=0.18 fire[rest_max]=0.29 srcs_multi=1.17 ship0=0.02 meanshipbin=4.9 avgfleet=17.3 p90fleet=33.0
iter   153 | steps   5,013,504 | SPS     757 | r_p0 -0.031 r_p1 +0.521 | clip_frac 0.066 | KL 0.0049 | H_fire 0.190 H_ang 4.94 H_ship 2.10 | V_loss 0.0123 | LR 0.000030 | early_stop=0 | fire[0]=0.17 fire[rest_max]=0.26 srcs_multi=1.00 ship0=0.02 meanshipbin=5.0 avgfleet=17.9 p90fleet=34.0
iter   154 | steps   5,046,272 | SPS     758 | r_p0 +0.206 r_p1 +0.282 | clip_frac 0.066 | KL 0.0051 | H_fire 0.170 H_ang 4.94 H_ship 2.09 | V_loss 0.0104 | LR 0.000030 | early_stop=0 | fire[0]=0.15 fire[rest_max]=0.24 srcs_multi=0.92 ship0=0.03 meanshipbin=4.8 avgfleet=17.3 p90fleet=32.0
iter   155 | steps   5,079,040 | SPS     751 | r_p0 +0.168 r_p1 +0.318 | clip_frac 0.067 | KL 0.0060 | H_fire 0.182 H_ang 4.94 H_ship 2.10 | V_loss 0.0119 | LR 0.000030 | early_stop=0 | fire[0]=0.16 fire[rest_max]=0.25 srcs_multi=0.96 ship0=0.03 meanshipbin=4.9 avgfleet=16.9 p90fleet=32.0
  pool snapshot @ step 5,079,040
  pool size=11  alpha=2.0
    self                 self_step_1015808              wr=0.45 (n=1281)  pfsp_w=0.304
    self                 self_step_0                    wr=0.46 (n=4070)  pfsp_w=0.295
    external_heuristic   candidate_zach_public          wr=0.47 (n=2542)  pfsp_w=0.278
    self                 self_step_3047424              wr=0.49 (n=1316)  pfsp_w=0.264
    self                 self_step_3047424              wr=0.50 (n=241)  pfsp_w=0.252
    self                 self_step_5079040              wr=0.50 (n=0)  pfsp_w=0.250
    external_heuristic   candidate_hellburner           wr=0.52 (n=2736)  pfsp_w=0.233
    self                 self_step_4063232              wr=0.52 (n=282)  pfsp_w=0.229
iter   156 | steps   5,111,808 | SPS     752 | r_p0 +0.352 r_p1 +0.132 | clip_frac 0.066 | KL 0.0051 | H_fire 0.193 H_ang 4.94 H_ship 2.09 | V_loss 0.0118 | LR 0.000030 | early_stop=0 | fire[0]=0.17 fire[rest_max]=0.26 srcs_multi=1.06 ship0=0.04 meanshipbin=4.7 avgfleet=17.4 p90fleet=32.0
iter   157 | steps   5,144,576 | SPS     752 | r_p0 +0.452 r_p1 +0.031 | clip_frac 0.067 | KL 0.0051 | H_fire 0.187 H_ang 4.94 H_ship 2.10 | V_loss 0.0166 | LR 0.000030 | early_stop=0 | fire[0]=0.19 fire[rest_max]=0.28 srcs_multi=1.09 ship0=0.03 meanshipbin=4.8 avgfleet=16.3 p90fleet=30.0
iter   158 | steps   5,177,344 | SPS     753 | r_p0 +0.005 r_p1 +0.478 | clip_frac 0.067 | KL 0.0063 | H_fire 0.167 H_ang 4.94 H_ship 2.11 | V_loss 0.0140 | LR 0.000030 | early_stop=0 | fire[0]=0.18 fire[rest_max]=0.26 srcs_multi=1.01 ship0=0.03 meanshipbin=4.7 avgfleet=15.7 p90fleet=29.0
iter   159 | steps   5,210,112 | SPS     755 | r_p0 +0.139 r_p1 +0.343 | clip_frac 0.067 | KL 0.0065 | H_fire 0.170 H_ang 4.94 H_ship 2.11 | V_loss 0.0146 | LR 0.000030 | early_stop=0 | fire[0]=0.18 fire[rest_max]=0.26 srcs_multi=1.03 ship0=0.03 meanshipbin=4.8 avgfleet=14.7 p90fleet=28.0
iter   160 | steps   5,242,880 | SPS     756 | r_p0 +0.230 r_p1 +0.254 | clip_frac 0.068 | KL 0.0085 | H_fire 0.164 H_ang 4.94 H_ship 2.11 | V_loss 0.0141 | LR 0.000030 | early_stop=0 | fire[0]=0.18 fire[rest_max]=0.26 srcs_multi=1.00 ship0=0.02 meanshipbin=5.1 avgfleet=14.7 p90fleet=28.0
iter   161 | steps   5,275,648 | SPS     757 | r_p0 -0.068 r_p1 +0.557 | clip_frac 0.068 | KL 0.0052 | H_fire 0.176 H_ang 4.94 H_ship 2.10 | V_loss 0.0139 | LR 0.000030 | early_stop=0 | fire[0]=0.17 fire[rest_max]=0.27 srcs_multi=1.08 ship0=0.01 meanshipbin=5.1 avgfleet=15.6 p90fleet=30.0
iter   162 | steps   5,308,416 | SPS     759 | r_p0 -0.171 r_p1 +0.656 | clip_frac 0.068 | KL 0.0059 | H_fire 0.164 H_ang 4.94 H_ship 2.11 | V_loss 0.0141 | LR 0.000030 | early_stop=0 | fire[0]=0.17 fire[rest_max]=0.25 srcs_multi=0.94 ship0=0.02 meanshipbin=5.1 avgfleet=14.4 p90fleet=28.0
iter   163 | steps   5,341,184 | SPS     760 | r_p0 +0.058 r_p1 +0.433 | clip_frac 0.067 | KL 0.0047 | H_fire 0.177 H_ang 4.94 H_ship 2.10 | V_loss 0.0122 | LR 0.000030 | early_stop=0 | fire[0]=0.17 fire[rest_max]=0.26 srcs_multi=1.07 ship0=0.02 meanshipbin=4.9 avgfleet=14.3 p90fleet=27.0
iter   164 | steps   5,373,952 | SPS     761 | r_p0 +0.070 r_p1 +0.419 | clip_frac 0.068 | KL 0.0071 | H_fire 0.173 H_ang 4.94 H_ship 2.11 | V_loss 0.0137 | LR 0.000030 | early_stop=0 | fire[0]=0.18 fire[rest_max]=0.27 srcs_multi=1.07 ship0=0.01 meanshipbin=5.0 avgfleet=14.4 p90fleet=28.0
iter   165 | steps   5,406,720 | SPS     763 | r_p0 -0.153 r_p1 +0.646 | clip_frac 0.068 | KL 0.0066 | H_fire 0.178 H_ang 4.94 H_ship 2.11 | V_loss 0.0136 | LR 0.000030 | early_stop=0 | fire[0]=0.18 fire[rest_max]=0.27 srcs_multi=1.09 ship0=0.01 meanshipbin=4.9 avgfleet=14.3 p90fleet=27.0
iter   166 | steps   5,439,488 | SPS     764 | r_p0 -0.029 r_p1 +0.518 | clip_frac 0.068 | KL 0.0052 | H_fire 0.170 H_ang 4.94 H_ship 2.11 | V_loss 0.0152 | LR 0.000030 | early_stop=0 | fire[0]=0.17 fire[rest_max]=0.26 srcs_multi=1.04 ship0=0.01 meanshipbin=5.0 avgfleet=15.5 p90fleet=30.0
iter   167 | steps   5,472,256 | SPS     765 | r_p0 -0.131 r_p1 +0.619 | clip_frac 0.068 | KL 0.0048 | H_fire 0.180 H_ang 4.94 H_ship 2.12 | V_loss 0.0139 | LR 0.000030 | early_stop=0 | fire[0]=0.18 fire[rest_max]=0.28 srcs_multi=1.21 ship0=0.01 meanshipbin=5.0 avgfleet=14.7 p90fleet=29.0
iter   168 | steps   5,505,024 | SPS     766 | r_p0 -0.180 r_p1 +0.670 | clip_frac 0.069 | KL 0.0052 | H_fire 0.157 H_ang 4.94 H_ship 2.12 | V_loss 0.0135 | LR 0.000030 | early_stop=0 | fire[0]=0.18 fire[rest_max]=0.26 srcs_multi=0.95 ship0=0.01 meanshipbin=5.2 avgfleet=15.1 p90fleet=28.0
iter   169 | steps   5,537,792 | SPS     768 | r_p0 -0.065 r_p1 +0.557 | clip_frac 0.068 | KL 0.0052 | H_fire 0.162 H_ang 4.94 H_ship 2.11 | V_loss 0.0146 | LR 0.000030 | early_stop=0 | fire[0]=0.18 fire[rest_max]=0.28 srcs_multi=1.03 ship0=0.01 meanshipbin=5.0 avgfleet=15.0 p90fleet=29.0
iter   170 | steps   5,570,560 | SPS     768 | r_p0 +0.146 r_p1 +0.345 | clip_frac 0.069 | KL 0.0066 | H_fire 0.174 H_ang 4.94 H_ship 2.11 | V_loss 0.0167 | LR 0.000030 | early_stop=0 | fire[0]=0.20 fire[rest_max]=0.29 srcs_multi=1.19 ship0=0.01 meanshipbin=5.1 avgfleet=14.7 p90fleet=28.0
iter   171 | steps   5,603,328 | SPS     769 | r_p0 -0.043 r_p1 +0.533 | clip_frac 0.069 | KL 0.0062 | H_fire 0.165 H_ang 4.94 H_ship 2.11 | V_loss 0.0128 | LR 0.000030 | early_stop=0 | fire[0]=0.19 fire[rest_max]=0.27 srcs_multi=1.14 ship0=0.01 meanshipbin=5.0 avgfleet=13.6 p90fleet=26.0
iter   172 | steps   5,636,096 | SPS     770 | r_p0 -0.091 r_p1 +0.585 | clip_frac 0.069 | KL 0.0075 | H_fire 0.170 H_ang 4.94 H_ship 2.11 | V_loss 0.0140 | LR 0.000030 | early_stop=0 | fire[0]=0.18 fire[rest_max]=0.29 srcs_multi=1.13 ship0=0.01 meanshipbin=4.8 avgfleet=15.1 p90fleet=29.0
iter   173 | steps   5,668,864 | SPS     770 | r_p0 -0.228 r_p1 +0.723 | clip_frac 0.070 | KL 0.0061 | H_fire 0.171 H_ang 4.94 H_ship 2.11 | V_loss 0.0162 | LR 0.000030 | early_stop=0 | fire[0]=0.18 fire[rest_max]=0.28 srcs_multi=1.08 ship0=0.02 meanshipbin=5.1 avgfleet=15.2 p90fleet=28.0
iter   174 | steps   5,701,632 | SPS     771 | r_p0 -0.116 r_p1 +0.608 | clip_frac 0.070 | KL 0.0064 | H_fire 0.154 H_ang 4.94 H_ship 2.12 | V_loss 0.0135 | LR 0.000030 | early_stop=0 | fire[0]=0.18 fire[rest_max]=0.27 srcs_multi=0.98 ship0=0.02 meanshipbin=4.9 avgfleet=14.9 p90fleet=28.0
iter   175 | steps   5,734,400 | SPS     771 | r_p0 +0.257 r_p1 +0.233 | clip_frac 0.070 | KL 0.0071 | H_fire 0.173 H_ang 4.94 H_ship 2.11 | V_loss 0.0195 | LR 0.000030 | early_stop=0 | fire[0]=0.20 fire[rest_max]=0.30 srcs_multi=1.21 ship0=0.01 meanshipbin=5.1 avgfleet=15.0 p90fleet=28.0
iter   176 | steps   5,767,168 | SPS     772 | r_p0 +0.311 r_p1 +0.182 | clip_frac 0.070 | KL 0.0050 | H_fire 0.152 H_ang 4.94 H_ship 2.12 | V_loss 0.0146 | LR 0.000030 | early_stop=0 | fire[0]=0.18 fire[rest_max]=0.26 srcs_multi=1.07 ship0=0.01 meanshipbin=4.9 avgfleet=14.2 p90fleet=27.0
iter   177 | steps   5,799,936 | SPS     772 | r_p0 +0.271 r_p1 +0.222 | clip_frac 0.070 | KL 0.0057 | H_fire 0.162 H_ang 4.94 H_ship 2.11 | V_loss 0.0192 | LR 0.000030 | early_stop=0 | fire[0]=0.19 fire[rest_max]=0.28 srcs_multi=1.15 ship0=0.01 meanshipbin=4.9 avgfleet=14.8 p90fleet=29.0
iter   178 | steps   5,832,704 | SPS     773 | r_p0 +0.305 r_p1 +0.182 | clip_frac 0.070 | KL 0.0043 | H_fire 0.147 H_ang 4.94 H_ship 2.12 | V_loss 0.0160 | LR 0.000030 | early_stop=0 | fire[0]=0.17 fire[rest_max]=0.26 srcs_multi=1.03 ship0=0.01 meanshipbin=4.8 avgfleet=14.3 p90fleet=27.0
iter   179 | steps   5,865,472 | SPS     774 | r_p0 +0.319 r_p1 +0.171 | clip_frac 0.070 | KL 0.0046 | H_fire 0.170 H_ang 4.94 H_ship 2.12 | V_loss 0.0139 | LR 0.000030 | early_stop=0 | fire[0]=0.19 fire[rest_max]=0.29 srcs_multi=1.15 ship0=0.01 meanshipbin=5.0 avgfleet=13.6 p90fleet=26.0
iter   180 | steps   5,898,240 | SPS     775 | r_p0 +0.270 r_p1 +0.219 | clip_frac 0.070 | KL 0.0063 | H_fire 0.155 H_ang 4.94 H_ship 2.12 | V_loss 0.0143 | LR 0.000030 | early_stop=0 | fire[0]=0.17 fire[rest_max]=0.27 srcs_multi=1.07 ship0=0.01 meanshipbin=4.8 avgfleet=14.2 p90fleet=27.0
iter   181 | steps   5,931,008 | SPS     776 | r_p0 +0.183 r_p1 +0.308 | clip_frac 0.070 | KL 0.0057 | H_fire 0.162 H_ang 4.94 H_ship 2.11 | V_loss 0.0152 | LR 0.000030 | early_stop=0 | fire[0]=0.17 fire[rest_max]=0.28 srcs_multi=1.07 ship0=0.01 meanshipbin=4.7 avgfleet=14.9 p90fleet=29.0
iter   182 | steps   5,963,776 | SPS     778 | r_p0 -0.067 r_p1 +0.554 | clip_frac 0.070 | KL 0.0053 | H_fire 0.180 H_ang 4.94 H_ship 2.11 | V_loss 0.0141 | LR 0.000030 | early_stop=0 | fire[0]=0.18 fire[rest_max]=0.30 srcs_multi=1.27 ship0=0.01 meanshipbin=4.6 avgfleet=16.4 p90fleet=33.0
iter   183 | steps   5,996,544 | SPS     777 | r_p0 -0.341 r_p1 +0.830 | clip_frac 0.070 | KL 0.0056 | H_fire 0.185 H_ang 4.94 H_ship 2.11 | V_loss 0.0182 | LR 0.000030 | early_stop=0 | fire[0]=0.21 fire[rest_max]=0.32 srcs_multi=1.39 ship0=0.01 meanshipbin=4.6 avgfleet=17.1 p90fleet=32.0
iter   184 | steps   6,029,312 | SPS     778 | r_p0 +0.022 r_p1 +0.469 | clip_frac 0.071 | KL 0.0068 | H_fire 0.162 H_ang 4.94 H_ship 2.12 | V_loss 0.0202 | LR 0.000030 | early_stop=0 | fire[0]=0.20 fire[rest_max]=0.29 srcs_multi=1.10 ship0=0.02 meanshipbin=4.8 avgfleet=15.8 p90fleet=29.0
  saved checkpoints/torch_step_6029312_20260525_184201.pt
  saved checkpoints/pool_step_6029312_20260525_184201.pt (11 members)
iter   185 | steps   6,062,080 | SPS     778 | r_p0 -0.301 r_p1 +0.798 | clip_frac 0.070 | KL 0.0047 | H_fire 0.153 H_ang 4.94 H_ship 2.13 | V_loss 0.0185 | LR 0.000030 | early_stop=0 | fire[0]=0.21 fire[rest_max]=0.30 srcs_multi=1.18 ship0=0.02 meanshipbin=4.8 avgfleet=13.9 p90fleet=26.0
iter   186 | steps   6,094,848 | SPS     779 | r_p0 -0.189 r_p1 +0.685 | clip_frac 0.071 | KL 0.0062 | H_fire 0.156 H_ang 4.94 H_ship 2.12 | V_loss 0.0193 | LR 0.000030 | early_stop=0 | fire[0]=0.19 fire[rest_max]=0.30 srcs_multi=1.17 ship0=0.01 meanshipbin=4.7 avgfleet=15.4 p90fleet=30.0
  pool snapshot @ step 6,094,848
  pool size=12  alpha=2.0
    self                 self_step_5079040              wr=0.39 (n=550)  pfsp_w=0.375
    self                 self_step_0                    wr=0.46 (n=4138)  pfsp_w=0.290
    self                 self_step_1015808              wr=0.46 (n=1351)  pfsp_w=0.288
    self                 self_step_3047424              wr=0.46 (n=336)  pfsp_w=0.287
    external_heuristic   candidate_zach_public          wr=0.48 (n=3087)  pfsp_w=0.273
    self                 self_step_3047424              wr=0.50 (n=1572)  pfsp_w=0.250
    self                 self_step_6094848              wr=0.50 (n=0)  pfsp_w=0.250
    external_heuristic   candidate_hellburner           wr=0.52 (n=2736)  pfsp_w=0.233
iter   187 | steps   6,127,616 | SPS     780 | r_p0 -0.030 r_p1 +0.521 | clip_frac 0.071 | KL 0.0062 | H_fire 0.151 H_ang 4.94 H_ship 2.12 | V_loss 0.0151 | LR 0.000030 | early_stop=0 | fire[0]=0.16 fire[rest_max]=0.27 srcs_multi=0.97 ship0=0.01 meanshipbin=4.5 avgfleet=14.1 p90fleet=28.0
iter   188 | steps   6,160,384 | SPS     780 | r_p0 +0.159 r_p1 +0.333 | clip_frac 0.071 | KL 0.0063 | H_fire 0.176 H_ang 4.94 H_ship 2.12 | V_loss 0.0179 | LR 0.000030 | early_stop=0 | fire[0]=0.20 fire[rest_max]=0.32 srcs_multi=1.26 ship0=0.02 meanshipbin=4.5 avgfleet=15.4 p90fleet=30.0
iter   189 | steps   6,193,152 | SPS     781 | r_p0 +0.247 r_p1 +0.247 | clip_frac 0.071 | KL 0.0053 | H_fire 0.151 H_ang 4.94 H_ship 2.13 | V_loss 0.0174 | LR 0.000030 | early_stop=0 | fire[0]=0.17 fire[rest_max]=0.29 srcs_multi=1.07 ship0=0.01 meanshipbin=4.7 avgfleet=16.0 p90fleet=30.0
iter   190 | steps   6,225,920 | SPS     782 | r_p0 +0.210 r_p1 +0.285 | clip_frac 0.071 | KL 0.0053 | H_fire 0.157 H_ang 4.94 H_ship 2.12 | V_loss 0.0167 | LR 0.000030 | early_stop=0 | fire[0]=0.18 fire[rest_max]=0.29 srcs_multi=1.10 ship0=0.01 meanshipbin=4.8 avgfleet=13.6 p90fleet=27.0
iter   191 | steps   6,258,688 | SPS     783 | r_p0 -0.016 r_p1 +0.511 | clip_frac 0.071 | KL 0.0062 | H_fire 0.163 H_ang 4.94 H_ship 2.12 | V_loss 0.0145 | LR 0.000030 | early_stop=0 | fire[0]=0.18 fire[rest_max]=0.29 srcs_multi=1.15 ship0=0.01 meanshipbin=4.6 avgfleet=13.7 p90fleet=27.0
iter   192 | steps   6,291,456 | SPS     784 | r_p0 +0.035 r_p1 +0.459 | clip_frac 0.071 | KL 0.0070 | H_fire 0.168 H_ang 4.94 H_ship 2.12 | V_loss 0.0141 | LR 0.000030 | early_stop=0 | fire[0]=0.18 fire[rest_max]=0.30 srcs_multi=1.18 ship0=0.01 meanshipbin=4.8 avgfleet=14.0 p90fleet=27.0
iter   193 | steps   6,324,224 | SPS     784 | r_p0 -0.130 r_p1 +0.620 | clip_frac 0.071 | KL 0.0057 | H_fire 0.177 H_ang 4.93 H_ship 2.12 | V_loss 0.0189 | LR 0.000030 | early_stop=0 | fire[0]=0.21 fire[rest_max]=0.32 srcs_multi=1.36 ship0=0.02 meanshipbin=4.8 avgfleet=14.6 p90fleet=28.0
iter   194 | steps   6,356,992 | SPS     785 | r_p0 +0.170 r_p1 +0.322 | clip_frac 0.072 | KL 0.0068 | H_fire 0.167 H_ang 4.94 H_ship 2.12 | V_loss 0.0156 | LR 0.000030 | early_stop=0 | fire[0]=0.19 fire[rest_max]=0.31 srcs_multi=1.22 ship0=0.01 meanshipbin=4.8 avgfleet=14.8 p90fleet=28.0
iter   195 | steps   6,389,760 | SPS     780 | r_p0 +0.308 r_p1 +0.184 | clip_frac 0.072 | KL 0.0065 | H_fire 0.165 H_ang 4.93 H_ship 2.12 | V_loss 0.0172 | LR 0.000030 | early_stop=0 | fire[0]=0.18 fire[rest_max]=0.29 srcs_multi=1.12 ship0=0.01 meanshipbin=4.6 avgfleet=14.9 p90fleet=29.0
iter   196 | steps   6,422,528 | SPS     781 | r_p0 +0.245 r_p1 +0.243 | clip_frac 0.072 | KL 0.0054 | H_fire 0.180 H_ang 4.94 H_ship 2.11 | V_loss 0.0165 | LR 0.000030 | early_stop=0 | fire[0]=0.18 fire[rest_max]=0.28 srcs_multi=1.14 ship0=0.02 meanshipbin=4.8 avgfleet=15.8 p90fleet=29.0
iter   197 | steps   6,455,296 | SPS     782 | r_p0 +0.272 r_p1 +0.216 | clip_frac 0.072 | KL 0.0045 | H_fire 0.144 H_ang 4.94 H_ship 2.12 | V_loss 0.0132 | LR 0.000030 | early_stop=0 | fire[0]=0.16 fire[rest_max]=0.26 srcs_multi=0.99 ship0=0.01 meanshipbin=4.7 avgfleet=15.2 p90fleet=29.0
iter   198 | steps   6,488,064 | SPS     776 | r_p0 +0.194 r_p1 +0.294 | clip_frac 0.072 | KL 0.0053 | H_fire 0.184 H_ang 4.93 H_ship 2.12 | V_loss 0.0141 | LR 0.000030 | early_stop=0 | fire[0]=0.18 fire[rest_max]=0.30 srcs_multi=1.18 ship0=0.01 meanshipbin=4.7 avgfleet=14.7 p90fleet=28.0
iter   199 | steps   6,520,832 | SPS     777 | r_p0 +0.342 r_p1 +0.146 | clip_frac 0.072 | KL 0.0050 | H_fire 0.164 H_ang 4.94 H_ship 2.13 | V_loss 0.0136 | LR 0.000030 | early_stop=0 | fire[0]=0.18 fire[rest_max]=0.28 srcs_multi=1.04 ship0=0.02 meanshipbin=4.7 avgfleet=15.2 p90fleet=28.0
iter   200 | steps   6,553,600 | SPS     772 | r_p0 +0.146 r_p1 +0.346 | clip_frac 0.072 | KL 0.0054 | H_fire 0.181 H_ang 4.93 H_ship 2.12 | V_loss 0.0159 | LR 0.000030 | early_stop=0 | fire[0]=0.19 fire[rest_max]=0.29 srcs_multi=1.14 ship0=0.03 meanshipbin=4.6 avgfleet=15.1 p90fleet=29.0
iter   201 | steps   6,586,368 | SPS     766 | r_p0 -0.045 r_p1 +0.529 | clip_frac 0.072 | KL 0.0056 | H_fire 0.179 H_ang 4.93 H_ship 2.12 | V_loss 0.0154 | LR 0.000030 | early_stop=0 | fire[0]=0.19 fire[rest_max]=0.29 srcs_multi=1.12 ship0=0.03 meanshipbin=4.5 avgfleet=14.7 p90fleet=28.0
iter   202 | steps   6,619,136 | SPS     767 | r_p0 +0.352 r_p1 +0.129 | clip_frac 0.072 | KL 0.0048 | H_fire 0.142 H_ang 4.94 H_ship 2.13 | V_loss 0.0135 | LR 0.000030 | early_stop=0 | fire[0]=0.16 fire[rest_max]=0.24 srcs_multi=0.95 ship0=0.01 meanshipbin=4.8 avgfleet=15.7 p90fleet=29.0
iter   203 | steps   6,651,904 | SPS     768 | r_p0 +0.358 r_p1 +0.136 | clip_frac 0.072 | KL 0.0052 | H_fire 0.173 H_ang 4.94 H_ship 2.13 | V_loss 0.0131 | LR 0.000030 | early_stop=0 | fire[0]=0.19 fire[rest_max]=0.27 srcs_multi=1.11 ship0=0.01 meanshipbin=5.0 avgfleet=14.3 p90fleet=27.0
iter   204 | steps   6,684,672 | SPS     769 | r_p0 +0.241 r_p1 +0.247 | clip_frac 0.072 | KL 0.0047 | H_fire 0.148 H_ang 4.93 H_ship 2.12 | V_loss 0.0148 | LR 0.000030 | early_stop=0 | fire[0]=0.17 fire[rest_max]=0.26 srcs_multi=1.01 ship0=0.01 meanshipbin=4.9 avgfleet=14.5 p90fleet=28.0
iter   205 | steps   6,717,440 | SPS     770 | r_p0 +0.210 r_p1 +0.268 | clip_frac 0.072 | KL 0.0047 | H_fire 0.150 H_ang 4.93 H_ship 2.12 | V_loss 0.0159 | LR 0.000030 | early_stop=0 | fire[0]=0.17 fire[rest_max]=0.26 srcs_multi=1.04 ship0=0.02 meanshipbin=4.8 avgfleet=14.7 p90fleet=29.0
iter   206 | steps   6,750,208 | SPS     771 | r_p0 +0.051 r_p1 +0.431 | clip_frac 0.072 | KL 0.0039 | H_fire 0.153 H_ang 4.93 H_ship 2.11 | V_loss 0.0149 | LR 0.000030 | early_stop=0 | fire[0]=0.16 fire[rest_max]=0.24 srcs_multi=0.93 ship0=0.02 meanshipbin=4.7 avgfleet=14.8 p90fleet=29.0
iter   207 | steps   6,782,976 | SPS     772 | r_p0 +0.396 r_p1 +0.081 | clip_frac 0.072 | KL 0.0056 | H_fire 0.171 H_ang 4.94 H_ship 2.12 | V_loss 0.0144 | LR 0.000030 | early_stop=0 | fire[0]=0.19 fire[rest_max]=0.30 srcs_multi=1.19 ship0=0.02 meanshipbin=4.8 avgfleet=14.7 p90fleet=28.0
iter   208 | steps   6,815,744 | SPS     773 | r_p0 +0.489 r_p1 -0.003 | clip_frac 0.072 | KL 0.0053 | H_fire 0.167 H_ang 4.93 H_ship 2.13 | V_loss 0.0150 | LR 0.000030 | early_stop=0 | fire[0]=0.19 fire[rest_max]=0.28 srcs_multi=1.11 ship0=0.02 meanshipbin=4.8 avgfleet=13.8 p90fleet=27.0
iter   209 | steps   6,848,512 | SPS     774 | r_p0 +0.268 r_p1 +0.221 | clip_frac 0.072 | KL 0.0043 | H_fire 0.152 H_ang 4.94 H_ship 2.12 | V_loss 0.0161 | LR 0.000030 | early_stop=0 | fire[0]=0.17 fire[rest_max]=0.25 srcs_multi=0.96 ship0=0.02 meanshipbin=4.5 avgfleet=14.8 p90fleet=29.0
iter   210 | steps   6,881,280 | SPS     775 | r_p0 +0.246 r_p1 +0.246 | clip_frac 0.071 | KL 0.0055 | H_fire 0.166 H_ang 4.94 H_ship 2.13 | V_loss 0.0134 | LR 0.000030 | early_stop=0 | fire[0]=0.19 fire[rest_max]=0.29 srcs_multi=1.12 ship0=0.02 meanshipbin=4.7 avgfleet=15.3 p90fleet=29.0
iter   211 | steps   6,914,048 | SPS     770 | r_p0 +0.284 r_p1 +0.208 | clip_frac 0.072 | KL 0.0063 | H_fire 0.169 H_ang 4.93 H_ship 2.12 | V_loss 0.0162 | LR 0.000030 | early_stop=0 | fire[0]=0.19 fire[rest_max]=0.28 srcs_multi=1.10 ship0=0.03 meanshipbin=4.6 avgfleet=15.4 p90fleet=30.0
iter   212 | steps   6,946,816 | SPS     771 | r_p0 +0.166 r_p1 +0.318 | clip_frac 0.071 | KL 0.0056 | H_fire 0.164 H_ang 4.93 H_ship 2.12 | V_loss 0.0145 | LR 0.000030 | early_stop=0 | fire[0]=0.17 fire[rest_max]=0.24 srcs_multi=1.07 ship0=0.02 meanshipbin=4.9 avgfleet=15.7 p90fleet=30.0
iter   213 | steps   6,979,584 | SPS     766 | r_p0 -0.008 r_p1 +0.495 | clip_frac 0.071 | KL 0.0051 | H_fire 0.155 H_ang 4.94 H_ship 2.13 | V_loss 0.0132 | LR 0.000030 | early_stop=0 | fire[0]=0.18 fire[rest_max]=0.27 srcs_multi=0.96 ship0=0.04 meanshipbin=4.6 avgfleet=15.6 p90fleet=30.0
iter   214 | steps   7,012,352 | SPS     767 | r_p0 -0.130 r_p1 +0.620 | clip_frac 0.071 | KL 0.0066 | H_fire 0.141 H_ang 4.94 H_ship 2.12 | V_loss 0.0129 | LR 0.000030 | early_stop=0 | fire[0]=0.15 fire[rest_max]=0.26 srcs_multi=0.90 ship0=0.03 meanshipbin=4.6 avgfleet=14.8 p90fleet=29.0
iter   215 | steps   7,045,120 | SPS     768 | r_p0 -0.019 r_p1 +0.509 | clip_frac 0.071 | KL 0.0052 | H_fire 0.147 H_ang 4.94 H_ship 2.13 | V_loss 0.0142 | LR 0.000030 | early_stop=0 | fire[0]=0.17 fire[rest_max]=0.28 srcs_multi=1.00 ship0=0.02 meanshipbin=4.9 avgfleet=14.1 p90fleet=27.0
iter   216 | steps   7,077,888 | SPS     769 | r_p0 +0.130 r_p1 +0.357 | clip_frac 0.071 | KL 0.0048 | H_fire 0.148 H_ang 4.94 H_ship 2.13 | V_loss 0.0150 | LR 0.000030 | early_stop=0 | fire[0]=0.17 fire[rest_max]=0.28 srcs_multi=1.01 ship0=0.02 meanshipbin=4.9 avgfleet=14.4 p90fleet=28.0
iter   217 | steps   7,110,656 | SPS     770 | r_p0 -0.029 r_p1 +0.521 | clip_frac 0.071 | KL 0.0051 | H_fire 0.149 H_ang 4.94 H_ship 2.13 | V_loss 0.0190 | LR 0.000030 | early_stop=0 | fire[0]=0.16 fire[rest_max]=0.25 srcs_multi=0.91 ship0=0.01 meanshipbin=5.0 avgfleet=16.4 p90fleet=32.0
  pool snapshot @ step 7,110,656
  pool size=13  alpha=2.0
    self                 self_step_5079040              wr=0.42 (n=708)  pfsp_w=0.335
    self                 self_step_0                    wr=0.46 (n=4294)  pfsp_w=0.289
    self                 self_step_1015808              wr=0.48 (n=1549)  pfsp_w=0.269
    external_heuristic   candidate_zach_public          wr=0.48 (n=3206)  pfsp_w=0.266
    self                 self_step_3047424              wr=0.48 (n=689)  pfsp_w=0.265
    self                 self_step_7110656              wr=0.50 (n=0)  pfsp_w=0.250
    self                 self_step_3047424              wr=0.50 (n=1627)  pfsp_w=0.248
    external_heuristic   candidate_hellburner           wr=0.52 (n=2966)  pfsp_w=0.227
iter   218 | steps   7,143,424 | SPS     771 | r_p0 -0.086 r_p1 +0.570 | clip_frac 0.070 | KL 0.0041 | H_fire 0.140 H_ang 4.94 H_ship 2.13 | V_loss 0.0159 | LR 0.000030 | early_stop=0 | fire[0]=0.15 fire[rest_max]=0.24 srcs_multi=0.91 ship0=0.01 meanshipbin=4.9 avgfleet=14.9 p90fleet=29.0
iter   219 | steps   7,176,192 | SPS     772 | r_p0 +0.107 r_p1 +0.384 | clip_frac 0.071 | KL 0.0053 | H_fire 0.149 H_ang 4.94 H_ship 2.13 | V_loss 0.0159 | LR 0.000030 | early_stop=0 | fire[0]=0.17 fire[rest_max]=0.27 srcs_multi=1.04 ship0=0.02 meanshipbin=4.9 avgfleet=15.2 p90fleet=30.0
iter   220 | steps   7,208,960 | SPS     773 | r_p0 +0.110 r_p1 +0.385 | clip_frac 0.070 | KL 0.0048 | H_fire 0.145 H_ang 4.94 H_ship 2.13 | V_loss 0.0153 | LR 0.000030 | early_stop=0 | fire[0]=0.16 fire[rest_max]=0.25 srcs_multi=0.99 ship0=0.02 meanshipbin=4.9 avgfleet=15.8 p90fleet=30.0
iter   221 | steps   7,241,728 | SPS     774 | r_p0 +0.095 r_p1 +0.396 | clip_frac 0.070 | KL 0.0054 | H_fire 0.148 H_ang 4.94 H_ship 2.13 | V_loss 0.0154 | LR 0.000030 | early_stop=0 | fire[0]=0.17 fire[rest_max]=0.26 srcs_multi=1.03 ship0=0.03 meanshipbin=4.9 avgfleet=14.8 p90fleet=29.0
iter   222 | steps   7,274,496 | SPS     775 | r_p0 +0.158 r_p1 +0.333 | clip_frac 0.070 | KL 0.0054 | H_fire 0.151 H_ang 4.93 H_ship 2.13 | V_loss 0.0150 | LR 0.000030 | early_stop=0 | fire[0]=0.16 fire[rest_max]=0.26 srcs_multi=1.05 ship0=0.03 meanshipbin=4.9 avgfleet=14.6 p90fleet=28.0
iter   223 | steps   7,307,264 | SPS     776 | r_p0 +0.269 r_p1 +0.219 | clip_frac 0.070 | KL 0.0054 | H_fire 0.157 H_ang 4.94 H_ship 2.13 | V_loss 0.0151 | LR 0.000030 | early_stop=0 | fire[0]=0.17 fire[rest_max]=0.27 srcs_multi=1.05 ship0=0.02 meanshipbin=5.0 avgfleet=14.5 p90fleet=28.0
iter   224 | steps   7,340,032 | SPS     777 | r_p0 +0.083 r_p1 +0.407 | clip_frac 0.070 | KL 0.0048 | H_fire 0.159 H_ang 4.94 H_ship 2.13 | V_loss 0.0154 | LR 0.000030 | early_stop=0 | fire[0]=0.17 fire[rest_max]=0.29 srcs_multi=1.11 ship0=0.02 meanshipbin=5.0 avgfleet=14.5 p90fleet=28.0
iter   225 | steps   7,372,800 | SPS     778 | r_p0 +0.008 r_p1 +0.481 | clip_frac 0.069 | KL 0.0051 | H_fire 0.157 H_ang 4.94 H_ship 2.13 | V_loss 0.0165 | LR 0.000030 | early_stop=0 | fire[0]=0.17 fire[rest_max]=0.29 srcs_multi=1.09 ship0=0.02 meanshipbin=4.8 avgfleet=14.1 p90fleet=27.0
iter   226 | steps   7,405,568 | SPS     774 | r_p0 +0.044 r_p1 +0.443 | clip_frac 0.070 | KL 0.0073 | H_fire 0.158 H_ang 4.94 H_ship 2.14 | V_loss 0.0194 | LR 0.000030 | early_stop=0 | fire[0]=0.18 fire[rest_max]=0.28 srcs_multi=0.97 ship0=0.03 meanshipbin=4.7 avgfleet=15.0 p90fleet=29.0
iter   227 | steps   7,438,336 | SPS     775 | r_p0 +0.093 r_p1 +0.395 | clip_frac 0.070 | KL 0.0063 | H_fire 0.169 H_ang 4.93 H_ship 2.13 | V_loss 0.0147 | LR 0.000030 | early_stop=0 | fire[0]=0.18 fire[rest_max]=0.26 srcs_multi=1.06 ship0=0.03 meanshipbin=4.8 avgfleet=15.1 p90fleet=29.0
iter   228 | steps   7,471,104 | SPS     775 | r_p0 -0.117 r_p1 +0.609 | clip_frac 0.070 | KL 0.0054 | H_fire 0.164 H_ang 4.94 H_ship 2.13 | V_loss 0.0155 | LR 0.000030 | early_stop=0 | fire[0]=0.17 fire[rest_max]=0.27 srcs_multi=1.07 ship0=0.03 meanshipbin=4.7 avgfleet=14.2 p90fleet=28.0
iter   229 | steps   7,503,872 | SPS     776 | r_p0 +0.022 r_p1 +0.473 | clip_frac 0.070 | KL 0.0049 | H_fire 0.153 H_ang 4.94 H_ship 2.13 | V_loss 0.0152 | LR 0.000030 | early_stop=0 | fire[0]=0.17 fire[rest_max]=0.27 srcs_multi=1.01 ship0=0.02 meanshipbin=4.9 avgfleet=14.2 p90fleet=28.0
iter   230 | steps   7,536,640 | SPS     772 | r_p0 -0.054 r_p1 +0.545 | clip_frac 0.070 | KL 0.0060 | H_fire 0.167 H_ang 4.93 H_ship 2.12 | V_loss 0.0173 | LR 0.000030 | early_stop=0 | fire[0]=0.17 fire[rest_max]=0.27 srcs_multi=1.03 ship0=0.04 meanshipbin=4.6 avgfleet=16.0 p90fleet=32.0
iter   231 | steps   7,569,408 | SPS     773 | r_p0 +0.095 r_p1 +0.394 | clip_frac 0.070 | KL 0.0055 | H_fire 0.150 H_ang 4.94 H_ship 2.12 | V_loss 0.0133 | LR 0.000030 | early_stop=0 | fire[0]=0.15 fire[rest_max]=0.24 srcs_multi=0.87 ship0=0.02 meanshipbin=4.7 avgfleet=16.0 p90fleet=31.0
iter   232 | steps   7,602,176 | SPS     773 | r_p0 +0.357 r_p1 +0.132 | clip_frac 0.070 | KL 0.0044 | H_fire 0.158 H_ang 4.93 H_ship 2.13 | V_loss 0.0181 | LR 0.000030 | early_stop=0 | fire[0]=0.18 fire[rest_max]=0.28 srcs_multi=1.00 ship0=0.02 meanshipbin=5.0 avgfleet=15.5 p90fleet=29.0
iter   233 | steps   7,634,944 | SPS     773 | r_p0 +0.043 r_p1 +0.446 | clip_frac 0.070 | KL 0.0048 | H_fire 0.143 H_ang 4.94 H_ship 2.13 | V_loss 0.0165 | LR 0.000030 | early_stop=0 | fire[0]=0.15 fire[rest_max]=0.23 srcs_multi=0.87 ship0=0.02 meanshipbin=4.8 avgfleet=16.1 p90fleet=31.0
iter   234 | steps   7,667,712 | SPS     773 | r_p0 +0.071 r_p1 +0.419 | clip_frac 0.069 | KL 0.0056 | H_fire 0.171 H_ang 4.93 H_ship 2.12 | V_loss 0.0154 | LR 0.000030 | early_stop=0 | fire[0]=0.18 fire[rest_max]=0.28 srcs_multi=1.08 ship0=0.03 meanshipbin=4.8 avgfleet=15.5 p90fleet=30.0
iter   235 | steps   7,700,480 | SPS     774 | r_p0 -0.056 r_p1 +0.545 | clip_frac 0.069 | KL 0.0051 | H_fire 0.150 H_ang 4.94 H_ship 2.13 | V_loss 0.0140 | LR 0.000030 | early_stop=0 | fire[0]=0.17 fire[rest_max]=0.25 srcs_multi=0.96 ship0=0.02 meanshipbin=5.0 avgfleet=14.2 p90fleet=28.0
iter   236 | steps   7,733,248 | SPS     771 | r_p0 -0.044 r_p1 +0.531 | clip_frac 0.069 | KL 0.0053 | H_fire 0.155 H_ang 4.93 H_ship 2.12 | V_loss 0.0167 | LR 0.000030 | early_stop=0 | fire[0]=0.16 fire[rest_max]=0.25 srcs_multi=0.91 ship0=0.02 meanshipbin=5.0 avgfleet=16.8 p90fleet=33.0
iter   237 | steps   7,766,016 | SPS     771 | r_p0 -0.033 r_p1 +0.517 | clip_frac 0.069 | KL 0.0051 | H_fire 0.142 H_ang 4.94 H_ship 2.12 | V_loss 0.0156 | LR 0.000030 | early_stop=0 | fire[0]=0.15 fire[rest_max]=0.23 srcs_multi=0.87 ship0=0.02 meanshipbin=5.0 avgfleet=16.8 p90fleet=32.0
iter   238 | steps   7,798,784 | SPS     772 | r_p0 +0.080 r_p1 +0.407 | clip_frac 0.069 | KL 0.0041 | H_fire 0.145 H_ang 4.94 H_ship 2.12 | V_loss 0.0129 | LR 0.000030 | early_stop=0 | fire[0]=0.14 fire[rest_max]=0.23 srcs_multi=0.86 ship0=0.03 meanshipbin=5.0 avgfleet=16.4 p90fleet=32.0
iter   239 | steps   7,831,552 | SPS     772 | r_p0 +0.082 r_p1 +0.409 | clip_frac 0.069 | KL 0.0051 | H_fire 0.147 H_ang 4.94 H_ship 2.13 | V_loss 0.0163 | LR 0.000030 | early_stop=0 | fire[0]=0.17 fire[rest_max]=0.25 srcs_multi=0.91 ship0=0.02 meanshipbin=5.5 avgfleet=16.6 p90fleet=31.0
iter   240 | steps   7,864,320 | SPS     773 | r_p0 -0.305 r_p1 +0.795 | clip_frac 0.069 | KL 0.0083 | H_fire 0.155 H_ang 4.94 H_ship 2.13 | V_loss 0.0155 | LR 0.000030 | early_stop=0 | fire[0]=0.16 fire[rest_max]=0.27 srcs_multi=1.08 ship0=0.02 meanshipbin=5.3 avgfleet=16.8 p90fleet=32.0
iter   241 | steps   7,897,088 | SPS     769 | r_p0 -0.155 r_p1 +0.642 | clip_frac 0.069 | KL 0.0050 | H_fire 0.158 H_ang 4.93 H_ship 2.12 | V_loss 0.0153 | LR 0.000030 | early_stop=0 | fire[0]=0.16 fire[rest_max]=0.27 srcs_multi=0.99 ship0=0.02 meanshipbin=5.1 avgfleet=16.4 p90fleet=33.0
iter   242 | steps   7,929,856 | SPS     770 | r_p0 +0.084 r_p1 +0.405 | clip_frac 0.069 | KL 0.0065 | H_fire 0.152 H_ang 4.93 H_ship 2.12 | V_loss 0.0131 | LR 0.000030 | early_stop=0 | fire[0]=0.15 fire[rest_max]=0.25 srcs_multi=0.92 ship0=0.01 meanshipbin=5.3 avgfleet=16.7 p90fleet=32.0
iter   243 | steps   7,962,624 | SPS     771 | r_p0 +0.344 r_p1 +0.144 | clip_frac 0.069 | KL 0.0041 | H_fire 0.154 H_ang 4.94 H_ship 2.13 | V_loss 0.0124 | LR 0.000030 | early_stop=0 | fire[0]=0.15 fire[rest_max]=0.25 srcs_multi=0.95 ship0=0.01 meanshipbin=5.3 avgfleet=15.0 p90fleet=29.0
iter   244 | steps   7,995,392 | SPS     772 | r_p0 +0.281 r_p1 +0.207 | clip_frac 0.068 | KL 0.0049 | H_fire 0.147 H_ang 4.93 H_ship 2.13 | V_loss 0.0126 | LR 0.000030 | early_stop=0 | fire[0]=0.15 fire[rest_max]=0.22 srcs_multi=0.87 ship0=0.01 meanshipbin=5.3 avgfleet=16.4 p90fleet=31.0
iter   245 | steps   8,028,160 | SPS     772 | r_p0 +0.145 r_p1 +0.345 | clip_frac 0.068 | KL 0.0047 | H_fire 0.143 H_ang 4.94 H_ship 2.12 | V_loss 0.0138 | LR 0.000030 | early_stop=0 | fire[0]=0.14 fire[rest_max]=0.22 srcs_multi=0.81 ship0=0.01 meanshipbin=5.4 avgfleet=16.9 p90fleet=33.0
iter   246 | steps   8,060,928 | SPS     768 | r_p0 +0.058 r_p1 +0.432 | clip_frac 0.067 | KL 0.0056 | H_fire 0.167 H_ang 4.93 H_ship 2.12 | V_loss 0.0129 | LR 0.000030 | early_stop=0 | fire[0]=0.16 fire[rest_max]=0.25 srcs_multi=0.93 ship0=0.03 meanshipbin=5.1 avgfleet=16.3 p90fleet=31.0
iter   247 | steps   8,093,696 | SPS     768 | r_p0 +0.002 r_p1 +0.479 | clip_frac 0.068 | KL 0.0070 | H_fire 0.174 H_ang 4.93 H_ship 2.12 | V_loss 0.0159 | LR 0.000030 | early_stop=0 | fire[0]=0.17 fire[rest_max]=0.26 srcs_multi=1.04 ship0=0.02 meanshipbin=5.2 avgfleet=17.9 p90fleet=34.0
iter   248 | steps   8,126,464 | SPS     769 | r_p0 +0.031 r_p1 +0.452 | clip_frac 0.068 | KL 0.0044 | H_fire 0.143 H_ang 4.94 H_ship 2.13 | V_loss 0.0156 | LR 0.000030 | early_stop=0 | fire[0]=0.15 fire[rest_max]=0.23 srcs_multi=0.88 ship0=0.01 meanshipbin=5.3 avgfleet=15.0 p90fleet=29.0
  pool snapshot @ step 8,126,464
  pool size=14  alpha=2.0
    self                 self_step_0                    wr=0.46 (n=4411)  pfsp_w=0.292
    self                 self_step_5079040              wr=0.48 (n=961)  pfsp_w=0.271
    external_heuristic   candidate_zach_public          wr=0.48 (n=3480)  pfsp_w=0.266
    self                 self_step_1015808              wr=0.49 (n=1755)  pfsp_w=0.262
    self                 self_step_8126464              wr=0.50 (n=0)  pfsp_w=0.250
    self                 self_step_3047424              wr=0.50 (n=1731)  pfsp_w=0.246
    self                 self_step_3047424              wr=0.51 (n=852)  pfsp_w=0.240
    self                 self_step_7110656              wr=0.52 (n=62)  pfsp_w=0.234
iter   249 | steps   8,159,232 | SPS     770 | r_p0 +0.145 r_p1 +0.342 | clip_frac 0.068 | KL 0.0051 | H_fire 0.156 H_ang 4.93 H_ship 2.12 | V_loss 0.0149 | LR 0.000030 | early_stop=0 | fire[0]=0.16 fire[rest_max]=0.25 srcs_multi=0.99 ship0=0.02 meanshipbin=5.2 avgfleet=14.6 p90fleet=28.0
iter   250 | steps   8,192,000 | SPS     771 | r_p0 +0.134 r_p1 +0.354 | clip_frac 0.068 | KL 0.0052 | H_fire 0.155 H_ang 4.93 H_ship 2.13 | V_loss 0.0143 | LR 0.000030 | early_stop=0 | fire[0]=0.17 fire[rest_max]=0.24 srcs_multi=0.98 ship0=0.02 meanshipbin=5.1 avgfleet=14.3 p90fleet=28.0
iter   251 | steps   8,224,768 | SPS     772 | r_p0 -0.054 r_p1 +0.540 | clip_frac 0.068 | KL 0.0057 | H_fire 0.143 H_ang 4.94 H_ship 2.13 | V_loss 0.0152 | LR 0.000030 | early_stop=0 | fire[0]=0.15 fire[rest_max]=0.22 srcs_multi=0.89 ship0=0.02 meanshipbin=5.1 avgfleet=16.1 p90fleet=32.0
iter   252 | steps   8,257,536 | SPS     772 | r_p0 -0.378 r_p1 +0.866 | clip_frac 0.068 | KL 0.0046 | H_fire 0.158 H_ang 4.94 H_ship 2.13 | V_loss 0.0139 | LR 0.000029 | early_stop=0 | fire[0]=0.16 fire[rest_max]=0.26 srcs_multi=1.02 ship0=0.03 meanshipbin=4.9 avgfleet=17.6 p90fleet=35.0
iter   253 | steps   8,290,304 | SPS     773 | r_p0 -0.467 r_p1 +0.956 | clip_frac 0.068 | KL 0.0048 | H_fire 0.164 H_ang 4.93 H_ship 2.13 | V_loss 0.0139 | LR 0.000029 | early_stop=0 | fire[0]=0.17 fire[rest_max]=0.27 srcs_multi=1.06 ship0=0.03 meanshipbin=4.9 avgfleet=16.9 p90fleet=34.0
iter   254 | steps   8,323,072 | SPS     770 | r_p0 -0.393 r_p1 +0.883 | clip_frac 0.068 | KL 0.0047 | H_fire 0.143 H_ang 4.93 H_ship 2.13 | V_loss 0.0142 | LR 0.000029 | early_stop=0 | fire[0]=0.16 fire[rest_max]=0.24 srcs_multi=0.85 ship0=0.03 meanshipbin=4.9 avgfleet=15.7 p90fleet=30.0
iter   255 | steps   8,355,840 | SPS     771 | r_p0 -0.268 r_p1 +0.755 | clip_frac 0.068 | KL 0.0067 | H_fire 0.170 H_ang 4.93 H_ship 2.12 | V_loss 0.0146 | LR 0.000029 | early_stop=0 | fire[0]=0.17 fire[rest_max]=0.24 srcs_multi=1.04 ship0=0.03 meanshipbin=5.1 avgfleet=17.2 p90fleet=32.0
iter   256 | steps   8,388,608 | SPS     772 | r_p0 -0.441 r_p1 +0.931 | clip_frac 0.068 | KL 0.0047 | H_fire 0.161 H_ang 4.93 H_ship 2.13 | V_loss 0.0138 | LR 0.000029 | early_stop=0 | fire[0]=0.17 fire[rest_max]=0.23 srcs_multi=1.00 ship0=0.02 meanshipbin=5.3 avgfleet=15.2 p90fleet=30.0
iter   257 | steps   8,421,376 | SPS     773 | r_p0 -0.291 r_p1 +0.780 | clip_frac 0.068 | KL 0.0053 | H_fire 0.156 H_ang 4.93 H_ship 2.12 | V_loss 0.0158 | LR 0.000029 | early_stop=0 | fire[0]=0.16 fire[rest_max]=0.23 srcs_multi=0.94 ship0=0.02 meanshipbin=5.1 avgfleet=16.7 p90fleet=32.0
iter   258 | steps   8,454,144 | SPS     774 | r_p0 -0.268 r_p1 +0.757 | clip_frac 0.068 | KL 0.0054 | H_fire 0.134 H_ang 4.93 H_ship 2.12 | V_loss 0.0145 | LR 0.000029 | early_stop=0 | fire[0]=0.14 fire[rest_max]=0.23 srcs_multi=0.83 ship0=0.03 meanshipbin=5.0 avgfleet=16.4 p90fleet=31.0
iter   259 | steps   8,486,912 | SPS     774 | r_p0 -0.107 r_p1 +0.597 | clip_frac 0.068 | KL 0.0055 | H_fire 0.147 H_ang 4.93 H_ship 2.12 | V_loss 0.0133 | LR 0.000029 | early_stop=0 | fire[0]=0.16 fire[rest_max]=0.23 srcs_multi=0.95 ship0=0.02 meanshipbin=4.9 avgfleet=15.6 p90fleet=29.0
iter   260 | steps   8,519,680 | SPS     775 | r_p0 +0.079 r_p1 +0.407 | clip_frac 0.068 | KL 0.0051 | H_fire 0.150 H_ang 4.93 H_ship 2.13 | V_loss 0.0148 | LR 0.000029 | early_stop=0 | fire[0]=0.16 fire[rest_max]=0.22 srcs_multi=0.87 ship0=0.03 meanshipbin=5.1 avgfleet=15.1 p90fleet=30.0
iter   261 | steps   8,552,448 | SPS     776 | r_p0 -0.044 r_p1 +0.530 | clip_frac 0.068 | KL 0.0077 | H_fire 0.147 H_ang 4.93 H_ship 2.13 | V_loss 0.0165 | LR 0.000029 | early_stop=0 | fire[0]=0.15 fire[rest_max]=0.25 srcs_multi=0.90 ship0=0.03 meanshipbin=5.0 avgfleet=15.9 p90fleet=31.0
iter   262 | steps   8,585,216 | SPS     777 | r_p0 +0.032 r_p1 +0.456 | clip_frac 0.068 | KL 0.0045 | H_fire 0.158 H_ang 4.94 H_ship 2.13 | V_loss 0.0143 | LR 0.000029 | early_stop=0 | fire[0]=0.16 fire[rest_max]=0.26 srcs_multi=1.01 ship0=0.04 meanshipbin=5.0 avgfleet=14.5 p90fleet=28.0
iter   263 | steps   8,617,984 | SPS     778 | r_p0 -0.079 r_p1 +0.562 | clip_frac 0.068 | KL 0.0057 | H_fire 0.147 H_ang 4.94 H_ship 2.13 | V_loss 0.0174 | LR 0.000029 | early_stop=0 | fire[0]=0.17 fire[rest_max]=0.25 srcs_multi=0.91 ship0=0.02 meanshipbin=5.4 avgfleet=14.9 p90fleet=29.0
iter   264 | steps   8,650,752 | SPS     778 | r_p0 -0.058 r_p1 +0.534 | clip_frac 0.068 | KL 0.0047 | H_fire 0.144 H_ang 4.94 H_ship 2.13 | V_loss 0.0185 | LR 0.000029 | early_stop=0 | fire[0]=0.17 fire[rest_max]=0.25 srcs_multi=0.91 ship0=0.03 meanshipbin=5.3 avgfleet=16.0 p90fleet=31.0
iter   265 | steps   8,683,520 | SPS     779 | r_p0 +0.008 r_p1 +0.477 | clip_frac 0.069 | KL 0.0069 | H_fire 0.155 H_ang 4.93 H_ship 2.13 | V_loss 0.0146 | LR 0.000029 | early_stop=0 | fire[0]=0.18 fire[rest_max]=0.25 srcs_multi=1.04 ship0=0.03 meanshipbin=5.1 avgfleet=14.8 p90fleet=29.0
iter   266 | steps   8,716,288 | SPS     780 | r_p0 +0.256 r_p1 +0.229 | clip_frac 0.069 | KL 0.0056 | H_fire 0.148 H_ang 4.93 H_ship 2.13 | V_loss 0.0165 | LR 0.000029 | early_stop=0 | fire[0]=0.17 fire[rest_max]=0.25 srcs_multi=0.99 ship0=0.03 meanshipbin=4.9 avgfleet=15.0 p90fleet=29.0
iter   267 | steps   8,749,056 | SPS     781 | r_p0 +0.344 r_p1 +0.143 | clip_frac 0.069 | KL 0.0058 | H_fire 0.154 H_ang 4.94 H_ship 2.13 | V_loss 0.0140 | LR 0.000029 | early_stop=0 | fire[0]=0.17 fire[rest_max]=0.25 srcs_multi=1.04 ship0=0.03 meanshipbin=5.0 avgfleet=15.0 p90fleet=29.0
iter   268 | steps   8,781,824 | SPS     781 | r_p0 +0.178 r_p1 +0.309 | clip_frac 0.069 | KL 0.0048 | H_fire 0.129 H_ang 4.94 H_ship 2.13 | V_loss 0.0148 | LR 0.000029 | early_stop=0 | fire[0]=0.15 fire[rest_max]=0.22 srcs_multi=0.83 ship0=0.03 meanshipbin=5.2 avgfleet=16.4 p90fleet=32.0
iter   269 | steps   8,814,592 | SPS     782 | r_p0 +0.033 r_p1 +0.459 | clip_frac 0.069 | KL 0.0055 | H_fire 0.160 H_ang 4.93 H_ship 2.13 | V_loss 0.0129 | LR 0.000029 | early_stop=0 | fire[0]=0.16 fire[rest_max]=0.23 srcs_multi=0.93 ship0=0.05 meanshipbin=4.9 avgfleet=15.1 p90fleet=29.0
iter   270 | steps   8,847,360 | SPS     783 | r_p0 -0.089 r_p1 +0.576 | clip_frac 0.069 | KL 0.0054 | H_fire 0.152 H_ang 4.93 H_ship 2.13 | V_loss 0.0148 | LR 0.000029 | early_stop=0 | fire[0]=0.17 fire[rest_max]=0.24 srcs_multi=0.96 ship0=0.06 meanshipbin=4.9 avgfleet=15.0 p90fleet=29.0
iter   271 | steps   8,880,128 | SPS     784 | r_p0 +0.168 r_p1 +0.319 | clip_frac 0.069 | KL 0.0060 | H_fire 0.146 H_ang 4.94 H_ship 2.13 | V_loss 0.0160 | LR 0.000029 | early_stop=0 | fire[0]=0.17 fire[rest_max]=0.24 srcs_multi=0.96 ship0=0.05 meanshipbin=5.0 avgfleet=14.9 p90fleet=29.0
iter   272 | steps   8,912,896 | SPS     784 | r_p0 +0.356 r_p1 +0.134 | clip_frac 0.069 | KL 0.0048 | H_fire 0.147 H_ang 4.93 H_ship 2.13 | V_loss 0.0155 | LR 0.000029 | early_stop=0 | fire[0]=0.18 fire[rest_max]=0.25 srcs_multi=0.97 ship0=0.05 meanshipbin=5.1 avgfleet=14.8 p90fleet=29.0
iter   273 | steps   8,945,664 | SPS     785 | r_p0 +0.181 r_p1 +0.306 | clip_frac 0.069 | KL 0.0060 | H_fire 0.144 H_ang 4.93 H_ship 2.13 | V_loss 0.0149 | LR 0.000029 | early_stop=0 | fire[0]=0.16 fire[rest_max]=0.25 srcs_multi=0.98 ship0=0.04 meanshipbin=5.0 avgfleet=15.3 p90fleet=30.0
iter   274 | steps   8,978,432 | SPS     786 | r_p0 -0.080 r_p1 +0.560 | clip_frac 0.070 | KL 0.0078 | H_fire 0.138 H_ang 4.93 H_ship 2.13 | V_loss 0.0173 | LR 0.000029 | early_stop=0 | fire[0]=0.16 fire[rest_max]=0.24 srcs_multi=0.95 ship0=0.03 meanshipbin=5.1 avgfleet=16.0 p90fleet=31.0
iter   275 | steps   9,011,200 | SPS     782 | r_p0 -0.119 r_p1 +0.604 | clip_frac 0.070 | KL 0.0061 | H_fire 0.153 H_ang 4.93 H_ship 2.13 | V_loss 0.0153 | LR 0.000029 | early_stop=0 | fire[0]=0.17 fire[rest_max]=0.24 srcs_multi=0.99 ship0=0.05 meanshipbin=4.7 avgfleet=15.7 p90fleet=30.0
iter   276 | steps   9,043,968 | SPS     783 | r_p0 -0.029 r_p1 +0.519 | clip_frac 0.070 | KL 0.0055 | H_fire 0.136 H_ang 4.93 H_ship 2.13 | V_loss 0.0148 | LR 0.000029 | early_stop=0 | fire[0]=0.14 fire[rest_max]=0.23 srcs_multi=0.87 ship0=0.06 meanshipbin=4.7 avgfleet=15.3 p90fleet=30.0
  saved checkpoints/torch_step_9043968_20260525_184201.pt
  saved checkpoints/pool_step_9043968_20260525_184201.pt (14 members)
iter   277 | steps   9,076,736 | SPS     784 | r_p0 -0.079 r_p1 +0.570 | clip_frac 0.070 | KL 0.0061 | H_fire 0.150 H_ang 4.93 H_ship 2.13 | V_loss 0.0149 | LR 0.000029 | early_stop=0 | fire[0]=0.15 fire[rest_max]=0.20 srcs_multi=0.84 ship0=0.05 meanshipbin=5.0 avgfleet=16.8 p90fleet=33.0
iter   278 | steps   9,109,504 | SPS     785 | r_p0 -0.220 r_p1 +0.706 | clip_frac 0.070 | KL 0.0062 | H_fire 0.150 H_ang 4.93 H_ship 2.14 | V_loss 0.0142 | LR 0.000029 | early_stop=0 | fire[0]=0.18 fire[rest_max]=0.24 srcs_multi=0.96 ship0=0.05 meanshipbin=5.1 avgfleet=14.4 p90fleet=28.0
iter   279 | steps   9,142,272 | SPS     785 | r_p0 -0.304 r_p1 +0.791 | clip_frac 0.070 | KL 0.0049 | H_fire 0.145 H_ang 4.93 H_ship 2.14 | V_loss 0.0150 | LR 0.000029 | early_stop=0 | fire[0]=0.16 fire[rest_max]=0.22 srcs_multi=0.90 ship0=0.06 meanshipbin=4.9 avgfleet=14.3 p90fleet=28.0
  pool snapshot @ step 9,142,272
  pool size=15  alpha=2.0
    self                 self_step_0                    wr=0.46 (n=4504)  pfsp_w=0.291
    external_heuristic   candidate_zach_public          wr=0.48 (n=3480)  pfsp_w=0.266
    self                 self_step_5079040              wr=0.49 (n=1162)  pfsp_w=0.263
    self                 self_step_7110656              wr=0.49 (n=179)  pfsp_w=0.258
    self                 self_step_1015808              wr=0.50 (n=1907)  pfsp_w=0.254
    self                 self_step_3047424              wr=0.50 (n=1929)  pfsp_w=0.252
    self                 self_step_9142272              wr=0.50 (n=0)  pfsp_w=0.250
    external_heuristic   candidate_hellburner           wr=0.52 (n=3262)  pfsp_w=0.233
iter   280 | steps   9,175,040 | SPS     781 | r_p0 -0.253 r_p1 +0.740 | clip_frac 0.070 | KL 0.0059 | H_fire 0.158 H_ang 4.93 H_ship 2.14 | V_loss 0.0134 | LR 0.000029 | early_stop=0 | fire[0]=0.17 fire[rest_max]=0.25 srcs_multi=0.98 ship0=0.07 meanshipbin=4.8 avgfleet=15.9 p90fleet=31.0
iter   281 | steps   9,207,808 | SPS     782 | r_p0 +0.012 r_p1 +0.466 | clip_frac 0.070 | KL 0.0060 | H_fire 0.156 H_ang 4.93 H_ship 2.14 | V_loss 0.0163 | LR 0.000029 | early_stop=0 | fire[0]=0.16 fire[rest_max]=0.22 srcs_multi=0.93 ship0=0.06 meanshipbin=5.1 avgfleet=16.0 p90fleet=30.0
iter   282 | steps   9,240,576 | SPS     783 | r_p0 +0.252 r_p1 +0.230 | clip_frac 0.070 | KL 0.0049 | H_fire 0.127 H_ang 4.93 H_ship 2.14 | V_loss 0.0145 | LR 0.000029 | early_stop=0 | fire[0]=0.14 fire[rest_max]=0.22 srcs_multi=0.84 ship0=0.04 meanshipbin=5.0 avgfleet=15.4 p90fleet=30.0
iter   283 | steps   9,273,344 | SPS     783 | r_p0 +0.119 r_p1 +0.368 | clip_frac 0.070 | KL 0.0056 | H_fire 0.140 H_ang 4.93 H_ship 2.13 | V_loss 0.0130 | LR 0.000029 | early_stop=0 | fire[0]=0.15 fire[rest_max]=0.22 srcs_multi=0.93 ship0=0.05 meanshipbin=4.9 avgfleet=15.6 p90fleet=30.0
iter   284 | steps   9,306,112 | SPS     784 | r_p0 -0.107 r_p1 +0.596 | clip_frac 0.070 | KL 0.0049 | H_fire 0.139 H_ang 4.93 H_ship 2.13 | V_loss 0.0143 | LR 0.000029 | early_stop=0 | fire[0]=0.16 fire[rest_max]=0.21 srcs_multi=0.86 ship0=0.06 meanshipbin=5.0 avgfleet=15.0 p90fleet=29.0
iter   285 | steps   9,338,880 | SPS     785 | r_p0 -0.044 r_p1 +0.531 | clip_frac 0.069 | KL 0.0049 | H_fire 0.136 H_ang 4.93 H_ship 2.13 | V_loss 0.0167 | LR 0.000029 | early_stop=0 | fire[0]=0.16 fire[rest_max]=0.23 srcs_multi=0.90 ship0=0.03 meanshipbin=5.1 avgfleet=16.4 p90fleet=32.0
iter   286 | steps   9,371,648 | SPS     786 | r_p0 +0.018 r_p1 +0.471 | clip_frac 0.069 | KL 0.0042 | H_fire 0.142 H_ang 4.93 H_ship 2.13 | V_loss 0.0149 | LR 0.000029 | early_stop=0 | fire[0]=0.16 fire[rest_max]=0.22 srcs_multi=0.95 ship0=0.04 meanshipbin=5.1 avgfleet=15.6 p90fleet=30.0
iter   287 | steps   9,404,416 | SPS     786 | r_p0 -0.052 r_p1 +0.543 | clip_frac 0.069 | KL 0.0067 | H_fire 0.144 H_ang 4.93 H_ship 2.14 | V_loss 0.0136 | LR 0.000029 | early_stop=0 | fire[0]=0.16 fire[rest_max]=0.23 srcs_multi=0.94 ship0=0.03 meanshipbin=5.2 avgfleet=15.3 p90fleet=29.0
iter   288 | steps   9,437,184 | SPS     787 | r_p0 -0.029 r_p1 +0.519 | clip_frac 0.070 | KL 0.0056 | H_fire 0.144 H_ang 4.93 H_ship 2.13 | V_loss 0.0138 | LR 0.000029 | early_stop=0 | fire[0]=0.16 fire[rest_max]=0.22 srcs_multi=0.91 ship0=0.04 meanshipbin=5.0 avgfleet=16.5 p90fleet=32.0
iter   289 | steps   9,469,952 | SPS     788 | r_p0 -0.328 r_p1 +0.817 | clip_frac 0.070 | KL 0.0057 | H_fire 0.151 H_ang 4.93 H_ship 2.13 | V_loss 0.0150 | LR 0.000029 | early_stop=0 | fire[0]=0.16 fire[rest_max]=0.25 srcs_multi=1.00 ship0=0.04 meanshipbin=4.9 avgfleet=14.9 p90fleet=29.0
iter   290 | steps   9,502,720 | SPS     788 | r_p0 -0.277 r_p1 +0.766 | clip_frac 0.070 | KL 0.0065 | H_fire 0.141 H_ang 4.93 H_ship 2.14 | V_loss 0.0145 | LR 0.000029 | early_stop=0 | fire[0]=0.16 fire[rest_max]=0.23 srcs_multi=0.93 ship0=0.05 meanshipbin=5.1 avgfleet=15.5 p90fleet=30.0
iter   291 | steps   9,535,488 | SPS     788 | r_p0 -0.144 r_p1 +0.634 | clip_frac 0.069 | KL 0.0044 | H_fire 0.144 H_ang 4.93 H_ship 2.14 | V_loss 0.0182 | LR 0.000029 | early_stop=0 | fire[0]=0.18 fire[rest_max]=0.25 srcs_multi=0.99 ship0=0.05 meanshipbin=4.9 avgfleet=15.9 p90fleet=29.0
iter   292 | steps   9,568,256 | SPS     789 | r_p0 -0.218 r_p1 +0.711 | clip_frac 0.070 | KL 0.0059 | H_fire 0.122 H_ang 4.93 H_ship 2.14 | V_loss 0.0164 | LR 0.000029 | early_stop=0 | fire[0]=0.17 fire[rest_max]=0.22 srcs_multi=0.89 ship0=0.04 meanshipbin=5.3 avgfleet=15.2 p90fleet=29.0
iter   293 | steps   9,601,024 | SPS     789 | r_p0 -0.031 r_p1 +0.522 | clip_frac 0.070 | KL 0.0081 | H_fire 0.139 H_ang 4.93 H_ship 2.14 | V_loss 0.0202 | LR 0.000029 | early_stop=0 | fire[0]=0.17 fire[rest_max]=0.26 srcs_multi=1.03 ship0=0.03 meanshipbin=5.3 avgfleet=16.2 p90fleet=31.0
iter   294 | steps   9,633,792 | SPS     789 | r_p0 +0.211 r_p1 +0.284 | clip_frac 0.070 | KL 0.0039 | H_fire 0.127 H_ang 4.93 H_ship 2.15 | V_loss 0.0160 | LR 0.000029 | early_stop=0 | fire[0]=0.16 fire[rest_max]=0.24 srcs_multi=0.97 ship0=0.03 meanshipbin=5.4 avgfleet=15.7 p90fleet=31.0
iter   295 | steps   9,666,560 | SPS     790 | r_p0 +0.085 r_p1 +0.408 | clip_frac 0.070 | KL 0.0046 | H_fire 0.129 H_ang 4.93 H_ship 2.14 | V_loss 0.0174 | LR 0.000029 | early_stop=0 | fire[0]=0.16 fire[rest_max]=0.24 srcs_multi=0.92 ship0=0.03 meanshipbin=5.4 avgfleet=16.3 p90fleet=32.0
iter   296 | steps   9,699,328 | SPS     787 | r_p0 -0.091 r_p1 +0.583 | clip_frac 0.071 | KL 0.0052 | H_fire 0.141 H_ang 4.93 H_ship 2.14 | V_loss 0.0167 | LR 0.000029 | early_stop=0 | fire[0]=0.16 fire[rest_max]=0.24 srcs_multi=0.97 ship0=0.05 meanshipbin=5.2 avgfleet=17.7 p90fleet=35.0
iter   297 | steps   9,732,096 | SPS     787 | r_p0 -0.041 r_p1 +0.533 | clip_frac 0.070 | KL 0.0054 | H_fire 0.139 H_ang 4.93 H_ship 2.13 | V_loss 0.0134 | LR 0.000029 | early_stop=0 | fire[0]=0.15 fire[rest_max]=0.21 srcs_multi=0.89 ship0=0.05 meanshipbin=5.2 avgfleet=16.4 p90fleet=31.0
iter   298 | steps   9,764,864 | SPS     788 | r_p0 +0.108 r_p1 +0.383 | clip_frac 0.070 | KL 0.0054 | H_fire 0.119 H_ang 4.93 H_ship 2.14 | V_loss 0.0144 | LR 0.000029 | early_stop=0 | fire[0]=0.13 fire[rest_max]=0.19 srcs_multi=0.71 ship0=0.05 meanshipbin=5.4 avgfleet=16.5 p90fleet=32.0
iter   299 | steps   9,797,632 | SPS     789 | r_p0 -0.043 r_p1 +0.531 | clip_frac 0.070 | KL 0.0064 | H_fire 0.125 H_ang 4.93 H_ship 2.14 | V_loss 0.0136 | LR 0.000029 | early_stop=0 | fire[0]=0.13 fire[rest_max]=0.19 srcs_multi=0.77 ship0=0.03 meanshipbin=5.4 avgfleet=16.5 p90fleet=32.0
iter   300 | steps   9,830,400 | SPS     789 | r_p0 -0.092 r_p1 +0.580 | clip_frac 0.070 | KL 0.0067 | H_fire 0.138 H_ang 4.93 H_ship 2.14 | V_loss 0.0166 | LR 0.000029 | early_stop=0 | fire[0]=0.16 fire[rest_max]=0.22 srcs_multi=0.87 ship0=0.05 meanshipbin=5.2 avgfleet=19.1 p90fleet=35.0
iter   301 | steps   9,863,168 | SPS     789 | r_p0 +0.108 r_p1 +0.380 | clip_frac 0.070 | KL 0.0058 | H_fire 0.131 H_ang 4.93 H_ship 2.14 | V_loss 0.0175 | LR 0.000029 | early_stop=0 | fire[0]=0.16 fire[rest_max]=0.21 srcs_multi=0.86 ship0=0.05 meanshipbin=5.3 avgfleet=17.2 p90fleet=32.0
iter   302 | steps   9,895,936 | SPS     790 | r_p0 +0.154 r_p1 +0.320 | clip_frac 0.070 | KL 0.0052 | H_fire 0.122 H_ang 4.93 H_ship 2.15 | V_loss 0.0170 | LR 0.000029 | early_stop=0 | fire[0]=0.14 fire[rest_max]=0.20 srcs_multi=0.81 ship0=0.03 meanshipbin=5.5 avgfleet=16.7 p90fleet=33.0
iter   303 | steps   9,928,704 | SPS     791 | r_p0 -0.081 r_p1 +0.562 | clip_frac 0.070 | KL 0.0061 | H_fire 0.122 H_ang 4.93 H_ship 2.15 | V_loss 0.0148 | LR 0.000029 | early_stop=0 | fire[0]=0.15 fire[rest_max]=0.20 srcs_multi=0.76 ship0=0.04 meanshipbin=5.5 avgfleet=15.8 p90fleet=30.0
iter   304 | steps   9,961,472 | SPS     791 | r_p0 -0.156 r_p1 +0.644 | clip_frac 0.071 | KL 0.0064 | H_fire 0.133 H_ang 4.93 H_ship 2.15 | V_loss 0.0155 | LR 0.000029 | early_stop=0 | fire[0]=0.14 fire[rest_max]=0.20 srcs_multi=0.80 ship0=0.03 meanshipbin=5.5 avgfleet=16.3 p90fleet=32.0
iter   305 | steps   9,994,240 | SPS     792 | r_p0 +0.007 r_p1 +0.482 | clip_frac 0.070 | KL 0.0073 | H_fire 0.125 H_ang 4.93 H_ship 2.13 | V_loss 0.0160 | LR 0.000029 | early_stop=0 | fire[0]=0.15 fire[rest_max]=0.21 srcs_multi=0.89 ship0=0.03 meanshipbin=5.2 avgfleet=16.0 p90fleet=30.0
iter   306 | steps  10,027,008 | SPS     793 | r_p0 +0.058 r_p1 +0.433 | clip_frac 0.071 | KL 0.0055 | H_fire 0.133 H_ang 4.93 H_ship 2.14 | V_loss 0.0147 | LR 0.000029 | early_stop=0 | fire[0]=0.14 fire[rest_max]=0.22 srcs_multi=0.92 ship0=0.03 meanshipbin=5.1 avgfleet=15.9 p90fleet=30.0
iter   307 | steps  10,059,776 | SPS     793 | r_p0 +0.320 r_p1 +0.171 | clip_frac 0.071 | KL 0.0068 | H_fire 0.141 H_ang 4.94 H_ship 2.14 | V_loss 0.0149 | LR 0.000029 | early_stop=0 | fire[0]=0.17 fire[rest_max]=0.26 srcs_multi=1.03 ship0=0.04 meanshipbin=5.3 avgfleet=15.6 p90fleet=30.0
iter   308 | steps  10,092,544 | SPS     793 | r_p0 +0.169 r_p1 +0.319 | clip_frac 0.071 | KL 0.0054 | H_fire 0.135 H_ang 4.93 H_ship 2.14 | V_loss 0.0194 | LR 0.000029 | early_stop=0 | fire[0]=0.16 fire[rest_max]=0.24 srcs_multi=0.87 ship0=0.03 meanshipbin=5.5 avgfleet=18.9 p90fleet=34.0
iter   309 | steps  10,125,312 | SPS     794 | r_p0 +0.245 r_p1 +0.242 | clip_frac 0.071 | KL 0.0039 | H_fire 0.115 H_ang 4.93 H_ship 2.15 | V_loss 0.0170 | LR 0.000029 | early_stop=0 | fire[0]=0.14 fire[rest_max]=0.21 srcs_multi=0.81 ship0=0.03 meanshipbin=5.5 avgfleet=17.0 p90fleet=33.0
iter   310 | steps  10,158,080 | SPS     794 | r_p0 +0.107 r_p1 +0.382 | clip_frac 0.071 | KL 0.0052 | H_fire 0.119 H_ang 4.93 H_ship 2.14 | V_loss 0.0175 | LR 0.000029 | early_stop=0 | fire[0]=0.15 fire[rest_max]=0.22 srcs_multi=0.85 ship0=0.02 meanshipbin=5.6 avgfleet=17.3 p90fleet=34.0
  pool snapshot @ step 10,158,080
  pool size=16  alpha=2.0
    self                 self_step_7110656              wr=0.42 (n=448)  pfsp_w=0.337
    self                 self_step_0                    wr=0.46 (n=4558)  pfsp_w=0.290
    external_heuristic   candidate_zach_public          wr=0.48 (n=3737)  pfsp_w=0.268
    self                 self_step_3047424              wr=0.50 (n=2018)  pfsp_w=0.254
    self                 self_step_9142272              wr=0.50 (n=0)  pfsp_w=0.250
    self                 self_step_10158080             wr=0.50 (n=0)  pfsp_w=0.250
    self                 self_step_5079040              wr=0.51 (n=1338)  pfsp_w=0.244
    self                 self_step_1015808              wr=0.52 (n=2216)  pfsp_w=0.231
iter   311 | steps  10,190,848 | SPS     791 | r_p0 -0.159 r_p1 +0.640 | clip_frac 0.070 | KL 0.0050 | H_fire 0.138 H_ang 4.93 H_ship 2.14 | V_loss 0.0175 | LR 0.000029 | early_stop=0 | fire[0]=0.16 fire[rest_max]=0.24 srcs_multi=0.98 ship0=0.02 meanshipbin=5.6 avgfleet=17.5 p90fleet=34.0
iter   312 | steps  10,223,616 | SPS     791 | r_p0 +0.279 r_p1 +0.210 | clip_frac 0.071 | KL 0.0062 | H_fire 0.140 H_ang 4.93 H_ship 2.14 | V_loss 0.0164 | LR 0.000029 | early_stop=0 | fire[0]=0.17 fire[rest_max]=0.26 srcs_multi=1.03 ship0=0.02 meanshipbin=5.6 avgfleet=17.1 p90fleet=32.0
iter   313 | steps  10,256,384 | SPS     791 | r_p0 +0.458 r_p1 +0.034 | clip_frac 0.071 | KL 0.0060 | H_fire 0.147 H_ang 4.93 H_ship 2.14 | V_loss 0.0162 | LR 0.000029 | early_stop=0 | fire[0]=0.17 fire[rest_max]=0.25 srcs_multi=1.01 ship0=0.02 meanshipbin=5.6 avgfleet=16.9 p90fleet=32.0
iter   314 | steps  10,289,152 | SPS     787 | r_p0 +0.461 r_p1 +0.033 | clip_frac 0.071 | KL 0.0078 | H_fire 0.149 H_ang 4.93 H_ship 2.14 | V_loss 0.0148 | LR 0.000029 | early_stop=0 | fire[0]=0.17 fire[rest_max]=0.23 srcs_multi=0.97 ship0=0.03 meanshipbin=5.5 avgfleet=17.0 p90fleet=33.0
iter   315 | steps  10,321,920 | SPS     788 | r_p0 +0.209 r_p1 +0.281 | clip_frac 0.071 | KL 0.0058 | H_fire 0.130 H_ang 4.93 H_ship 2.14 | V_loss 0.0149 | LR 0.000029 | early_stop=0 | fire[0]=0.14 fire[rest_max]=0.19 srcs_multi=0.81 ship0=0.03 meanshipbin=5.7 avgfleet=18.7 p90fleet=36.0
iter   316 | steps  10,354,688 | SPS     788 | r_p0 -0.122 r_p1 +0.600 | clip_frac 0.071 | KL 0.0067 | H_fire 0.152 H_ang 4.93 H_ship 2.14 | V_loss 0.0166 | LR 0.000029 | early_stop=0 | fire[0]=0.18 fire[rest_max]=0.24 srcs_multi=1.05 ship0=0.03 meanshipbin=5.8 avgfleet=17.5 p90fleet=33.0
iter   317 | steps  10,387,456 | SPS     788 | r_p0 -0.023 r_p1 +0.500 | clip_frac 0.071 | KL 0.0052 | H_fire 0.136 H_ang 4.93 H_ship 2.14 | V_loss 0.0164 | LR 0.000029 | early_stop=0 | fire[0]=0.16 fire[rest_max]=0.21 srcs_multi=0.86 ship0=0.03 meanshipbin=5.7 avgfleet=17.2 p90fleet=32.0
iter   318 | steps  10,420,224 | SPS     788 | r_p0 +0.303 r_p1 +0.176 | clip_frac 0.071 | KL 0.0059 | H_fire 0.137 H_ang 4.93 H_ship 2.14 | V_loss 0.0189 | LR 0.000029 | early_stop=0 | fire[0]=0.17 fire[rest_max]=0.23 srcs_multi=0.95 ship0=0.02 meanshipbin=5.8 avgfleet=18.1 p90fleet=33.0
iter   319 | steps  10,452,992 | SPS     789 | r_p0 +0.281 r_p1 +0.207 | clip_frac 0.071 | KL 0.0060 | H_fire 0.132 H_ang 4.93 H_ship 2.15 | V_loss 0.0175 | LR 0.000029 | early_stop=0 | fire[0]=0.16 fire[rest_max]=0.24 srcs_multi=0.96 ship0=0.02 meanshipbin=5.6 avgfleet=16.0 p90fleet=31.0
iter   320 | steps  10,485,760 | SPS     790 | r_p0 +0.331 r_p1 +0.151 | clip_frac 0.071 | KL 0.0048 | H_fire 0.135 H_ang 4.93 H_ship 2.14 | V_loss 0.0159 | LR 0.000029 | early_stop=0 | fire[0]=0.16 fire[rest_max]=0.25 srcs_multi=1.05 ship0=0.02 meanshipbin=5.4 avgfleet=15.4 p90fleet=29.0
iter   321 | steps  10,518,528 | SPS     790 | r_p0 +0.305 r_p1 +0.175 | clip_frac 0.071 | KL 0.0081 | H_fire 0.136 H_ang 4.93 H_ship 2.14 | V_loss 0.0197 | LR 0.000029 | early_stop=0 | fire[0]=0.18 fire[rest_max]=0.26 srcs_multi=1.06 ship0=0.03 meanshipbin=5.6 avgfleet=16.5 p90fleet=31.0
iter   322 | steps  10,551,296 | SPS     790 | r_p0 +0.048 r_p1 +0.447 | clip_frac 0.071 | KL 0.0053 | H_fire 0.129 H_ang 4.93 H_ship 2.14 | V_loss 0.0142 | LR 0.000029 | early_stop=0 | fire[0]=0.17 fire[rest_max]=0.24 srcs_multi=1.01 ship0=0.03 meanshipbin=5.6 avgfleet=14.9 p90fleet=29.0
iter   323 | steps  10,584,064 | SPS     791 | r_p0 +0.059 r_p1 +0.434 | clip_frac 0.071 | KL 0.0058 | H_fire 0.131 H_ang 4.93 H_ship 2.15 | V_loss 0.0160 | LR 0.000029 | early_stop=0 | fire[0]=0.15 fire[rest_max]=0.23 srcs_multi=0.92 ship0=0.02 meanshipbin=5.7 avgfleet=15.4 p90fleet=30.0
iter   324 | steps  10,616,832 | SPS     792 | r_p0 +0.108 r_p1 +0.381 | clip_frac 0.071 | KL 0.0062 | H_fire 0.131 H_ang 4.93 H_ship 2.14 | V_loss 0.0163 | LR 0.000029 | early_stop=0 | fire[0]=0.15 fire[rest_max]=0.23 srcs_multi=0.90 ship0=0.02 meanshipbin=5.6 avgfleet=16.2 p90fleet=31.0
iter   325 | steps  10,649,600 | SPS     792 | r_p0 +0.244 r_p1 +0.243 | clip_frac 0.070 | KL 0.0048 | H_fire 0.121 H_ang 4.93 H_ship 2.15 | V_loss 0.0145 | LR 0.000029 | early_stop=0 | fire[0]=0.13 fire[rest_max]=0.20 srcs_multi=0.77 ship0=0.01 meanshipbin=5.9 avgfleet=16.3 p90fleet=31.0
iter   326 | steps  10,682,368 | SPS     793 | r_p0 +0.232 r_p1 +0.259 | clip_frac 0.070 | KL 0.0045 | H_fire 0.116 H_ang 4.93 H_ship 2.15 | V_loss 0.0150 | LR 0.000029 | early_stop=0 | fire[0]=0.14 fire[rest_max]=0.20 srcs_multi=0.78 ship0=0.03 meanshipbin=5.9 avgfleet=17.0 p90fleet=33.0
iter   327 | steps  10,715,136 | SPS     793 | r_p0 +0.105 r_p1 +0.383 | clip_frac 0.070 | KL 0.0069 | H_fire 0.127 H_ang 4.93 H_ship 2.14 | V_loss 0.0158 | LR 0.000029 | early_stop=0 | fire[0]=0.14 fire[rest_max]=0.21 srcs_multi=0.80 ship0=0.02 meanshipbin=5.8 avgfleet=17.3 p90fleet=33.0
iter   328 | steps  10,747,904 | SPS     793 | r_p0 +0.120 r_p1 +0.368 | clip_frac 0.071 | KL 0.0064 | H_fire 0.131 H_ang 4.93 H_ship 2.14 | V_loss 0.0181 | LR 0.000029 | early_stop=0 | fire[0]=0.15 fire[rest_max]=0.23 srcs_multi=0.84 ship0=0.02 meanshipbin=5.9 avgfleet=19.1 p90fleet=36.0
iter   329 | steps  10,780,672 | SPS     794 | r_p0 +0.395 r_p1 +0.093 | clip_frac 0.071 | KL 0.0065 | H_fire 0.134 H_ang 4.93 H_ship 2.14 | V_loss 0.0158 | LR 0.000029 | early_stop=0 | fire[0]=0.15 fire[rest_max]=0.24 srcs_multi=0.93 ship0=0.02 meanshipbin=5.8 avgfleet=18.6 p90fleet=36.0
iter   330 | steps  10,813,440 | SPS     795 | r_p0 +0.332 r_p1 +0.153 | clip_frac 0.071 | KL 0.0046 | H_fire 0.131 H_ang 4.93 H_ship 2.14 | V_loss 0.0160 | LR 0.000029 | early_stop=0 | fire[0]=0.16 fire[rest_max]=0.24 srcs_multi=0.94 ship0=0.02 meanshipbin=5.8 avgfleet=16.7 p90fleet=32.0
iter   331 | steps  10,846,208 | SPS     795 | r_p0 +0.272 r_p1 +0.216 | clip_frac 0.070 | KL 0.0051 | H_fire 0.131 H_ang 4.93 H_ship 2.14 | V_loss 0.0149 | LR 0.000029 | early_stop=0 | fire[0]=0.16 fire[rest_max]=0.23 srcs_multi=0.93 ship0=0.01 meanshipbin=5.7 avgfleet=15.5 p90fleet=29.0
iter   332 | steps  10,878,976 | SPS     796 | r_p0 +0.132 r_p1 +0.356 | clip_frac 0.070 | KL 0.0050 | H_fire 0.117 H_ang 4.93 H_ship 2.14 | V_loss 0.0151 | LR 0.000029 | early_stop=0 | fire[0]=0.13 fire[rest_max]=0.19 srcs_multi=0.77 ship0=0.02 meanshipbin=5.8 avgfleet=18.5 p90fleet=36.0
iter   333 | steps  10,911,744 | SPS     796 | r_p0 -0.171 r_p1 +0.654 | clip_frac 0.071 | KL 0.0060 | H_fire 0.111 H_ang 4.94 H_ship 2.15 | V_loss 0.0150 | LR 0.000029 | early_stop=0 | fire[0]=0.13 fire[rest_max]=0.19 srcs_multi=0.69 ship0=0.02 meanshipbin=5.7 avgfleet=17.9 p90fleet=34.0
iter   334 | steps  10,944,512 | SPS     797 | r_p0 -0.095 r_p1 +0.579 | clip_frac 0.071 | KL 0.0057 | H_fire 0.124 H_ang 4.93 H_ship 2.15 | V_loss 0.0149 | LR 0.000029 | early_stop=0 | fire[0]=0.14 fire[rest_max]=0.20 srcs_multi=0.78 ship0=0.01 meanshipbin=5.9 avgfleet=17.8 p90fleet=35.0
iter   335 | steps  10,977,280 | SPS     797 | r_p0 -0.140 r_p1 +0.630 | clip_frac 0.071 | KL 0.0062 | H_fire 0.117 H_ang 4.93 H_ship 2.15 | V_loss 0.0138 | LR 0.000029 | early_stop=0 | fire[0]=0.14 fire[rest_max]=0.22 srcs_multi=0.85 ship0=0.01 meanshipbin=5.8 avgfleet=16.3 p90fleet=31.0
iter   336 | steps  11,010,048 | SPS     798 | r_p0 -0.190 r_p1 +0.682 | clip_frac 0.071 | KL 0.0054 | H_fire 0.134 H_ang 4.93 H_ship 2.15 | V_loss 0.0142 | LR 0.000029 | early_stop=0 | fire[0]=0.15 fire[rest_max]=0.23 srcs_multi=0.91 ship0=0.02 meanshipbin=5.8 avgfleet=16.0 p90fleet=32.0
iter   337 | steps  11,042,816 | SPS     799 | r_p0 -0.154 r_p1 +0.643 | clip_frac 0.071 | KL 0.0051 | H_fire 0.127 H_ang 4.93 H_ship 2.15 | V_loss 0.0161 | LR 0.000029 | early_stop=0 | fire[0]=0.15 fire[rest_max]=0.24 srcs_multi=0.95 ship0=0.02 meanshipbin=5.8 avgfleet=16.0 p90fleet=32.0
iter   338 | steps  11,075,584 | SPS     799 | r_p0 -0.207 r_p1 +0.692 | clip_frac 0.071 | KL 0.0075 | H_fire 0.135 H_ang 4.93 H_ship 2.14 | V_loss 0.0188 | LR 0.000029 | early_stop=0 | fire[0]=0.17 fire[rest_max]=0.24 srcs_multi=0.99 ship0=0.02 meanshipbin=5.9 avgfleet=17.5 p90fleet=33.0
iter   339 | steps  11,108,352 | SPS     799 | r_p0 -0.094 r_p1 +0.581 | clip_frac 0.071 | KL 0.0049 | H_fire 0.124 H_ang 4.93 H_ship 2.14 | V_loss 0.0192 | LR 0.000029 | early_stop=0 | fire[0]=0.17 fire[rest_max]=0.26 srcs_multi=0.95 ship0=0.02 meanshipbin=5.9 avgfleet=17.5 p90fleet=34.0
iter   340 | steps  11,141,120 | SPS     799 | r_p0 -0.216 r_p1 +0.709 | clip_frac 0.071 | KL 0.0057 | H_fire 0.113 H_ang 4.93 H_ship 2.14 | V_loss 0.0182 | LR 0.000029 | early_stop=0 | fire[0]=0.16 fire[rest_max]=0.23 srcs_multi=0.87 ship0=0.01 meanshipbin=6.0 avgfleet=16.2 p90fleet=31.0
iter   341 | steps  11,173,888 | SPS     800 | r_p0 +0.034 r_p1 +0.458 | clip_frac 0.071 | KL 0.0047 | H_fire 0.120 H_ang 4.93 H_ship 2.14 | V_loss 0.0160 | LR 0.000029 | early_stop=0 | fire[0]=0.16 fire[rest_max]=0.24 srcs_multi=0.95 ship0=0.01 meanshipbin=5.9 avgfleet=16.0 p90fleet=30.0
  pool snapshot @ step 11,173,888
  pool size=17  alpha=2.0
    self                 self_step_7110656              wr=0.45 (n=504)  pfsp_w=0.300
    self                 self_step_0                    wr=0.46 (n=4558)  pfsp_w=0.290
    external_heuristic   candidate_zach_public          wr=0.49 (n=4200)  pfsp_w=0.264
    self                 self_step_5079040              wr=0.49 (n=1561)  pfsp_w=0.261
    self                 self_step_9142272              wr=0.50 (n=0)  pfsp_w=0.250
    self                 self_step_11173888             wr=0.50 (n=0)  pfsp_w=0.250
    self                 self_step_10158080             wr=0.50 (n=137)  pfsp_w=0.246
    self                 self_step_3047424              wr=0.51 (n=2246)  pfsp_w=0.242
iter   342 | steps  11,206,656 | SPS     800 | r_p0 -0.002 r_p1 +0.496 | clip_frac 0.070 | KL 0.0047 | H_fire 0.120 H_ang 4.93 H_ship 2.14 | V_loss 0.0159 | LR 0.000029 | early_stop=0 | fire[0]=0.14 fire[rest_max]=0.23 srcs_multi=0.88 ship0=0.01 meanshipbin=6.0 avgfleet=16.9 p90fleet=34.0
iter   343 | steps  11,239,424 | SPS     801 | r_p0 -0.181 r_p1 +0.671 | clip_frac 0.070 | KL 0.0061 | H_fire 0.124 H_ang 4.93 H_ship 2.14 | V_loss 0.0169 | LR 0.000029 | early_stop=0 | fire[0]=0.15 fire[rest_max]=0.23 srcs_multi=0.85 ship0=0.01 meanshipbin=5.9 avgfleet=16.0 p90fleet=31.0
iter   344 | steps  11,272,192 | SPS     801 | r_p0 -0.143 r_p1 +0.634 | clip_frac 0.070 | KL 0.0067 | H_fire 0.123 H_ang 4.93 H_ship 2.13 | V_loss 0.0211 | LR 0.000029 | early_stop=0 | fire[0]=0.15 fire[rest_max]=0.23 srcs_multi=0.92 ship0=0.02 meanshipbin=5.9 avgfleet=17.4 p90fleet=33.0
iter   345 | steps  11,304,960 | SPS     802 | r_p0 -0.193 r_p1 +0.686 | clip_frac 0.070 | KL 0.0055 | H_fire 0.122 H_ang 4.93 H_ship 2.14 | V_loss 0.0158 | LR 0.000029 | early_stop=0 | fire[0]=0.14 fire[rest_max]=0.23 srcs_multi=0.94 ship0=0.01 meanshipbin=5.9 avgfleet=18.7 p90fleet=38.0
iter   346 | steps  11,337,728 | SPS     802 | r_p0 -0.366 r_p1 +0.859 | clip_frac 0.070 | KL 0.0044 | H_fire 0.128 H_ang 4.93 H_ship 2.14 | V_loss 0.0137 | LR 0.000029 | early_stop=0 | fire[0]=0.15 fire[rest_max]=0.22 srcs_multi=0.97 ship0=0.01 meanshipbin=5.9 avgfleet=18.5 p90fleet=37.0
iter   347 | steps  11,370,496 | SPS     799 | r_p0 -0.233 r_p1 +0.718 | clip_frac 0.070 | KL 0.0044 | H_fire 0.118 H_ang 4.93 H_ship 2.14 | V_loss 0.0156 | LR 0.000029 | early_stop=0 | fire[0]=0.13 fire[rest_max]=0.19 srcs_multi=0.69 ship0=0.03 meanshipbin=5.7 avgfleet=19.1 p90fleet=36.0
iter   348 | steps  11,403,264 | SPS     797 | r_p0 -0.224 r_p1 +0.700 | clip_frac 0.070 | KL 0.0047 | H_fire 0.142 H_ang 4.93 H_ship 2.13 | V_loss 0.0156 | LR 0.000029 | early_stop=0 | fire[0]=0.14 fire[rest_max]=0.20 srcs_multi=0.81 ship0=0.01 meanshipbin=5.9 avgfleet=21.7 p90fleet=42.0
iter   349 | steps  11,436,032 | SPS     797 | r_p0 -0.309 r_p1 +0.794 | clip_frac 0.070 | KL 0.0050 | H_fire 0.126 H_ang 4.93 H_ship 2.14 | V_loss 0.0141 | LR 0.000029 | early_stop=0 | fire[0]=0.13 fire[rest_max]=0.18 srcs_multi=0.75 ship0=0.01 meanshipbin=6.0 avgfleet=17.9 p90fleet=35.0
iter   350 | steps  11,468,800 | SPS     798 | r_p0 -0.042 r_p1 +0.529 | clip_frac 0.070 | KL 0.0055 | H_fire 0.116 H_ang 4.93 H_ship 2.14 | V_loss 0.0143 | LR 0.000029 | early_stop=0 | fire[0]=0.12 fire[rest_max]=0.18 srcs_multi=0.71 ship0=0.01 meanshipbin=5.9 avgfleet=18.0 p90fleet=34.0
iter   351 | steps  11,501,568 | SPS     798 | r_p0 +0.043 r_p1 +0.438 | clip_frac 0.069 | KL 0.0041 | H_fire 0.124 H_ang 4.93 H_ship 2.13 | V_loss 0.0157 | LR 0.000029 | early_stop=0 | fire[0]=0.14 fire[rest_max]=0.22 srcs_multi=0.83 ship0=0.01 meanshipbin=5.9 avgfleet=18.4 p90fleet=36.0
iter   352 | steps  11,534,336 | SPS     799 | r_p0 +0.157 r_p1 +0.327 | clip_frac 0.070 | KL 0.0054 | H_fire 0.116 H_ang 4.93 H_ship 2.13 | V_loss 0.0153 | LR 0.000029 | early_stop=0 | fire[0]=0.13 fire[rest_max]=0.20 srcs_multi=0.80 ship0=0.01 meanshipbin=5.8 avgfleet=17.9 p90fleet=34.0
iter   353 | steps  11,567,104 | SPS     799 | r_p0 +0.119 r_p1 +0.368 | clip_frac 0.070 | KL 0.0087 | H_fire 0.116 H_ang 4.93 H_ship 2.14 | V_loss 0.0156 | LR 0.000029 | early_stop=0 | fire[0]=0.12 fire[rest_max]=0.18 srcs_multi=0.76 ship0=0.01 meanshipbin=5.9 avgfleet=17.7 p90fleet=35.0
iter   354 | steps  11,599,872 | SPS     800 | r_p0 +0.119 r_p1 +0.354 | clip_frac 0.070 | KL 0.0057 | H_fire 0.133 H_ang 4.93 H_ship 2.13 | V_loss 0.0162 | LR 0.000029 | early_stop=0 | fire[0]=0.14 fire[rest_max]=0.22 srcs_multi=0.83 ship0=0.02 meanshipbin=5.9 avgfleet=16.2 p90fleet=32.0
iter   355 | steps  11,632,640 | SPS     800 | r_p0 -0.087 r_p1 +0.565 | clip_frac 0.070 | KL 0.0055 | H_fire 0.122 H_ang 4.94 H_ship 2.14 | V_loss 0.0154 | LR 0.000029 | early_stop=0 | fire[0]=0.13 fire[rest_max]=0.21 srcs_multi=0.78 ship0=0.01 meanshipbin=6.0 avgfleet=18.4 p90fleet=37.0
iter   356 | steps  11,665,408 | SPS     801 | r_p0 -0.370 r_p1 +0.856 | clip_frac 0.069 | KL 0.0050 | H_fire 0.144 H_ang 4.93 H_ship 2.14 | V_loss 0.0149 | LR 0.000029 | early_stop=0 | fire[0]=0.15 fire[rest_max]=0.24 srcs_multi=0.94 ship0=0.01 meanshipbin=6.0 avgfleet=18.0 p90fleet=36.0
iter   357 | steps  11,698,176 | SPS     801 | r_p0 -0.578 r_p1 +1.068 | clip_frac 0.069 | KL 0.0049 | H_fire 0.123 H_ang 4.93 H_ship 2.14 | V_loss 0.0146 | LR 0.000029 | early_stop=0 | fire[0]=0.14 fire[rest_max]=0.20 srcs_multi=0.78 ship0=0.00 meanshipbin=6.1 avgfleet=18.7 p90fleet=38.0
iter   358 | steps  11,730,944 | SPS     802 | r_p0 -0.357 r_p1 +0.846 | clip_frac 0.069 | KL 0.0047 | H_fire 0.120 H_ang 4.93 H_ship 2.14 | V_loss 0.0166 | LR 0.000029 | early_stop=0 | fire[0]=0.15 fire[rest_max]=0.21 srcs_multi=0.85 ship0=0.01 meanshipbin=6.1 avgfleet=18.0 p90fleet=36.0
iter   359 | steps  11,763,712 | SPS     803 | r_p0 -0.281 r_p1 +0.770 | clip_frac 0.069 | KL 0.0051 | H_fire 0.122 H_ang 4.93 H_ship 2.14 | V_loss 0.0160 | LR 0.000029 | early_stop=0 | fire[0]=0.15 fire[rest_max]=0.23 srcs_multi=0.89 ship0=0.00 meanshipbin=6.1 avgfleet=17.5 p90fleet=35.0
iter   360 | steps  11,796,480 | SPS     803 | r_p0 -0.279 r_p1 +0.771 | clip_frac 0.069 | KL 0.0052 | H_fire 0.105 H_ang 4.94 H_ship 2.14 | V_loss 0.0165 | LR 0.000029 | early_stop=0 | fire[0]=0.14 fire[rest_max]=0.20 srcs_multi=0.74 ship0=0.01 meanshipbin=6.2 avgfleet=17.2 p90fleet=34.0
iter   361 | steps  11,829,248 | SPS     804 | r_p0 -0.228 r_p1 +0.716 | clip_frac 0.069 | KL 0.0061 | H_fire 0.129 H_ang 4.93 H_ship 2.14 | V_loss 0.0167 | LR 0.000029 | early_stop=0 | fire[0]=0.14 fire[rest_max]=0.21 srcs_multi=0.77 ship0=0.01 meanshipbin=6.0 avgfleet=17.1 p90fleet=34.0
iter   362 | steps  11,862,016 | SPS     804 | r_p0 -0.119 r_p1 +0.608 | clip_frac 0.069 | KL 0.0044 | H_fire 0.114 H_ang 4.93 H_ship 2.14 | V_loss 0.0161 | LR 0.000029 | early_stop=0 | fire[0]=0.14 fire[rest_max]=0.22 srcs_multi=0.81 ship0=0.01 meanshipbin=5.9 avgfleet=16.7 p90fleet=32.0
iter   363 | steps  11,894,784 | SPS     805 | r_p0 -0.040 r_p1 +0.534 | clip_frac 0.068 | KL 0.0045 | H_fire 0.115 H_ang 4.94 H_ship 2.15 | V_loss 0.0155 | LR 0.000029 | early_stop=0 | fire[0]=0.13 fire[rest_max]=0.20 srcs_multi=0.81 ship0=0.01 meanshipbin=5.8 avgfleet=17.6 p90fleet=34.0
iter   364 | steps  11,927,552 | SPS     805 | r_p0 +0.258 r_p1 +0.230 | clip_frac 0.068 | KL 0.0048 | H_fire 0.117 H_ang 4.93 H_ship 2.15 | V_loss 0.0165 | LR 0.000029 | early_stop=0 | fire[0]=0.13 fire[rest_max]=0.18 srcs_multi=0.64 ship0=0.01 meanshipbin=6.0 avgfleet=18.2 p90fleet=36.0
iter   365 | steps  11,960,320 | SPS     806 | r_p0 +0.157 r_p1 +0.331 | clip_frac 0.068 | KL 0.0048 | H_fire 0.125 H_ang 4.93 H_ship 2.14 | V_loss 0.0158 | LR 0.000029 | early_stop=0 | fire[0]=0.15 fire[rest_max]=0.23 srcs_multi=0.89 ship0=0.01 meanshipbin=5.8 avgfleet=16.0 p90fleet=31.0
iter   366 | steps  11,993,088 | SPS     806 | r_p0 +0.083 r_p1 +0.405 | clip_frac 0.067 | KL 0.0038 | H_fire 0.108 H_ang 4.94 H_ship 2.14 | V_loss 0.0163 | LR 0.000029 | early_stop=0 | fire[0]=0.13 fire[rest_max]=0.20 srcs_multi=0.80 ship0=0.01 meanshipbin=6.1 avgfleet=17.9 p90fleet=36.0
iter   367 | steps  12,025,856 | SPS     807 | r_p0 -0.056 r_p1 +0.541 | clip_frac 0.067 | KL 0.0080 | H_fire 0.123 H_ang 4.93 H_ship 2.14 | V_loss 0.0166 | LR 0.000029 | early_stop=0 | fire[0]=0.14 fire[rest_max]=0.21 srcs_multi=0.77 ship0=0.01 meanshipbin=5.9 avgfleet=16.8 p90fleet=32.0
iter   368 | steps  12,058,624 | SPS     807 | r_p0 -0.143 r_p1 +0.626 | clip_frac 0.067 | KL 0.0045 | H_fire 0.125 H_ang 4.93 H_ship 2.14 | V_loss 0.0160 | LR 0.000029 | early_stop=0 | fire[0]=0.14 fire[rest_max]=0.23 srcs_multi=0.89 ship0=0.01 meanshipbin=6.0 avgfleet=17.1 p90fleet=34.0
  saved checkpoints/torch_step_12058624_20260525_184201.pt
  saved checkpoints/pool_step_12058624_20260525_184201.pt (17 members)
iter   369 | steps  12,091,392 | SPS     808 | r_p0 -0.046 r_p1 +0.530 | clip_frac 0.067 | KL 0.0042 | H_fire 0.114 H_ang 4.93 H_ship 2.14 | V_loss 0.0185 | LR 0.000029 | early_stop=0 | fire[0]=0.13 fire[rest_max]=0.21 srcs_multi=0.81 ship0=0.00 meanshipbin=6.1 avgfleet=17.7 p90fleet=35.0
iter   370 | steps  12,124,160 | SPS     808 | r_p0 -0.231 r_p1 +0.720 | clip_frac 0.067 | KL 0.0052 | H_fire 0.124 H_ang 4.93 H_ship 2.14 | V_loss 0.0153 | LR 0.000029 | early_stop=0 | fire[0]=0.14 fire[rest_max]=0.21 srcs_multi=0.87 ship0=0.01 meanshipbin=6.1 avgfleet=17.6 p90fleet=35.0
iter   371 | steps  12,156,928 | SPS     805 | r_p0 -0.082 r_p1 +0.570 | clip_frac 0.066 | KL 0.0067 | H_fire 0.129 H_ang 4.93 H_ship 2.14 | V_loss 0.0158 | LR 0.000029 | early_stop=0 | fire[0]=0.15 fire[rest_max]=0.23 srcs_multi=0.93 ship0=0.01 meanshipbin=6.1 avgfleet=18.5 p90fleet=36.0
iter   372 | steps  12,189,696 | SPS     803 | r_p0 -0.132 r_p1 +0.617 | clip_frac 0.066 | KL 0.0048 | H_fire 0.118 H_ang 4.93 H_ship 2.14 | V_loss 0.0155 | LR 0.000029 | early_stop=0 | fire[0]=0.13 fire[rest_max]=0.20 srcs_multi=0.72 ship0=0.01 meanshipbin=6.0 avgfleet=19.8 p90fleet=37.0
  pool snapshot @ step 12,189,696
  pool size=18  alpha=2.0
    self                 self_step_0                    wr=0.46 (n=4655)  pfsp_w=0.287
    self                 self_step_7110656              wr=0.48 (n=560)  pfsp_w=0.266
    external_heuristic   candidate_zach_public          wr=0.48 (n=4263)  pfsp_w=0.266
    self                 self_step_10158080             wr=0.49 (n=252)  pfsp_w=0.258
    self                 self_step_12189696             wr=0.50 (n=0)  pfsp_w=0.250
    self                 self_step_3047424              wr=0.51 (n=2246)  pfsp_w=0.242
    self                 self_step_5079040              wr=0.51 (n=1783)  pfsp_w=0.241
    self                 self_step_1015808              wr=0.51 (n=2334)  pfsp_w=0.235
iter   373 | steps  12,222,464 | SPS     803 | r_p0 -0.086 r_p1 +0.567 | clip_frac 0.066 | KL 0.0071 | H_fire 0.131 H_ang 4.93 H_ship 2.14 | V_loss 0.0149 | LR 0.000029 | early_stop=0 | fire[0]=0.13 fire[rest_max]=0.18 srcs_multi=0.71 ship0=0.01 meanshipbin=6.1 avgfleet=20.0 p90fleet=38.0
iter   374 | steps  12,255,232 | SPS     804 | r_p0 -0.156 r_p1 +0.643 | clip_frac 0.066 | KL 0.0049 | H_fire 0.112 H_ang 4.93 H_ship 2.14 | V_loss 0.0138 | LR 0.000029 | early_stop=0 | fire[0]=0.12 fire[rest_max]=0.17 srcs_multi=0.70 ship0=0.01 meanshipbin=6.1 avgfleet=19.2 p90fleet=38.0
iter   375 | steps  12,288,000 | SPS     804 | r_p0 -0.219 r_p1 +0.708 | clip_frac 0.066 | KL 0.0055 | H_fire 0.124 H_ang 4.93 H_ship 2.14 | V_loss 0.0174 | LR 0.000029 | early_stop=0 | fire[0]=0.14 fire[rest_max]=0.21 srcs_multi=0.84 ship0=0.00 meanshipbin=6.2 avgfleet=19.5 p90fleet=37.0
iter   376 | steps  12,320,768 | SPS     804 | r_p0 -0.156 r_p1 +0.643 | clip_frac 0.066 | KL 0.0051 | H_fire 0.115 H_ang 4.93 H_ship 2.14 | V_loss 0.0173 | LR 0.000029 | early_stop=0 | fire[0]=0.13 fire[rest_max]=0.19 srcs_multi=0.76 ship0=0.01 meanshipbin=6.0 avgfleet=18.5 p90fleet=35.0
iter   377 | steps  12,353,536 | SPS     805 | r_p0 +0.039 r_p1 +0.445 | clip_frac 0.066 | KL 0.0065 | H_fire 0.106 H_ang 4.93 H_ship 2.15 | V_loss 0.0172 | LR 0.000029 | early_stop=0 | fire[0]=0.12 fire[rest_max]=0.19 srcs_multi=0.71 ship0=0.01 meanshipbin=6.1 avgfleet=18.4 p90fleet=36.0
iter   378 | steps  12,386,304 | SPS     805 | r_p0 -0.023 r_p1 +0.505 | clip_frac 0.066 | KL 0.0058 | H_fire 0.118 H_ang 4.93 H_ship 2.14 | V_loss 0.0202 | LR 0.000029 | early_stop=0 | fire[0]=0.14 fire[rest_max]=0.23 srcs_multi=0.82 ship0=0.01 meanshipbin=6.0 avgfleet=18.2 p90fleet=34.0
iter   379 | steps  12,419,072 | SPS     805 | r_p0 -0.152 r_p1 +0.646 | clip_frac 0.065 | KL 0.0051 | H_fire 0.117 H_ang 4.93 H_ship 2.14 | V_loss 0.0155 | LR 0.000029 | early_stop=0 | fire[0]=0.14 fire[rest_max]=0.22 srcs_multi=0.84 ship0=0.00 meanshipbin=6.1 avgfleet=17.9 p90fleet=35.0
iter   380 | steps  12,451,840 | SPS     806 | r_p0 -0.128 r_p1 +0.619 | clip_frac 0.065 | KL 0.0053 | H_fire 0.107 H_ang 4.93 H_ship 2.15 | V_loss 0.0178 | LR 0.000029 | early_stop=0 | fire[0]=0.14 fire[rest_max]=0.21 srcs_multi=0.76 ship0=0.01 meanshipbin=6.0 avgfleet=17.2 p90fleet=33.0
iter   381 | steps  12,484,608 | SPS     806 | r_p0 -0.016 r_p1 +0.509 | clip_frac 0.065 | KL 0.0049 | H_fire 0.109 H_ang 4.93 H_ship 2.15 | V_loss 0.0165 | LR 0.000029 | early_stop=0 | fire[0]=0.12 fire[rest_max]=0.22 srcs_multi=0.80 ship0=0.01 meanshipbin=6.1 avgfleet=17.8 p90fleet=35.0
iter   382 | steps  12,517,376 | SPS     807 | r_p0 -0.027 r_p1 +0.522 | clip_frac 0.066 | KL 0.0068 | H_fire 0.109 H_ang 4.93 H_ship 2.15 | V_loss 0.0172 | LR 0.000029 | early_stop=0 | fire[0]=0.13 fire[rest_max]=0.21 srcs_multi=0.77 ship0=0.01 meanshipbin=5.9 avgfleet=17.3 p90fleet=33.0
iter   383 | steps  12,550,144 | SPS     807 | r_p0 -0.054 r_p1 +0.542 | clip_frac 0.066 | KL 0.0064 | H_fire 0.111 H_ang 4.93 H_ship 2.15 | V_loss 0.0160 | LR 0.000029 | early_stop=0 | fire[0]=0.12 fire[rest_max]=0.20 srcs_multi=0.71 ship0=0.00 meanshipbin=6.2 avgfleet=18.1 p90fleet=36.0
iter   384 | steps  12,582,912 | SPS     808 | r_p0 -0.090 r_p1 +0.582 | clip_frac 0.066 | KL 0.0057 | H_fire 0.115 H_ang 4.93 H_ship 2.15 | V_loss 0.0144 | LR 0.000029 | early_stop=0 | fire[0]=0.13 fire[rest_max]=0.19 srcs_multi=0.71 ship0=0.01 meanshipbin=6.1 avgfleet=17.5 p90fleet=34.0
iter   385 | steps  12,615,680 | SPS     808 | r_p0 +0.047 r_p1 +0.446 | clip_frac 0.066 | KL 0.0065 | H_fire 0.112 H_ang 4.93 H_ship 2.15 | V_loss 0.0163 | LR 0.000029 | early_stop=0 | fire[0]=0.13 fire[rest_max]=0.21 srcs_multi=0.80 ship0=0.01 meanshipbin=6.0 avgfleet=17.8 p90fleet=34.0
iter   386 | steps  12,648,448 | SPS     809 | r_p0 +0.323 r_p1 +0.170 | clip_frac 0.066 | KL 0.0060 | H_fire 0.104 H_ang 4.93 H_ship 2.15 | V_loss 0.0160 | LR 0.000029 | early_stop=0 | fire[0]=0.11 fire[rest_max]=0.17 srcs_multi=0.62 ship0=0.01 meanshipbin=6.1 avgfleet=19.0 p90fleet=38.0
iter   387 | steps  12,681,216 | SPS     809 | r_p0 +0.332 r_p1 +0.159 | clip_frac 0.066 | KL 0.0053 | H_fire 0.104 H_ang 4.93 H_ship 2.15 | V_loss 0.0158 | LR 0.000029 | early_stop=0 | fire[0]=0.11 fire[rest_max]=0.17 srcs_multi=0.64 ship0=0.01 meanshipbin=6.2 avgfleet=19.8 p90fleet=39.0
iter   388 | steps  12,713,984 | SPS     810 | r_p0 +0.191 r_p1 +0.292 | clip_frac 0.065 | KL 0.0054 | H_fire 0.110 H_ang 4.93 H_ship 2.15 | V_loss 0.0162 | LR 0.000029 | early_stop=0 | fire[0]=0.12 fire[rest_max]=0.17 srcs_multi=0.70 ship0=0.01 meanshipbin=6.0 avgfleet=18.6 p90fleet=36.0
iter   389 | steps  12,746,752 | SPS     810 | r_p0 +0.210 r_p1 +0.276 | clip_frac 0.066 | KL 0.0072 | H_fire 0.109 H_ang 4.93 H_ship 2.15 | V_loss 0.0152 | LR 0.000029 | early_stop=0 | fire[0]=0.12 fire[rest_max]=0.17 srcs_multi=0.65 ship0=0.01 meanshipbin=6.1 avgfleet=18.3 p90fleet=35.0
iter   390 | steps  12,779,520 | SPS     810 | r_p0 +0.280 r_p1 +0.201 | clip_frac 0.066 | KL 0.0053 | H_fire 0.098 H_ang 4.93 H_ship 2.15 | V_loss 0.0159 | LR 0.000029 | early_stop=0 | fire[0]=0.11 fire[rest_max]=0.17 srcs_multi=0.65 ship0=0.01 meanshipbin=6.2 avgfleet=19.4 p90fleet=38.0
iter   391 | steps  12,812,288 | SPS     811 | r_p0 +0.167 r_p1 +0.316 | clip_frac 0.066 | KL 0.0054 | H_fire 0.103 H_ang 4.93 H_ship 2.16 | V_loss 0.0150 | LR 0.000029 | early_stop=0 | fire[0]=0.11 fire[rest_max]=0.18 srcs_multi=0.66 ship0=0.01 meanshipbin=6.1 avgfleet=18.3 p90fleet=36.0
iter   392 | steps  12,845,056 | SPS     811 | r_p0 +0.106 r_p1 +0.379 | clip_frac 0.065 | KL 0.0044 | H_fire 0.109 H_ang 4.93 H_ship 2.16 | V_loss 0.0162 | LR 0.000029 | early_stop=0 | fire[0]=0.12 fire[rest_max]=0.19 srcs_multi=0.72 ship0=0.01 meanshipbin=6.1 avgfleet=17.9 p90fleet=34.0
iter   393 | steps  12,877,824 | SPS     812 | r_p0 +0.196 r_p1 +0.293 | clip_frac 0.065 | KL 0.0051 | H_fire 0.115 H_ang 4.93 H_ship 2.15 | V_loss 0.0155 | LR 0.000029 | early_stop=0 | fire[0]=0.13 fire[rest_max]=0.21 srcs_multi=0.80 ship0=0.01 meanshipbin=6.0 avgfleet=16.9 p90fleet=32.0
iter   394 | steps  12,910,592 | SPS     812 | r_p0 +0.071 r_p1 +0.417 | clip_frac 0.065 | KL 0.0050 | H_fire 0.099 H_ang 4.93 H_ship 2.15 | V_loss 0.0181 | LR 0.000029 | early_stop=0 | fire[0]=0.12 fire[rest_max]=0.17 srcs_multi=0.67 ship0=0.01 meanshipbin=6.2 avgfleet=19.3 p90fleet=38.0
iter   395 | steps  12,943,360 | SPS     813 | r_p0 -0.030 r_p1 +0.518 | clip_frac 0.065 | KL 0.0047 | H_fire 0.102 H_ang 4.93 H_ship 2.15 | V_loss 0.0159 | LR 0.000029 | early_stop=0 | fire[0]=0.12 fire[rest_max]=0.18 srcs_multi=0.75 ship0=0.01 meanshipbin=6.1 avgfleet=19.4 p90fleet=38.0
iter   396 | steps  12,976,128 | SPS     813 | r_p0 -0.194 r_p1 +0.681 | clip_frac 0.065 | KL 0.0052 | H_fire 0.111 H_ang 4.93 H_ship 2.15 | V_loss 0.0147 | LR 0.000029 | early_stop=0 | fire[0]=0.13 fire[rest_max]=0.20 srcs_multi=0.79 ship0=0.02 meanshipbin=6.1 avgfleet=19.1 p90fleet=38.0
iter   397 | steps  13,008,896 | SPS     814 | r_p0 -0.429 r_p1 +0.917 | clip_frac 0.065 | KL 0.0054 | H_fire 0.102 H_ang 4.93 H_ship 2.16 | V_loss 0.0170 | LR 0.000029 | early_stop=0 | fire[0]=0.12 fire[rest_max]=0.18 srcs_multi=0.66 ship0=0.02 meanshipbin=6.0 avgfleet=17.8 p90fleet=34.0
iter   398 | steps  13,041,664 | SPS     814 | r_p0 -0.241 r_p1 +0.728 | clip_frac 0.065 | KL 0.0059 | H_fire 0.096 H_ang 4.93 H_ship 2.15 | V_loss 0.0181 | LR 0.000029 | early_stop=0 | fire[0]=0.13 fire[rest_max]=0.19 srcs_multi=0.70 ship0=0.01 meanshipbin=6.1 avgfleet=18.4 p90fleet=35.0
iter   399 | steps  13,074,432 | SPS     815 | r_p0 +0.095 r_p1 +0.394 | clip_frac 0.066 | KL 0.0073 | H_fire 0.106 H_ang 4.93 H_ship 2.15 | V_loss 0.0168 | LR 0.000029 | early_stop=0 | fire[0]=0.13 fire[rest_max]=0.20 srcs_multi=0.83 ship0=0.01 meanshipbin=6.0 avgfleet=18.2 p90fleet=35.0
iter   400 | steps  13,107,200 | SPS     815 | r_p0 +0.194 r_p1 +0.293 | clip_frac 0.066 | KL 0.0048 | H_fire 0.110 H_ang 4.93 H_ship 2.16 | V_loss 0.0167 | LR 0.000029 | early_stop=0 | fire[0]=0.12 fire[rest_max]=0.19 srcs_multi=0.74 ship0=0.01 meanshipbin=6.0 avgfleet=18.2 p90fleet=36.0
iter   401 | steps  13,139,968 | SPS     816 | r_p0 +0.145 r_p1 +0.343 | clip_frac 0.066 | KL 0.0050 | H_fire 0.102 H_ang 4.93 H_ship 2.16 | V_loss 0.0155 | LR 0.000029 | early_stop=0 | fire[0]=0.12 fire[rest_max]=0.19 srcs_multi=0.76 ship0=0.01 meanshipbin=6.1 avgfleet=18.8 p90fleet=37.0
iter   402 | steps  13,172,736 | SPS     816 | r_p0 -0.226 r_p1 +0.718 | clip_frac 0.066 | KL 0.0063 | H_fire 0.106 H_ang 4.93 H_ship 2.15 | V_loss 0.0159 | LR 0.000029 | early_stop=0 | fire[0]=0.13 fire[rest_max]=0.20 srcs_multi=0.81 ship0=0.01 meanshipbin=6.1 avgfleet=18.9 p90fleet=38.0
iter   403 | steps  13,205,504 | SPS     816 | r_p0 -0.231 r_p1 +0.721 | clip_frac 0.066 | KL 0.0057 | H_fire 0.112 H_ang 4.93 H_ship 2.16 | V_loss 0.0156 | LR 0.000029 | early_stop=0 | fire[0]=0.13 fire[rest_max]=0.21 srcs_multi=0.86 ship0=0.01 meanshipbin=6.0 avgfleet=17.9 p90fleet=35.0
  pool snapshot @ step 13,205,504
  pool size=19  alpha=2.0
    self                 self_step_10158080             wr=0.46 (n=509)  pfsp_w=0.296
    self                 self_step_0                    wr=0.46 (n=4655)  pfsp_w=0.287
    self                 self_step_7110656              wr=0.47 (n=632)  pfsp_w=0.281
    external_heuristic   candidate_zach_public          wr=0.49 (n=4414)  pfsp_w=0.261
    self                 self_step_13205504             wr=0.50 (n=0)  pfsp_w=0.250
    self                 self_step_5079040              wr=0.50 (n=1852)  pfsp_w=0.245
    self                 self_step_3047424              wr=0.51 (n=2299)  pfsp_w=0.241
    self                 self_step_11173888             wr=0.52 (n=367)  pfsp_w=0.230
iter   404 | steps  13,238,272 | SPS     817 | r_p0 -0.233 r_p1 +0.720 | clip_frac 0.065 | KL 0.0046 | H_fire 0.117 H_ang 4.93 H_ship 2.15 | V_loss 0.0163 | LR 0.000029 | early_stop=0 | fire[0]=0.14 fire[rest_max]=0.22 srcs_multi=0.89 ship0=0.01 meanshipbin=6.1 avgfleet=17.7 p90fleet=35.0
iter   405 | steps  13,271,040 | SPS     817 | r_p0 -0.037 r_p1 +0.521 | clip_frac 0.066 | KL 0.0053 | H_fire 0.111 H_ang 4.93 H_ship 2.15 | V_loss 0.0182 | LR 0.000029 | early_stop=0 | fire[0]=0.13 fire[rest_max]=0.21 srcs_multi=0.81 ship0=0.00 meanshipbin=6.1 avgfleet=18.8 p90fleet=37.0
iter   406 | steps  13,303,808 | SPS     818 | r_p0 -0.276 r_p1 +0.760 | clip_frac 0.066 | KL 0.0053 | H_fire 0.112 H_ang 4.93 H_ship 2.15 | V_loss 0.0171 | LR 0.000029 | early_stop=0 | fire[0]=0.13 fire[rest_max]=0.21 srcs_multi=0.85 ship0=0.00 meanshipbin=6.1 avgfleet=18.9 p90fleet=38.0
iter   407 | steps  13,336,576 | SPS     818 | r_p0 -0.368 r_p1 +0.860 | clip_frac 0.066 | KL 0.0053 | H_fire 0.120 H_ang 4.93 H_ship 2.15 | V_loss 0.0140 | LR 0.000029 | early_stop=0 | fire[0]=0.14 fire[rest_max]=0.22 srcs_multi=0.94 ship0=0.01 meanshipbin=6.1 avgfleet=18.3 p90fleet=36.0
iter   408 | steps  13,369,344 | SPS     819 | r_p0 -0.405 r_p1 +0.897 | clip_frac 0.066 | KL 0.0062 | H_fire 0.123 H_ang 4.93 H_ship 2.16 | V_loss 0.0156 | LR 0.000029 | early_stop=0 | fire[0]=0.14 fire[rest_max]=0.21 srcs_multi=0.89 ship0=0.01 meanshipbin=6.1 avgfleet=17.8 p90fleet=35.0
iter   409 | steps  13,402,112 | SPS     819 | r_p0 -0.403 r_p1 +0.898 | clip_frac 0.066 | KL 0.0060 | H_fire 0.099 H_ang 4.93 H_ship 2.17 | V_loss 0.0161 | LR 0.000029 | early_stop=0 | fire[0]=0.12 fire[rest_max]=0.18 srcs_multi=0.63 ship0=0.02 meanshipbin=6.0 avgfleet=18.2 p90fleet=34.0
iter   410 | steps  13,434,880 | SPS     820 | r_p0 -0.293 r_p1 +0.783 | clip_frac 0.066 | KL 0.0047 | H_fire 0.095 H_ang 4.93 H_ship 2.16 | V_loss 0.0165 | LR 0.000029 | early_stop=0 | fire[0]=0.12 fire[rest_max]=0.18 srcs_multi=0.68 ship0=0.02 meanshipbin=6.0 avgfleet=18.5 p90fleet=35.0
iter   411 | steps  13,467,648 | SPS     820 | r_p0 -0.067 r_p1 +0.559 | clip_frac 0.066 | KL 0.0057 | H_fire 0.125 H_ang 4.93 H_ship 2.16 | V_loss 0.0165 | LR 0.000029 | early_stop=0 | fire[0]=0.13 fire[rest_max]=0.20 srcs_multi=0.73 ship0=0.01 meanshipbin=6.1 avgfleet=18.4 p90fleet=36.1
iter   412 | steps  13,500,416 | SPS     820 | r_p0 -0.142 r_p1 +0.634 | clip_frac 0.066 | KL 0.0048 | H_fire 0.108 H_ang 4.93 H_ship 2.16 | V_loss 0.0148 | LR 0.000029 | early_stop=0 | fire[0]=0.12 fire[rest_max]=0.17 srcs_multi=0.71 ship0=0.01 meanshipbin=6.1 avgfleet=20.6 p90fleet=41.0
iter   413 | steps  13,533,184 | SPS     821 | r_p0 -0.391 r_p1 +0.878 | clip_frac 0.066 | KL 0.0046 | H_fire 0.125 H_ang 4.93 H_ship 2.16 | V_loss 0.0161 | LR 0.000029 | early_stop=0 | fire[0]=0.14 fire[rest_max]=0.22 srcs_multi=0.93 ship0=0.02 meanshipbin=6.0 avgfleet=20.4 p90fleet=40.0
iter   414 | steps  13,565,952 | SPS     821 | r_p0 -0.327 r_p1 +0.821 | clip_frac 0.066 | KL 0.0046 | H_fire 0.091 H_ang 4.93 H_ship 2.16 | V_loss 0.0165 | LR 0.000029 | early_stop=0 | fire[0]=0.12 fire[rest_max]=0.16 srcs_multi=0.59 ship0=0.01 meanshipbin=6.1 avgfleet=19.5 p90fleet=37.0
iter   415 | steps  13,598,720 | SPS     822 | r_p0 -0.190 r_p1 +0.683 | clip_frac 0.066 | KL 0.0053 | H_fire 0.102 H_ang 4.93 H_ship 2.15 | V_loss 0.0157 | LR 0.000029 | early_stop=0 | fire[0]=0.12 fire[rest_max]=0.18 srcs_multi=0.72 ship0=0.00 meanshipbin=6.0 avgfleet=19.0 p90fleet=36.0
iter   416 | steps  13,631,488 | SPS     822 | r_p0 +0.043 r_p1 +0.446 | clip_frac 0.066 | KL 0.0045 | H_fire 0.105 H_ang 4.93 H_ship 2.16 | V_loss 0.0147 | LR 0.000029 | early_stop=0 | fire[0]=0.12 fire[rest_max]=0.18 srcs_multi=0.72 ship0=0.00 meanshipbin=6.1 avgfleet=20.2 p90fleet=40.0
iter   417 | steps  13,664,256 | SPS     823 | r_p0 -0.108 r_p1 +0.595 | clip_frac 0.066 | KL 0.0066 | H_fire 0.112 H_ang 4.93 H_ship 2.15 | V_loss 0.0153 | LR 0.000029 | early_stop=0 | fire[0]=0.13 fire[rest_max]=0.21 srcs_multi=0.85 ship0=0.02 meanshipbin=6.0 avgfleet=19.5 p90fleet=39.0
iter   418 | steps  13,697,024 | SPS     823 | r_p0 -0.331 r_p1 +0.820 | clip_frac 0.066 | KL 0.0056 | H_fire 0.113 H_ang 4.93 H_ship 2.15 | V_loss 0.0148 | LR 0.000029 | early_stop=0 | fire[0]=0.13 fire[rest_max]=0.19 srcs_multi=0.82 ship0=0.01 meanshipbin=6.1 avgfleet=19.6 p90fleet=40.0
iter   419 | steps  13,729,792 | SPS     823 | r_p0 -0.501 r_p1 +0.997 | clip_frac 0.066 | KL 0.0047 | H_fire 0.082 H_ang 4.94 H_ship 2.17 | V_loss 0.0149 | LR 0.000029 | early_stop=0 | fire[0]=0.10 fire[rest_max]=0.15 srcs_multi=0.56 ship0=0.01 meanshipbin=6.1 avgfleet=20.0 p90fleet=38.0
iter   420 | steps  13,762,560 | SPS     824 | r_p0 -0.339 r_p1 +0.833 | clip_frac 0.066 | KL 0.0067 | H_fire 0.097 H_ang 4.93 H_ship 2.16 | V_loss 0.0143 | LR 0.000029 | early_stop=0 | fire[0]=0.11 fire[rest_max]=0.17 srcs_multi=0.69 ship0=0.01 meanshipbin=5.9 avgfleet=20.0 p90fleet=38.0
iter   421 | steps  13,795,328 | SPS     824 | r_p0 +0.168 r_p1 +0.316 | clip_frac 0.066 | KL 0.0049 | H_fire 0.097 H_ang 4.93 H_ship 2.16 | V_loss 0.0162 | LR 0.000029 | early_stop=0 | fire[0]=0.11 fire[rest_max]=0.15 srcs_multi=0.61 ship0=0.01 meanshipbin=6.1 avgfleet=21.0 p90fleet=41.0
iter   422 | steps  13,828,096 | SPS     825 | r_p0 -0.167 r_p1 +0.651 | clip_frac 0.066 | KL 0.0059 | H_fire 0.109 H_ang 4.93 H_ship 2.15 | V_loss 0.0168 | LR 0.000029 | early_stop=0 | fire[0]=0.13 fire[rest_max]=0.20 srcs_multi=0.87 ship0=0.01 meanshipbin=6.1 avgfleet=20.0 p90fleet=40.0
iter   423 | steps  13,860,864 | SPS     825 | r_p0 -0.379 r_p1 +0.869 | clip_frac 0.066 | KL 0.0050 | H_fire 0.113 H_ang 4.93 H_ship 2.15 | V_loss 0.0157 | LR 0.000029 | early_stop=0 | fire[0]=0.13 fire[rest_max]=0.21 srcs_multi=0.87 ship0=0.00 meanshipbin=6.1 avgfleet=18.8 p90fleet=37.0
iter   424 | steps  13,893,632 | SPS     825 | r_p0 -0.343 r_p1 +0.830 | clip_frac 0.066 | KL 0.0060 | H_fire 0.108 H_ang 4.93 H_ship 2.15 | V_loss 0.0163 | LR 0.000029 | early_stop=0 | fire[0]=0.13 fire[rest_max]=0.21 srcs_multi=0.83 ship0=0.00 meanshipbin=6.2 avgfleet=18.5 p90fleet=37.0
iter   425 | steps  13,926,400 | SPS     826 | r_p0 -0.321 r_p1 +0.804 | clip_frac 0.066 | KL 0.0060 | H_fire 0.110 H_ang 4.93 H_ship 2.15 | V_loss 0.0176 | LR 0.000029 | early_stop=0 | fire[0]=0.13 fire[rest_max]=0.20 srcs_multi=0.82 ship0=0.01 meanshipbin=6.1 avgfleet=19.9 p90fleet=38.0
iter   426 | steps  13,959,168 | SPS     826 | r_p0 -0.195 r_p1 +0.681 | clip_frac 0.066 | KL 0.0059 | H_fire 0.094 H_ang 4.93 H_ship 2.16 | V_loss 0.0181 | LR 0.000029 | early_stop=0 | fire[0]=0.12 fire[rest_max]=0.18 srcs_multi=0.69 ship0=0.01 meanshipbin=5.9 avgfleet=19.0 p90fleet=36.0
iter   427 | steps  13,991,936 | SPS     827 | r_p0 +0.005 r_p1 +0.482 | clip_frac 0.067 | KL 0.0081 | H_fire 0.094 H_ang 4.93 H_ship 2.15 | V_loss 0.0177 | LR 0.000029 | early_stop=0 | fire[0]=0.12 fire[rest_max]=0.18 srcs_multi=0.72 ship0=0.01 meanshipbin=5.9 avgfleet=18.8 p90fleet=35.6
iter   428 | steps  14,024,704 | SPS     827 | r_p0 +0.097 r_p1 +0.395 | clip_frac 0.067 | KL 0.0043 | H_fire 0.096 H_ang 4.93 H_ship 2.16 | V_loss 0.0166 | LR 0.000029 | early_stop=0 | fire[0]=0.11 fire[rest_max]=0.18 srcs_multi=0.69 ship0=0.01 meanshipbin=6.1 avgfleet=19.5 p90fleet=38.0
iter   429 | steps  14,057,472 | SPS     827 | r_p0 +0.045 r_p1 +0.445 | clip_frac 0.067 | KL 0.0058 | H_fire 0.103 H_ang 4.93 H_ship 2.15 | V_loss 0.0179 | LR 0.000029 | early_stop=0 | fire[0]=0.12 fire[rest_max]=0.20 srcs_multi=0.73 ship0=0.01 meanshipbin=5.8 avgfleet=18.8 p90fleet=36.0
iter   430 | steps  14,090,240 | SPS     828 | r_p0 -0.017 r_p1 +0.510 | clip_frac 0.067 | KL 0.0064 | H_fire 0.093 H_ang 4.93 H_ship 2.16 | V_loss 0.0197 | LR 0.000029 | early_stop=0 | fire[0]=0.12 fire[rest_max]=0.19 srcs_multi=0.70 ship0=0.01 meanshipbin=5.8 avgfleet=18.7 p90fleet=35.0
iter   431 | steps  14,123,008 | SPS     828 | r_p0 +0.010 r_p1 +0.484 | clip_frac 0.067 | KL 0.0049 | H_fire 0.108 H_ang 4.93 H_ship 2.15 | V_loss 0.0166 | LR 0.000029 | early_stop=0 | fire[0]=0.13 fire[rest_max]=0.22 srcs_multi=0.87 ship0=0.01 meanshipbin=5.8 avgfleet=17.2 p90fleet=33.0
iter   432 | steps  14,155,776 | SPS     829 | r_p0 +0.085 r_p1 +0.409 | clip_frac 0.066 | KL 0.0053 | H_fire 0.089 H_ang 4.93 H_ship 2.16 | V_loss 0.0161 | LR 0.000029 | early_stop=0 | fire[0]=0.11 fire[rest_max]=0.17 srcs_multi=0.66 ship0=0.00 meanshipbin=6.0 avgfleet=19.9 p90fleet=38.0
iter   433 | steps  14,188,544 | SPS     829 | r_p0 -0.029 r_p1 +0.519 | clip_frac 0.067 | KL 0.0070 | H_fire 0.114 H_ang 4.93 H_ship 2.16 | V_loss 0.0167 | LR 0.000029 | early_stop=0 | fire[0]=0.13 fire[rest_max]=0.20 srcs_multi=0.75 ship0=0.02 meanshipbin=5.9 avgfleet=17.8 p90fleet=34.0
iter   434 | steps  14,221,312 | SPS     827 | r_p0 -0.068 r_p1 +0.555 | clip_frac 0.067 | KL 0.0054 | H_fire 0.108 H_ang 4.93 H_ship 2.16 | V_loss 0.0173 | LR 0.000029 | early_stop=0 | fire[0]=0.12 fire[rest_max]=0.20 srcs_multi=0.74 ship0=0.01 meanshipbin=5.7 avgfleet=19.5 p90fleet=38.0
  pool snapshot @ step 14,221,312
  pool size=20  alpha=2.0
    self                 self_step_0                    wr=0.46 (n=4793)  pfsp_w=0.290
    external_heuristic   candidate_zach_public          wr=0.49 (n=4414)  pfsp_w=0.261
    self                 self_step_11173888             wr=0.49 (n=653)  pfsp_w=0.258
    self                 self_step_10158080             wr=0.50 (n=701)  pfsp_w=0.254
    self                 self_step_14221312             wr=0.50 (n=0)  pfsp_w=0.250
    self                 self_step_5079040              wr=0.51 (n=2130)  pfsp_w=0.243
    self                 self_step_3047424              wr=0.51 (n=2299)  pfsp_w=0.241
    self                 self_step_7110656              wr=0.52 (n=727)  pfsp_w=0.234
iter   435 | steps  14,254,080 | SPS     824 | r_p0 -0.058 r_p1 +0.540 | clip_frac 0.067 | KL 0.0058 | H_fire 0.121 H_ang 4.93 H_ship 2.15 | V_loss 0.0154 | LR 0.000029 | early_stop=0 | fire[0]=0.13 fire[rest_max]=0.22 srcs_multi=0.85 ship0=0.01 meanshipbin=6.0 avgfleet=21.6 p90fleet=42.0
iter   436 | steps  14,286,848 | SPS     825 | r_p0 -0.214 r_p1 +0.706 | clip_frac 0.067 | KL 0.0059 | H_fire 0.099 H_ang 4.93 H_ship 2.15 | V_loss 0.0151 | LR 0.000029 | early_stop=0 | fire[0]=0.12 fire[rest_max]=0.17 srcs_multi=0.70 ship0=0.01 meanshipbin=5.9 avgfleet=19.6 p90fleet=36.0
iter   437 | steps  14,319,616 | SPS     825 | r_p0 +0.095 r_p1 +0.393 | clip_frac 0.066 | KL 0.0048 | H_fire 0.098 H_ang 4.93 H_ship 2.15 | V_loss 0.0181 | LR 0.000029 | early_stop=0 | fire[0]=0.12 fire[rest_max]=0.17 srcs_multi=0.74 ship0=0.01 meanshipbin=5.8 avgfleet=18.8 p90fleet=36.0
iter   438 | steps  14,352,384 | SPS     826 | r_p0 +0.258 r_p1 +0.228 | clip_frac 0.067 | KL 0.0068 | H_fire 0.103 H_ang 4.93 H_ship 2.15 | V_loss 0.0195 | LR 0.000029 | early_stop=0 | fire[0]=0.13 fire[rest_max]=0.20 srcs_multi=0.79 ship0=0.01 meanshipbin=5.8 avgfleet=19.4 p90fleet=37.0
iter   439 | steps  14,385,152 | SPS     826 | r_p0 +0.172 r_p1 +0.316 | clip_frac 0.066 | KL 0.0058 | H_fire 0.086 H_ang 4.93 H_ship 2.17 | V_loss 0.0175 | LR 0.000028 | early_stop=0 | fire[0]=0.11 fire[rest_max]=0.17 srcs_multi=0.63 ship0=0.01 meanshipbin=6.0 avgfleet=19.6 p90fleet=37.0
iter   440 | steps  14,417,920 | SPS     826 | r_p0 +0.211 r_p1 +0.280 | clip_frac 0.066 | KL 0.0054 | H_fire 0.108 H_ang 4.93 H_ship 2.15 | V_loss 0.0163 | LR 0.000028 | early_stop=0 | fire[0]=0.13 fire[rest_max]=0.20 srcs_multi=0.78 ship0=0.02 meanshipbin=5.8 avgfleet=18.0 p90fleet=34.0
iter   441 | steps  14,450,688 | SPS     827 | r_p0 +0.115 r_p1 +0.363 | clip_frac 0.066 | KL 0.0044 | H_fire 0.102 H_ang 4.93 H_ship 2.15 | V_loss 0.0219 | LR 0.000028 | early_stop=0 | fire[0]=0.13 fire[rest_max]=0.20 srcs_multi=0.84 ship0=0.01 meanshipbin=5.8 avgfleet=18.3 p90fleet=35.0
iter   442 | steps  14,483,456 | SPS     827 | r_p0 +0.255 r_p1 +0.225 | clip_frac 0.067 | KL 0.0060 | H_fire 0.099 H_ang 4.93 H_ship 2.16 | V_loss 0.0212 | LR 0.000028 | early_stop=0 | fire[0]=0.13 fire[rest_max]=0.23 srcs_multi=0.81 ship0=0.01 meanshipbin=6.1 avgfleet=19.9 p90fleet=38.0
iter   443 | steps  14,516,224 | SPS     827 | r_p0 +0.472 r_p1 +0.023 | clip_frac 0.067 | KL 0.0047 | H_fire 0.109 H_ang 4.93 H_ship 2.16 | V_loss 0.0181 | LR 0.000028 | early_stop=0 | fire[0]=0.14 fire[rest_max]=0.25 srcs_multi=0.94 ship0=0.00 meanshipbin=5.9 avgfleet=18.1 p90fleet=35.0
iter   444 | steps  14,548,992 | SPS     828 | r_p0 +0.184 r_p1 +0.307 | clip_frac 0.067 | KL 0.0050 | H_fire 0.095 H_ang 4.93 H_ship 2.16 | V_loss 0.0178 | LR 0.000028 | early_stop=0 | fire[0]=0.12 fire[rest_max]=0.20 srcs_multi=0.74 ship0=0.01 meanshipbin=5.9 avgfleet=18.9 p90fleet=37.0
iter   445 | steps  14,581,760 | SPS     828 | r_p0 +0.034 r_p1 +0.458 | clip_frac 0.067 | KL 0.0062 | H_fire 0.106 H_ang 4.93 H_ship 2.15 | V_loss 0.0181 | LR 0.000028 | early_stop=0 | fire[0]=0.13 fire[rest_max]=0.22 srcs_multi=0.86 ship0=0.01 meanshipbin=5.7 avgfleet=18.0 p90fleet=34.0
iter   446 | steps  14,614,528 | SPS     828 | r_p0 -0.078 r_p1 +0.573 | clip_frac 0.067 | KL 0.0043 | H_fire 0.109 H_ang 4.93 H_ship 2.15 | V_loss 0.0181 | LR 0.000028 | early_stop=0 | fire[0]=0.13 fire[rest_max]=0.22 srcs_multi=0.92 ship0=0.00 meanshipbin=5.9 avgfleet=19.0 p90fleet=38.0
iter   447 | steps  14,647,296 | SPS     829 | r_p0 -0.331 r_p1 +0.825 | clip_frac 0.067 | KL 0.0057 | H_fire 0.127 H_ang 4.93 H_ship 2.15 | V_loss 0.0171 | LR 0.000028 | early_stop=0 | fire[0]=0.15 fire[rest_max]=0.26 srcs_multi=1.06 ship0=0.00 meanshipbin=6.0 avgfleet=18.0 p90fleet=36.0
iter   448 | steps  14,680,064 | SPS     829 | r_p0 -0.403 r_p1 +0.897 | clip_frac 0.067 | KL 0.0046 | H_fire 0.107 H_ang 4.93 H_ship 2.16 | V_loss 0.0195 | LR 0.000028 | early_stop=0 | fire[0]=0.13 fire[rest_max]=0.24 srcs_multi=0.88 ship0=0.00 meanshipbin=6.0 avgfleet=18.4 p90fleet=37.0
iter   449 | steps  14,712,832 | SPS     829 | r_p0 -0.376 r_p1 +0.871 | clip_frac 0.067 | KL 0.0057 | H_fire 0.109 H_ang 4.93 H_ship 2.15 | V_loss 0.0181 | LR 0.000028 | early_stop=0 | fire[0]=0.14 fire[rest_max]=0.22 srcs_multi=0.90 ship0=0.00 meanshipbin=6.0 avgfleet=18.7 p90fleet=37.0
iter   450 | steps  14,745,600 | SPS     830 | r_p0 -0.352 r_p1 +0.842 | clip_frac 0.067 | KL 0.0055 | H_fire 0.092 H_ang 4.93 H_ship 2.17 | V_loss 0.0181 | LR 0.000028 | early_stop=0 | fire[0]=0.13 fire[rest_max]=0.21 srcs_multi=0.76 ship0=0.00 meanshipbin=5.8 avgfleet=17.5 p90fleet=34.0
iter   451 | steps  14,778,368 | SPS     830 | r_p0 -0.153 r_p1 +0.647 | clip_frac 0.067 | KL 0.0064 | H_fire 0.106 H_ang 4.93 H_ship 2.16 | V_loss 0.0171 | LR 0.000028 | early_stop=0 | fire[0]=0.13 fire[rest_max]=0.23 srcs_multi=0.87 ship0=0.00 meanshipbin=5.9 avgfleet=18.3 p90fleet=36.0
iter   452 | steps  14,811,136 | SPS     831 | r_p0 -0.254 r_p1 +0.743 | clip_frac 0.067 | KL 0.0058 | H_fire 0.108 H_ang 4.93 H_ship 2.16 | V_loss 0.0169 | LR 0.000028 | early_stop=0 | fire[0]=0.13 fire[rest_max]=0.21 srcs_multi=0.89 ship0=0.00 meanshipbin=6.0 avgfleet=19.7 p90fleet=40.0
iter   453 | steps  14,843,904 | SPS     831 | r_p0 -0.563 r_p1 +1.056 | clip_frac 0.067 | KL 0.0043 | H_fire 0.124 H_ang 4.93 H_ship 2.16 | V_loss 0.0165 | LR 0.000028 | early_stop=0 | fire[0]=0.15 fire[rest_max]=0.26 srcs_multi=1.09 ship0=0.00 meanshipbin=6.0 avgfleet=18.1 p90fleet=36.0
iter   454 | steps  14,876,672 | SPS     831 | r_p0 -0.353 r_p1 +0.848 | clip_frac 0.067 | KL 0.0044 | H_fire 0.108 H_ang 4.93 H_ship 2.16 | V_loss 0.0171 | LR 0.000028 | early_stop=0 | fire[0]=0.14 fire[rest_max]=0.24 srcs_multi=0.93 ship0=0.00 meanshipbin=6.0 avgfleet=17.7 p90fleet=35.0
iter   455 | steps  14,909,440 | SPS     832 | r_p0 -0.292 r_p1 +0.785 | clip_frac 0.066 | KL 0.0047 | H_fire 0.106 H_ang 4.93 H_ship 2.16 | V_loss 0.0175 | LR 0.000028 | early_stop=0 | fire[0]=0.14 fire[rest_max]=0.21 srcs_multi=0.86 ship0=0.00 meanshipbin=5.9 avgfleet=19.3 p90fleet=39.0
iter   456 | steps  14,942,208 | SPS     830 | r_p0 -0.452 r_p1 +0.947 | clip_frac 0.066 | KL 0.0050 | H_fire 0.086 H_ang 4.93 H_ship 2.17 | V_loss 0.0156 | LR 0.000028 | early_stop=0 | fire[0]=0.12 fire[rest_max]=0.21 srcs_multi=0.75 ship0=0.01 meanshipbin=5.9 avgfleet=18.7 p90fleet=36.0
iter   457 | steps  14,974,976 | SPS     830 | r_p0 -0.254 r_p1 +0.749 | clip_frac 0.067 | KL 0.0084 | H_fire 0.126 H_ang 4.93 H_ship 2.15 | V_loss 0.0151 | LR 0.000028 | early_stop=0 | fire[0]=0.14 fire[rest_max]=0.23 srcs_multi=0.95 ship0=0.00 meanshipbin=6.0 avgfleet=19.1 p90fleet=37.0
iter   458 | steps  15,007,744 | SPS     831 | r_p0 -0.454 r_p1 +0.946 | clip_frac 0.067 | KL 0.0082 | H_fire 0.114 H_ang 4.93 H_ship 2.16 | V_loss 0.0170 | LR 0.000028 | early_stop=0 | fire[0]=0.13 fire[rest_max]=0.22 srcs_multi=0.85 ship0=0.00 meanshipbin=6.0 avgfleet=18.3 p90fleet=36.0
iter   459 | steps  15,040,512 | SPS     831 | r_p0 -0.401 r_p1 +0.895 | clip_frac 0.067 | KL 0.0055 | H_fire 0.090 H_ang 4.93 H_ship 2.16 | V_loss 0.0171 | LR 0.000028 | early_stop=0 | fire[0]=0.12 fire[rest_max]=0.20 srcs_multi=0.76 ship0=0.01 meanshipbin=5.7 avgfleet=18.0 p90fleet=34.0
iter   460 | steps  15,073,280 | SPS     831 | r_p0 -0.218 r_p1 +0.711 | clip_frac 0.067 | KL 0.0064 | H_fire 0.106 H_ang 4.93 H_ship 2.16 | V_loss 0.0165 | LR 0.000028 | early_stop=0 | fire[0]=0.13 fire[rest_max]=0.21 srcs_multi=0.87 ship0=0.00 meanshipbin=6.0 avgfleet=18.2 p90fleet=36.0
  saved checkpoints/torch_step_15073280_20260525_184201.pt
  saved checkpoints/pool_step_15073280_20260525_184201.pt (20 members)
iter   461 | steps  15,106,048 | SPS     831 | r_p0 -0.276 r_p1 +0.773 | clip_frac 0.067 | KL 0.0061 | H_fire 0.094 H_ang 4.93 H_ship 2.16 | V_loss 0.0214 | LR 0.000028 | early_stop=0 | fire[0]=0.15 fire[rest_max]=0.22 srcs_multi=0.82 ship0=0.02 meanshipbin=5.8 avgfleet=18.7 p90fleet=35.0
iter   462 | steps  15,138,816 | SPS     832 | r_p0 -0.288 r_p1 +0.786 | clip_frac 0.068 | KL 0.0048 | H_fire 0.094 H_ang 4.93 H_ship 2.16 | V_loss 0.0198 | LR 0.000028 | early_stop=0 | fire[0]=0.14 fire[rest_max]=0.22 srcs_multi=0.85 ship0=0.01 meanshipbin=5.9 avgfleet=17.4 p90fleet=34.0
iter   463 | steps  15,171,584 | SPS     832 | r_p0 -0.002 r_p1 +0.496 | clip_frac 0.068 | KL 0.0056 | H_fire 0.097 H_ang 4.93 H_ship 2.16 | V_loss 0.0223 | LR 0.000028 | early_stop=0 | fire[0]=0.14 fire[rest_max]=0.23 srcs_multi=0.91 ship0=0.01 meanshipbin=5.8 avgfleet=17.1 p90fleet=33.0
iter   464 | steps  15,204,352 | SPS     830 | r_p0 -0.014 r_p1 +0.508 | clip_frac 0.068 | KL 0.0059 | H_fire 0.093 H_ang 4.93 H_ship 2.16 | V_loss 0.0213 | LR 0.000028 | early_stop=0 | fire[0]=0.13 fire[rest_max]=0.22 srcs_multi=0.79 ship0=0.01 meanshipbin=5.9 avgfleet=20.3 p90fleet=40.0
iter   465 | steps  15,237,120 | SPS     830 | r_p0 -0.092 r_p1 +0.584 | clip_frac 0.068 | KL 0.0061 | H_fire 0.099 H_ang 4.93 H_ship 2.16 | V_loss 0.0159 | LR 0.000028 | early_stop=0 | fire[0]=0.13 fire[rest_max]=0.21 srcs_multi=0.85 ship0=0.01 meanshipbin=6.0 avgfleet=20.0 p90fleet=40.0
  pool snapshot @ step 15,237,120
  pool size=21  alpha=2.0
    self                 self_step_0                    wr=0.47 (n=4896)  pfsp_w=0.283
    external_heuristic   candidate_zach_public          wr=0.48 (n=4577)  pfsp_w=0.268
    self                 self_step_10158080             wr=0.49 (n=847)  pfsp_w=0.264
    self                 self_step_9142272              wr=0.49 (n=416)  pfsp_w=0.260
    self                 self_step_11173888             wr=0.49 (n=653)  pfsp_w=0.258
    self                 self_step_15237120             wr=0.50 (n=0)  pfsp_w=0.250
    self                 self_step_3047424              wr=0.52 (n=2364)  pfsp_w=0.235
    external_heuristic   candidate_hellburner           wr=0.52 (n=3779)  pfsp_w=0.229
iter   466 | steps  15,269,888 | SPS     830 | r_p0 -0.228 r_p1 +0.724 | clip_frac 0.068 | KL 0.0045 | H_fire 0.098 H_ang 4.93 H_ship 2.17 | V_loss 0.0149 | LR 0.000028 | early_stop=0 | fire[0]=0.13 fire[rest_max]=0.19 srcs_multi=0.75 ship0=0.01 meanshipbin=6.1 avgfleet=18.0 p90fleet=35.0
iter   467 | steps  15,302,656 | SPS     831 | r_p0 -0.264 r_p1 +0.761 | clip_frac 0.068 | KL 0.0048 | H_fire 0.108 H_ang 4.93 H_ship 2.16 | V_loss 0.0171 | LR 0.000028 | early_stop=0 | fire[0]=0.13 fire[rest_max]=0.23 srcs_multi=0.84 ship0=0.01 meanshipbin=5.9 avgfleet=18.4 p90fleet=36.0
iter   468 | steps  15,335,424 | SPS     831 | r_p0 -0.127 r_p1 +0.624 | clip_frac 0.068 | KL 0.0058 | H_fire 0.091 H_ang 4.93 H_ship 2.16 | V_loss 0.0175 | LR 0.000028 | early_stop=0 | fire[0]=0.13 fire[rest_max]=0.19 srcs_multi=0.82 ship0=0.01 meanshipbin=5.8 avgfleet=18.1 p90fleet=35.0
iter   469 | steps  15,368,192 | SPS     831 | r_p0 -0.053 r_p1 +0.546 | clip_frac 0.068 | KL 0.0060 | H_fire 0.097 H_ang 4.93 H_ship 2.15 | V_loss 0.0205 | LR 0.000028 | early_stop=0 | fire[0]=0.14 fire[rest_max]=0.22 srcs_multi=0.86 ship0=0.02 meanshipbin=6.1 avgfleet=21.0 p90fleet=39.0
iter   470 | steps  15,400,960 | SPS     831 | r_p0 +0.069 r_p1 +0.420 | clip_frac 0.068 | KL 0.0061 | H_fire 0.095 H_ang 4.93 H_ship 2.16 | V_loss 0.0172 | LR 0.000028 | early_stop=0 | fire[0]=0.13 fire[rest_max]=0.22 srcs_multi=0.88 ship0=0.01 meanshipbin=6.1 avgfleet=18.4 p90fleet=36.0
iter   471 | steps  15,433,728 | SPS     832 | r_p0 -0.353 r_p1 +0.843 | clip_frac 0.069 | KL 0.0062 | H_fire 0.097 H_ang 4.93 H_ship 2.16 | V_loss 0.0170 | LR 0.000028 | early_stop=0 | fire[0]=0.14 fire[rest_max]=0.22 srcs_multi=0.90 ship0=0.01 meanshipbin=6.1 avgfleet=18.9 p90fleet=38.0
iter   472 | steps  15,466,496 | SPS     832 | r_p0 -0.380 r_p1 +0.869 | clip_frac 0.069 | KL 0.0065 | H_fire 0.106 H_ang 4.93 H_ship 2.15 | V_loss 0.0195 | LR 0.000028 | early_stop=0 | fire[0]=0.15 fire[rest_max]=0.23 srcs_multi=0.98 ship0=0.01 meanshipbin=6.1 avgfleet=18.4 p90fleet=36.0
iter   473 | steps  15,499,264 | SPS     833 | r_p0 -0.363 r_p1 +0.859 | clip_frac 0.069 | KL 0.0061 | H_fire 0.114 H_ang 4.93 H_ship 2.15 | V_loss 0.0164 | LR 0.000028 | early_stop=0 | fire[0]=0.15 fire[rest_max]=0.24 srcs_multi=1.03 ship0=0.01 meanshipbin=6.0 avgfleet=18.2 p90fleet=36.0
iter   474 | steps  15,532,032 | SPS     833 | r_p0 -0.301 r_p1 +0.796 | clip_frac 0.069 | KL 0.0062 | H_fire 0.114 H_ang 4.93 H_ship 2.15 | V_loss 0.0150 | LR 0.000028 | early_stop=0 | fire[0]=0.15 fire[rest_max]=0.23 srcs_multi=0.98 ship0=0.01 meanshipbin=6.0 avgfleet=17.9 p90fleet=36.0
iter   475 | steps  15,564,800 | SPS     833 | r_p0 -0.414 r_p1 +0.910 | clip_frac 0.069 | KL 0.0065 | H_fire 0.113 H_ang 4.93 H_ship 2.15 | V_loss 0.0161 | LR 0.000028 | early_stop=0 | fire[0]=0.15 fire[rest_max]=0.23 srcs_multi=0.98 ship0=0.01 meanshipbin=6.0 avgfleet=18.0 p90fleet=36.0
iter   476 | steps  15,597,568 | SPS     834 | r_p0 -0.390 r_p1 +0.884 | clip_frac 0.069 | KL 0.0050 | H_fire 0.090 H_ang 4.93 H_ship 2.16 | V_loss 0.0152 | LR 0.000028 | early_stop=0 | fire[0]=0.13 fire[rest_max]=0.20 srcs_multi=0.79 ship0=0.02 meanshipbin=5.9 avgfleet=18.7 p90fleet=36.0
iter   477 | steps  15,630,336 | SPS     834 | r_p0 -0.463 r_p1 +0.957 | clip_frac 0.069 | KL 0.0050 | H_fire 0.091 H_ang 4.93 H_ship 2.16 | V_loss 0.0167 | LR 0.000028 | early_stop=0 | fire[0]=0.13 fire[rest_max]=0.20 srcs_multi=0.81 ship0=0.02 meanshipbin=6.0 avgfleet=18.6 p90fleet=36.0
iter   478 | steps  15,663,104 | SPS     834 | r_p0 -0.354 r_p1 +0.846 | clip_frac 0.069 | KL 0.0055 | H_fire 0.101 H_ang 4.93 H_ship 2.15 | V_loss 0.0168 | LR 0.000028 | early_stop=0 | fire[0]=0.13 fire[rest_max]=0.20 srcs_multi=0.81 ship0=0.01 meanshipbin=6.2 avgfleet=19.5 p90fleet=38.0
iter   479 | steps  15,695,872 | SPS     835 | r_p0 -0.156 r_p1 +0.647 | clip_frac 0.069 | KL 0.0060 | H_fire 0.101 H_ang 4.93 H_ship 2.15 | V_loss 0.0174 | LR 0.000028 | early_stop=0 | fire[0]=0.14 fire[rest_max]=0.20 srcs_multi=0.83 ship0=0.01 meanshipbin=6.2 avgfleet=19.3 p90fleet=38.0
iter   480 | steps  15,728,640 | SPS     835 | r_p0 -0.365 r_p1 +0.854 | clip_frac 0.069 | KL 0.0056 | H_fire 0.101 H_ang 4.93 H_ship 2.15 | V_loss 0.0165 | LR 0.000028 | early_stop=0 | fire[0]=0.14 fire[rest_max]=0.20 srcs_multi=0.89 ship0=0.01 meanshipbin=6.2 avgfleet=20.0 p90fleet=40.0
iter   481 | steps  15,761,408 | SPS     835 | r_p0 -0.341 r_p1 +0.832 | clip_frac 0.069 | KL 0.0060 | H_fire 0.076 H_ang 4.93 H_ship 2.17 | V_loss 0.0172 | LR 0.000028 | early_stop=0 | fire[0]=0.12 fire[rest_max]=0.18 srcs_multi=0.63 ship0=0.01 meanshipbin=6.3 avgfleet=19.8 p90fleet=38.0
iter   482 | steps  15,794,176 | SPS     836 | r_p0 -0.192 r_p1 +0.684 | clip_frac 0.069 | KL 0.0046 | H_fire 0.090 H_ang 4.93 H_ship 2.16 | V_loss 0.0164 | LR 0.000028 | early_stop=0 | fire[0]=0.12 fire[rest_max]=0.19 srcs_multi=0.69 ship0=0.01 meanshipbin=6.2 avgfleet=20.0 p90fleet=39.0
iter   483 | steps  15,826,944 | SPS     836 | r_p0 -0.016 r_p1 +0.510 | clip_frac 0.069 | KL 0.0048 | H_fire 0.088 H_ang 4.93 H_ship 2.15 | V_loss 0.0162 | LR 0.000028 | early_stop=0 | fire[0]=0.12 fire[rest_max]=0.19 srcs_multi=0.75 ship0=0.01 meanshipbin=6.2 avgfleet=20.2 p90fleet=40.0
iter   484 | steps  15,859,712 | SPS     836 | r_p0 -0.163 r_p1 +0.661 | clip_frac 0.069 | KL 0.0066 | H_fire 0.082 H_ang 4.93 H_ship 2.16 | V_loss 0.0183 | LR 0.000028 | early_stop=0 | fire[0]=0.12 fire[rest_max]=0.18 srcs_multi=0.67 ship0=0.01 meanshipbin=6.1 avgfleet=20.7 p90fleet=40.0
iter   485 | steps  15,892,480 | SPS     837 | r_p0 +0.062 r_p1 +0.435 | clip_frac 0.069 | KL 0.0070 | H_fire 0.076 H_ang 4.93 H_ship 2.16 | V_loss 0.0150 | LR 0.000028 | early_stop=0 | fire[0]=0.11 fire[rest_max]=0.16 srcs_multi=0.66 ship0=0.01 meanshipbin=6.2 avgfleet=20.7 p90fleet=40.0
iter   486 | steps  15,925,248 | SPS     837 | r_p0 -0.039 r_p1 +0.534 | clip_frac 0.069 | KL 0.0068 | H_fire 0.096 H_ang 4.93 H_ship 2.15 | V_loss 0.0174 | LR 0.000028 | early_stop=0 | fire[0]=0.13 fire[rest_max]=0.19 srcs_multi=0.78 ship0=0.02 meanshipbin=6.0 avgfleet=20.2 p90fleet=38.0
iter   487 | steps  15,958,016 | SPS     837 | r_p0 -0.091 r_p1 +0.582 | clip_frac 0.069 | KL 0.0058 | H_fire 0.077 H_ang 4.93 H_ship 2.16 | V_loss 0.0175 | LR 0.000028 | early_stop=0 | fire[0]=0.12 fire[rest_max]=0.18 srcs_multi=0.75 ship0=0.01 meanshipbin=6.2 avgfleet=20.1 p90fleet=38.0
iter   488 | steps  15,990,784 | SPS     838 | r_p0 -0.167 r_p1 +0.657 | clip_frac 0.069 | KL 0.0049 | H_fire 0.081 H_ang 4.93 H_ship 2.16 | V_loss 0.0180 | LR 0.000028 | early_stop=0 | fire[0]=0.13 fire[rest_max]=0.18 srcs_multi=0.80 ship0=0.01 meanshipbin=6.2 avgfleet=20.4 p90fleet=39.0
iter   489 | steps  16,023,552 | SPS     838 | r_p0 -0.294 r_p1 +0.783 | clip_frac 0.069 | KL 0.0052 | H_fire 0.070 H_ang 4.93 H_ship 2.16 | V_loss 0.0195 | LR 0.000028 | early_stop=0 | fire[0]=0.12 fire[rest_max]=0.16 srcs_multi=0.67 ship0=0.01 meanshipbin=6.1 avgfleet=20.0 p90fleet=38.0
iter   490 | steps  16,056,320 | SPS     838 | r_p0 -0.120 r_p1 +0.607 | clip_frac 0.069 | KL 0.0064 | H_fire 0.082 H_ang 4.93 H_ship 2.16 | V_loss 0.0194 | LR 0.000028 | early_stop=0 | fire[0]=0.14 fire[rest_max]=0.19 srcs_multi=0.82 ship0=0.01 meanshipbin=6.0 avgfleet=19.9 p90fleet=38.0
iter   491 | steps  16,089,088 | SPS     836 | r_p0 +0.244 r_p1 +0.239 | clip_frac 0.069 | KL 0.0061 | H_fire 0.084 H_ang 4.93 H_ship 2.16 | V_loss 0.0177 | LR 0.000028 | early_stop=0 | fire[0]=0.12 fire[rest_max]=0.19 srcs_multi=0.73 ship0=0.01 meanshipbin=6.2 avgfleet=22.0 p90fleet=42.0
iter   492 | steps  16,121,856 | SPS     836 | r_p0 +0.262 r_p1 +0.231 | clip_frac 0.070 | KL 0.0055 | H_fire 0.099 H_ang 4.93 H_ship 2.16 | V_loss 0.0162 | LR 0.000028 | early_stop=0 | fire[0]=0.13 fire[rest_max]=0.20 srcs_multi=0.82 ship0=0.01 meanshipbin=6.1 avgfleet=21.7 p90fleet=41.0
iter   493 | steps  16,154,624 | SPS     837 | r_p0 +0.447 r_p1 +0.048 | clip_frac 0.070 | KL 0.0057 | H_fire 0.101 H_ang 4.93 H_ship 2.15 | V_loss 0.0171 | LR 0.000028 | early_stop=0 | fire[0]=0.14 fire[rest_max]=0.21 srcs_multi=0.88 ship0=0.01 meanshipbin=6.1 avgfleet=19.5 p90fleet=37.0
iter   494 | steps  16,187,392 | SPS     837 | r_p0 +0.212 r_p1 +0.285 | clip_frac 0.070 | KL 0.0070 | H_fire 0.072 H_ang 4.93 H_ship 2.16 | V_loss 0.0160 | LR 0.000028 | early_stop=0 | fire[0]=0.11 fire[rest_max]=0.16 srcs_multi=0.69 ship0=0.01 meanshipbin=6.2 avgfleet=21.0 p90fleet=40.0
iter   495 | steps  16,220,160 | SPS     837 | r_p0 -0.028 r_p1 +0.521 | clip_frac 0.069 | KL 0.0047 | H_fire 0.084 H_ang 4.93 H_ship 2.16 | V_loss 0.0135 | LR 0.000028 | early_stop=0 | fire[0]=0.12 fire[rest_max]=0.18 srcs_multi=0.79 ship0=0.00 meanshipbin=6.2 avgfleet=19.6 p90fleet=38.0
iter   496 | steps  16,252,928 | SPS     838 | r_p0 -0.382 r_p1 +0.871 | clip_frac 0.069 | KL 0.0059 | H_fire 0.076 H_ang 4.93 H_ship 2.16 | V_loss 0.0186 | LR 0.000028 | early_stop=0 | fire[0]=0.12 fire[rest_max]=0.17 srcs_multi=0.66 ship0=0.01 meanshipbin=6.2 avgfleet=19.6 p90fleet=37.0
  pool snapshot @ step 16,252,928
  pool size=22  alpha=2.0
    self                 self_step_9142272              wr=0.46 (n=689)  pfsp_w=0.290
    self                 self_step_0                    wr=0.46 (n=4987)  pfsp_w=0.289
    external_heuristic   candidate_zach_public          wr=0.48 (n=4649)  pfsp_w=0.269
    self                 self_step_16252928             wr=0.50 (n=0)  pfsp_w=0.250
    self                 self_step_10158080             wr=0.51 (n=921)  pfsp_w=0.236
    self                 self_step_3047424              wr=0.52 (n=2364)  pfsp_w=0.235
    external_heuristic   candidate_hellburner           wr=0.52 (n=3838)  pfsp_w=0.231
    self                 self_step_5079040              wr=0.52 (n=2547)  pfsp_w=0.230
iter   497 | steps  16,285,696 | SPS     838 | r_p0 -0.195 r_p1 +0.683 | clip_frac 0.069 | KL 0.0067 | H_fire 0.081 H_ang 4.93 H_ship 2.16 | V_loss 0.0170 | LR 0.000028 | early_stop=0 | fire[0]=0.13 fire[rest_max]=0.19 srcs_multi=0.81 ship0=0.00 meanshipbin=6.1 avgfleet=18.7 p90fleet=35.0
iter   498 | steps  16,318,464 | SPS     838 | r_p0 +0.036 r_p1 +0.442 | clip_frac 0.070 | KL 0.0049 | H_fire 0.082 H_ang 4.93 H_ship 2.15 | V_loss 0.0211 | LR 0.000028 | early_stop=0 | fire[0]=0.12 fire[rest_max]=0.19 srcs_multi=0.75 ship0=0.00 meanshipbin=6.3 avgfleet=20.1 p90fleet=39.0
iter   499 | steps  16,351,232 | SPS     839 | r_p0 -0.047 r_p1 +0.531 | clip_frac 0.070 | KL 0.0058 | H_fire 0.090 H_ang 4.93 H_ship 2.15 | V_loss 0.0180 | LR 0.000028 | early_stop=0 | fire[0]=0.13 fire[rest_max]=0.21 srcs_multi=0.83 ship0=0.00 meanshipbin=6.3 avgfleet=20.0 p90fleet=38.0
iter   500 | steps  16,384,000 | SPS     839 | r_p0 -0.304 r_p1 +0.796 | clip_frac 0.070 | KL 0.0050 | H_fire 0.098 H_ang 4.93 H_ship 2.16 | V_loss 0.0168 | LR 0.000028 | early_stop=0 | fire[0]=0.14 fire[rest_max]=0.21 srcs_multi=0.90 ship0=0.00 meanshipbin=6.3 avgfleet=20.1 p90fleet=40.0
iter   501 | steps  16,416,768 | SPS     839 | r_p0 -0.576 r_p1 +1.072 | clip_frac 0.069 | KL 0.0049 | H_fire 0.108 H_ang 4.93 H_ship 2.16 | V_loss 0.0179 | LR 0.000028 | early_stop=0 | fire[0]=0.16 fire[rest_max]=0.26 srcs_multi=1.07 ship0=0.00 meanshipbin=6.3 avgfleet=20.9 p90fleet=40.0
iter   502 | steps  16,449,536 | SPS     839 | r_p0 -0.463 r_p1 +0.959 | clip_frac 0.070 | KL 0.0073 | H_fire 0.088 H_ang 4.93 H_ship 2.16 | V_loss 0.0196 | LR 0.000028 | early_stop=0 | fire[0]=0.13 fire[rest_max]=0.22 srcs_multi=0.85 ship0=0.00 meanshipbin=6.4 avgfleet=19.7 p90fleet=38.0
iter   503 | steps  16,482,304 | SPS     840 | r_p0 -0.429 r_p1 +0.920 | clip_frac 0.070 | KL 0.0066 | H_fire 0.096 H_ang 4.93 H_ship 2.15 | V_loss 0.0187 | LR 0.000028 | early_stop=0 | fire[0]=0.14 fire[rest_max]=0.22 srcs_multi=0.92 ship0=0.00 meanshipbin=6.3 avgfleet=19.9 p90fleet=40.0
iter   504 | steps  16,515,072 | SPS     840 | r_p0 -0.354 r_p1 +0.847 | clip_frac 0.070 | KL 0.0059 | H_fire 0.114 H_ang 4.93 H_ship 2.16 | V_loss 0.0156 | LR 0.000028 | early_stop=0 | fire[0]=0.16 fire[rest_max]=0.26 srcs_multi=1.07 ship0=0.00 meanshipbin=6.3 avgfleet=19.4 p90fleet=39.0
iter   505 | steps  16,547,840 | SPS     840 | r_p0 -0.478 r_p1 +0.972 | clip_frac 0.070 | KL 0.0061 | H_fire 0.103 H_ang 4.93 H_ship 2.16 | V_loss 0.0164 | LR 0.000028 | early_stop=0 | fire[0]=0.15 fire[rest_max]=0.22 srcs_multi=0.91 ship0=0.00 meanshipbin=6.4 avgfleet=20.7 p90fleet=42.0
iter   506 | steps  16,580,608 | SPS     841 | r_p0 -0.613 r_p1 +1.107 | clip_frac 0.070 | KL 0.0058 | H_fire 0.066 H_ang 4.94 H_ship 2.18 | V_loss 0.0184 | LR 0.000028 | early_stop=0 | fire[0]=0.12 fire[rest_max]=0.19 srcs_multi=0.67 ship0=0.01 meanshipbin=6.4 avgfleet=20.7 p90fleet=40.0
iter   507 | steps  16,613,376 | SPS     841 | r_p0 -0.412 r_p1 +0.912 | clip_frac 0.070 | KL 0.0063 | H_fire 0.089 H_ang 4.93 H_ship 2.16 | V_loss 0.0193 | LR 0.000028 | early_stop=0 | fire[0]=0.13 fire[rest_max]=0.20 srcs_multi=0.75 ship0=0.00 meanshipbin=6.5 avgfleet=21.4 p90fleet=41.0
iter   508 | steps  16,646,144 | SPS     841 | r_p0 +0.012 r_p1 +0.486 | clip_frac 0.070 | KL 0.0067 | H_fire 0.090 H_ang 4.93 H_ship 2.16 | V_loss 0.0191 | LR 0.000028 | early_stop=0 | fire[0]=0.13 fire[rest_max]=0.21 srcs_multi=0.87 ship0=0.01 meanshipbin=6.2 avgfleet=19.6 p90fleet=38.0
iter   509 | steps  16,678,912 | SPS     842 | r_p0 +0.410 r_p1 +0.079 | clip_frac 0.070 | KL 0.0059 | H_fire 0.105 H_ang 4.93 H_ship 2.16 | V_loss 0.0164 | LR 0.000028 | early_stop=0 | fire[0]=0.15 fire[rest_max]=0.23 srcs_multi=0.98 ship0=0.01 meanshipbin=6.3 avgfleet=18.6 p90fleet=36.0
iter   510 | steps  16,711,680 | SPS     842 | r_p0 +0.272 r_p1 +0.218 | clip_frac 0.070 | KL 0.0065 | H_fire 0.081 H_ang 4.93 H_ship 2.17 | V_loss 0.0167 | LR 0.000028 | early_stop=0 | fire[0]=0.12 fire[rest_max]=0.16 srcs_multi=0.67 ship0=0.00 meanshipbin=6.4 avgfleet=22.3 p90fleet=45.0
iter   511 | steps  16,744,448 | SPS     842 | r_p0 -0.441 r_p1 +0.933 | clip_frac 0.070 | KL 0.0061 | H_fire 0.084 H_ang 4.93 H_ship 2.18 | V_loss 0.0197 | LR 0.000028 | early_stop=0 | fire[0]=0.13 fire[rest_max]=0.20 srcs_multi=0.71 ship0=0.00 meanshipbin=6.5 avgfleet=20.2 p90fleet=38.0
iter   512 | steps  16,777,216 | SPS     842 | r_p0 -0.416 r_p1 +0.910 | clip_frac 0.070 | KL 0.0062 | H_fire 0.077 H_ang 4.93 H_ship 2.17 | V_loss 0.0200 | LR 0.000028 | early_stop=0 | fire[0]=0.13 fire[rest_max]=0.18 srcs_multi=0.70 ship0=0.01 meanshipbin=6.5 avgfleet=19.6 p90fleet=38.0
iter   513 | steps  16,809,984 | SPS     843 | r_p0 +0.108 r_p1 +0.384 | clip_frac 0.070 | KL 0.0071 | H_fire 0.090 H_ang 4.93 H_ship 2.17 | V_loss 0.0168 | LR 0.000028 | early_stop=0 | fire[0]=0.13 fire[rest_max]=0.19 srcs_multi=0.81 ship0=0.01 meanshipbin=6.2 avgfleet=19.5 p90fleet=38.0
iter   514 | steps  16,842,752 | SPS     843 | r_p0 +0.194 r_p1 +0.292 | clip_frac 0.070 | KL 0.0068 | H_fire 0.105 H_ang 4.93 H_ship 2.16 | V_loss 0.0168 | LR 0.000028 | early_stop=0 | fire[0]=0.15 fire[rest_max]=0.22 srcs_multi=0.91 ship0=0.01 meanshipbin=6.3 avgfleet=19.5 p90fleet=38.0
iter   515 | steps  16,875,520 | SPS     843 | r_p0 +0.297 r_p1 +0.196 | clip_frac 0.070 | KL 0.0056 | H_fire 0.096 H_ang 4.93 H_ship 2.16 | V_loss 0.0193 | LR 0.000028 | early_stop=0 | fire[0]=0.14 fire[rest_max]=0.20 srcs_multi=0.79 ship0=0.00 meanshipbin=6.4 avgfleet=20.9 p90fleet=40.0
iter   516 | steps  16,908,288 | SPS     843 | r_p0 +0.346 r_p1 +0.147 | clip_frac 0.071 | KL 0.0066 | H_fire 0.101 H_ang 4.93 H_ship 2.16 | V_loss 0.0167 | LR 0.000028 | early_stop=0 | fire[0]=0.14 fire[rest_max]=0.21 srcs_multi=0.87 ship0=0.00 meanshipbin=6.3 avgfleet=18.9 p90fleet=36.0
iter   517 | steps  16,941,056 | SPS     841 | r_p0 +0.245 r_p1 +0.246 | clip_frac 0.071 | KL 0.0070 | H_fire 0.103 H_ang 4.93 H_ship 2.16 | V_loss 0.0165 | LR 0.000028 | early_stop=0 | fire[0]=0.14 fire[rest_max]=0.21 srcs_multi=0.86 ship0=0.00 meanshipbin=6.3 avgfleet=20.4 p90fleet=39.0
iter   518 | steps  16,973,824 | SPS     841 | r_p0 +0.150 r_p1 +0.344 | clip_frac 0.071 | KL 0.0058 | H_fire 0.085 H_ang 4.93 H_ship 2.16 | V_loss 0.0161 | LR 0.000028 | early_stop=0 | fire[0]=0.12 fire[rest_max]=0.16 srcs_multi=0.66 ship0=0.00 meanshipbin=6.5 avgfleet=22.5 p90fleet=43.0
iter   519 | steps  17,006,592 | SPS     842 | r_p0 -0.117 r_p1 +0.605 | clip_frac 0.071 | KL 0.0055 | H_fire 0.084 H_ang 4.93 H_ship 2.16 | V_loss 0.0171 | LR 0.000028 | early_stop=0 | fire[0]=0.13 fire[rest_max]=0.18 srcs_multi=0.71 ship0=0.00 meanshipbin=6.4 avgfleet=20.1 p90fleet=38.0
iter   520 | steps  17,039,360 | SPS     842 | r_p0 -0.081 r_p1 +0.573 | clip_frac 0.071 | KL 0.0056 | H_fire 0.081 H_ang 4.93 H_ship 2.16 | V_loss 0.0169 | LR 0.000028 | early_stop=0 | fire[0]=0.13 fire[rest_max]=0.18 srcs_multi=0.70 ship0=0.00 meanshipbin=6.4 avgfleet=20.1 p90fleet=38.0
iter   521 | steps  17,072,128 | SPS     842 | r_p0 +0.048 r_p1 +0.448 | clip_frac 0.071 | KL 0.0060 | H_fire 0.080 H_ang 4.93 H_ship 2.16 | V_loss 0.0162 | LR 0.000028 | early_stop=0 | fire[0]=0.12 fire[rest_max]=0.17 srcs_multi=0.70 ship0=0.00 meanshipbin=6.4 avgfleet=23.5 p90fleet=45.0
iter   522 | steps  17,104,896 | SPS     843 | r_p0 -0.203 r_p1 +0.694 | clip_frac 0.070 | KL 0.0052 | H_fire 0.084 H_ang 4.93 H_ship 2.17 | V_loss 0.0151 | LR 0.000028 | early_stop=0 | fire[0]=0.12 fire[rest_max]=0.17 srcs_multi=0.66 ship0=0.00 meanshipbin=6.5 avgfleet=20.0 p90fleet=38.0
iter   523 | steps  17,137,664 | SPS     843 | r_p0 -0.329 r_p1 +0.821 | clip_frac 0.070 | KL 0.0060 | H_fire 0.080 H_ang 4.93 H_ship 2.16 | V_loss 0.0191 | LR 0.000028 | early_stop=0 | fire[0]=0.13 fire[rest_max]=0.17 srcs_multi=0.71 ship0=0.00 meanshipbin=6.4 avgfleet=20.2 p90fleet=38.0
iter   524 | steps  17,170,432 | SPS     843 | r_p0 +0.096 r_p1 +0.392 | clip_frac 0.070 | KL 0.0046 | H_fire 0.088 H_ang 4.93 H_ship 2.16 | V_loss 0.0194 | LR 0.000028 | early_stop=0 | fire[0]=0.13 fire[rest_max]=0.19 srcs_multi=0.81 ship0=0.00 meanshipbin=6.3 avgfleet=20.6 p90fleet=39.0
iter   525 | steps  17,203,200 | SPS     844 | r_p0 +0.099 r_p1 +0.392 | clip_frac 0.070 | KL 0.0048 | H_fire 0.072 H_ang 4.93 H_ship 2.17 | V_loss 0.0175 | LR 0.000028 | early_stop=0 | fire[0]=0.11 fire[rest_max]=0.16 srcs_multi=0.60 ship0=0.00 meanshipbin=6.4 avgfleet=23.4 p90fleet=45.0
iter   526 | steps  17,235,968 | SPS     844 | r_p0 +0.046 r_p1 +0.443 | clip_frac 0.070 | KL 0.0081 | H_fire 0.085 H_ang 4.93 H_ship 2.16 | V_loss 0.0184 | LR 0.000028 | early_stop=0 | fire[0]=0.12 fire[rest_max]=0.16 srcs_multi=0.66 ship0=0.00 meanshipbin=6.5 avgfleet=20.0 p90fleet=38.0
iter   527 | steps  17,268,736 | SPS     844 | r_p0 +0.006 r_p1 +0.484 | clip_frac 0.070 | KL 0.0071 | H_fire 0.075 H_ang 4.93 H_ship 2.16 | V_loss 0.0183 | LR 0.000028 | early_stop=0 | fire[0]=0.11 fire[rest_max]=0.16 srcs_multi=0.65 ship0=0.00 meanshipbin=6.5 avgfleet=21.6 p90fleet=41.0
  pool snapshot @ step 17,268,736
  pool size=22  alpha=2.0
    self                 self_step_9142272              wr=0.46 (n=689)  pfsp_w=0.290
    external_heuristic   candidate_zach_public          wr=0.48 (n=4862)  pfsp_w=0.265
    self                 self_step_10158080             wr=0.50 (n=1209)  pfsp_w=0.255
    self                 self_step_3047424              wr=0.50 (n=2540)  pfsp_w=0.254
    self                 self_step_17268736             wr=0.50 (n=0)  pfsp_w=0.250
    external_heuristic   candidate_hellburner           wr=0.52 (n=3876)  pfsp_w=0.229
    self                 self_step_5079040              wr=0.53 (n=2734)  pfsp_w=0.217
    self                 self_step_4063232              wr=0.54 (n=1623)  pfsp_w=0.214
iter   528 | steps  17,301,504 | SPS     845 | r_p0 -0.167 r_p1 +0.658 | clip_frac 0.070 | KL 0.0050 | H_fire 0.078 H_ang 4.93 H_ship 2.17 | V_loss 0.0176 | LR 0.000028 | early_stop=0 | fire[0]=0.12 fire[rest_max]=0.16 srcs_multi=0.65 ship0=0.00 meanshipbin=6.4 avgfleet=20.6 p90fleet=38.0
iter   529 | steps  17,334,272 | SPS     845 | r_p0 -0.039 r_p1 +0.532 | clip_frac 0.070 | KL 0.0060 | H_fire 0.076 H_ang 4.93 H_ship 2.16 | V_loss 0.0167 | LR 0.000028 | early_stop=0 | fire[0]=0.12 fire[rest_max]=0.16 srcs_multi=0.70 ship0=0.00 meanshipbin=6.4 avgfleet=20.4 p90fleet=38.0
iter   530 | steps  17,367,040 | SPS     845 | r_p0 +0.229 r_p1 +0.258 | clip_frac 0.070 | KL 0.0066 | H_fire 0.083 H_ang 4.93 H_ship 2.16 | V_loss 0.0204 | LR 0.000028 | early_stop=0 | fire[0]=0.13 fire[rest_max]=0.18 srcs_multi=0.76 ship0=0.00 meanshipbin=6.5 avgfleet=20.6 p90fleet=38.0
iter   531 | steps  17,399,808 | SPS     846 | r_p0 +0.152 r_p1 +0.335 | clip_frac 0.070 | KL 0.0065 | H_fire 0.072 H_ang 4.93 H_ship 2.16 | V_loss 0.0192 | LR 0.000028 | early_stop=0 | fire[0]=0.11 fire[rest_max]=0.17 srcs_multi=0.65 ship0=0.00 meanshipbin=6.5 avgfleet=23.2 p90fleet=45.0
iter   532 | steps  17,432,576 | SPS     846 | r_p0 -0.080 r_p1 +0.571 | clip_frac 0.070 | KL 0.0067 | H_fire 0.078 H_ang 4.93 H_ship 2.16 | V_loss 0.0182 | LR 0.000028 | early_stop=0 | fire[0]=0.12 fire[rest_max]=0.19 srcs_multi=0.71 ship0=0.00 meanshipbin=6.5 avgfleet=20.7 p90fleet=39.0
iter   533 | steps  17,465,344 | SPS     846 | r_p0 -0.164 r_p1 +0.656 | clip_frac 0.071 | KL 0.0066 | H_fire 0.083 H_ang 4.93 H_ship 2.16 | V_loss 0.0197 | LR 0.000028 | early_stop=0 | fire[0]=0.13 fire[rest_max]=0.18 srcs_multi=0.74 ship0=0.00 meanshipbin=6.5 avgfleet=22.7 p90fleet=45.0
iter   534 | steps  17,498,112 | SPS     846 | r_p0 -0.453 r_p1 +0.948 | clip_frac 0.070 | KL 0.0052 | H_fire 0.105 H_ang 4.93 H_ship 2.16 | V_loss 0.0152 | LR 0.000028 | early_stop=0 | fire[0]=0.15 fire[rest_max]=0.22 srcs_multi=0.94 ship0=0.00 meanshipbin=6.4 avgfleet=20.5 p90fleet=41.0
iter   535 | steps  17,530,880 | SPS     847 | r_p0 -0.439 r_p1 +0.934 | clip_frac 0.070 | KL 0.0051 | H_fire 0.091 H_ang 4.93 H_ship 2.16 | V_loss 0.0180 | LR 0.000028 | early_stop=0 | fire[0]=0.13 fire[rest_max]=0.19 srcs_multi=0.74 ship0=0.00 meanshipbin=6.5 avgfleet=20.9 p90fleet=41.0
iter   536 | steps  17,563,648 | SPS     847 | r_p0 -0.302 r_p1 +0.794 | clip_frac 0.070 | KL 0.0055 | H_fire 0.086 H_ang 4.93 H_ship 2.16 | V_loss 0.0176 | LR 0.000028 | early_stop=0 | fire[0]=0.13 fire[rest_max]=0.20 srcs_multi=0.78 ship0=0.00 meanshipbin=6.5 avgfleet=21.2 p90fleet=42.0
iter   537 | steps  17,596,416 | SPS     847 | r_p0 -0.304 r_p1 +0.796 | clip_frac 0.070 | KL 0.0074 | H_fire 0.069 H_ang 4.93 H_ship 2.17 | V_loss 0.0190 | LR 0.000028 | early_stop=0 | fire[0]=0.11 fire[rest_max]=0.17 srcs_multi=0.61 ship0=0.00 meanshipbin=6.5 avgfleet=22.1 p90fleet=42.0
iter   538 | steps  17,629,184 | SPS     848 | r_p0 -0.044 r_p1 +0.533 | clip_frac 0.070 | KL 0.0060 | H_fire 0.086 H_ang 4.93 H_ship 2.17 | V_loss 0.0169 | LR 0.000028 | early_stop=0 | fire[0]=0.13 fire[rest_max]=0.20 srcs_multi=0.76 ship0=0.00 meanshipbin=6.4 avgfleet=20.6 p90fleet=40.0
iter   539 | steps  17,661,952 | SPS     848 | r_p0 +0.020 r_p1 +0.470 | clip_frac 0.070 | KL 0.0056 | H_fire 0.075 H_ang 4.93 H_ship 2.17 | V_loss 0.0172 | LR 0.000028 | early_stop=0 | fire[0]=0.11 fire[rest_max]=0.15 srcs_multi=0.62 ship0=0.00 meanshipbin=6.5 avgfleet=23.5 p90fleet=45.0
iter   540 | steps  17,694,720 | SPS     848 | r_p0 -0.265 r_p1 +0.755 | clip_frac 0.070 | KL 0.0058 | H_fire 0.091 H_ang 4.93 H_ship 2.17 | V_loss 0.0158 | LR 0.000028 | early_stop=0 | fire[0]=0.13 fire[rest_max]=0.19 srcs_multi=0.85 ship0=0.00 meanshipbin=6.4 avgfleet=21.3 p90fleet=42.0
iter   541 | steps  17,727,488 | SPS     848 | r_p0 -0.314 r_p1 +0.807 | clip_frac 0.070 | KL 0.0060 | H_fire 0.087 H_ang 4.93 H_ship 2.17 | V_loss 0.0172 | LR 0.000028 | early_stop=0 | fire[0]=0.13 fire[rest_max]=0.19 srcs_multi=0.79 ship0=0.00 meanshipbin=6.5 avgfleet=21.6 p90fleet=42.0
iter   542 | steps  17,760,256 | SPS     849 | r_p0 -0.504 r_p1 +0.995 | clip_frac 0.070 | KL 0.0055 | H_fire 0.087 H_ang 4.93 H_ship 2.16 | V_loss 0.0169 | LR 0.000028 | early_stop=0 | fire[0]=0.14 fire[rest_max]=0.19 srcs_multi=0.82 ship0=0.00 meanshipbin=6.4 avgfleet=20.9 p90fleet=40.0
iter   543 | steps  17,793,024 | SPS     849 | r_p0 -0.353 r_p1 +0.845 | clip_frac 0.070 | KL 0.0063 | H_fire 0.068 H_ang 4.93 H_ship 2.17 | V_loss 0.0187 | LR 0.000028 | early_stop=0 | fire[0]=0.11 fire[rest_max]=0.15 srcs_multi=0.61 ship0=0.00 meanshipbin=6.4 avgfleet=22.2 p90fleet=41.0
iter   544 | steps  17,825,792 | SPS     849 | r_p0 +0.057 r_p1 +0.426 | clip_frac 0.070 | KL 0.0072 | H_fire 0.088 H_ang 4.93 H_ship 2.17 | V_loss 0.0195 | LR 0.000028 | early_stop=0 | fire[0]=0.13 fire[rest_max]=0.21 srcs_multi=0.85 ship0=0.00 meanshipbin=6.3 avgfleet=20.1 p90fleet=38.0
iter   545 | steps  17,858,560 | SPS     850 | r_p0 +0.124 r_p1 +0.367 | clip_frac 0.070 | KL 0.0051 | H_fire 0.089 H_ang 4.93 H_ship 2.16 | V_loss 0.0194 | LR 0.000028 | early_stop=0 | fire[0]=0.14 fire[rest_max]=0.22 srcs_multi=0.87 ship0=0.00 meanshipbin=6.4 avgfleet=18.6 p90fleet=35.0
iter   546 | steps  17,891,328 | SPS     850 | r_p0 +0.073 r_p1 +0.421 | clip_frac 0.070 | KL 0.0059 | H_fire 0.071 H_ang 4.93 H_ship 2.17 | V_loss 0.0201 | LR 0.000028 | early_stop=0 | fire[0]=0.11 fire[rest_max]=0.17 srcs_multi=0.67 ship0=0.00 meanshipbin=6.5 avgfleet=22.3 p90fleet=43.0
iter   547 | steps  17,924,096 | SPS     850 | r_p0 -0.025 r_p1 +0.523 | clip_frac 0.070 | KL 0.0063 | H_fire 0.081 H_ang 4.93 H_ship 2.17 | V_loss 0.0192 | LR 0.000028 | early_stop=0 | fire[0]=0.12 fire[rest_max]=0.18 srcs_multi=0.69 ship0=0.00 meanshipbin=6.5 avgfleet=20.5 p90fleet=39.0
iter   548 | steps  17,956,864 | SPS     850 | r_p0 -0.175 r_p1 +0.672 | clip_frac 0.070 | KL 0.0036 | H_fire 0.080 H_ang 4.93 H_ship 2.16 | V_loss 0.0176 | LR 0.000028 | early_stop=0 | fire[0]=0.13 fire[rest_max]=0.19 srcs_multi=0.74 ship0=0.00 meanshipbin=6.5 avgfleet=21.3 p90fleet=41.0
iter   549 | steps  17,989,632 | SPS     851 | r_p0 -0.143 r_p1 +0.633 | clip_frac 0.070 | KL 0.0056 | H_fire 0.087 H_ang 4.93 H_ship 2.17 | V_loss 0.0186 | LR 0.000028 | early_stop=0 | fire[0]=0.13 fire[rest_max]=0.19 srcs_multi=0.79 ship0=0.00 meanshipbin=6.4 avgfleet=20.9 p90fleet=41.0
iter   550 | steps  18,022,400 | SPS     851 | r_p0 -0.182 r_p1 +0.672 | clip_frac 0.070 | KL 0.0059 | H_fire 0.095 H_ang 4.93 H_ship 2.16 | V_loss 0.0186 | LR 0.000028 | early_stop=0 | fire[0]=0.14 fire[rest_max]=0.21 srcs_multi=0.86 ship0=0.00 meanshipbin=6.4 avgfleet=20.6 p90fleet=40.0
iter   551 | steps  18,055,168 | SPS     851 | r_p0 -0.165 r_p1 +0.659 | clip_frac 0.070 | KL 0.0043 | H_fire 0.076 H_ang 4.93 H_ship 2.17 | V_loss 0.0208 | LR 0.000028 | early_stop=0 | fire[0]=0.12 fire[rest_max]=0.18 srcs_multi=0.69 ship0=0.00 meanshipbin=6.4 avgfleet=21.3 p90fleet=40.0
iter   552 | steps  18,087,936 | SPS     852 | r_p0 +0.308 r_p1 +0.182 | clip_frac 0.070 | KL 0.0068 | H_fire 0.098 H_ang 4.93 H_ship 2.17 | V_loss 0.0164 | LR 0.000028 | early_stop=0 | fire[0]=0.14 fire[rest_max]=0.21 srcs_multi=0.85 ship0=0.00 meanshipbin=6.3 avgfleet=20.1 p90fleet=38.0
  saved checkpoints/torch_step_18087936_20260525_184201.pt
  saved checkpoints/pool_step_18087936_20260525_184201.pt (22 members)
iter   553 | steps  18,120,704 | SPS     852 | r_p0 +0.395 r_p1 +0.095 | clip_frac 0.070 | KL 0.0061 | H_fire 0.074 H_ang 4.93 H_ship 2.18 | V_loss 0.0205 | LR 0.000028 | early_stop=0 | fire[0]=0.11 fire[rest_max]=0.15 srcs_multi=0.57 ship0=0.00 meanshipbin=6.6 avgfleet=21.7 p90fleet=42.0
iter   554 | steps  18,153,472 | SPS     852 | r_p0 +0.185 r_p1 +0.309 | clip_frac 0.069 | KL 0.0062 | H_fire 0.094 H_ang 4.93 H_ship 2.16 | V_loss 0.0208 | LR 0.000028 | early_stop=0 | fire[0]=0.13 fire[rest_max]=0.19 srcs_multi=0.74 ship0=0.01 meanshipbin=6.4 avgfleet=20.7 p90fleet=39.0
iter   555 | steps  18,186,240 | SPS     852 | r_p0 +0.072 r_p1 +0.421 | clip_frac 0.069 | KL 0.0051 | H_fire 0.076 H_ang 4.93 H_ship 2.17 | V_loss 0.0170 | LR 0.000028 | early_stop=0 | fire[0]=0.11 fire[rest_max]=0.16 srcs_multi=0.68 ship0=0.00 meanshipbin=6.4 avgfleet=21.8 p90fleet=42.0
iter   556 | steps  18,219,008 | SPS     853 | r_p0 -0.091 r_p1 +0.585 | clip_frac 0.069 | KL 0.0058 | H_fire 0.082 H_ang 4.93 H_ship 2.17 | V_loss 0.0173 | LR 0.000028 | early_stop=0 | fire[0]=0.12 fire[rest_max]=0.18 srcs_multi=0.77 ship0=0.00 meanshipbin=6.4 avgfleet=21.2 p90fleet=40.0
iter   557 | steps  18,251,776 | SPS     853 | r_p0 -0.269 r_p1 +0.757 | clip_frac 0.069 | KL 0.0062 | H_fire 0.086 H_ang 4.93 H_ship 2.17 | V_loss 0.0198 | LR 0.000028 | early_stop=0 | fire[0]=0.13 fire[rest_max]=0.20 srcs_multi=0.81 ship0=0.00 meanshipbin=6.4 avgfleet=21.1 p90fleet=41.0
iter   558 | steps  18,284,544 | SPS     853 | r_p0 -0.245 r_p1 +0.734 | clip_frac 0.069 | KL 0.0054 | H_fire 0.073 H_ang 4.93 H_ship 2.18 | V_loss 0.0199 | LR 0.000028 | early_stop=0 | fire[0]=0.12 fire[rest_max]=0.17 srcs_multi=0.65 ship0=0.01 meanshipbin=6.4 avgfleet=20.1 p90fleet=38.0
  pool snapshot @ step 18,284,544
  pool size=22  alpha=2.0
    self                 self_step_10158080             wr=0.48 (n=1358)  pfsp_w=0.266
    external_heuristic   candidate_zach_public          wr=0.48 (n=4862)  pfsp_w=0.265
    self                 self_step_3047424              wr=0.49 (n=2681)  pfsp_w=0.255
    self                 self_step_18284544             wr=0.50 (n=0)  pfsp_w=0.250
    external_heuristic   candidate_hellburner           wr=0.52 (n=3876)  pfsp_w=0.229
    self                 self_step_5079040              wr=0.53 (n=2880)  pfsp_w=0.223
    self                 self_step_13205504             wr=0.54 (n=685)  pfsp_w=0.216
    self                 self_step_6094848              wr=0.54 (n=1709)  pfsp_w=0.214
iter   559 | steps  18,317,312 | SPS     854 | r_p0 -0.254 r_p1 +0.748 | clip_frac 0.069 | KL 0.0058 | H_fire 0.090 H_ang 4.93 H_ship 2.17 | V_loss 0.0189 | LR 0.000028 | early_stop=0 | fire[0]=0.14 fire[rest_max]=0.21 srcs_multi=0.81 ship0=0.00 meanshipbin=6.4 avgfleet=19.9 p90fleet=38.0
iter   560 | steps  18,350,080 | SPS     854 | r_p0 +0.146 r_p1 +0.344 | clip_frac 0.069 | KL 0.0056 | H_fire 0.073 H_ang 4.93 H_ship 2.17 | V_loss 0.0230 | LR 0.000028 | early_stop=0 | fire[0]=0.12 fire[rest_max]=0.19 srcs_multi=0.70 ship0=0.00 meanshipbin=6.4 avgfleet=20.6 p90fleet=39.0
iter   561 | steps  18,382,848 | SPS     854 | r_p0 +0.312 r_p1 +0.184 | clip_frac 0.069 | KL 0.0072 | H_fire 0.082 H_ang 4.93 H_ship 2.17 | V_loss 0.0220 | LR 0.000028 | early_stop=0 | fire[0]=0.12 fire[rest_max]=0.20 srcs_multi=0.76 ship0=0.00 meanshipbin=6.4 avgfleet=22.3 p90fleet=42.0
iter   562 | steps  18,415,616 | SPS     852 | r_p0 +0.325 r_p1 +0.173 | clip_frac 0.069 | KL 0.0054 | H_fire 0.095 H_ang 4.93 H_ship 2.17 | V_loss 0.0174 | LR 0.000028 | early_stop=0 | fire[0]=0.14 fire[rest_max]=0.22 srcs_multi=0.86 ship0=0.01 meanshipbin=6.3 avgfleet=21.3 p90fleet=41.0
iter   563 | steps  18,448,384 | SPS     852 | r_p0 +0.222 r_p1 +0.275 | clip_frac 0.069 | KL 0.0062 | H_fire 0.086 H_ang 4.93 H_ship 2.17 | V_loss 0.0160 | LR 0.000028 | early_stop=0 | fire[0]=0.11 fire[rest_max]=0.16 srcs_multi=0.68 ship0=0.00 meanshipbin=6.4 avgfleet=22.5 p90fleet=43.0
iter   564 | steps  18,481,152 | SPS     852 | r_p0 -0.190 r_p1 +0.685 | clip_frac 0.068 | KL 0.0043 | H_fire 0.092 H_ang 4.93 H_ship 2.17 | V_loss 0.0188 | LR 0.000028 | early_stop=0 | fire[0]=0.13 fire[rest_max]=0.20 srcs_multi=0.80 ship0=0.00 meanshipbin=6.4 avgfleet=23.1 p90fleet=43.0
iter   565 | steps  18,513,920 | SPS     853 | r_p0 -0.178 r_p1 +0.671 | clip_frac 0.069 | KL 0.0071 | H_fire 0.084 H_ang 4.93 H_ship 2.18 | V_loss 0.0195 | LR 0.000028 | early_stop=0 | fire[0]=0.12 fire[rest_max]=0.17 srcs_multi=0.70 ship0=0.00 meanshipbin=6.4 avgfleet=21.7 p90fleet=42.0
iter   566 | steps  18,546,688 | SPS     853 | r_p0 -0.181 r_p1 +0.672 | clip_frac 0.068 | KL 0.0041 | H_fire 0.074 H_ang 4.93 H_ship 2.18 | V_loss 0.0186 | LR 0.000028 | early_stop=0 | fire[0]=0.12 fire[rest_max]=0.16 srcs_multi=0.61 ship0=0.01 meanshipbin=6.5 avgfleet=21.8 p90fleet=41.0
iter   567 | steps  18,579,456 | SPS     853 | r_p0 -0.221 r_p1 +0.710 | clip_frac 0.068 | KL 0.0064 | H_fire 0.086 H_ang 4.93 H_ship 2.17 | V_loss 0.0176 | LR 0.000028 | early_stop=0 | fire[0]=0.13 fire[rest_max]=0.19 srcs_multi=0.78 ship0=0.00 meanshipbin=6.3 avgfleet=20.7 p90fleet=41.0
iter   568 | steps  18,612,224 | SPS     853 | r_p0 -0.329 r_p1 +0.821 | clip_frac 0.068 | KL 0.0071 | H_fire 0.091 H_ang 4.93 H_ship 2.17 | V_loss 0.0184 | LR 0.000028 | early_stop=0 | fire[0]=0.14 fire[rest_max]=0.20 srcs_multi=0.87 ship0=0.00 meanshipbin=6.3 avgfleet=21.0 p90fleet=42.0
iter   569 | steps  18,644,992 | SPS     854 | r_p0 -0.397 r_p1 +0.882 | clip_frac 0.068 | KL 0.0062 | H_fire 0.103 H_ang 4.93 H_ship 2.17 | V_loss 0.0168 | LR 0.000027 | early_stop=0 | fire[0]=0.14 fire[rest_max]=0.21 srcs_multi=0.92 ship0=0.00 meanshipbin=6.3 avgfleet=20.0 p90fleet=39.0
iter   570 | steps  18,677,760 | SPS     854 | r_p0 -0.418 r_p1 +0.911 | clip_frac 0.068 | KL 0.0086 | H_fire 0.099 H_ang 4.93 H_ship 2.17 | V_loss 0.0170 | LR 0.000027 | early_stop=0 | fire[0]=0.13 fire[rest_max]=0.21 srcs_multi=0.83 ship0=0.00 meanshipbin=6.4 avgfleet=20.5 p90fleet=41.0
iter   571 | steps  18,710,528 | SPS     854 | r_p0 -0.227 r_p1 +0.724 | clip_frac 0.069 | KL 0.0063 | H_fire 0.077 H_ang 4.93 H_ship 2.18 | V_loss 0.0191 | LR 0.000027 | early_stop=0 | fire[0]=0.11 fire[rest_max]=0.18 srcs_multi=0.65 ship0=0.00 meanshipbin=6.3 avgfleet=21.7 p90fleet=42.0
iter   572 | steps  18,743,296 | SPS     854 | r_p0 +0.123 r_p1 +0.372 | clip_frac 0.068 | KL 0.0061 | H_fire 0.076 H_ang 4.93 H_ship 2.18 | V_loss 0.0159 | LR 0.000027 | early_stop=0 | fire[0]=0.10 fire[rest_max]=0.14 srcs_multi=0.56 ship0=0.00 meanshipbin=6.4 avgfleet=22.0 p90fleet=42.0
iter   573 | steps  18,776,064 | SPS     855 | r_p0 +0.247 r_p1 +0.244 | clip_frac 0.068 | KL 0.0056 | H_fire 0.094 H_ang 4.93 H_ship 2.18 | V_loss 0.0182 | LR 0.000027 | early_stop=0 | fire[0]=0.12 fire[rest_max]=0.18 srcs_multi=0.74 ship0=0.01 meanshipbin=6.3 avgfleet=21.6 p90fleet=41.0
iter   574 | steps  18,808,832 | SPS     855 | r_p0 +0.174 r_p1 +0.318 | clip_frac 0.069 | KL 0.0071 | H_fire 0.103 H_ang 4.93 H_ship 2.17 | V_loss 0.0159 | LR 0.000027 | early_stop=0 | fire[0]=0.13 fire[rest_max]=0.19 srcs_multi=0.84 ship0=0.01 meanshipbin=6.2 avgfleet=20.4 p90fleet=38.0
iter   575 | steps  18,841,600 | SPS     855 | r_p0 +0.584 r_p1 -0.092 | clip_frac 0.069 | KL 0.0042 | H_fire 0.066 H_ang 4.93 H_ship 2.19 | V_loss 0.0153 | LR 0.000027 | early_stop=0 | fire[0]=0.10 fire[rest_max]=0.14 srcs_multi=0.55 ship0=0.00 meanshipbin=6.4 avgfleet=22.3 p90fleet=42.0
iter   576 | steps  18,874,368 | SPS     856 | r_p0 +0.459 r_p1 +0.033 | clip_frac 0.069 | KL 0.0089 | H_fire 0.074 H_ang 4.93 H_ship 2.18 | V_loss 0.0171 | LR 0.000027 | early_stop=0 | fire[0]=0.11 fire[rest_max]=0.16 srcs_multi=0.68 ship0=0.00 meanshipbin=6.3 avgfleet=22.1 p90fleet=41.0
iter   577 | steps  18,907,136 | SPS     856 | r_p0 -0.030 r_p1 +0.517 | clip_frac 0.068 | KL 0.0062 | H_fire 0.085 H_ang 4.93 H_ship 2.18 | V_loss 0.0191 | LR 0.000027 | early_stop=0 | fire[0]=0.12 fire[rest_max]=0.18 srcs_multi=0.78 ship0=0.00 meanshipbin=6.4 avgfleet=20.7 p90fleet=40.0
iter   578 | steps  18,939,904 | SPS     856 | r_p0 -0.216 r_p1 +0.704 | clip_frac 0.069 | KL 0.0047 | H_fire 0.081 H_ang 4.93 H_ship 2.19 | V_loss 0.0179 | LR 0.000027 | early_stop=0 | fire[0]=0.12 fire[rest_max]=0.15 srcs_multi=0.64 ship0=0.00 meanshipbin=6.4 avgfleet=20.2 p90fleet=37.0
iter   579 | steps  18,972,672 | SPS     856 | r_p0 -0.068 r_p1 +0.555 | clip_frac 0.068 | KL 0.0060 | H_fire 0.079 H_ang 4.93 H_ship 2.18 | V_loss 0.0203 | LR 0.000027 | early_stop=0 | fire[0]=0.12 fire[rest_max]=0.16 srcs_multi=0.69 ship0=0.00 meanshipbin=6.4 avgfleet=20.3 p90fleet=38.0
iter   580 | steps  19,005,440 | SPS     856 | r_p0 +0.176 r_p1 +0.308 | clip_frac 0.068 | KL 0.0055 | H_fire 0.081 H_ang 4.93 H_ship 2.18 | V_loss 0.0230 | LR 0.000027 | early_stop=0 | fire[0]=0.13 fire[rest_max]=0.18 srcs_multi=0.75 ship0=0.01 meanshipbin=6.4 avgfleet=20.9 p90fleet=38.0
iter   581 | steps  19,038,208 | SPS     857 | r_p0 +0.034 r_p1 +0.458 | clip_frac 0.068 | KL 0.0045 | H_fire 0.086 H_ang 4.93 H_ship 2.18 | V_loss 0.0189 | LR 0.000027 | early_stop=0 | fire[0]=0.12 fire[rest_max]=0.20 srcs_multi=0.78 ship0=0.00 meanshipbin=6.4 avgfleet=21.4 p90fleet=42.0
iter   582 | steps  19,070,976 | SPS     857 | r_p0 -0.066 r_p1 +0.562 | clip_frac 0.068 | KL 0.0052 | H_fire 0.083 H_ang 4.93 H_ship 2.18 | V_loss 0.0183 | LR 0.000027 | early_stop=0 | fire[0]=0.12 fire[rest_max]=0.19 srcs_multi=0.77 ship0=0.00 meanshipbin=6.3 avgfleet=21.4 p90fleet=42.0
iter   583 | steps  19,103,744 | SPS     857 | r_p0 -0.277 r_p1 +0.774 | clip_frac 0.068 | KL 0.0065 | H_fire 0.092 H_ang 4.93 H_ship 2.18 | V_loss 0.0175 | LR 0.000027 | early_stop=0 | fire[0]=0.13 fire[rest_max]=0.21 srcs_multi=0.87 ship0=0.00 meanshipbin=6.3 avgfleet=20.4 p90fleet=40.0
iter   584 | steps  19,136,512 | SPS     857 | r_p0 -0.264 r_p1 +0.761 | clip_frac 0.068 | KL 0.0063 | H_fire 0.079 H_ang 4.93 H_ship 2.19 | V_loss 0.0173 | LR 0.000027 | early_stop=0 | fire[0]=0.12 fire[rest_max]=0.19 srcs_multi=0.70 ship0=0.00 meanshipbin=6.4 avgfleet=19.7 p90fleet=37.0
iter   585 | steps  19,169,280 | SPS     858 | r_p0 +0.010 r_p1 +0.487 | clip_frac 0.068 | KL 0.0061 | H_fire 0.083 H_ang 4.93 H_ship 2.18 | V_loss 0.0199 | LR 0.000027 | early_stop=0 | fire[0]=0.12 fire[rest_max]=0.18 srcs_multi=0.74 ship0=0.01 meanshipbin=6.3 avgfleet=19.8 p90fleet=37.0
iter   586 | steps  19,202,048 | SPS     858 | r_p0 +0.172 r_p1 +0.320 | clip_frac 0.069 | KL 0.0087 | H_fire 0.087 H_ang 4.93 H_ship 2.18 | V_loss 0.0194 | LR 0.000027 | early_stop=0 | fire[0]=0.12 fire[rest_max]=0.20 srcs_multi=0.77 ship0=0.01 meanshipbin=6.3 avgfleet=19.6 p90fleet=37.0
iter   587 | steps  19,234,816 | SPS     858 | r_p0 +0.137 r_p1 +0.359 | clip_frac 0.068 | KL 0.0046 | H_fire 0.077 H_ang 4.93 H_ship 2.19 | V_loss 0.0180 | LR 0.000027 | early_stop=0 | fire[0]=0.10 fire[rest_max]=0.16 srcs_multi=0.62 ship0=0.01 meanshipbin=6.3 avgfleet=21.3 p90fleet=41.0
iter   588 | steps  19,267,584 | SPS     858 | r_p0 +0.097 r_p1 +0.397 | clip_frac 0.068 | KL 0.0063 | H_fire 0.077 H_ang 4.93 H_ship 2.19 | V_loss 0.0173 | LR 0.000027 | early_stop=0 | fire[0]=0.11 fire[rest_max]=0.17 srcs_multi=0.69 ship0=0.00 meanshipbin=6.3 avgfleet=21.0 p90fleet=41.0
iter   589 | steps  19,300,352 | SPS     859 | r_p0 -0.094 r_p1 +0.585 | clip_frac 0.069 | KL 0.0075 | H_fire 0.092 H_ang 4.93 H_ship 2.18 | V_loss 0.0156 | LR 0.000027 | early_stop=0 | fire[0]=0.13 fire[rest_max]=0.19 srcs_multi=0.84 ship0=0.00 meanshipbin=6.3 avgfleet=20.8 p90fleet=40.0
  pool snapshot @ step 19,300,352
  pool size=22  alpha=2.0
    self                 self_step_13205504             wr=0.49 (n=840)  pfsp_w=0.261
    external_heuristic   candidate_zach_public          wr=0.49 (n=5091)  pfsp_w=0.260
    self                 self_step_19300352             wr=0.50 (n=0)  pfsp_w=0.250
    self                 self_step_3047424              wr=0.50 (n=2866)  pfsp_w=0.245
    self                 self_step_10158080             wr=0.51 (n=1468)  pfsp_w=0.240
    self                 self_step_11173888             wr=0.52 (n=1123)  pfsp_w=0.231
    external_heuristic   candidate_hellburner           wr=0.52 (n=3929)  pfsp_w=0.227
    self                 self_step_3047424              wr=0.53 (n=2346)  pfsp_w=0.220
iter   590 | steps  19,333,120 | SPS     859 | r_p0 -0.306 r_p1 +0.797 | clip_frac 0.069 | KL 0.0042 | H_fire 0.077 H_ang 4.93 H_ship 2.19 | V_loss 0.0172 | LR 0.000027 | early_stop=0 | fire[0]=0.11 fire[rest_max]=0.16 srcs_multi=0.63 ship0=0.01 meanshipbin=6.4 avgfleet=19.9 p90fleet=37.0
iter   591 | steps  19,365,888 | SPS     859 | r_p0 -0.270 r_p1 +0.759 | clip_frac 0.069 | KL 0.0064 | H_fire 0.095 H_ang 4.93 H_ship 2.18 | V_loss 0.0170 | LR 0.000027 | early_stop=0 | fire[0]=0.12 fire[rest_max]=0.19 srcs_multi=0.79 ship0=0.01 meanshipbin=6.3 avgfleet=21.2 p90fleet=41.0
iter   592 | steps  19,398,656 | SPS     859 | r_p0 -0.279 r_p1 +0.773 | clip_frac 0.068 | KL 0.0041 | H_fire 0.075 H_ang 4.93 H_ship 2.19 | V_loss 0.0187 | LR 0.000027 | early_stop=0 | fire[0]=0.11 fire[rest_max]=0.17 srcs_multi=0.66 ship0=0.00 meanshipbin=6.4 avgfleet=20.3 p90fleet=37.0
iter   593 | steps  19,431,424 | SPS     860 | r_p0 -0.316 r_p1 +0.807 | clip_frac 0.068 | KL 0.0050 | H_fire 0.090 H_ang 4.93 H_ship 2.18 | V_loss 0.0198 | LR 0.000027 | early_stop=0 | fire[0]=0.12 fire[rest_max]=0.20 srcs_multi=0.76 ship0=0.00 meanshipbin=6.4 avgfleet=20.9 p90fleet=40.0
iter   594 | steps  19,464,192 | SPS     860 | r_p0 -0.091 r_p1 +0.581 | clip_frac 0.068 | KL 0.0070 | H_fire 0.078 H_ang 4.93 H_ship 2.18 | V_loss 0.0185 | LR 0.000027 | early_stop=0 | fire[0]=0.12 fire[rest_max]=0.18 srcs_multi=0.70 ship0=0.01 meanshipbin=6.4 avgfleet=21.1 p90fleet=39.0
iter   595 | steps  19,496,960 | SPS     860 | r_p0 +0.033 r_p1 +0.460 | clip_frac 0.068 | KL 0.0055 | H_fire 0.082 H_ang 4.93 H_ship 2.18 | V_loss 0.0172 | LR 0.000027 | early_stop=0 | fire[0]=0.11 fire[rest_max]=0.17 srcs_multi=0.67 ship0=0.01 meanshipbin=6.4 avgfleet=21.0 p90fleet=40.0
iter   596 | steps  19,529,728 | SPS     858 | r_p0 +0.009 r_p1 +0.482 | clip_frac 0.068 | KL 0.0064 | H_fire 0.087 H_ang 4.93 H_ship 2.18 | V_loss 0.0167 | LR 0.000027 | early_stop=0 | fire[0]=0.12 fire[rest_max]=0.18 srcs_multi=0.73 ship0=0.01 meanshipbin=6.3 avgfleet=22.8 p90fleet=45.0
iter   597 | steps  19,562,496 | SPS     858 | r_p0 +0.023 r_p1 +0.471 | clip_frac 0.068 | KL 0.0048 | H_fire 0.088 H_ang 4.93 H_ship 2.18 | V_loss 0.0155 | LR 0.000027 | early_stop=0 | fire[0]=0.11 fire[rest_max]=0.15 srcs_multi=0.67 ship0=0.01 meanshipbin=6.4 avgfleet=21.9 p90fleet=40.0
iter   598 | steps  19,595,264 | SPS     858 | r_p0 +0.133 r_p1 +0.357 | clip_frac 0.068 | KL 0.0059 | H_fire 0.084 H_ang 4.93 H_ship 2.19 | V_loss 0.0185 | LR 0.000027 | early_stop=0 | fire[0]=0.10 fire[rest_max]=0.16 srcs_multi=0.61 ship0=0.01 meanshipbin=6.4 avgfleet=22.0 p90fleet=42.0
iter   599 | steps  19,628,032 | SPS     859 | r_p0 +0.209 r_p1 +0.278 | clip_frac 0.068 | KL 0.0051 | H_fire 0.082 H_ang 4.93 H_ship 2.19 | V_loss 0.0175 | LR 0.000027 | early_stop=0 | fire[0]=0.11 fire[rest_max]=0.16 srcs_multi=0.66 ship0=0.01 meanshipbin=6.3 avgfleet=22.1 p90fleet=40.0
iter   600 | steps  19,660,800 | SPS     859 | r_p0 +0.207 r_p1 +0.280 | clip_frac 0.068 | KL 0.0051 | H_fire 0.080 H_ang 4.93 H_ship 2.19 | V_loss 0.0169 | LR 0.000027 | early_stop=0 | fire[0]=0.10 fire[rest_max]=0.14 srcs_multi=0.58 ship0=0.00 meanshipbin=6.4 avgfleet=21.3 p90fleet=40.0
iter   601 | steps  19,693,568 | SPS     859 | r_p0 +0.204 r_p1 +0.281 | clip_frac 0.068 | KL 0.0057 | H_fire 0.084 H_ang 4.93 H_ship 2.19 | V_loss 0.0163 | LR 0.000027 | early_stop=0 | fire[0]=0.11 fire[rest_max]=0.16 srcs_multi=0.63 ship0=0.00 meanshipbin=6.4 avgfleet=22.2 p90fleet=42.0
iter   602 | steps  19,726,336 | SPS     859 | r_p0 +0.090 r_p1 +0.394 | clip_frac 0.068 | KL 0.0066 | H_fire 0.085 H_ang 4.93 H_ship 2.19 | V_loss 0.0169 | LR 0.000027 | early_stop=0 | fire[0]=0.11 fire[rest_max]=0.17 srcs_multi=0.64 ship0=0.00 meanshipbin=6.4 avgfleet=21.6 p90fleet=41.0
iter   603 | steps  19,759,104 | SPS     860 | r_p0 -0.032 r_p1 +0.516 | clip_frac 0.068 | KL 0.0034 | H_fire 0.093 H_ang 4.93 H_ship 2.18 | V_loss 0.0171 | LR 0.000027 | early_stop=0 | fire[0]=0.11 fire[rest_max]=0.19 srcs_multi=0.69 ship0=0.00 meanshipbin=6.5 avgfleet=21.4 p90fleet=42.0
iter   604 | steps  19,791,872 | SPS     860 | r_p0 -0.270 r_p1 +0.756 | clip_frac 0.068 | KL 0.0055 | H_fire 0.095 H_ang 4.93 H_ship 2.18 | V_loss 0.0175 | LR 0.000027 | early_stop=0 | fire[0]=0.12 fire[rest_max]=0.19 srcs_multi=0.73 ship0=0.00 meanshipbin=6.4 avgfleet=20.6 p90fleet=40.0
iter   605 | steps  19,824,640 | SPS     860 | r_p0 -0.257 r_p1 +0.748 | clip_frac 0.068 | KL 0.0058 | H_fire 0.096 H_ang 4.93 H_ship 2.18 | V_loss 0.0155 | LR 0.000027 | early_stop=0 | fire[0]=0.13 fire[rest_max]=0.20 srcs_multi=0.79 ship0=0.00 meanshipbin=6.4 avgfleet=21.3 p90fleet=42.0
iter   606 | steps  19,857,408 | SPS     858 | r_p0 -0.357 r_p1 +0.847 | clip_frac 0.068 | KL 0.0053 | H_fire 0.101 H_ang 4.93 H_ship 2.18 | V_loss 0.0190 | LR 0.000027 | early_stop=0 | fire[0]=0.13 fire[rest_max]=0.22 srcs_multi=0.82 ship0=0.00 meanshipbin=6.3 avgfleet=22.3 p90fleet=44.0
iter   607 | steps  19,890,176 | SPS     859 | r_p0 -0.365 r_p1 +0.859 | clip_frac 0.068 | KL 0.0059 | H_fire 0.099 H_ang 4.93 H_ship 2.18 | V_loss 0.0157 | LR 0.000027 | early_stop=0 | fire[0]=0.12 fire[rest_max]=0.20 srcs_multi=0.78 ship0=0.00 meanshipbin=6.5 avgfleet=21.6 p90fleet=42.0
iter   608 | steps  19,922,944 | SPS     859 | r_p0 -0.104 r_p1 +0.595 | clip_frac 0.068 | KL 0.0057 | H_fire 0.086 H_ang 4.93 H_ship 2.18 | V_loss 0.0180 | LR 0.000027 | early_stop=0 | fire[0]=0.11 fire[rest_max]=0.18 srcs_multi=0.69 ship0=0.00 meanshipbin=6.4 avgfleet=21.2 p90fleet=39.0
iter   609 | steps  19,955,712 | SPS     859 | r_p0 +0.197 r_p1 +0.294 | clip_frac 0.068 | KL 0.0052 | H_fire 0.080 H_ang 4.93 H_ship 2.19 | V_loss 0.0168 | LR 0.000027 | early_stop=0 | fire[0]=0.10 fire[rest_max]=0.16 srcs_multi=0.58 ship0=0.00 meanshipbin=6.4 avgfleet=22.4 p90fleet=42.0
iter   610 | steps  19,988,480 | SPS     859 | r_p0 +0.160 r_p1 +0.336 | clip_frac 0.067 | KL 0.0048 | H_fire 0.080 H_ang 4.93 H_ship 2.19 | V_loss 0.0155 | LR 0.000027 | early_stop=0 | fire[0]=0.10 fire[rest_max]=0.16 srcs_multi=0.66 ship0=0.00 meanshipbin=6.4 avgfleet=21.7 p90fleet=42.0
iter   611 | steps  20,021,248 | SPS     860 | r_p0 -0.203 r_p1 +0.695 | clip_frac 0.067 | KL 0.0060 | H_fire 0.085 H_ang 4.93 H_ship 2.18 | V_loss 0.0176 | LR 0.000027 | early_stop=0 | fire[0]=0.12 fire[rest_max]=0.19 srcs_multi=0.78 ship0=0.00 meanshipbin=6.5 avgfleet=20.9 p90fleet=39.0
iter   612 | steps  20,054,016 | SPS     860 | r_p0 -0.128 r_p1 +0.615 | clip_frac 0.067 | KL 0.0047 | H_fire 0.076 H_ang 4.93 H_ship 2.18 | V_loss 0.0194 | LR 0.000027 | early_stop=0 | fire[0]=0.11 fire[rest_max]=0.16 srcs_multi=0.62 ship0=0.00 meanshipbin=6.4 avgfleet=21.9 p90fleet=40.0
iter   613 | steps  20,086,784 | SPS     860 | r_p0 +0.354 r_p1 +0.128 | clip_frac 0.067 | KL 0.0057 | H_fire 0.086 H_ang 4.93 H_ship 2.18 | V_loss 0.0192 | LR 0.000027 | early_stop=0 | fire[0]=0.11 fire[rest_max]=0.18 srcs_multi=0.73 ship0=0.00 meanshipbin=6.3 avgfleet=21.3 p90fleet=40.0
iter   614 | steps  20,119,552 | SPS     860 | r_p0 +0.404 r_p1 +0.081 | clip_frac 0.067 | KL 0.0048 | H_fire 0.090 H_ang 4.93 H_ship 2.18 | V_loss 0.0200 | LR 0.000027 | early_stop=0 | fire[0]=0.12 fire[rest_max]=0.21 srcs_multi=0.79 ship0=0.00 meanshipbin=6.3 avgfleet=20.1 p90fleet=38.0
iter   615 | steps  20,152,320 | SPS     861 | r_p0 +0.421 r_p1 +0.070 | clip_frac 0.067 | KL 0.0052 | H_fire 0.069 H_ang 4.93 H_ship 2.19 | V_loss 0.0190 | LR 0.000027 | early_stop=0 | fire[0]=0.10 fire[rest_max]=0.14 srcs_multi=0.54 ship0=0.00 meanshipbin=6.5 avgfleet=22.8 p90fleet=43.0
iter   616 | steps  20,185,088 | SPS     861 | r_p0 +0.260 r_p1 +0.234 | clip_frac 0.067 | KL 0.0039 | H_fire 0.081 H_ang 4.93 H_ship 2.18 | V_loss 0.0195 | LR 0.000027 | early_stop=0 | fire[0]=0.12 fire[rest_max]=0.18 srcs_multi=0.73 ship0=0.00 meanshipbin=6.3 avgfleet=20.8 p90fleet=38.0
iter   617 | steps  20,217,856 | SPS     861 | r_p0 +0.175 r_p1 +0.317 | clip_frac 0.066 | KL 0.0054 | H_fire 0.085 H_ang 4.93 H_ship 2.18 | V_loss 0.0165 | LR 0.000027 | early_stop=0 | fire[0]=0.12 fire[rest_max]=0.18 srcs_multi=0.75 ship0=0.00 meanshipbin=6.3 avgfleet=21.1 p90fleet=39.0
iter   618 | steps  20,250,624 | SPS     861 | r_p0 +0.322 r_p1 +0.166 | clip_frac 0.066 | KL 0.0043 | H_fire 0.087 H_ang 4.93 H_ship 2.18 | V_loss 0.0191 | LR 0.000027 | early_stop=0 | fire[0]=0.11 fire[rest_max]=0.18 srcs_multi=0.71 ship0=0.00 meanshipbin=6.3 avgfleet=21.1 p90fleet=39.0
iter   619 | steps  20,283,392 | SPS     861 | r_p0 +0.421 r_p1 +0.069 | clip_frac 0.066 | KL 0.0042 | H_fire 0.088 H_ang 4.93 H_ship 2.17 | V_loss 0.0179 | LR 0.000027 | early_stop=0 | fire[0]=0.12 fire[rest_max]=0.19 srcs_multi=0.76 ship0=0.00 meanshipbin=6.3 avgfleet=21.4 p90fleet=40.0
iter   620 | steps  20,316,160 | SPS     860 | r_p0 +0.383 r_p1 +0.108 | clip_frac 0.065 | KL 0.0051 | H_fire 0.078 H_ang 4.93 H_ship 2.17 | V_loss 0.0170 | LR 0.000027 | early_stop=0 | fire[0]=0.10 fire[rest_max]=0.18 srcs_multi=0.65 ship0=0.00 meanshipbin=6.4 avgfleet=25.6 p90fleet=49.0
  pool snapshot @ step 20,316,160
  pool size=22  alpha=2.0
    self                 self_step_19300352             wr=0.33 (n=421)  pfsp_w=0.442
    external_heuristic   candidate_zach_public          wr=0.49 (n=5091)  pfsp_w=0.260
    self                 self_step_20316160             wr=0.50 (n=0)  pfsp_w=0.250
    self                 self_step_3047424              wr=0.51 (n=3045)  pfsp_w=0.243
    self                 self_step_13205504             wr=0.51 (n=919)  pfsp_w=0.240
    self                 self_step_10158080             wr=0.51 (n=1541)  pfsp_w=0.239
    self                 self_step_11173888             wr=0.52 (n=1123)  pfsp_w=0.231
    external_heuristic   candidate_hellburner           wr=0.53 (n=4061)  pfsp_w=0.223
iter   621 | steps  20,348,928 | SPS     860 | r_p0 +0.148 r_p1 +0.346 | clip_frac 0.065 | KL 0.0054 | H_fire 0.081 H_ang 4.93 H_ship 2.18 | V_loss 0.0153 | LR 0.000027 | early_stop=0 | fire[0]=0.10 fire[rest_max]=0.17 srcs_multi=0.67 ship0=0.00 meanshipbin=6.3 avgfleet=23.0 p90fleet=45.0
iter   622 | steps  20,381,696 | SPS     860 | r_p0 +0.110 r_p1 +0.384 | clip_frac 0.065 | KL 0.0053 | H_fire 0.087 H_ang 4.93 H_ship 2.18 | V_loss 0.0151 | LR 0.000027 | early_stop=0 | fire[0]=0.10 fire[rest_max]=0.18 srcs_multi=0.69 ship0=0.00 meanshipbin=6.4 avgfleet=23.2 p90fleet=44.0
iter   623 | steps  20,414,464 | SPS     860 | r_p0 -0.044 r_p1 +0.533 | clip_frac 0.065 | KL 0.0062 | H_fire 0.089 H_ang 4.93 H_ship 2.17 | V_loss 0.0167 | LR 0.000027 | early_stop=0 | fire[0]=0.11 fire[rest_max]=0.17 srcs_multi=0.68 ship0=0.00 meanshipbin=6.5 avgfleet=23.0 p90fleet=44.0
iter   624 | steps  20,447,232 | SPS     858 | r_p0 -0.046 r_p1 +0.531 | clip_frac 0.064 | KL 0.0054 | H_fire 0.081 H_ang 4.93 H_ship 2.18 | V_loss 0.0178 | LR 0.000027 | early_stop=0 | fire[0]=0.10 fire[rest_max]=0.16 srcs_multi=0.63 ship0=0.00 meanshipbin=6.4 avgfleet=24.4 p90fleet=46.0
iter   625 | steps  20,480,000 | SPS     859 | r_p0 +0.029 r_p1 +0.457 | clip_frac 0.065 | KL 0.0050 | H_fire 0.083 H_ang 4.93 H_ship 2.18 | V_loss 0.0170 | LR 0.000027 | early_stop=0 | fire[0]=0.10 fire[rest_max]=0.15 srcs_multi=0.57 ship0=0.00 meanshipbin=6.6 avgfleet=24.7 p90fleet=46.0
iter   626 | steps  20,512,768 | SPS     859 | r_p0 -0.084 r_p1 +0.566 | clip_frac 0.064 | KL 0.0054 | H_fire 0.078 H_ang 4.93 H_ship 2.18 | V_loss 0.0192 | LR 0.000027 | early_stop=0 | fire[0]=0.11 fire[rest_max]=0.16 srcs_multi=0.60 ship0=0.00 meanshipbin=6.5 avgfleet=22.5 p90fleet=41.0
iter   627 | steps  20,545,536 | SPS     859 | r_p0 -0.098 r_p1 +0.581 | clip_frac 0.064 | KL 0.0050 | H_fire 0.067 H_ang 4.93 H_ship 2.18 | V_loss 0.0211 | LR 0.000027 | early_stop=0 | fire[0]=0.11 fire[rest_max]=0.16 srcs_multi=0.61 ship0=0.00 meanshipbin=6.4 avgfleet=22.9 p90fleet=42.0
iter   628 | steps  20,578,304 | SPS     859 | r_p0 +0.073 r_p1 +0.423 | clip_frac 0.064 | KL 0.0074 | H_fire 0.073 H_ang 4.93 H_ship 2.18 | V_loss 0.0186 | LR 0.000027 | early_stop=0 | fire[0]=0.10 fire[rest_max]=0.16 srcs_multi=0.61 ship0=0.00 meanshipbin=6.5 avgfleet=22.7 p90fleet=42.0
iter   629 | steps  20,611,072 | SPS     860 | r_p0 -0.104 r_p1 +0.595 | clip_frac 0.064 | KL 0.0045 | H_fire 0.076 H_ang 4.93 H_ship 2.17 | V_loss 0.0176 | LR 0.000027 | early_stop=0 | fire[0]=0.11 fire[rest_max]=0.17 srcs_multi=0.68 ship0=0.00 meanshipbin=6.4 avgfleet=23.6 p90fleet=46.0
iter   630 | steps  20,643,840 | SPS     860 | r_p0 -0.242 r_p1 +0.725 | clip_frac 0.064 | KL 0.0070 | H_fire 0.080 H_ang 4.93 H_ship 2.19 | V_loss 0.0184 | LR 0.000027 | early_stop=0 | fire[0]=0.11 fire[rest_max]=0.18 srcs_multi=0.63 ship0=0.00 meanshipbin=6.5 avgfleet=21.2 p90fleet=40.0
iter   631 | steps  20,676,608 | SPS     860 | r_p0 -0.244 r_p1 +0.731 | clip_frac 0.064 | KL 0.0052 | H_fire 0.067 H_ang 4.93 H_ship 2.18 | V_loss 0.0222 | LR 0.000027 | early_stop=0 | fire[0]=0.11 fire[rest_max]=0.16 srcs_multi=0.59 ship0=0.00 meanshipbin=6.5 avgfleet=22.4 p90fleet=41.0
iter   632 | steps  20,709,376 | SPS     860 | r_p0 +0.011 r_p1 +0.484 | clip_frac 0.064 | KL 0.0057 | H_fire 0.076 H_ang 4.93 H_ship 2.18 | V_loss 0.0193 | LR 0.000027 | early_stop=0 | fire[0]=0.10 fire[rest_max]=0.17 srcs_multi=0.63 ship0=0.00 meanshipbin=6.5 avgfleet=23.2 p90fleet=44.0
iter   633 | steps  20,742,144 | SPS     861 | r_p0 +0.060 r_p1 +0.434 | clip_frac 0.064 | KL 0.0051 | H_fire 0.077 H_ang 4.93 H_ship 2.18 | V_loss 0.0188 | LR 0.000027 | early_stop=0 | fire[0]=0.11 fire[rest_max]=0.18 srcs_multi=0.69 ship0=0.00 meanshipbin=6.4 avgfleet=21.6 p90fleet=40.0
iter   634 | steps  20,774,912 | SPS     861 | r_p0 +0.161 r_p1 +0.331 | clip_frac 0.064 | KL 0.0073 | H_fire 0.076 H_ang 4.93 H_ship 2.18 | V_loss 0.0197 | LR 0.000027 | early_stop=0 | fire[0]=0.11 fire[rest_max]=0.17 srcs_multi=0.67 ship0=0.00 meanshipbin=6.4 avgfleet=22.5 p90fleet=41.0
iter   635 | steps  20,807,680 | SPS     861 | r_p0 +0.134 r_p1 +0.357 | clip_frac 0.064 | KL 0.0051 | H_fire 0.071 H_ang 4.93 H_ship 2.18 | V_loss 0.0193 | LR 0.000027 | early_stop=0 | fire[0]=0.10 fire[rest_max]=0.17 srcs_multi=0.60 ship0=0.00 meanshipbin=6.5 avgfleet=23.1 p90fleet=43.0
iter   636 | steps  20,840,448 | SPS     861 | r_p0 -0.015 r_p1 +0.508 | clip_frac 0.063 | KL 0.0066 | H_fire 0.078 H_ang 4.93 H_ship 2.18 | V_loss 0.0196 | LR 0.000027 | early_stop=0 | fire[0]=0.10 fire[rest_max]=0.18 srcs_multi=0.66 ship0=0.00 meanshipbin=6.3 avgfleet=21.8 p90fleet=40.0
iter   637 | steps  20,873,216 | SPS     862 | r_p0 -0.139 r_p1 +0.634 | clip_frac 0.064 | KL 0.0055 | H_fire 0.072 H_ang 4.93 H_ship 2.18 | V_loss 0.0175 | LR 0.000027 | early_stop=0 | fire[0]=0.10 fire[rest_max]=0.17 srcs_multi=0.64 ship0=0.00 meanshipbin=6.4 avgfleet=23.0 p90fleet=43.0
iter   638 | steps  20,905,984 | SPS     862 | r_p0 +0.022 r_p1 +0.472 | clip_frac 0.063 | KL 0.0049 | H_fire 0.071 H_ang 4.93 H_ship 2.18 | V_loss 0.0182 | LR 0.000027 | early_stop=0 | fire[0]=0.10 fire[rest_max]=0.16 srcs_multi=0.64 ship0=0.00 meanshipbin=6.4 avgfleet=23.1 p90fleet=42.0
iter   639 | steps  20,938,752 | SPS     862 | r_p0 -0.242 r_p1 +0.736 | clip_frac 0.063 | KL 0.0050 | H_fire 0.067 H_ang 4.93 H_ship 2.18 | V_loss 0.0215 | LR 0.000027 | early_stop=0 | fire[0]=0.10 fire[rest_max]=0.15 srcs_multi=0.61 ship0=0.00 meanshipbin=6.4 avgfleet=23.5 p90fleet=43.0
iter   640 | steps  20,971,520 | SPS     862 | r_p0 -0.104 r_p1 +0.596 | clip_frac 0.063 | KL 0.0066 | H_fire 0.070 H_ang 4.93 H_ship 2.18 | V_loss 0.0198 | LR 0.000027 | early_stop=0 | fire[0]=0.10 fire[rest_max]=0.16 srcs_multi=0.63 ship0=0.00 meanshipbin=6.4 avgfleet=25.1 p90fleet=47.0
iter   641 | steps  21,004,288 | SPS     863 | r_p0 -0.140 r_p1 +0.634 | clip_frac 0.063 | KL 0.0048 | H_fire 0.071 H_ang 4.93 H_ship 2.18 | V_loss 0.0175 | LR 0.000027 | early_stop=0 | fire[0]=0.10 fire[rest_max]=0.15 srcs_multi=0.56 ship0=0.00 meanshipbin=6.5 avgfleet=23.5 p90fleet=43.0
iter   642 | steps  21,037,056 | SPS     863 | r_p0 -0.160 r_p1 +0.643 | clip_frac 0.063 | KL 0.0050 | H_fire 0.074 H_ang 4.93 H_ship 2.18 | V_loss 0.0186 | LR 0.000027 | early_stop=0 | fire[0]=0.10 fire[rest_max]=0.16 srcs_multi=0.63 ship0=0.00 meanshipbin=6.5 avgfleet=23.7 p90fleet=44.0
iter   643 | steps  21,069,824 | SPS     863 | r_p0 -0.178 r_p1 +0.672 | clip_frac 0.063 | KL 0.0067 | H_fire 0.077 H_ang 4.93 H_ship 2.18 | V_loss 0.0170 | LR 0.000027 | early_stop=0 | fire[0]=0.11 fire[rest_max]=0.17 srcs_multi=0.71 ship0=0.00 meanshipbin=6.4 avgfleet=23.4 p90fleet=44.0
iter   644 | steps  21,102,592 | SPS     863 | r_p0 -0.401 r_p1 +0.898 | clip_frac 0.063 | KL 0.0045 | H_fire 0.062 H_ang 4.93 H_ship 2.19 | V_loss 0.0195 | LR 0.000027 | early_stop=0 | fire[0]=0.10 fire[rest_max]=0.16 srcs_multi=0.58 ship0=0.00 meanshipbin=6.5 avgfleet=22.9 p90fleet=42.0
  saved checkpoints/torch_step_21102592_20260525_184201.pt
  saved checkpoints/pool_step_21102592_20260525_184201.pt (22 members)
iter   645 | steps  21,135,360 | SPS     863 | r_p0 -0.191 r_p1 +0.682 | clip_frac 0.063 | KL 0.0071 | H_fire 0.073 H_ang 4.93 H_ship 2.17 | V_loss 0.0212 | LR 0.000027 | early_stop=0 | fire[0]=0.10 fire[rest_max]=0.17 srcs_multi=0.67 ship0=0.00 meanshipbin=6.4 avgfleet=24.4 p90fleet=45.0
iter   646 | steps  21,168,128 | SPS     863 | r_p0 -0.082 r_p1 +0.571 | clip_frac 0.063 | KL 0.0054 | H_fire 0.070 H_ang 4.93 H_ship 2.17 | V_loss 0.0222 | LR 0.000027 | early_stop=0 | fire[0]=0.12 fire[rest_max]=0.19 srcs_multi=0.77 ship0=0.00 meanshipbin=6.3 avgfleet=22.5 p90fleet=40.0
iter   647 | steps  21,200,896 | SPS     864 | r_p0 -0.039 r_p1 +0.534 | clip_frac 0.063 | KL 0.0053 | H_fire 0.068 H_ang 4.93 H_ship 2.17 | V_loss 0.0205 | LR 0.000027 | early_stop=0 | fire[0]=0.12 fire[rest_max]=0.19 srcs_multi=0.72 ship0=0.00 meanshipbin=6.5 avgfleet=23.5 p90fleet=45.0
iter   648 | steps  21,233,664 | SPS     864 | r_p0 -0.175 r_p1 +0.673 | clip_frac 0.063 | KL 0.0050 | H_fire 0.063 H_ang 4.93 H_ship 2.18 | V_loss 0.0213 | LR 0.000027 | early_stop=0 | fire[0]=0.10 fire[rest_max]=0.16 srcs_multi=0.64 ship0=0.00 meanshipbin=6.3 avgfleet=23.4 p90fleet=42.0
iter   649 | steps  21,266,432 | SPS     864 | r_p0 +0.023 r_p1 +0.473 | clip_frac 0.063 | KL 0.0070 | H_fire 0.073 H_ang 4.93 H_ship 2.18 | V_loss 0.0183 | LR 0.000027 | early_stop=0 | fire[0]=0.11 fire[rest_max]=0.19 srcs_multi=0.75 ship0=0.00 meanshipbin=6.3 avgfleet=22.0 p90fleet=40.0
iter   650 | steps  21,299,200 | SPS     864 | r_p0 +0.148 r_p1 +0.348 | clip_frac 0.063 | KL 0.0102 | H_fire 0.072 H_ang 4.93 H_ship 2.18 | V_loss 0.0200 | LR 0.000027 | early_stop=0 | fire[0]=0.10 fire[rest_max]=0.16 srcs_multi=0.61 ship0=0.00 meanshipbin=6.5 avgfleet=23.3 p90fleet=43.0
iter   651 | steps  21,331,968 | SPS     865 | r_p0 +0.111 r_p1 +0.385 | clip_frac 0.063 | KL 0.0055 | H_fire 0.070 H_ang 4.93 H_ship 2.18 | V_loss 0.0196 | LR 0.000027 | early_stop=0 | fire[0]=0.10 fire[rest_max]=0.17 srcs_multi=0.62 ship0=0.00 meanshipbin=6.5 avgfleet=24.5 p90fleet=46.0
  pool snapshot @ step 21,331,968
  pool size=22  alpha=2.0
    self                 self_step_19300352             wr=0.39 (n=487)  pfsp_w=0.377
    self                 self_step_20316160             wr=0.40 (n=295)  pfsp_w=0.360
    self                 self_step_13205504             wr=0.48 (n=1021)  pfsp_w=0.275
    external_heuristic   candidate_zach_public          wr=0.49 (n=5177)  pfsp_w=0.262
    self                 self_step_21331968             wr=0.50 (n=0)  pfsp_w=0.250
    self                 self_step_11173888             wr=0.51 (n=1252)  pfsp_w=0.242
    self                 self_step_3047424              wr=0.51 (n=3149)  pfsp_w=0.238
    self                 self_step_10158080             wr=0.52 (n=1648)  pfsp_w=0.235
iter   652 | steps  21,364,736 | SPS     863 | r_p0 +0.161 r_p1 +0.332 | clip_frac 0.063 | KL 0.0075 | H_fire 0.077 H_ang 4.93 H_ship 2.18 | V_loss 0.0211 | LR 0.000027 | early_stop=0 | fire[0]=0.11 fire[rest_max]=0.19 srcs_multi=0.71 ship0=0.00 meanshipbin=6.2 avgfleet=24.1 p90fleet=44.0
iter   653 | steps  21,397,504 | SPS     863 | r_p0 +0.024 r_p1 +0.471 | clip_frac 0.063 | KL 0.0049 | H_fire 0.069 H_ang 4.93 H_ship 2.18 | V_loss 0.0163 | LR 0.000027 | early_stop=0 | fire[0]=0.10 fire[rest_max]=0.14 srcs_multi=0.62 ship0=0.00 meanshipbin=6.5 avgfleet=24.2 p90fleet=45.0
iter   654 | steps  21,430,272 | SPS     863 | r_p0 -0.116 r_p1 +0.607 | clip_frac 0.064 | KL 0.0065 | H_fire 0.073 H_ang 4.93 H_ship 2.18 | V_loss 0.0183 | LR 0.000027 | early_stop=0 | fire[0]=0.11 fire[rest_max]=0.15 srcs_multi=0.68 ship0=0.00 meanshipbin=6.5 avgfleet=24.2 p90fleet=45.0
iter   655 | steps  21,463,040 | SPS     863 | r_p0 -0.194 r_p1 +0.681 | clip_frac 0.064 | KL 0.0062 | H_fire 0.063 H_ang 4.93 H_ship 2.18 | V_loss 0.0222 | LR 0.000027 | early_stop=0 | fire[0]=0.11 fire[rest_max]=0.17 srcs_multi=0.61 ship0=0.00 meanshipbin=6.5 avgfleet=23.2 p90fleet=43.0
iter   656 | steps  21,495,808 | SPS     864 | r_p0 -0.265 r_p1 +0.760 | clip_frac 0.064 | KL 0.0055 | H_fire 0.072 H_ang 4.93 H_ship 2.18 | V_loss 0.0182 | LR 0.000027 | early_stop=0 | fire[0]=0.10 fire[rest_max]=0.17 srcs_multi=0.66 ship0=0.00 meanshipbin=6.5 avgfleet=24.2 p90fleet=45.0
iter   657 | steps  21,528,576 | SPS     864 | r_p0 -0.050 r_p1 +0.546 | clip_frac 0.064 | KL 0.0055 | H_fire 0.063 H_ang 4.93 H_ship 2.19 | V_loss 0.0201 | LR 0.000027 | early_stop=0 | fire[0]=0.10 fire[rest_max]=0.16 srcs_multi=0.64 ship0=0.00 meanshipbin=6.4 avgfleet=22.7 p90fleet=41.0
iter   658 | steps  21,561,344 | SPS     864 | r_p0 +0.004 r_p1 +0.477 | clip_frac 0.063 | KL 0.0051 | H_fire 0.063 H_ang 4.93 H_ship 2.19 | V_loss 0.0228 | LR 0.000027 | early_stop=0 | fire[0]=0.11 fire[rest_max]=0.17 srcs_multi=0.66 ship0=0.00 meanshipbin=6.4 avgfleet=22.4 p90fleet=41.0
iter   659 | steps  21,594,112 | SPS     864 | r_p0 +0.174 r_p1 +0.320 | clip_frac 0.063 | KL 0.0049 | H_fire 0.068 H_ang 4.93 H_ship 2.18 | V_loss 0.0217 | LR 0.000027 | early_stop=0 | fire[0]=0.11 fire[rest_max]=0.17 srcs_multi=0.64 ship0=0.00 meanshipbin=6.6 avgfleet=22.8 p90fleet=43.0
iter   660 | steps  21,626,880 | SPS     865 | r_p0 +0.297 r_p1 +0.198 | clip_frac 0.063 | KL 0.0057 | H_fire 0.063 H_ang 4.93 H_ship 2.18 | V_loss 0.0213 | LR 0.000027 | early_stop=0 | fire[0]=0.11 fire[rest_max]=0.17 srcs_multi=0.69 ship0=0.00 meanshipbin=6.5 avgfleet=23.7 p90fleet=44.0
iter   661 | steps  21,659,648 | SPS     865 | r_p0 +0.246 r_p1 +0.248 | clip_frac 0.064 | KL 0.0057 | H_fire 0.067 H_ang 4.93 H_ship 2.18 | V_loss 0.0220 | LR 0.000027 | early_stop=0 | fire[0]=0.11 fire[rest_max]=0.17 srcs_multi=0.71 ship0=0.00 meanshipbin=6.4 avgfleet=22.1 p90fleet=41.0
iter   662 | steps  21,692,416 | SPS     863 | r_p0 +0.006 r_p1 +0.486 | clip_frac 0.064 | KL 0.0064 | H_fire 0.079 H_ang 4.92 H_ship 2.17 | V_loss 0.0169 | LR 0.000027 | early_stop=0 | fire[0]=0.11 fire[rest_max]=0.18 srcs_multi=0.73 ship0=0.00 meanshipbin=6.5 avgfleet=24.4 p90fleet=46.0
iter   663 | steps  21,725,184 | SPS     863 | r_p0 -0.066 r_p1 +0.558 | clip_frac 0.064 | KL 0.0058 | H_fire 0.089 H_ang 4.93 H_ship 2.17 | V_loss 0.0184 | LR 0.000027 | early_stop=0 | fire[0]=0.12 fire[rest_max]=0.18 srcs_multi=0.76 ship0=0.00 meanshipbin=6.5 avgfleet=22.8 p90fleet=41.0
iter   664 | steps  21,757,952 | SPS     863 | r_p0 +0.194 r_p1 +0.299 | clip_frac 0.064 | KL 0.0051 | H_fire 0.084 H_ang 4.93 H_ship 2.18 | V_loss 0.0191 | LR 0.000027 | early_stop=0 | fire[0]=0.11 fire[rest_max]=0.16 srcs_multi=0.69 ship0=0.00 meanshipbin=6.5 avgfleet=22.3 p90fleet=40.0
iter   665 | steps  21,790,720 | SPS     864 | r_p0 +0.319 r_p1 +0.172 | clip_frac 0.064 | KL 0.0062 | H_fire 0.080 H_ang 4.92 H_ship 2.17 | V_loss 0.0201 | LR 0.000027 | early_stop=0 | fire[0]=0.12 fire[rest_max]=0.17 srcs_multi=0.73 ship0=0.00 meanshipbin=6.4 avgfleet=22.0 p90fleet=39.0
iter   666 | steps  21,823,488 | SPS     864 | r_p0 +0.306 r_p1 +0.184 | clip_frac 0.065 | KL 0.0060 | H_fire 0.079 H_ang 4.92 H_ship 2.18 | V_loss 0.0223 | LR 0.000027 | early_stop=0 | fire[0]=0.12 fire[rest_max]=0.18 srcs_multi=0.74 ship0=0.00 meanshipbin=6.4 avgfleet=21.8 p90fleet=40.0
iter   667 | steps  21,856,256 | SPS     864 | r_p0 +0.095 r_p1 +0.394 | clip_frac 0.065 | KL 0.0067 | H_fire 0.068 H_ang 4.93 H_ship 2.18 | V_loss 0.0224 | LR 0.000027 | early_stop=0 | fire[0]=0.12 fire[rest_max]=0.18 srcs_multi=0.73 ship0=0.00 meanshipbin=6.4 avgfleet=21.9 p90fleet=40.0
iter   668 | steps  21,889,024 | SPS     864 | r_p0 +0.357 r_p1 +0.134 | clip_frac 0.065 | KL 0.0063 | H_fire 0.076 H_ang 4.92 H_ship 2.18 | V_loss 0.0211 | LR 0.000027 | early_stop=0 | fire[0]=0.12 fire[rest_max]=0.18 srcs_multi=0.80 ship0=0.00 meanshipbin=6.4 avgfleet=22.4 p90fleet=41.0
iter   669 | steps  21,921,792 | SPS     864 | r_p0 +0.371 r_p1 +0.120 | clip_frac 0.066 | KL 0.0056 | H_fire 0.077 H_ang 4.93 H_ship 2.17 | V_loss 0.0203 | LR 0.000027 | early_stop=0 | fire[0]=0.12 fire[rest_max]=0.17 srcs_multi=0.75 ship0=0.00 meanshipbin=6.5 avgfleet=21.5 p90fleet=39.0
iter   670 | steps  21,954,560 | SPS     865 | r_p0 +0.372 r_p1 +0.120 | clip_frac 0.065 | KL 0.0052 | H_fire 0.065 H_ang 4.93 H_ship 2.18 | V_loss 0.0192 | LR 0.000027 | early_stop=0 | fire[0]=0.10 fire[rest_max]=0.16 srcs_multi=0.61 ship0=0.00 meanshipbin=6.6 avgfleet=23.6 p90fleet=44.0
iter   671 | steps  21,987,328 | SPS     865 | r_p0 +0.334 r_p1 +0.157 | clip_frac 0.066 | KL 0.0063 | H_fire 0.065 H_ang 4.93 H_ship 2.18 | V_loss 0.0216 | LR 0.000027 | early_stop=0 | fire[0]=0.10 fire[rest_max]=0.18 srcs_multi=0.66 ship0=0.00 meanshipbin=6.6 avgfleet=24.1 p90fleet=46.0
iter   672 | steps  22,020,096 | SPS     865 | r_p0 +0.185 r_p1 +0.308 | clip_frac 0.066 | KL 0.0059 | H_fire 0.071 H_ang 4.93 H_ship 2.18 | V_loss 0.0210 | LR 0.000027 | early_stop=0 | fire[0]=0.11 fire[rest_max]=0.17 srcs_multi=0.68 ship0=0.00 meanshipbin=6.5 avgfleet=22.0 p90fleet=40.0
iter   673 | steps  22,052,864 | SPS     865 | r_p0 +0.132 r_p1 +0.358 | clip_frac 0.066 | KL 0.0057 | H_fire 0.071 H_ang 4.93 H_ship 2.18 | V_loss 0.0173 | LR 0.000027 | early_stop=0 | fire[0]=0.10 fire[rest_max]=0.17 srcs_multi=0.65 ship0=0.00 meanshipbin=6.6 avgfleet=22.2 p90fleet=42.0
iter   674 | steps  22,085,632 | SPS     865 | r_p0 +0.146 r_p1 +0.348 | clip_frac 0.066 | KL 0.0054 | H_fire 0.070 H_ang 4.93 H_ship 2.18 | V_loss 0.0191 | LR 0.000027 | early_stop=0 | fire[0]=0.11 fire[rest_max]=0.17 srcs_multi=0.66 ship0=0.00 meanshipbin=6.5 avgfleet=22.4 p90fleet=41.0
iter   675 | steps  22,118,400 | SPS     866 | r_p0 -0.215 r_p1 +0.711 | clip_frac 0.066 | KL 0.0062 | H_fire 0.073 H_ang 4.93 H_ship 2.18 | V_loss 0.0189 | LR 0.000027 | early_stop=0 | fire[0]=0.11 fire[rest_max]=0.18 srcs_multi=0.70 ship0=0.00 meanshipbin=6.5 avgfleet=23.2 p90fleet=44.0
iter   676 | steps  22,151,168 | SPS     866 | r_p0 -0.153 r_p1 +0.646 | clip_frac 0.066 | KL 0.0059 | H_fire 0.075 H_ang 4.93 H_ship 2.18 | V_loss 0.0185 | LR 0.000027 | early_stop=0 | fire[0]=0.11 fire[rest_max]=0.17 srcs_multi=0.70 ship0=0.00 meanshipbin=6.5 avgfleet=23.7 p90fleet=45.0
iter   677 | steps  22,183,936 | SPS     866 | r_p0 -0.240 r_p1 +0.732 | clip_frac 0.066 | KL 0.0056 | H_fire 0.077 H_ang 4.92 H_ship 2.17 | V_loss 0.0187 | LR 0.000027 | early_stop=0 | fire[0]=0.11 fire[rest_max]=0.18 srcs_multi=0.75 ship0=0.00 meanshipbin=6.5 avgfleet=23.5 p90fleet=44.0
iter   678 | steps  22,216,704 | SPS     866 | r_p0 -0.178 r_p1 +0.671 | clip_frac 0.066 | KL 0.0057 | H_fire 0.068 H_ang 4.93 H_ship 2.18 | V_loss 0.0189 | LR 0.000026 | early_stop=0 | fire[0]=0.11 fire[rest_max]=0.16 srcs_multi=0.65 ship0=0.00 meanshipbin=6.5 avgfleet=22.8 p90fleet=41.0
iter   679 | steps  22,249,472 | SPS     867 | r_p0 -0.226 r_p1 +0.718 | clip_frac 0.067 | KL 0.0065 | H_fire 0.067 H_ang 4.93 H_ship 2.18 | V_loss 0.0225 | LR 0.000026 | early_stop=0 | fire[0]=0.11 fire[rest_max]=0.17 srcs_multi=0.67 ship0=0.00 meanshipbin=6.5 avgfleet=23.3 p90fleet=42.0
iter   680 | steps  22,282,240 | SPS     867 | r_p0 +0.060 r_p1 +0.433 | clip_frac 0.067 | KL 0.0063 | H_fire 0.067 H_ang 4.93 H_ship 2.18 | V_loss 0.0214 | LR 0.000026 | early_stop=0 | fire[0]=0.11 fire[rest_max]=0.17 srcs_multi=0.71 ship0=0.00 meanshipbin=6.5 avgfleet=22.7 p90fleet=41.0
iter   681 | steps  22,315,008 | SPS     867 | r_p0 -0.015 r_p1 +0.505 | clip_frac 0.067 | KL 0.0090 | H_fire 0.067 H_ang 4.93 H_ship 2.18 | V_loss 0.0201 | LR 0.000026 | early_stop=0 | fire[0]=0.10 fire[rest_max]=0.16 srcs_multi=0.66 ship0=0.00 meanshipbin=6.6 avgfleet=24.4 p90fleet=46.0
iter   682 | steps  22,347,776 | SPS     867 | r_p0 +0.047 r_p1 +0.446 | clip_frac 0.067 | KL 0.0052 | H_fire 0.063 H_ang 4.93 H_ship 2.18 | V_loss 0.0227 | LR 0.000026 | early_stop=0 | fire[0]=0.11 fire[rest_max]=0.18 srcs_multi=0.66 ship0=0.00 meanshipbin=6.5 avgfleet=22.7 p90fleet=41.0
  pool snapshot @ step 22,347,776
  pool size=22  alpha=2.0
    self                 self_step_21331968             wr=0.36 (n=326)  pfsp_w=0.415
    self                 self_step_20316160             wr=0.39 (n=434)  pfsp_w=0.376
    self                 self_step_19300352             wr=0.41 (n=795)  pfsp_w=0.344
    external_heuristic   candidate_zach_public          wr=0.49 (n=5177)  pfsp_w=0.262
    self                 self_step_22347776             wr=0.50 (n=0)  pfsp_w=0.250
    self                 self_step_11173888             wr=0.51 (n=1252)  pfsp_w=0.242
    self                 self_step_13205504             wr=0.51 (n=1158)  pfsp_w=0.241
    self                 self_step_10158080             wr=0.52 (n=1874)  pfsp_w=0.227
iter   683 | steps  22,380,544 | SPS     867 | r_p0 +0.035 r_p1 +0.458 | clip_frac 0.067 | KL 0.0067 | H_fire 0.064 H_ang 4.93 H_ship 2.17 | V_loss 0.0212 | LR 0.000026 | early_stop=0 | fire[0]=0.11 fire[rest_max]=0.17 srcs_multi=0.71 ship0=0.00 meanshipbin=6.4 avgfleet=23.5 p90fleet=42.0
iter   684 | steps  22,413,312 | SPS     868 | r_p0 +0.309 r_p1 +0.181 | clip_frac 0.067 | KL 0.0065 | H_fire 0.071 H_ang 4.93 H_ship 2.17 | V_loss 0.0217 | LR 0.000026 | early_stop=0 | fire[0]=0.11 fire[rest_max]=0.17 srcs_multi=0.75 ship0=0.00 meanshipbin=6.4 avgfleet=22.6 p90fleet=41.0
iter   685 | steps  22,446,080 | SPS     868 | r_p0 +0.310 r_p1 +0.181 | clip_frac 0.068 | KL 0.0075 | H_fire 0.076 H_ang 4.93 H_ship 2.17 | V_loss 0.0195 | LR 0.000026 | early_stop=0 | fire[0]=0.12 fire[rest_max]=0.19 srcs_multi=0.82 ship0=0.00 meanshipbin=6.4 avgfleet=22.2 p90fleet=41.0
iter   686 | steps  22,478,848 | SPS     868 | r_p0 +0.436 r_p1 +0.059 | clip_frac 0.068 | KL 0.0060 | H_fire 0.080 H_ang 4.93 H_ship 2.16 | V_loss 0.0183 | LR 0.000026 | early_stop=0 | fire[0]=0.12 fire[rest_max]=0.19 srcs_multi=0.84 ship0=0.00 meanshipbin=6.5 avgfleet=22.4 p90fleet=41.0
iter   687 | steps  22,511,616 | SPS     868 | r_p0 +0.458 r_p1 +0.035 | clip_frac 0.068 | KL 0.0065 | H_fire 0.084 H_ang 4.93 H_ship 2.16 | V_loss 0.0210 | LR 0.000026 | early_stop=0 | fire[0]=0.12 fire[rest_max]=0.18 srcs_multi=0.81 ship0=0.00 meanshipbin=6.5 avgfleet=21.7 p90fleet=39.0
iter   688 | steps  22,544,384 | SPS     868 | r_p0 +0.369 r_p1 +0.121 | clip_frac 0.068 | KL 0.0063 | H_fire 0.059 H_ang 4.93 H_ship 2.18 | V_loss 0.0198 | LR 0.000026 | early_stop=0 | fire[0]=0.09 fire[rest_max]=0.16 srcs_multi=0.61 ship0=0.00 meanshipbin=6.7 avgfleet=25.4 p90fleet=47.0
iter   689 | steps  22,577,152 | SPS     869 | r_p0 +0.108 r_p1 +0.380 | clip_frac 0.068 | KL 0.0051 | H_fire 0.067 H_ang 4.93 H_ship 2.17 | V_loss 0.0203 | LR 0.000026 | early_stop=0 | fire[0]=0.10 fire[rest_max]=0.17 srcs_multi=0.66 ship0=0.00 meanshipbin=6.6 avgfleet=24.7 p90fleet=46.0
iter   690 | steps  22,609,920 | SPS     869 | r_p0 +0.009 r_p1 +0.482 | clip_frac 0.068 | KL 0.0058 | H_fire 0.066 H_ang 4.93 H_ship 2.17 | V_loss 0.0234 | LR 0.000026 | early_stop=0 | fire[0]=0.11 fire[rest_max]=0.17 srcs_multi=0.71 ship0=0.00 meanshipbin=6.7 avgfleet=24.9 p90fleet=46.0
iter   691 | steps  22,642,688 | SPS     869 | r_p0 +0.122 r_p1 +0.372 | clip_frac 0.069 | KL 0.0069 | H_fire 0.066 H_ang 4.93 H_ship 2.18 | V_loss 0.0214 | LR 0.000026 | early_stop=0 | fire[0]=0.11 fire[rest_max]=0.18 srcs_multi=0.70 ship0=0.00 meanshipbin=6.5 avgfleet=23.5 p90fleet=43.0
iter   692 | steps  22,675,456 | SPS     869 | r_p0 +0.121 r_p1 +0.371 | clip_frac 0.069 | KL 0.0051 | H_fire 0.071 H_ang 4.93 H_ship 2.17 | V_loss 0.0189 | LR 0.000026 | early_stop=0 | fire[0]=0.11 fire[rest_max]=0.19 srcs_multi=0.78 ship0=0.00 meanshipbin=6.4 avgfleet=22.0 p90fleet=40.0
iter   693 | steps  22,708,224 | SPS     869 | r_p0 +0.508 r_p1 -0.014 | clip_frac 0.069 | KL 0.0058 | H_fire 0.077 H_ang 4.93 H_ship 2.17 | V_loss 0.0209 | LR 0.000026 | early_stop=0 | fire[0]=0.12 fire[rest_max]=0.19 srcs_multi=0.79 ship0=0.00 meanshipbin=6.4 avgfleet=21.9 p90fleet=40.0
iter   694 | steps  22,740,992 | SPS     869 | r_p0 +0.485 r_p1 +0.009 | clip_frac 0.069 | KL 0.0050 | H_fire 0.055 H_ang 4.93 H_ship 2.18 | V_loss 0.0216 | LR 0.000026 | early_stop=0 | fire[0]=0.09 fire[rest_max]=0.15 srcs_multi=0.57 ship0=0.00 meanshipbin=6.7 avgfleet=25.6 p90fleet=47.0
iter   695 | steps  22,773,760 | SPS     870 | r_p0 +0.395 r_p1 +0.095 | clip_frac 0.069 | KL 0.0066 | H_fire 0.080 H_ang 4.93 H_ship 2.17 | V_loss 0.0250 | LR 0.000026 | early_stop=0 | fire[0]=0.12 fire[rest_max]=0.19 srcs_multi=0.81 ship0=0.00 meanshipbin=6.5 avgfleet=22.5 p90fleet=41.0
iter   696 | steps  22,806,528 | SPS     870 | r_p0 +0.275 r_p1 +0.218 | clip_frac 0.069 | KL 0.0055 | H_fire 0.064 H_ang 4.93 H_ship 2.17 | V_loss 0.0242 | LR 0.000026 | early_stop=0 | fire[0]=0.11 fire[rest_max]=0.19 srcs_multi=0.73 ship0=0.00 meanshipbin=6.7 avgfleet=24.9 p90fleet=46.0
iter   697 | steps  22,839,296 | SPS     870 | r_p0 +0.286 r_p1 +0.210 | clip_frac 0.069 | KL 0.0052 | H_fire 0.069 H_ang 4.93 H_ship 2.18 | V_loss 0.0234 | LR 0.000026 | early_stop=0 | fire[0]=0.11 fire[rest_max]=0.19 srcs_multi=0.72 ship0=0.00 meanshipbin=6.6 avgfleet=24.1 p90fleet=44.0
iter   698 | steps  22,872,064 | SPS     870 | r_p0 -0.014 r_p1 +0.511 | clip_frac 0.069 | KL 0.0060 | H_fire 0.067 H_ang 4.93 H_ship 2.18 | V_loss 0.0225 | LR 0.000026 | early_stop=0 | fire[0]=0.10 fire[rest_max]=0.18 srcs_multi=0.67 ship0=0.00 meanshipbin=6.6 avgfleet=24.0 p90fleet=45.0
iter   699 | steps  22,904,832 | SPS     870 | r_p0 +0.047 r_p1 +0.446 | clip_frac 0.069 | KL 0.0066 | H_fire 0.065 H_ang 4.93 H_ship 2.18 | V_loss 0.0215 | LR 0.000026 | early_stop=0 | fire[0]=0.10 fire[rest_max]=0.17 srcs_multi=0.68 ship0=0.00 meanshipbin=6.5 avgfleet=23.6 p90fleet=42.0
iter   700 | steps  22,937,600 | SPS     870 | r_p0 +0.244 r_p1 +0.250 | clip_frac 0.069 | KL 0.0062 | H_fire 0.070 H_ang 4.93 H_ship 2.17 | V_loss 0.0213 | LR 0.000026 | early_stop=0 | fire[0]=0.11 fire[rest_max]=0.18 srcs_multi=0.79 ship0=0.00 meanshipbin=6.4 avgfleet=22.5 p90fleet=41.0
iter   701 | steps  22,970,368 | SPS     871 | r_p0 +0.359 r_p1 +0.132 | clip_frac 0.069 | KL 0.0063 | H_fire 0.068 H_ang 4.93 H_ship 2.18 | V_loss 0.0212 | LR 0.000026 | early_stop=0 | fire[0]=0.11 fire[rest_max]=0.19 srcs_multi=0.75 ship0=0.00 meanshipbin=6.4 avgfleet=22.3 p90fleet=40.0
iter   702 | steps  23,003,136 | SPS     871 | r_p0 +0.223 r_p1 +0.270 | clip_frac 0.068 | KL 0.0053 | H_fire 0.060 H_ang 4.93 H_ship 2.18 | V_loss 0.0196 | LR 0.000026 | early_stop=0 | fire[0]=0.09 fire[rest_max]=0.17 srcs_multi=0.62 ship0=0.00 meanshipbin=6.6 avgfleet=23.9 p90fleet=44.0
iter   703 | steps  23,035,904 | SPS     871 | r_p0 +0.124 r_p1 +0.371 | clip_frac 0.069 | KL 0.0056 | H_fire 0.060 H_ang 4.93 H_ship 2.18 | V_loss 0.0175 | LR 0.000026 | early_stop=0 | fire[0]=0.10 fire[rest_max]=0.17 srcs_multi=0.65 ship0=0.00 meanshipbin=6.5 avgfleet=24.1 p90fleet=46.0
iter   704 | steps  23,068,672 | SPS     871 | r_p0 -0.176 r_p1 +0.668 | clip_frac 0.068 | KL 0.0048 | H_fire 0.065 H_ang 4.93 H_ship 2.18 | V_loss 0.0201 | LR 0.000026 | early_stop=0 | fire[0]=0.10 fire[rest_max]=0.16 srcs_multi=0.64 ship0=0.00 meanshipbin=6.5 avgfleet=22.8 p90fleet=41.0
iter   705 | steps  23,101,440 | SPS     871 | r_p0 +0.196 r_p1 +0.297 | clip_frac 0.068 | KL 0.0074 | H_fire 0.064 H_ang 4.93 H_ship 2.17 | V_loss 0.0247 | LR 0.000026 | early_stop=0 | fire[0]=0.10 fire[rest_max]=0.19 srcs_multi=0.71 ship0=0.00 meanshipbin=6.6 avgfleet=24.9 p90fleet=45.0
iter   706 | steps  23,134,208 | SPS     871 | r_p0 +0.174 r_p1 +0.324 | clip_frac 0.068 | KL 0.0052 | H_fire 0.067 H_ang 4.93 H_ship 2.18 | V_loss 0.0207 | LR 0.000026 | early_stop=0 | fire[0]=0.11 fire[rest_max]=0.19 srcs_multi=0.73 ship0=0.00 meanshipbin=6.5 avgfleet=23.3 p90fleet=43.0
iter   707 | steps  23,166,976 | SPS     870 | r_p0 +0.009 r_p1 +0.486 | clip_frac 0.068 | KL 0.0064 | H_fire 0.075 H_ang 4.93 H_ship 2.17 | V_loss 0.0180 | LR 0.000026 | early_stop=0 | fire[0]=0.11 fire[rest_max]=0.19 srcs_multi=0.76 ship0=0.00 meanshipbin=6.4 avgfleet=24.6 p90fleet=46.0
iter   708 | steps  23,199,744 | SPS     870 | r_p0 -0.205 r_p1 +0.698 | clip_frac 0.069 | KL 0.0072 | H_fire 0.069 H_ang 4.93 H_ship 2.18 | V_loss 0.0190 | LR 0.000026 | early_stop=0 | fire[0]=0.10 fire[rest_max]=0.17 srcs_multi=0.68 ship0=0.00 meanshipbin=6.4 avgfleet=23.9 p90fleet=43.0
iter   709 | steps  23,232,512 | SPS     870 | r_p0 +0.071 r_p1 +0.420 | clip_frac 0.069 | KL 0.0058 | H_fire 0.068 H_ang 4.93 H_ship 2.18 | V_loss 0.0190 | LR 0.000026 | early_stop=0 | fire[0]=0.10 fire[rest_max]=0.17 srcs_multi=0.67 ship0=0.00 meanshipbin=6.3 avgfleet=23.0 p90fleet=41.0
iter   710 | steps  23,265,280 | SPS     870 | r_p0 +0.121 r_p1 +0.372 | clip_frac 0.069 | KL 0.0055 | H_fire 0.067 H_ang 4.93 H_ship 2.18 | V_loss 0.0200 | LR 0.000026 | early_stop=0 | fire[0]=0.09 fire[rest_max]=0.15 srcs_multi=0.60 ship0=0.00 meanshipbin=6.6 avgfleet=24.5 p90fleet=45.0
iter   711 | steps  23,298,048 | SPS     871 | r_p0 -0.015 r_p1 +0.507 | clip_frac 0.069 | KL 0.0076 | H_fire 0.064 H_ang 4.93 H_ship 2.18 | V_loss 0.0202 | LR 0.000026 | early_stop=0 | fire[0]=0.09 fire[rest_max]=0.15 srcs_multi=0.64 ship0=0.00 meanshipbin=6.5 avgfleet=24.3 p90fleet=45.0
iter   712 | steps  23,330,816 | SPS     871 | r_p0 -0.242 r_p1 +0.733 | clip_frac 0.069 | KL 0.0060 | H_fire 0.067 H_ang 4.93 H_ship 2.18 | V_loss 0.0168 | LR 0.000026 | early_stop=0 | fire[0]=0.10 fire[rest_max]=0.16 srcs_multi=0.68 ship0=0.00 meanshipbin=6.4 avgfleet=23.8 p90fleet=45.0
iter   713 | steps  23,363,584 | SPS     871 | r_p0 -0.254 r_p1 +0.745 | clip_frac 0.069 | KL 0.0061 | H_fire 0.057 H_ang 4.93 H_ship 2.19 | V_loss 0.0207 | LR 0.000026 | early_stop=0 | fire[0]=0.09 fire[rest_max]=0.13 srcs_multi=0.54 ship0=0.00 meanshipbin=6.5 avgfleet=23.6 p90fleet=43.0
  pool snapshot @ step 23,363,584
  pool size=22  alpha=2.0
    self                 self_step_20316160             wr=0.41 (n=664)  pfsp_w=0.354
    self                 self_step_19300352             wr=0.45 (n=1008)  pfsp_w=0.303
    self                 self_step_21331968             wr=0.45 (n=545)  pfsp_w=0.303
    external_heuristic   candidate_zach_public          wr=0.49 (n=5424)  pfsp_w=0.264
    self                 self_step_13205504             wr=0.50 (n=1238)  pfsp_w=0.250
    self                 self_step_22347776             wr=0.50 (n=0)  pfsp_w=0.250
    self                 self_step_23363584             wr=0.50 (n=0)  pfsp_w=0.250
    self                 self_step_11173888             wr=0.51 (n=1252)  pfsp_w=0.242
iter   714 | steps  23,396,352 | SPS     871 | r_p0 -0.149 r_p1 +0.625 | clip_frac 0.069 | KL 0.0084 | H_fire 0.070 H_ang 4.93 H_ship 2.17 | V_loss 0.0225 | LR 0.000026 | early_stop=0 | fire[0]=0.10 fire[rest_max]=0.14 srcs_multi=0.61 ship0=0.00 meanshipbin=6.5 avgfleet=24.4 p90fleet=45.0
iter   715 | steps  23,429,120 | SPS     869 | r_p0 +0.089 r_p1 +0.392 | clip_frac 0.069 | KL 0.0061 | H_fire 0.074 H_ang 4.93 H_ship 2.18 | V_loss 0.0196 | LR 0.000026 | early_stop=0 | fire[0]=0.11 fire[rest_max]=0.18 srcs_multi=0.73 ship0=0.00 meanshipbin=6.1 avgfleet=23.5 p90fleet=42.0
iter   716 | steps  23,461,888 | SPS     870 | r_p0 +0.319 r_p1 +0.168 | clip_frac 0.069 | KL 0.0055 | H_fire 0.069 H_ang 4.93 H_ship 2.18 | V_loss 0.0169 | LR 0.000026 | early_stop=0 | fire[0]=0.09 fire[rest_max]=0.13 srcs_multi=0.60 ship0=0.00 meanshipbin=6.5 avgfleet=25.3 p90fleet=46.0
iter   717 | steps  23,494,656 | SPS     870 | r_p0 -0.115 r_p1 +0.608 | clip_frac 0.069 | KL 0.0065 | H_fire 0.075 H_ang 4.92 H_ship 2.17 | V_loss 0.0198 | LR 0.000026 | early_stop=0 | fire[0]=0.11 fire[rest_max]=0.17 srcs_multi=0.71 ship0=0.00 meanshipbin=6.5 avgfleet=25.8 p90fleet=47.0
iter   718 | steps  23,527,424 | SPS     870 | r_p0 -0.115 r_p1 +0.607 | clip_frac 0.068 | KL 0.0047 | H_fire 0.068 H_ang 4.93 H_ship 2.18 | V_loss 0.0195 | LR 0.000026 | early_stop=0 | fire[0]=0.10 fire[rest_max]=0.17 srcs_multi=0.70 ship0=0.00 meanshipbin=6.5 avgfleet=23.0 p90fleet=42.0
iter   719 | steps  23,560,192 | SPS     870 | r_p0 -0.006 r_p1 +0.494 | clip_frac 0.068 | KL 0.0058 | H_fire 0.069 H_ang 4.93 H_ship 2.18 | V_loss 0.0180 | LR 0.000026 | early_stop=0 | fire[0]=0.10 fire[rest_max]=0.17 srcs_multi=0.71 ship0=0.00 meanshipbin=6.4 avgfleet=23.0 p90fleet=43.0
iter   720 | steps  23,592,960 | SPS     870 | r_p0 -0.056 r_p1 +0.545 | clip_frac 0.069 | KL 0.0086 | H_fire 0.070 H_ang 4.93 H_ship 2.17 | V_loss 0.0201 | LR 0.000026 | early_stop=0 | fire[0]=0.11 fire[rest_max]=0.17 srcs_multi=0.71 ship0=0.00 meanshipbin=6.4 avgfleet=23.0 p90fleet=43.0
iter   721 | steps  23,625,728 | SPS     870 | r_p0 -0.095 r_p1 +0.581 | clip_frac 0.069 | KL 0.0062 | H_fire 0.068 H_ang 4.93 H_ship 2.18 | V_loss 0.0211 | LR 0.000026 | early_stop=0 | fire[0]=0.11 fire[rest_max]=0.18 srcs_multi=0.73 ship0=0.00 meanshipbin=6.2 avgfleet=21.8 p90fleet=40.0
iter   722 | steps  23,658,496 | SPS     871 | r_p0 +0.173 r_p1 +0.321 | clip_frac 0.068 | KL 0.0045 | H_fire 0.066 H_ang 4.93 H_ship 2.19 | V_loss 0.0195 | LR 0.000026 | early_stop=0 | fire[0]=0.10 fire[rest_max]=0.17 srcs_multi=0.63 ship0=0.00 meanshipbin=6.4 avgfleet=23.0 p90fleet=43.0
iter   723 | steps  23,691,264 | SPS     871 | r_p0 +0.161 r_p1 +0.335 | clip_frac 0.068 | KL 0.0055 | H_fire 0.063 H_ang 4.93 H_ship 2.18 | V_loss 0.0209 | LR 0.000026 | early_stop=0 | fire[0]=0.10 fire[rest_max]=0.15 srcs_multi=0.62 ship0=0.00 meanshipbin=6.4 avgfleet=23.8 p90fleet=45.0
iter   724 | steps  23,724,032 | SPS     871 | r_p0 -0.188 r_p1 +0.682 | clip_frac 0.069 | KL 0.0092 | H_fire 0.071 H_ang 4.93 H_ship 2.18 | V_loss 0.0182 | LR 0.000026 | early_stop=0 | fire[0]=0.11 fire[rest_max]=0.16 srcs_multi=0.67 ship0=0.00 meanshipbin=6.3 avgfleet=21.7 p90fleet=39.0
iter   725 | steps  23,756,800 | SPS     871 | r_p0 -0.189 r_p1 +0.681 | clip_frac 0.069 | KL 0.0056 | H_fire 0.074 H_ang 4.93 H_ship 2.18 | V_loss 0.0202 | LR 0.000026 | early_stop=0 | fire[0]=0.11 fire[rest_max]=0.18 srcs_multi=0.71 ship0=0.00 meanshipbin=6.4 avgfleet=21.9 p90fleet=42.0
iter   726 | steps  23,789,568 | SPS     871 | r_p0 +0.081 r_p1 +0.406 | clip_frac 0.069 | KL 0.0060 | H_fire 0.070 H_ang 4.93 H_ship 2.18 | V_loss 0.0204 | LR 0.000026 | early_stop=0 | fire[0]=0.10 fire[rest_max]=0.17 srcs_multi=0.68 ship0=0.00 meanshipbin=6.4 avgfleet=22.8 p90fleet=43.0
iter   727 | steps  23,822,336 | SPS     872 | r_p0 +0.082 r_p1 +0.407 | clip_frac 0.068 | KL 0.0044 | H_fire 0.076 H_ang 4.93 H_ship 2.18 | V_loss 0.0188 | LR 0.000026 | early_stop=0 | fire[0]=0.12 fire[rest_max]=0.18 srcs_multi=0.75 ship0=0.00 meanshipbin=6.1 avgfleet=21.0 p90fleet=38.0
iter   728 | steps  23,855,104 | SPS     870 | r_p0 +0.020 r_p1 +0.469 | clip_frac 0.068 | KL 0.0053 | H_fire 0.076 H_ang 4.93 H_ship 2.18 | V_loss 0.0197 | LR 0.000026 | early_stop=0 | fire[0]=0.11 fire[rest_max]=0.19 srcs_multi=0.79 ship0=0.00 meanshipbin=6.1 avgfleet=23.2 p90fleet=44.0
iter   729 | steps  23,887,872 | SPS     870 | r_p0 -0.152 r_p1 +0.642 | clip_frac 0.068 | KL 0.0061 | H_fire 0.080 H_ang 4.93 H_ship 2.18 | V_loss 0.0193 | LR 0.000026 | early_stop=0 | fire[0]=0.11 fire[rest_max]=0.20 srcs_multi=0.80 ship0=0.00 meanshipbin=6.2 avgfleet=23.1 p90fleet=41.0
iter   730 | steps  23,920,640 | SPS     870 | r_p0 -0.103 r_p1 +0.595 | clip_frac 0.069 | KL 0.0092 | H_fire 0.073 H_ang 4.93 H_ship 2.18 | V_loss 0.0220 | LR 0.000026 | early_stop=0 | fire[0]=0.12 fire[rest_max]=0.19 srcs_multi=0.77 ship0=0.00 meanshipbin=6.2 avgfleet=22.2 p90fleet=40.0
iter   731 | steps  23,953,408 | SPS     870 | r_p0 +0.023 r_p1 +0.473 | clip_frac 0.069 | KL 0.0058 | H_fire 0.082 H_ang 4.93 H_ship 2.18 | V_loss 0.0191 | LR 0.000026 | early_stop=0 | fire[0]=0.11 fire[rest_max]=0.19 srcs_multi=0.74 ship0=0.00 meanshipbin=6.3 avgfleet=22.7 p90fleet=43.0
iter   732 | steps  23,986,176 | SPS     870 | r_p0 -0.115 r_p1 +0.607 | clip_frac 0.069 | KL 0.0062 | H_fire 0.075 H_ang 4.93 H_ship 2.18 | V_loss 0.0182 | LR 0.000026 | early_stop=0 | fire[0]=0.10 fire[rest_max]=0.18 srcs_multi=0.71 ship0=0.00 meanshipbin=6.3 avgfleet=22.7 p90fleet=43.0
iter   733 | steps  24,018,944 | SPS     870 | r_p0 -0.054 r_p1 +0.548 | clip_frac 0.069 | KL 0.0055 | H_fire 0.079 H_ang 4.92 H_ship 2.18 | V_loss 0.0184 | LR 0.000026 | early_stop=0 | fire[0]=0.11 fire[rest_max]=0.18 srcs_multi=0.76 ship0=0.00 meanshipbin=6.3 avgfleet=22.0 p90fleet=41.0
iter   734 | steps  24,051,712 | SPS     870 | r_p0 -0.042 r_p1 +0.532 | clip_frac 0.068 | KL 0.0061 | H_fire 0.077 H_ang 4.93 H_ship 2.18 | V_loss 0.0177 | LR 0.000026 | early_stop=0 | fire[0]=0.11 fire[rest_max]=0.19 srcs_multi=0.79 ship0=0.00 meanshipbin=6.1 avgfleet=20.5 p90fleet=37.0
iter   735 | steps  24,084,480 | SPS     871 | r_p0 +0.147 r_p1 +0.346 | clip_frac 0.068 | KL 0.0061 | H_fire 0.078 H_ang 4.93 H_ship 2.18 | V_loss 0.0178 | LR 0.000026 | early_stop=0 | fire[0]=0.12 fire[rest_max]=0.19 srcs_multi=0.81 ship0=0.00 meanshipbin=6.1 avgfleet=20.2 p90fleet=36.0
iter   736 | steps  24,117,248 | SPS     871 | r_p0 +0.223 r_p1 +0.269 | clip_frac 0.068 | KL 0.0054 | H_fire 0.063 H_ang 4.93 H_ship 2.19 | V_loss 0.0200 | LR 0.000026 | early_stop=0 | fire[0]=0.10 fire[rest_max]=0.17 srcs_multi=0.63 ship0=0.00 meanshipbin=6.4 avgfleet=22.8 p90fleet=42.0
  saved checkpoints/torch_step_24117248_20260525_184201.pt
  saved checkpoints/pool_step_24117248_20260525_184201.pt (22 members)
iter   737 | steps  24,150,016 | SPS     871 | r_p0 +0.143 r_p1 +0.344 | clip_frac 0.068 | KL 0.0052 | H_fire 0.062 H_ang 4.93 H_ship 2.19 | V_loss 0.0195 | LR 0.000026 | early_stop=0 | fire[0]=0.10 fire[rest_max]=0.17 srcs_multi=0.69 ship0=0.00 meanshipbin=6.3 avgfleet=22.4 p90fleet=42.0
iter   738 | steps  24,182,784 | SPS     871 | r_p0 -0.044 r_p1 +0.537 | clip_frac 0.068 | KL 0.0061 | H_fire 0.074 H_ang 4.93 H_ship 2.18 | V_loss 0.0182 | LR 0.000026 | early_stop=0 | fire[0]=0.12 fire[rest_max]=0.19 srcs_multi=0.80 ship0=0.00 meanshipbin=6.3 avgfleet=21.5 p90fleet=41.0
iter   739 | steps  24,215,552 | SPS     871 | r_p0 -0.303 r_p1 +0.796 | clip_frac 0.068 | KL 0.0072 | H_fire 0.083 H_ang 4.93 H_ship 2.18 | V_loss 0.0157 | LR 0.000026 | early_stop=0 | fire[0]=0.12 fire[rest_max]=0.19 srcs_multi=0.81 ship0=0.00 meanshipbin=6.4 avgfleet=21.8 p90fleet=41.0
iter   740 | steps  24,248,320 | SPS     872 | r_p0 -0.254 r_p1 +0.745 | clip_frac 0.068 | KL 0.0050 | H_fire 0.064 H_ang 4.93 H_ship 2.19 | V_loss 0.0189 | LR 0.000026 | early_stop=0 | fire[0]=0.11 fire[rest_max]=0.16 srcs_multi=0.66 ship0=0.00 meanshipbin=6.2 avgfleet=21.3 p90fleet=39.0
iter   741 | steps  24,281,088 | SPS     872 | r_p0 -0.194 r_p1 +0.682 | clip_frac 0.068 | KL 0.0084 | H_fire 0.079 H_ang 4.93 H_ship 2.19 | V_loss 0.0166 | LR 0.000026 | early_stop=0 | fire[0]=0.10 fire[rest_max]=0.17 srcs_multi=0.70 ship0=0.00 meanshipbin=6.4 avgfleet=21.5 p90fleet=40.0
iter   742 | steps  24,313,856 | SPS     872 | r_p0 -0.029 r_p1 +0.519 | clip_frac 0.068 | KL 0.0050 | H_fire 0.072 H_ang 4.93 H_ship 2.19 | V_loss 0.0177 | LR 0.000026 | early_stop=0 | fire[0]=0.10 fire[rest_max]=0.16 srcs_multi=0.70 ship0=0.00 meanshipbin=6.3 avgfleet=22.3 p90fleet=42.0
iter   743 | steps  24,346,624 | SPS     872 | r_p0 -0.289 r_p1 +0.779 | clip_frac 0.068 | KL 0.0054 | H_fire 0.083 H_ang 4.92 H_ship 2.18 | V_loss 0.0175 | LR 0.000026 | early_stop=0 | fire[0]=0.12 fire[rest_max]=0.19 srcs_multi=0.81 ship0=0.00 meanshipbin=6.4 avgfleet=21.2 p90fleet=40.0
iter   744 | steps  24,379,392 | SPS     871 | r_p0 -0.315 r_p1 +0.803 | clip_frac 0.068 | KL 0.0054 | H_fire 0.077 H_ang 4.93 H_ship 2.19 | V_loss 0.0188 | LR 0.000026 | early_stop=0 | fire[0]=0.12 fire[rest_max]=0.20 srcs_multi=0.78 ship0=0.00 meanshipbin=6.1 avgfleet=21.9 p90fleet=40.0
  pool snapshot @ step 24,379,392
  pool size=22  alpha=2.0
    self                 self_step_21331968             wr=0.47 (n=636)  pfsp_w=0.282
    self                 self_step_20316160             wr=0.47 (n=979)  pfsp_w=0.277
    self                 self_step_19300352             wr=0.49 (n=1240)  pfsp_w=0.264
    external_heuristic   candidate_zach_public          wr=0.49 (n=5646)  pfsp_w=0.263
    self                 self_step_13205504             wr=0.50 (n=1414)  pfsp_w=0.253
    self                 self_step_24379392             wr=0.50 (n=0)  pfsp_w=0.250
    self                 self_step_11173888             wr=0.52 (n=1327)  pfsp_w=0.234
    self                 self_step_10158080             wr=0.52 (n=2061)  pfsp_w=0.230
iter   745 | steps  24,412,160 | SPS     871 | r_p0 -0.115 r_p1 +0.609 | clip_frac 0.068 | KL 0.0062 | H_fire 0.084 H_ang 4.92 H_ship 2.18 | V_loss 0.0167 | LR 0.000026 | early_stop=0 | fire[0]=0.11 fire[rest_max]=0.17 srcs_multi=0.69 ship0=0.00 meanshipbin=6.4 avgfleet=23.7 p90fleet=44.0
iter   746 | steps  24,444,928 | SPS     870 | r_p0 -0.115 r_p1 +0.610 | clip_frac 0.068 | KL 0.0062 | H_fire 0.082 H_ang 4.92 H_ship 2.17 | V_loss 0.0147 | LR 0.000026 | early_stop=0 | fire[0]=0.10 fire[rest_max]=0.17 srcs_multi=0.72 ship0=0.00 meanshipbin=6.3 avgfleet=25.0 p90fleet=46.0
iter   747 | steps  24,477,696 | SPS     870 | r_p0 -0.244 r_p1 +0.730 | clip_frac 0.068 | KL 0.0066 | H_fire 0.078 H_ang 4.92 H_ship 2.18 | V_loss 0.0156 | LR 0.000026 | early_stop=0 | fire[0]=0.10 fire[rest_max]=0.16 srcs_multi=0.71 ship0=0.00 meanshipbin=6.4 avgfleet=23.1 p90fleet=43.0
iter   748 | steps  24,510,464 | SPS     870 | r_p0 -0.329 r_p1 +0.817 | clip_frac 0.068 | KL 0.0060 | H_fire 0.077 H_ang 4.92 H_ship 2.18 | V_loss 0.0163 | LR 0.000026 | early_stop=0 | fire[0]=0.11 fire[rest_max]=0.17 srcs_multi=0.74 ship0=0.00 meanshipbin=6.3 avgfleet=22.3 p90fleet=41.0
iter   749 | steps  24,543,232 | SPS     870 | r_p0 -0.428 r_p1 +0.917 | clip_frac 0.068 | KL 0.0066 | H_fire 0.072 H_ang 4.93 H_ship 2.18 | V_loss 0.0153 | LR 0.000026 | early_stop=0 | fire[0]=0.11 fire[rest_max]=0.17 srcs_multi=0.74 ship0=0.00 meanshipbin=6.4 avgfleet=21.4 p90fleet=40.0
iter   750 | steps  24,576,000 | SPS     870 | r_p0 -0.344 r_p1 +0.828 | clip_frac 0.068 | KL 0.0068 | H_fire 0.074 H_ang 4.93 H_ship 2.19 | V_loss 0.0156 | LR 0.000026 | early_stop=0 | fire[0]=0.10 fire[rest_max]=0.17 srcs_multi=0.63 ship0=0.00 meanshipbin=6.4 avgfleet=21.6 p90fleet=40.0
iter   751 | steps  24,608,768 | SPS     871 | r_p0 -0.375 r_p1 +0.853 | clip_frac 0.068 | KL 0.0057 | H_fire 0.080 H_ang 4.92 H_ship 2.18 | V_loss 0.0171 | LR 0.000026 | early_stop=0 | fire[0]=0.12 fire[rest_max]=0.19 srcs_multi=0.78 ship0=0.00 meanshipbin=6.5 avgfleet=21.5 p90fleet=40.0
iter   752 | steps  24,641,536 | SPS     871 | r_p0 -0.221 r_p1 +0.704 | clip_frac 0.068 | KL 0.0053 | H_fire 0.073 H_ang 4.93 H_ship 2.18 | V_loss 0.0180 | LR 0.000026 | early_stop=0 | fire[0]=0.11 fire[rest_max]=0.19 srcs_multi=0.74 ship0=0.00 meanshipbin=6.3 avgfleet=22.4 p90fleet=42.0
iter   753 | steps  24,674,304 | SPS     871 | r_p0 -0.166 r_p1 +0.656 | clip_frac 0.068 | KL 0.0068 | H_fire 0.068 H_ang 4.93 H_ship 2.19 | V_loss 0.0183 | LR 0.000026 | early_stop=0 | fire[0]=0.11 fire[rest_max]=0.20 srcs_multi=0.74 ship0=0.00 meanshipbin=6.1 avgfleet=20.5 p90fleet=37.0
iter   754 | steps  24,707,072 | SPS     869 | r_p0 -0.141 r_p1 +0.634 | clip_frac 0.069 | KL 0.0049 | H_fire 0.075 H_ang 4.92 H_ship 2.17 | V_loss 0.0166 | LR 0.000026 | early_stop=0 | fire[0]=0.11 fire[rest_max]=0.19 srcs_multi=0.80 ship0=0.00 meanshipbin=6.4 avgfleet=23.4 p90fleet=44.0
iter   755 | steps  24,739,840 | SPS     870 | r_p0 -0.014 r_p1 +0.507 | clip_frac 0.069 | KL 0.0075 | H_fire 0.075 H_ang 4.93 H_ship 2.18 | V_loss 0.0176 | LR 0.000026 | early_stop=0 | fire[0]=0.11 fire[rest_max]=0.18 srcs_multi=0.77 ship0=0.00 meanshipbin=6.3 avgfleet=22.9 p90fleet=41.0
iter   756 | steps  24,772,608 | SPS     870 | r_p0 +0.110 r_p1 +0.386 | clip_frac 0.069 | KL 0.0060 | H_fire 0.077 H_ang 4.93 H_ship 2.18 | V_loss 0.0174 | LR 0.000026 | early_stop=0 | fire[0]=0.11 fire[rest_max]=0.17 srcs_multi=0.76 ship0=0.00 meanshipbin=6.4 avgfleet=22.6 p90fleet=41.0
iter   757 | steps  24,805,376 | SPS     870 | r_p0 -0.105 r_p1 +0.597 | clip_frac 0.069 | KL 0.0057 | H_fire 0.066 H_ang 4.93 H_ship 2.18 | V_loss 0.0184 | LR 0.000026 | early_stop=0 | fire[0]=0.10 fire[rest_max]=0.16 srcs_multi=0.68 ship0=0.00 meanshipbin=6.5 avgfleet=24.3 p90fleet=44.0
iter   758 | steps  24,838,144 | SPS     870 | r_p0 -0.218 r_p1 +0.708 | clip_frac 0.069 | KL 0.0063 | H_fire 0.067 H_ang 4.92 H_ship 2.18 | V_loss 0.0204 | LR 0.000026 | early_stop=0 | fire[0]=0.11 fire[rest_max]=0.16 srcs_multi=0.72 ship0=0.00 meanshipbin=6.4 avgfleet=24.1 p90fleet=42.0
iter   759 | steps  24,870,912 | SPS     870 | r_p0 -0.181 r_p1 +0.669 | clip_frac 0.069 | KL 0.0091 | H_fire 0.068 H_ang 4.93 H_ship 2.19 | V_loss 0.0204 | LR 0.000026 | early_stop=0 | fire[0]=0.10 fire[rest_max]=0.17 srcs_multi=0.73 ship0=0.00 meanshipbin=6.4 avgfleet=23.1 p90fleet=43.0
iter   760 | steps  24,903,680 | SPS     870 | r_p0 +0.079 r_p1 +0.404 | clip_frac 0.069 | KL 0.0049 | H_fire 0.066 H_ang 4.93 H_ship 2.19 | V_loss 0.0166 | LR 0.000026 | early_stop=0 | fire[0]=0.11 fire[rest_max]=0.17 srcs_multi=0.73 ship0=0.00 meanshipbin=6.2 avgfleet=21.5 p90fleet=38.0
iter   761 | steps  24,936,448 | SPS     870 | r_p0 -0.032 r_p1 +0.520 | clip_frac 0.069 | KL 0.0069 | H_fire 0.069 H_ang 4.93 H_ship 2.18 | V_loss 0.0188 | LR 0.000026 | early_stop=0 | fire[0]=0.11 fire[rest_max]=0.18 srcs_multi=0.74 ship0=0.00 meanshipbin=6.5 avgfleet=22.1 p90fleet=42.0
iter   762 | steps  24,969,216 | SPS     871 | r_p0 -0.053 r_p1 +0.547 | clip_frac 0.069 | KL 0.0061 | H_fire 0.069 H_ang 4.92 H_ship 2.17 | V_loss 0.0171 | LR 0.000026 | early_stop=0 | fire[0]=0.11 fire[rest_max]=0.19 srcs_multi=0.78 ship0=0.00 meanshipbin=6.5 avgfleet=22.4 p90fleet=42.0
iter   763 | steps  25,001,984 | SPS     871 | r_p0 -0.127 r_p1 +0.622 | clip_frac 0.069 | KL 0.0056 | H_fire 0.070 H_ang 4.93 H_ship 2.18 | V_loss 0.0173 | LR 0.000026 | early_stop=0 | fire[0]=0.12 fire[rest_max]=0.19 srcs_multi=0.82 ship0=0.00 meanshipbin=6.3 avgfleet=21.2 p90fleet=38.0
iter   764 | steps  25,034,752 | SPS     871 | r_p0 -0.078 r_p1 +0.571 | clip_frac 0.069 | KL 0.0048 | H_fire 0.069 H_ang 4.92 H_ship 2.18 | V_loss 0.0173 | LR 0.000026 | early_stop=0 | fire[0]=0.10 fire[rest_max]=0.18 srcs_multi=0.74 ship0=0.00 meanshipbin=6.5 avgfleet=23.2 p90fleet=43.0
iter   765 | steps  25,067,520 | SPS     871 | r_p0 -0.039 r_p1 +0.534 | clip_frac 0.069 | KL 0.0065 | H_fire 0.074 H_ang 4.92 H_ship 2.18 | V_loss 0.0162 | LR 0.000026 | early_stop=0 | fire[0]=0.11 fire[rest_max]=0.18 srcs_multi=0.73 ship0=0.00 meanshipbin=6.5 avgfleet=22.5 p90fleet=42.0
iter   766 | steps  25,100,288 | SPS     871 | r_p0 -0.203 r_p1 +0.695 | clip_frac 0.069 | KL 0.0060 | H_fire 0.063 H_ang 4.93 H_ship 2.19 | V_loss 0.0174 | LR 0.000026 | early_stop=0 | fire[0]=0.10 fire[rest_max]=0.16 srcs_multi=0.65 ship0=0.00 meanshipbin=6.4 avgfleet=21.6 p90fleet=39.0
iter   767 | steps  25,133,056 | SPS     871 | r_p0 -0.277 r_p1 +0.767 | clip_frac 0.070 | KL 0.0082 | H_fire 0.065 H_ang 4.92 H_ship 2.18 | V_loss 0.0222 | LR 0.000026 | early_stop=0 | fire[0]=0.12 fire[rest_max]=0.17 srcs_multi=0.78 ship0=0.00 meanshipbin=6.3 avgfleet=22.5 p90fleet=40.0
iter   768 | steps  25,165,824 | SPS     871 | r_p0 +0.147 r_p1 +0.345 | clip_frac 0.070 | KL 0.0047 | H_fire 0.070 H_ang 4.93 H_ship 2.18 | V_loss 0.0179 | LR 0.000026 | early_stop=0 | fire[0]=0.10 fire[rest_max]=0.17 srcs_multi=0.71 ship0=0.00 meanshipbin=6.5 avgfleet=23.7 p90fleet=44.0
iter   769 | steps  25,198,592 | SPS     872 | r_p0 +0.128 r_p1 +0.358 | clip_frac 0.070 | KL 0.0077 | H_fire 0.069 H_ang 4.93 H_ship 2.18 | V_loss 0.0194 | LR 0.000026 | early_stop=0 | fire[0]=0.12 fire[rest_max]=0.18 srcs_multi=0.74 ship0=0.00 meanshipbin=6.3 avgfleet=21.9 p90fleet=39.0
iter   770 | steps  25,231,360 | SPS     872 | r_p0 -0.247 r_p1 +0.731 | clip_frac 0.070 | KL 0.0058 | H_fire 0.067 H_ang 4.92 H_ship 2.18 | V_loss 0.0177 | LR 0.000026 | early_stop=0 | fire[0]=0.11 fire[rest_max]=0.17 srcs_multi=0.74 ship0=0.00 meanshipbin=6.4 avgfleet=23.1 p90fleet=43.0
iter   771 | steps  25,264,128 | SPS     872 | r_p0 -0.228 r_p1 +0.722 | clip_frac 0.069 | KL 0.0060 | H_fire 0.068 H_ang 4.93 H_ship 2.18 | V_loss 0.0168 | LR 0.000026 | early_stop=0 | fire[0]=0.11 fire[rest_max]=0.18 srcs_multi=0.72 ship0=0.00 meanshipbin=6.3 avgfleet=22.0 p90fleet=39.0
iter   772 | steps  25,296,896 | SPS     872 | r_p0 -0.253 r_p1 +0.748 | clip_frac 0.070 | KL 0.0066 | H_fire 0.075 H_ang 4.92 H_ship 2.17 | V_loss 0.0185 | LR 0.000026 | early_stop=0 | fire[0]=0.11 fire[rest_max]=0.18 srcs_multi=0.77 ship0=0.00 meanshipbin=6.5 avgfleet=22.5 p90fleet=42.0
iter   773 | steps  25,329,664 | SPS     872 | r_p0 -0.144 r_p1 +0.633 | clip_frac 0.070 | KL 0.0046 | H_fire 0.071 H_ang 4.92 H_ship 2.18 | V_loss 0.0167 | LR 0.000025 | early_stop=0 | fire[0]=0.11 fire[rest_max]=0.17 srcs_multi=0.75 ship0=0.00 meanshipbin=6.5 avgfleet=22.9 p90fleet=42.0
iter   774 | steps  25,362,432 | SPS     873 | r_p0 -0.119 r_p1 +0.609 | clip_frac 0.069 | KL 0.0049 | H_fire 0.063 H_ang 4.93 H_ship 2.19 | V_loss 0.0187 | LR 0.000025 | early_stop=0 | fire[0]=0.11 fire[rest_max]=0.17 srcs_multi=0.71 ship0=0.00 meanshipbin=6.3 avgfleet=21.6 p90fleet=39.0
iter   775 | steps  25,395,200 | SPS     873 | r_p0 -0.090 r_p1 +0.581 | clip_frac 0.069 | KL 0.0079 | H_fire 0.066 H_ang 4.92 H_ship 2.18 | V_loss 0.0190 | LR 0.000025 | early_stop=0 | fire[0]=0.10 fire[rest_max]=0.16 srcs_multi=0.66 ship0=0.00 meanshipbin=6.5 avgfleet=22.8 p90fleet=42.0
  pool snapshot @ step 25,395,200
  pool size=22  alpha=2.0
    self                 self_step_20316160             wr=0.47 (n=979)  pfsp_w=0.277
    self                 self_step_21331968             wr=0.48 (n=763)  pfsp_w=0.273
    external_heuristic   candidate_zach_public          wr=0.48 (n=5786)  pfsp_w=0.268
    self                 self_step_19300352             wr=0.49 (n=1412)  pfsp_w=0.259
    self                 self_step_13205504             wr=0.50 (n=1517)  pfsp_w=0.255
    self                 self_step_25395200             wr=0.50 (n=0)  pfsp_w=0.250
    self                 self_step_10158080             wr=0.51 (n=2259)  pfsp_w=0.241
    self                 self_step_11173888             wr=0.52 (n=1408)  pfsp_w=0.231
iter   776 | steps  25,427,968 | SPS     873 | r_p0 +0.209 r_p1 +0.282 | clip_frac 0.069 | KL 0.0058 | H_fire 0.060 H_ang 4.93 H_ship 2.18 | V_loss 0.0175 | LR 0.000025 | early_stop=0 | fire[0]=0.10 fire[rest_max]=0.15 srcs_multi=0.64 ship0=0.00 meanshipbin=6.5 avgfleet=23.8 p90fleet=44.0
iter   777 | steps  25,460,736 | SPS     873 | r_p0 -0.276 r_p1 +0.768 | clip_frac 0.069 | KL 0.0068 | H_fire 0.074 H_ang 4.92 H_ship 2.18 | V_loss 0.0180 | LR 0.000025 | early_stop=0 | fire[0]=0.12 fire[rest_max]=0.18 srcs_multi=0.78 ship0=0.00 meanshipbin=6.5 avgfleet=22.7 p90fleet=42.0
iter   778 | steps  25,493,504 | SPS     873 | r_p0 -0.416 r_p1 +0.908 | clip_frac 0.070 | KL 0.0074 | H_fire 0.062 H_ang 4.93 H_ship 2.19 | V_loss 0.0208 | LR 0.000025 | early_stop=0 | fire[0]=0.11 fire[rest_max]=0.17 srcs_multi=0.67 ship0=0.00 meanshipbin=6.4 avgfleet=22.5 p90fleet=40.0
iter   779 | steps  25,526,272 | SPS     873 | r_p0 -0.265 r_p1 +0.756 | clip_frac 0.070 | KL 0.0064 | H_fire 0.071 H_ang 4.92 H_ship 2.18 | V_loss 0.0196 | LR 0.000025 | early_stop=0 | fire[0]=0.12 fire[rest_max]=0.18 srcs_multi=0.78 ship0=0.00 meanshipbin=6.5 avgfleet=22.4 p90fleet=41.0
iter   780 | steps  25,559,040 | SPS     874 | r_p0 -0.054 r_p1 +0.548 | clip_frac 0.069 | KL 0.0067 | H_fire 0.059 H_ang 4.93 H_ship 2.18 | V_loss 0.0197 | LR 0.000025 | early_stop=0 | fire[0]=0.11 fire[rest_max]=0.16 srcs_multi=0.72 ship0=0.00 meanshipbin=6.4 avgfleet=22.8 p90fleet=40.0
iter   781 | steps  25,591,808 | SPS     874 | r_p0 -0.216 r_p1 +0.708 | clip_frac 0.069 | KL 0.0074 | H_fire 0.059 H_ang 4.92 H_ship 2.18 | V_loss 0.0192 | LR 0.000025 | early_stop=0 | fire[0]=0.12 fire[rest_max]=0.17 srcs_multi=0.74 ship0=0.00 meanshipbin=6.4 avgfleet=22.4 p90fleet=40.0
iter   782 | steps  25,624,576 | SPS     874 | r_p0 -0.142 r_p1 +0.635 | clip_frac 0.070 | KL 0.0090 | H_fire 0.067 H_ang 4.92 H_ship 2.18 | V_loss 0.0176 | LR 0.000025 | early_stop=0 | fire[0]=0.12 fire[rest_max]=0.18 srcs_multi=0.80 ship0=0.00 meanshipbin=6.4 avgfleet=21.9 p90fleet=39.0
iter   783 | steps  25,657,344 | SPS     874 | r_p0 +0.056 r_p1 +0.434 | clip_frac 0.070 | KL 0.0061 | H_fire 0.068 H_ang 4.92 H_ship 2.18 | V_loss 0.0177 | LR 0.000025 | early_stop=0 | fire[0]=0.11 fire[rest_max]=0.17 srcs_multi=0.75 ship0=0.00 meanshipbin=6.3 avgfleet=22.2 p90fleet=40.0
iter   784 | steps  25,690,112 | SPS     874 | r_p0 +0.011 r_p1 +0.482 | clip_frac 0.070 | KL 0.0072 | H_fire 0.075 H_ang 4.92 H_ship 2.17 | V_loss 0.0168 | LR 0.000025 | early_stop=0 | fire[0]=0.12 fire[rest_max]=0.18 srcs_multi=0.81 ship0=0.00 meanshipbin=6.3 avgfleet=22.6 p90fleet=40.0
iter   785 | steps  25,722,880 | SPS     874 | r_p0 +0.097 r_p1 +0.397 | clip_frac 0.070 | KL 0.0070 | H_fire 0.075 H_ang 4.92 H_ship 2.18 | V_loss 0.0181 | LR 0.000025 | early_stop=0 | fire[0]=0.12 fire[rest_max]=0.18 srcs_multi=0.82 ship0=0.00 meanshipbin=6.4 avgfleet=22.3 p90fleet=40.0
iter   786 | steps  25,755,648 | SPS     875 | r_p0 -0.040 r_p1 +0.530 | clip_frac 0.071 | KL 0.0076 | H_fire 0.060 H_ang 4.92 H_ship 2.18 | V_loss 0.0171 | LR 0.000025 | early_stop=0 | fire[0]=0.10 fire[rest_max]=0.15 srcs_multi=0.68 ship0=0.00 meanshipbin=6.6 avgfleet=24.0 p90fleet=44.0
iter   787 | steps  25,788,416 | SPS     875 | r_p0 -0.016 r_p1 +0.506 | clip_frac 0.071 | KL 0.0057 | H_fire 0.066 H_ang 4.93 H_ship 2.18 | V_loss 0.0160 | LR 0.000025 | early_stop=0 | fire[0]=0.10 fire[rest_max]=0.17 srcs_multi=0.69 ship0=0.00 meanshipbin=6.5 avgfleet=22.6 p90fleet=40.0
iter   788 | steps  25,821,184 | SPS     875 | r_p0 -0.241 r_p1 +0.733 | clip_frac 0.071 | KL 0.0077 | H_fire 0.063 H_ang 4.93 H_ship 2.18 | V_loss 0.0199 | LR 0.000025 | early_stop=0 | fire[0]=0.10 fire[rest_max]=0.16 srcs_multi=0.67 ship0=0.00 meanshipbin=6.5 avgfleet=22.7 p90fleet=40.0
iter   789 | steps  25,853,952 | SPS     874 | r_p0 -0.192 r_p1 +0.680 | clip_frac 0.071 | KL 0.0055 | H_fire 0.069 H_ang 4.92 H_ship 2.18 | V_loss 0.0188 | LR 0.000025 | early_stop=0 | fire[0]=0.10 fire[rest_max]=0.16 srcs_multi=0.73 ship0=0.00 meanshipbin=6.6 avgfleet=26.2 p90fleet=49.0
iter   790 | steps  25,886,720 | SPS     874 | r_p0 -0.108 r_p1 +0.598 | clip_frac 0.071 | KL 0.0063 | H_fire 0.070 H_ang 4.92 H_ship 2.18 | V_loss 0.0147 | LR 0.000025 | early_stop=0 | fire[0]=0.10 fire[rest_max]=0.16 srcs_multi=0.71 ship0=0.00 meanshipbin=6.6 avgfleet=25.0 p90fleet=46.0
iter   791 | steps  25,919,488 | SPS     874 | r_p0 -0.082 r_p1 +0.572 | clip_frac 0.070 | KL 0.0062 | H_fire 0.068 H_ang 4.92 H_ship 2.18 | V_loss 0.0165 | LR 0.000025 | early_stop=0 | fire[0]=0.10 fire[rest_max]=0.14 srcs_multi=0.64 ship0=0.00 meanshipbin=6.6 avgfleet=24.6 p90fleet=45.0
iter   792 | steps  25,952,256 | SPS     874 | r_p0 -0.279 r_p1 +0.770 | clip_frac 0.070 | KL 0.0054 | H_fire 0.060 H_ang 4.92 H_ship 2.18 | V_loss 0.0147 | LR 0.000025 | early_stop=0 | fire[0]=0.10 fire[rest_max]=0.13 srcs_multi=0.62 ship0=0.00 meanshipbin=6.5 avgfleet=24.6 p90fleet=43.0
iter   793 | steps  25,985,024 | SPS     874 | r_p0 -0.316 r_p1 +0.807 | clip_frac 0.070 | KL 0.0049 | H_fire 0.063 H_ang 4.92 H_ship 2.18 | V_loss 0.0180 | LR 0.000025 | early_stop=0 | fire[0]=0.10 fire[rest_max]=0.15 srcs_multi=0.71 ship0=0.00 meanshipbin=6.5 avgfleet=23.6 p90fleet=43.0
iter   794 | steps  26,017,792 | SPS     874 | r_p0 -0.441 r_p1 +0.931 | clip_frac 0.070 | KL 0.0062 | H_fire 0.072 H_ang 4.92 H_ship 2.18 | V_loss 0.0156 | LR 0.000025 | early_stop=0 | fire[0]=0.11 fire[rest_max]=0.16 srcs_multi=0.75 ship0=0.00 meanshipbin=6.5 avgfleet=24.3 p90fleet=44.0
iter   795 | steps  26,050,560 | SPS     875 | r_p0 -0.405 r_p1 +0.890 | clip_frac 0.070 | KL 0.0073 | H_fire 0.066 H_ang 4.92 H_ship 2.18 | V_loss 0.0187 | LR 0.000025 | early_stop=0 | fire[0]=0.10 fire[rest_max]=0.16 srcs_multi=0.68 ship0=0.00 meanshipbin=6.7 avgfleet=24.4 p90fleet=44.0
iter   796 | steps  26,083,328 | SPS     875 | r_p0 -0.161 r_p1 +0.638 | clip_frac 0.070 | KL 0.0054 | H_fire 0.057 H_ang 4.93 H_ship 2.19 | V_loss 0.0189 | LR 0.000025 | early_stop=0 | fire[0]=0.10 fire[rest_max]=0.15 srcs_multi=0.62 ship0=0.00 meanshipbin=6.4 avgfleet=24.2 p90fleet=43.0
iter   797 | steps  26,116,096 | SPS     875 | r_p0 -0.091 r_p1 +0.583 | clip_frac 0.070 | KL 0.0069 | H_fire 0.069 H_ang 4.92 H_ship 2.18 | V_loss 0.0156 | LR 0.000025 | early_stop=0 | fire[0]=0.11 fire[rest_max]=0.17 srcs_multi=0.78 ship0=0.00 meanshipbin=6.3 avgfleet=22.3 p90fleet=40.0
iter   798 | steps  26,148,864 | SPS     875 | r_p0 +0.233 r_p1 +0.259 | clip_frac 0.070 | KL 0.0067 | H_fire 0.070 H_ang 4.93 H_ship 2.18 | V_loss 0.0183 | LR 0.000025 | early_stop=0 | fire[0]=0.11 fire[rest_max]=0.17 srcs_multi=0.75 ship0=0.00 meanshipbin=6.4 avgfleet=22.5 p90fleet=40.0
iter   799 | steps  26,181,632 | SPS     875 | r_p0 -0.039 r_p1 +0.534 | clip_frac 0.070 | KL 0.0058 | H_fire 0.069 H_ang 4.92 H_ship 2.18 | V_loss 0.0191 | LR 0.000025 | early_stop=0 | fire[0]=0.11 fire[rest_max]=0.17 srcs_multi=0.76 ship0=0.00 meanshipbin=6.4 avgfleet=22.6 p90fleet=39.0
iter   800 | steps  26,214,400 | SPS     875 | r_p0 +0.210 r_p1 +0.284 | clip_frac 0.070 | KL 0.0064 | H_fire 0.065 H_ang 4.93 H_ship 2.18 | V_loss 0.0195 | LR 0.000025 | early_stop=0 | fire[0]=0.11 fire[rest_max]=0.17 srcs_multi=0.79 ship0=0.00 meanshipbin=6.2 avgfleet=22.0 p90fleet=39.0
iter   801 | steps  26,247,168 | SPS     876 | r_p0 +0.243 r_p1 +0.248 | clip_frac 0.070 | KL 0.0054 | H_fire 0.069 H_ang 4.92 H_ship 2.17 | V_loss 0.0211 | LR 0.000025 | early_stop=0 | fire[0]=0.11 fire[rest_max]=0.17 srcs_multi=0.82 ship0=0.00 meanshipbin=6.2 avgfleet=22.0 p90fleet=39.0
iter   802 | steps  26,279,936 | SPS     876 | r_p0 +0.205 r_p1 +0.285 | clip_frac 0.070 | KL 0.0052 | H_fire 0.057 H_ang 4.93 H_ship 2.18 | V_loss 0.0178 | LR 0.000025 | early_stop=0 | fire[0]=0.09 fire[rest_max]=0.16 srcs_multi=0.65 ship0=0.00 meanshipbin=6.5 avgfleet=24.2 p90fleet=45.0
iter   803 | steps  26,312,704 | SPS     876 | r_p0 +0.183 r_p1 +0.307 | clip_frac 0.070 | KL 0.0044 | H_fire 0.060 H_ang 4.92 H_ship 2.18 | V_loss 0.0192 | LR 0.000025 | early_stop=0 | fire[0]=0.11 fire[rest_max]=0.16 srcs_multi=0.70 ship0=0.00 meanshipbin=6.6 avgfleet=24.2 p90fleet=44.0
iter   804 | steps  26,345,472 | SPS     876 | r_p0 -0.141 r_p1 +0.635 | clip_frac 0.070 | KL 0.0046 | H_fire 0.065 H_ang 4.92 H_ship 2.18 | V_loss 0.0173 | LR 0.000025 | early_stop=0 | fire[0]=0.11 fire[rest_max]=0.17 srcs_multi=0.73 ship0=0.00 meanshipbin=6.5 avgfleet=23.7 p90fleet=44.0
iter   805 | steps  26,378,240 | SPS     876 | r_p0 -0.353 r_p1 +0.846 | clip_frac 0.069 | KL 0.0059 | H_fire 0.069 H_ang 4.92 H_ship 2.18 | V_loss 0.0167 | LR 0.000025 | early_stop=0 | fire[0]=0.11 fire[rest_max]=0.17 srcs_multi=0.78 ship0=0.00 meanshipbin=6.5 avgfleet=23.3 p90fleet=43.0
iter   806 | steps  26,411,008 | SPS     876 | r_p0 -0.417 r_p1 +0.906 | clip_frac 0.069 | KL 0.0079 | H_fire 0.052 H_ang 4.93 H_ship 2.19 | V_loss 0.0191 | LR 0.000025 | early_stop=0 | fire[0]=0.10 fire[rest_max]=0.15 srcs_multi=0.62 ship0=0.00 meanshipbin=6.4 avgfleet=24.0 p90fleet=42.0
  pool snapshot @ step 26,411,008
  pool size=22  alpha=2.0
    self                 self_step_22347776             wr=0.45 (n=227)  pfsp_w=0.303
    self                 self_step_21331968             wr=0.47 (n=1116)  pfsp_w=0.278
    self                 self_step_20316160             wr=0.47 (n=1043)  pfsp_w=0.277
    self                 self_step_19300352             wr=0.48 (n=1490)  pfsp_w=0.273
    external_heuristic   candidate_zach_public          wr=0.48 (n=5786)  pfsp_w=0.268
    self                 self_step_26411008             wr=0.50 (n=0)  pfsp_w=0.250
    self                 self_step_13205504             wr=0.51 (n=1785)  pfsp_w=0.238
    self                 self_step_11173888             wr=0.51 (n=1548)  pfsp_w=0.238
iter   807 | steps  26,443,776 | SPS     877 | r_p0 -0.295 r_p1 +0.785 | clip_frac 0.069 | KL 0.0059 | H_fire 0.058 H_ang 4.93 H_ship 2.19 | V_loss 0.0191 | LR 0.000025 | early_stop=0 | fire[0]=0.10 fire[rest_max]=0.15 srcs_multi=0.67 ship0=0.00 meanshipbin=6.3 avgfleet=23.1 p90fleet=41.0
iter   808 | steps  26,476,544 | SPS     877 | r_p0 -0.193 r_p1 +0.685 | clip_frac 0.069 | KL 0.0052 | H_fire 0.059 H_ang 4.93 H_ship 2.18 | V_loss 0.0200 | LR 0.000025 | early_stop=0 | fire[0]=0.11 fire[rest_max]=0.16 srcs_multi=0.70 ship0=0.00 meanshipbin=6.4 avgfleet=22.9 p90fleet=40.0
iter   809 | steps  26,509,312 | SPS     877 | r_p0 -0.079 r_p1 +0.571 | clip_frac 0.069 | KL 0.0046 | H_fire 0.057 H_ang 4.93 H_ship 2.18 | V_loss 0.0192 | LR 0.000025 | early_stop=0 | fire[0]=0.10 fire[rest_max]=0.15 srcs_multi=0.64 ship0=0.00 meanshipbin=6.6 avgfleet=24.7 p90fleet=45.0
iter   810 | steps  26,542,080 | SPS     877 | r_p0 -0.113 r_p1 +0.608 | clip_frac 0.068 | KL 0.0051 | H_fire 0.055 H_ang 4.93 H_ship 2.19 | V_loss 0.0171 | LR 0.000025 | early_stop=0 | fire[0]=0.10 fire[rest_max]=0.16 srcs_multi=0.64 ship0=0.00 meanshipbin=6.6 avgfleet=23.2 p90fleet=41.0
iter   811 | steps  26,574,848 | SPS     877 | r_p0 -0.503 r_p1 +0.996 | clip_frac 0.068 | KL 0.0066 | H_fire 0.058 H_ang 4.93 H_ship 2.18 | V_loss 0.0193 | LR 0.000025 | early_stop=0 | fire[0]=0.10 fire[rest_max]=0.15 srcs_multi=0.67 ship0=0.00 meanshipbin=6.5 avgfleet=23.6 p90fleet=41.0
iter   812 | steps  26,607,616 | SPS     876 | r_p0 -0.330 r_p1 +0.820 | clip_frac 0.068 | KL 0.0062 | H_fire 0.065 H_ang 4.92 H_ship 2.17 | V_loss 0.0162 | LR 0.000025 | early_stop=0 | fire[0]=0.10 fire[rest_max]=0.16 srcs_multi=0.74 ship0=0.00 meanshipbin=6.6 avgfleet=25.9 p90fleet=47.0
iter   813 | steps  26,640,384 | SPS     876 | r_p0 -0.215 r_p1 +0.707 | clip_frac 0.069 | KL 0.0064 | H_fire 0.065 H_ang 4.92 H_ship 2.18 | V_loss 0.0170 | LR 0.000025 | early_stop=0 | fire[0]=0.10 fire[rest_max]=0.16 srcs_multi=0.71 ship0=0.00 meanshipbin=6.6 avgfleet=26.0 p90fleet=47.0
iter   814 | steps  26,673,152 | SPS     876 | r_p0 -0.206 r_p1 +0.694 | clip_frac 0.069 | KL 0.0053 | H_fire 0.061 H_ang 4.92 H_ship 2.18 | V_loss 0.0166 | LR 0.000025 | early_stop=0 | fire[0]=0.10 fire[rest_max]=0.14 srcs_multi=0.64 ship0=0.00 meanshipbin=6.5 avgfleet=24.6 p90fleet=43.0
iter   815 | steps  26,705,920 | SPS     876 | r_p0 -0.205 r_p1 +0.695 | clip_frac 0.069 | KL 0.0072 | H_fire 0.061 H_ang 4.92 H_ship 2.18 | V_loss 0.0173 | LR 0.000025 | early_stop=0 | fire[0]=0.10 fire[rest_max]=0.14 srcs_multi=0.61 ship0=0.00 meanshipbin=6.7 avgfleet=25.7 p90fleet=46.0
iter   816 | steps  26,738,688 | SPS     877 | r_p0 -0.251 r_p1 +0.745 | clip_frac 0.069 | KL 0.0065 | H_fire 0.064 H_ang 4.92 H_ship 2.18 | V_loss 0.0158 | LR 0.000025 | early_stop=0 | fire[0]=0.10 fire[rest_max]=0.16 srcs_multi=0.70 ship0=0.00 meanshipbin=6.6 avgfleet=25.3 p90fleet=46.0
iter   817 | steps  26,771,456 | SPS     877 | r_p0 -0.403 r_p1 +0.894 | clip_frac 0.068 | KL 0.0073 | H_fire 0.062 H_ang 4.92 H_ship 2.18 | V_loss 0.0199 | LR 0.000025 | early_stop=0 | fire[0]=0.10 fire[rest_max]=0.16 srcs_multi=0.69 ship0=0.00 meanshipbin=6.6 avgfleet=24.7 p90fleet=44.0
iter   818 | steps  26,804,224 | SPS     877 | r_p0 -0.106 r_p1 +0.590 | clip_frac 0.068 | KL 0.0061 | H_fire 0.057 H_ang 4.93 H_ship 2.19 | V_loss 0.0197 | LR 0.000025 | early_stop=0 | fire[0]=0.10 fire[rest_max]=0.14 srcs_multi=0.62 ship0=0.00 meanshipbin=6.5 avgfleet=24.8 p90fleet=43.0
iter   819 | steps  26,836,992 | SPS     877 | r_p0 -0.179 r_p1 +0.665 | clip_frac 0.068 | KL 0.0068 | H_fire 0.056 H_ang 4.92 H_ship 2.18 | V_loss 0.0199 | LR 0.000025 | early_stop=0 | fire[0]=0.10 fire[rest_max]=0.16 srcs_multi=0.70 ship0=0.00 meanshipbin=6.4 avgfleet=24.5 p90fleet=43.0
iter   820 | steps  26,869,760 | SPS     877 | r_p0 -0.016 r_p1 +0.508 | clip_frac 0.069 | KL 0.0074 | H_fire 0.055 H_ang 4.92 H_ship 2.18 | V_loss 0.0169 | LR 0.000025 | early_stop=0 | fire[0]=0.09 fire[rest_max]=0.16 srcs_multi=0.68 ship0=0.00 meanshipbin=6.5 avgfleet=25.6 p90fleet=46.0
iter   821 | steps  26,902,528 | SPS     877 | r_p0 -0.003 r_p1 +0.495 | clip_frac 0.069 | KL 0.0066 | H_fire 0.061 H_ang 4.92 H_ship 2.18 | V_loss 0.0163 | LR 0.000025 | early_stop=0 | fire[0]=0.10 fire[rest_max]=0.17 srcs_multi=0.70 ship0=0.00 meanshipbin=6.5 avgfleet=25.4 p90fleet=46.0
iter   822 | steps  26,935,296 | SPS     877 | r_p0 -0.264 r_p1 +0.759 | clip_frac 0.069 | KL 0.0076 | H_fire 0.065 H_ang 4.92 H_ship 2.17 | V_loss 0.0169 | LR 0.000025 | early_stop=0 | fire[0]=0.11 fire[rest_max]=0.17 srcs_multi=0.74 ship0=0.00 meanshipbin=6.5 avgfleet=24.8 p90fleet=45.0
iter   823 | steps  26,968,064 | SPS     878 | r_p0 -0.416 r_p1 +0.910 | clip_frac 0.069 | KL 0.0064 | H_fire 0.066 H_ang 4.92 H_ship 2.18 | V_loss 0.0174 | LR 0.000025 | early_stop=0 | fire[0]=0.11 fire[rest_max]=0.17 srcs_multi=0.72 ship0=0.00 meanshipbin=6.6 avgfleet=24.4 p90fleet=44.0
iter   824 | steps  27,000,832 | SPS     878 | r_p0 -0.240 r_p1 +0.730 | clip_frac 0.069 | KL 0.0063 | H_fire 0.066 H_ang 4.92 H_ship 2.18 | V_loss 0.0200 | LR 0.000025 | early_stop=0 | fire[0]=0.11 fire[rest_max]=0.18 srcs_multi=0.71 ship0=0.00 meanshipbin=6.6 avgfleet=24.2 p90fleet=44.0
iter   825 | steps  27,033,600 | SPS     878 | r_p0 -0.278 r_p1 +0.772 | clip_frac 0.069 | KL 0.0062 | H_fire 0.055 H_ang 4.93 H_ship 2.19 | V_loss 0.0179 | LR 0.000025 | early_stop=0 | fire[0]=0.11 fire[rest_max]=0.16 srcs_multi=0.67 ship0=0.00 meanshipbin=6.4 avgfleet=23.4 p90fleet=41.0
iter   826 | steps  27,066,368 | SPS     878 | r_p0 -0.341 r_p1 +0.835 | clip_frac 0.069 | KL 0.0065 | H_fire 0.059 H_ang 4.93 H_ship 2.19 | V_loss 0.0185 | LR 0.000025 | early_stop=0 | fire[0]=0.11 fire[rest_max]=0.18 srcs_multi=0.73 ship0=0.00 meanshipbin=6.4 avgfleet=23.1 p90fleet=41.0
iter   827 | steps  27,099,136 | SPS     878 | r_p0 -0.453 r_p1 +0.944 | clip_frac 0.069 | KL 0.0081 | H_fire 0.068 H_ang 4.92 H_ship 2.18 | V_loss 0.0168 | LR 0.000025 | early_stop=0 | fire[0]=0.11 fire[rest_max]=0.17 srcs_multi=0.75 ship0=0.00 meanshipbin=6.6 avgfleet=23.8 p90fleet=43.0
iter   828 | steps  27,131,904 | SPS     878 | r_p0 -0.291 r_p1 +0.782 | clip_frac 0.069 | KL 0.0056 | H_fire 0.066 H_ang 4.92 H_ship 2.18 | V_loss 0.0166 | LR 0.000025 | early_stop=0 | fire[0]=0.11 fire[rest_max]=0.17 srcs_multi=0.72 ship0=0.00 meanshipbin=6.5 avgfleet=24.4 p90fleet=44.0
  saved checkpoints/torch_step_27131904_20260525_184201.pt
  saved checkpoints/pool_step_27131904_20260525_184201.pt (22 members)
iter   829 | steps  27,164,672 | SPS     879 | r_p0 -0.303 r_p1 +0.794 | clip_frac 0.069 | KL 0.0073 | H_fire 0.055 H_ang 4.93 H_ship 2.19 | V_loss 0.0186 | LR 0.000025 | early_stop=0 | fire[0]=0.10 fire[rest_max]=0.16 srcs_multi=0.64 ship0=0.00 meanshipbin=6.5 avgfleet=24.1 p90fleet=43.0
iter   830 | steps  27,197,440 | SPS     879 | r_p0 -0.263 r_p1 +0.759 | clip_frac 0.069 | KL 0.0062 | H_fire 0.067 H_ang 4.92 H_ship 2.18 | V_loss 0.0203 | LR 0.000025 | early_stop=0 | fire[0]=0.11 fire[rest_max]=0.18 srcs_multi=0.76 ship0=0.00 meanshipbin=6.6 avgfleet=25.7 p90fleet=45.0
iter   831 | steps  27,230,208 | SPS     879 | r_p0 -0.015 r_p1 +0.509 | clip_frac 0.069 | KL 0.0061 | H_fire 0.061 H_ang 4.93 H_ship 2.18 | V_loss 0.0188 | LR 0.000025 | early_stop=0 | fire[0]=0.10 fire[rest_max]=0.16 srcs_multi=0.70 ship0=0.00 meanshipbin=6.6 avgfleet=24.4 p90fleet=43.0
iter   832 | steps  27,262,976 | SPS     879 | r_p0 -0.141 r_p1 +0.632 | clip_frac 0.069 | KL 0.0063 | H_fire 0.058 H_ang 4.93 H_ship 2.19 | V_loss 0.0184 | LR 0.000025 | early_stop=0 | fire[0]=0.10 fire[rest_max]=0.17 srcs_multi=0.69 ship0=0.00 meanshipbin=6.5 avgfleet=23.6 p90fleet=41.0
iter   833 | steps  27,295,744 | SPS     879 | r_p0 -0.105 r_p1 +0.597 | clip_frac 0.068 | KL 0.0056 | H_fire 0.065 H_ang 4.92 H_ship 2.18 | V_loss 0.0175 | LR 0.000025 | early_stop=0 | fire[0]=0.10 fire[rest_max]=0.18 srcs_multi=0.72 ship0=0.00 meanshipbin=6.6 avgfleet=24.1 p90fleet=43.0
iter   834 | steps  27,328,512 | SPS     879 | r_p0 +0.045 r_p1 +0.447 | clip_frac 0.068 | KL 0.0052 | H_fire 0.062 H_ang 4.93 H_ship 2.18 | V_loss 0.0200 | LR 0.000025 | early_stop=0 | fire[0]=0.11 fire[rest_max]=0.18 srcs_multi=0.73 ship0=0.00 meanshipbin=6.4 avgfleet=23.0 p90fleet=41.0
iter   835 | steps  27,361,280 | SPS     879 | r_p0 -0.080 r_p1 +0.574 | clip_frac 0.068 | KL 0.0062 | H_fire 0.060 H_ang 4.93 H_ship 2.18 | V_loss 0.0172 | LR 0.000025 | early_stop=0 | fire[0]=0.10 fire[rest_max]=0.17 srcs_multi=0.70 ship0=0.00 meanshipbin=6.6 avgfleet=24.6 p90fleet=43.0
iter   836 | steps  27,394,048 | SPS     879 | r_p0 -0.017 r_p1 +0.509 | clip_frac 0.068 | KL 0.0088 | H_fire 0.059 H_ang 4.92 H_ship 2.18 | V_loss 0.0182 | LR 0.000025 | early_stop=0 | fire[0]=0.10 fire[rest_max]=0.17 srcs_multi=0.70 ship0=0.00 meanshipbin=6.6 avgfleet=25.4 p90fleet=45.0
iter   837 | steps  27,426,816 | SPS     880 | r_p0 -0.265 r_p1 +0.761 | clip_frac 0.068 | KL 0.0070 | H_fire 0.062 H_ang 4.93 H_ship 2.19 | V_loss 0.0171 | LR 0.000025 | early_stop=0 | fire[0]=0.10 fire[rest_max]=0.18 srcs_multi=0.71 ship0=0.00 meanshipbin=6.4 avgfleet=23.1 p90fleet=40.0
  pool snapshot @ step 27,426,816
  pool size=22  alpha=2.0
    self                 self_step_26411008             wr=0.32 (n=78)  pfsp_w=0.462
    self                 self_step_22347776             wr=0.38 (n=522)  pfsp_w=0.390
    self                 self_step_20316160             wr=0.46 (n=1117)  pfsp_w=0.288
    external_heuristic   candidate_zach_public          wr=0.49 (n=5877)  pfsp_w=0.265
    self                 self_step_21331968             wr=0.49 (n=1202)  pfsp_w=0.264
    self                 self_step_19300352             wr=0.50 (n=1784)  pfsp_w=0.253
    self                 self_step_27426816             wr=0.50 (n=0)  pfsp_w=0.250
    self                 self_step_10158080             wr=0.50 (n=2577)  pfsp_w=0.247
iter   838 | steps  27,459,584 | SPS     880 | r_p0 -0.330 r_p1 +0.822 | clip_frac 0.068 | KL 0.0088 | H_fire 0.063 H_ang 4.93 H_ship 2.18 | V_loss 0.0180 | LR 0.000025 | early_stop=0 | fire[0]=0.10 fire[rest_max]=0.17 srcs_multi=0.72 ship0=0.00 meanshipbin=6.6 avgfleet=24.6 p90fleet=44.0
iter   839 | steps  27,492,352 | SPS     880 | r_p0 -0.154 r_p1 +0.647 | clip_frac 0.068 | KL 0.0057 | H_fire 0.059 H_ang 4.93 H_ship 2.19 | V_loss 0.0190 | LR 0.000025 | early_stop=0 | fire[0]=0.11 fire[rest_max]=0.17 srcs_multi=0.73 ship0=0.00 meanshipbin=6.4 avgfleet=23.0 p90fleet=40.0
iter   840 | steps  27,525,120 | SPS     880 | r_p0 -0.130 r_p1 +0.623 | clip_frac 0.068 | KL 0.0056 | H_fire 0.059 H_ang 4.93 H_ship 2.18 | V_loss 0.0176 | LR 0.000025 | early_stop=0 | fire[0]=0.11 fire[rest_max]=0.17 srcs_multi=0.74 ship0=0.00 meanshipbin=6.4 avgfleet=22.9 p90fleet=40.0
iter   841 | steps  27,557,888 | SPS     880 | r_p0 -0.102 r_p1 +0.597 | clip_frac 0.068 | KL 0.0061 | H_fire 0.062 H_ang 4.92 H_ship 2.18 | V_loss 0.0204 | LR 0.000025 | early_stop=0 | fire[0]=0.11 fire[rest_max]=0.19 srcs_multi=0.76 ship0=0.00 meanshipbin=6.7 avgfleet=25.1 p90fleet=44.0
iter   842 | steps  27,590,656 | SPS     880 | r_p0 -0.041 r_p1 +0.533 | clip_frac 0.068 | KL 0.0076 | H_fire 0.059 H_ang 4.93 H_ship 2.19 | V_loss 0.0187 | LR 0.000025 | early_stop=0 | fire[0]=0.11 fire[rest_max]=0.18 srcs_multi=0.73 ship0=0.00 meanshipbin=6.7 avgfleet=23.7 p90fleet=42.0
iter   843 | steps  27,623,424 | SPS     880 | r_p0 -0.141 r_p1 +0.633 | clip_frac 0.069 | KL 0.0088 | H_fire 0.057 H_ang 4.93 H_ship 2.19 | V_loss 0.0203 | LR 0.000025 | early_stop=0 | fire[0]=0.10 fire[rest_max]=0.17 srcs_multi=0.68 ship0=0.00 meanshipbin=6.4 avgfleet=23.8 p90fleet=42.0
iter   844 | steps  27,656,192 | SPS     881 | r_p0 -0.127 r_p1 +0.623 | clip_frac 0.068 | KL 0.0058 | H_fire 0.061 H_ang 4.93 H_ship 2.19 | V_loss 0.0175 | LR 0.000025 | early_stop=0 | fire[0]=0.10 fire[rest_max]=0.17 srcs_multi=0.69 ship0=0.00 meanshipbin=6.6 avgfleet=24.3 p90fleet=43.0
iter   845 | steps  27,688,960 | SPS     881 | r_p0 -0.040 r_p1 +0.532 | clip_frac 0.068 | KL 0.0070 | H_fire 0.057 H_ang 4.93 H_ship 2.19 | V_loss 0.0173 | LR 0.000025 | early_stop=0 | fire[0]=0.10 fire[rest_max]=0.14 srcs_multi=0.65 ship0=0.00 meanshipbin=6.7 avgfleet=25.1 p90fleet=46.0
iter   846 | steps  27,721,728 | SPS     881 | r_p0 -0.304 r_p1 +0.796 | clip_frac 0.068 | KL 0.0064 | H_fire 0.068 H_ang 4.92 H_ship 2.18 | V_loss 0.0159 | LR 0.000025 | early_stop=0 | fire[0]=0.11 fire[rest_max]=0.18 srcs_multi=0.80 ship0=0.00 meanshipbin=6.6 avgfleet=24.4 p90fleet=44.0
iter   847 | steps  27,754,496 | SPS     881 | r_p0 -0.478 r_p1 +0.972 | clip_frac 0.069 | KL 0.0075 | H_fire 0.068 H_ang 4.92 H_ship 2.18 | V_loss 0.0163 | LR 0.000025 | early_stop=0 | fire[0]=0.10 fire[rest_max]=0.17 srcs_multi=0.72 ship0=0.00 meanshipbin=6.6 avgfleet=24.3 p90fleet=44.0
iter   848 | steps  27,787,264 | SPS     881 | r_p0 -0.378 r_p1 +0.873 | clip_frac 0.069 | KL 0.0075 | H_fire 0.057 H_ang 4.93 H_ship 2.19 | V_loss 0.0218 | LR 0.000025 | early_stop=0 | fire[0]=0.10 fire[rest_max]=0.17 srcs_multi=0.70 ship0=0.00 meanshipbin=6.5 avgfleet=25.1 p90fleet=43.0
iter   849 | steps  27,820,032 | SPS     881 | r_p0 -0.476 r_p1 +0.969 | clip_frac 0.069 | KL 0.0053 | H_fire 0.066 H_ang 4.92 H_ship 2.19 | V_loss 0.0180 | LR 0.000025 | early_stop=0 | fire[0]=0.11 fire[rest_max]=0.17 srcs_multi=0.72 ship0=0.00 meanshipbin=6.7 avgfleet=25.5 p90fleet=46.0
iter   850 | steps  27,852,800 | SPS     880 | r_p0 -0.315 r_p1 +0.806 | clip_frac 0.069 | KL 0.0077 | H_fire 0.068 H_ang 4.92 H_ship 2.18 | V_loss 0.0171 | LR 0.000025 | early_stop=0 | fire[0]=0.11 fire[rest_max]=0.18 srcs_multi=0.76 ship0=0.00 meanshipbin=6.6 avgfleet=25.9 p90fleet=48.0
iter   851 | steps  27,885,568 | SPS     880 | r_p0 -0.465 r_p1 +0.957 | clip_frac 0.069 | KL 0.0064 | H_fire 0.074 H_ang 4.92 H_ship 2.18 | V_loss 0.0146 | LR 0.000025 | early_stop=0 | fire[0]=0.11 fire[rest_max]=0.19 srcs_multi=0.84 ship0=0.00 meanshipbin=6.6 avgfleet=24.6 p90fleet=45.0
iter   852 | steps  27,918,336 | SPS     880 | r_p0 -0.313 r_p1 +0.809 | clip_frac 0.069 | KL 0.0065 | H_fire 0.059 H_ang 4.93 H_ship 2.19 | V_loss 0.0180 | LR 0.000025 | early_stop=0 | fire[0]=0.10 fire[rest_max]=0.17 srcs_multi=0.68 ship0=0.00 meanshipbin=6.6 avgfleet=24.7 p90fleet=44.0
iter   853 | steps  27,951,104 | SPS     880 | r_p0 -0.202 r_p1 +0.695 | clip_frac 0.069 | KL 0.0048 | H_fire 0.054 H_ang 4.93 H_ship 2.19 | V_loss 0.0176 | LR 0.000025 | early_stop=0 | fire[0]=0.09 fire[rest_max]=0.16 srcs_multi=0.65 ship0=0.00 meanshipbin=6.5 avgfleet=24.1 p90fleet=42.0
iter   854 | steps  27,983,872 | SPS     880 | r_p0 -0.052 r_p1 +0.545 | clip_frac 0.069 | KL 0.0073 | H_fire 0.058 H_ang 4.92 H_ship 2.19 | V_loss 0.0160 | LR 0.000025 | early_stop=0 | fire[0]=0.09 fire[rest_max]=0.15 srcs_multi=0.63 ship0=0.00 meanshipbin=6.7 avgfleet=25.5 p90fleet=46.0
iter   855 | steps  28,016,640 | SPS     880 | r_p0 -0.114 r_p1 +0.608 | clip_frac 0.069 | KL 0.0063 | H_fire 0.057 H_ang 4.92 H_ship 2.19 | V_loss 0.0180 | LR 0.000025 | early_stop=0 | fire[0]=0.10 fire[rest_max]=0.15 srcs_multi=0.67 ship0=0.00 meanshipbin=6.6 avgfleet=26.2 p90fleet=47.0
iter   856 | steps  28,049,408 | SPS     881 | r_p0 -0.256 r_p1 +0.738 | clip_frac 0.069 | KL 0.0059 | H_fire 0.062 H_ang 4.92 H_ship 2.19 | V_loss 0.0175 | LR 0.000025 | early_stop=0 | fire[0]=0.10 fire[rest_max]=0.15 srcs_multi=0.68 ship0=0.00 meanshipbin=6.5 avgfleet=24.1 p90fleet=42.0
iter   857 | steps  28,082,176 | SPS     881 | r_p0 -0.254 r_p1 +0.736 | clip_frac 0.070 | KL 0.0089 | H_fire 0.058 H_ang 4.92 H_ship 2.19 | V_loss 0.0180 | LR 0.000025 | early_stop=0 | fire[0]=0.10 fire[rest_max]=0.15 srcs_multi=0.68 ship0=0.00 meanshipbin=6.7 avgfleet=25.1 p90fleet=44.0
iter   858 | steps  28,114,944 | SPS     881 | r_p0 -0.171 r_p1 +0.658 | clip_frac 0.070 | KL 0.0076 | H_fire 0.052 H_ang 4.93 H_ship 2.20 | V_loss 0.0180 | LR 0.000025 | early_stop=0 | fire[0]=0.10 fire[rest_max]=0.15 srcs_multi=0.64 ship0=0.00 meanshipbin=6.6 avgfleet=24.7 p90fleet=43.0
iter   859 | steps  28,147,712 | SPS     881 | r_p0 -0.291 r_p1 +0.783 | clip_frac 0.070 | KL 0.0074 | H_fire 0.061 H_ang 4.92 H_ship 2.18 | V_loss 0.0204 | LR 0.000025 | early_stop=0 | fire[0]=0.11 fire[rest_max]=0.18 srcs_multi=0.80 ship0=0.00 meanshipbin=6.7 avgfleet=24.7 p90fleet=43.0
iter   860 | steps  28,180,480 | SPS     881 | r_p0 -0.190 r_p1 +0.683 | clip_frac 0.070 | KL 0.0057 | H_fire 0.061 H_ang 4.92 H_ship 2.19 | V_loss 0.0170 | LR 0.000024 | early_stop=0 | fire[0]=0.10 fire[rest_max]=0.17 srcs_multi=0.73 ship0=0.00 meanshipbin=6.7 avgfleet=24.2 p90fleet=43.0
iter   861 | steps  28,213,248 | SPS     881 | r_p0 -0.177 r_p1 +0.672 | clip_frac 0.070 | KL 0.0062 | H_fire 0.060 H_ang 4.93 H_ship 2.20 | V_loss 0.0178 | LR 0.000024 | early_stop=0 | fire[0]=0.10 fire[rest_max]=0.17 srcs_multi=0.69 ship0=0.00 meanshipbin=6.5 avgfleet=22.3 p90fleet=39.0
iter   862 | steps  28,246,016 | SPS     881 | r_p0 -0.117 r_p1 +0.609 | clip_frac 0.070 | KL 0.0056 | H_fire 0.059 H_ang 4.93 H_ship 2.19 | V_loss 0.0196 | LR 0.000024 | early_stop=0 | fire[0]=0.09 fire[rest_max]=0.17 srcs_multi=0.66 ship0=0.00 meanshipbin=6.7 avgfleet=23.8 p90fleet=43.0
iter   863 | steps  28,278,784 | SPS     882 | r_p0 -0.152 r_p1 +0.644 | clip_frac 0.070 | KL 0.0048 | H_fire 0.054 H_ang 4.93 H_ship 2.19 | V_loss 0.0175 | LR 0.000024 | early_stop=0 | fire[0]=0.09 fire[rest_max]=0.15 srcs_multi=0.64 ship0=0.00 meanshipbin=6.6 avgfleet=25.0 p90fleet=45.0
iter   864 | steps  28,311,552 | SPS     882 | r_p0 -0.301 r_p1 +0.794 | clip_frac 0.070 | KL 0.0059 | H_fire 0.065 H_ang 4.92 H_ship 2.19 | V_loss 0.0174 | LR 0.000024 | early_stop=0 | fire[0]=0.11 fire[rest_max]=0.17 srcs_multi=0.76 ship0=0.00 meanshipbin=6.5 avgfleet=23.8 p90fleet=44.0
iter   865 | steps  28,344,320 | SPS     882 | r_p0 -0.315 r_p1 +0.811 | clip_frac 0.070 | KL 0.0070 | H_fire 0.061 H_ang 4.92 H_ship 2.18 | V_loss 0.0180 | LR 0.000024 | early_stop=0 | fire[0]=0.11 fire[rest_max]=0.17 srcs_multi=0.73 ship0=0.00 meanshipbin=6.7 avgfleet=24.6 p90fleet=44.0
iter   866 | steps  28,377,088 | SPS     882 | r_p0 -0.329 r_p1 +0.823 | clip_frac 0.070 | KL 0.0048 | H_fire 0.052 H_ang 4.93 H_ship 2.19 | V_loss 0.0166 | LR 0.000024 | early_stop=0 | fire[0]=0.10 fire[rest_max]=0.16 srcs_multi=0.65 ship0=0.00 meanshipbin=6.6 avgfleet=24.4 p90fleet=43.0
iter   867 | steps  28,409,856 | SPS     882 | r_p0 -0.244 r_p1 +0.733 | clip_frac 0.070 | KL 0.0056 | H_fire 0.055 H_ang 4.93 H_ship 2.18 | V_loss 0.0185 | LR 0.000024 | early_stop=0 | fire[0]=0.10 fire[rest_max]=0.16 srcs_multi=0.71 ship0=0.00 meanshipbin=6.5 avgfleet=23.6 p90fleet=41.0
iter   868 | steps  28,442,624 | SPS     882 | r_p0 +0.017 r_p1 +0.472 | clip_frac 0.070 | KL 0.0070 | H_fire 0.063 H_ang 4.93 H_ship 2.18 | V_loss 0.0165 | LR 0.000024 | early_stop=0 | fire[0]=0.10 fire[rest_max]=0.18 srcs_multi=0.72 ship0=0.00 meanshipbin=6.7 avgfleet=24.0 p90fleet=44.0
  pool snapshot @ step 28,442,624
  pool size=22  alpha=2.0
    self                 self_step_22347776             wr=0.45 (n=760)  pfsp_w=0.307
    self                 self_step_20316160             wr=0.46 (n=1117)  pfsp_w=0.288
    self                 self_step_17268736             wr=0.48 (n=956)  pfsp_w=0.269
    external_heuristic   candidate_zach_public          wr=0.48 (n=6125)  pfsp_w=0.265
    self                 self_step_28442624             wr=0.50 (n=0)  pfsp_w=0.250
    self                 self_step_11173888             wr=0.50 (n=1692)  pfsp_w=0.248
    self                 self_step_21331968             wr=0.50 (n=1282)  pfsp_w=0.248
    self                 self_step_10158080             wr=0.50 (n=2577)  pfsp_w=0.247
iter   869 | steps  28,475,392 | SPS     882 | r_p0 -0.051 r_p1 +0.546 | clip_frac 0.070 | KL 0.0059 | H_fire 0.065 H_ang 4.93 H_ship 2.18 | V_loss 0.0177 | LR 0.000024 | early_stop=0 | fire[0]=0.12 fire[rest_max]=0.18 srcs_multi=0.81 ship0=0.00 meanshipbin=6.5 avgfleet=22.3 p90fleet=40.0
iter   870 | steps  28,508,160 | SPS     883 | r_p0 -0.054 r_p1 +0.547 | clip_frac 0.070 | KL 0.0059 | H_fire 0.065 H_ang 4.92 H_ship 2.18 | V_loss 0.0186 | LR 0.000024 | early_stop=0 | fire[0]=0.11 fire[rest_max]=0.18 srcs_multi=0.79 ship0=0.00 meanshipbin=6.5 avgfleet=23.9 p90fleet=43.0
iter   871 | steps  28,540,928 | SPS     883 | r_p0 -0.190 r_p1 +0.685 | clip_frac 0.070 | KL 0.0058 | H_fire 0.062 H_ang 4.93 H_ship 2.19 | V_loss 0.0173 | LR 0.000024 | early_stop=0 | fire[0]=0.11 fire[rest_max]=0.18 srcs_multi=0.73 ship0=0.00 meanshipbin=6.5 avgfleet=22.8 p90fleet=40.0
iter   872 | steps  28,573,696 | SPS     883 | r_p0 -0.327 r_p1 +0.821 | clip_frac 0.069 | KL 0.0059 | H_fire 0.064 H_ang 4.92 H_ship 2.18 | V_loss 0.0187 | LR 0.000024 | early_stop=0 | fire[0]=0.11 fire[rest_max]=0.17 srcs_multi=0.74 ship0=0.00 meanshipbin=6.6 avgfleet=24.2 p90fleet=44.0
iter   873 | steps  28,606,464 | SPS     883 | r_p0 -0.229 r_p1 +0.722 | clip_frac 0.069 | KL 0.0055 | H_fire 0.061 H_ang 4.92 H_ship 2.18 | V_loss 0.0165 | LR 0.000024 | early_stop=0 | fire[0]=0.10 fire[rest_max]=0.16 srcs_multi=0.73 ship0=0.00 meanshipbin=6.5 avgfleet=24.8 p90fleet=45.0
iter   874 | steps  28,639,232 | SPS     883 | r_p0 -0.417 r_p1 +0.908 | clip_frac 0.069 | KL 0.0065 | H_fire 0.056 H_ang 4.93 H_ship 2.19 | V_loss 0.0169 | LR 0.000024 | early_stop=0 | fire[0]=0.10 fire[rest_max]=0.17 srcs_multi=0.70 ship0=0.00 meanshipbin=6.5 avgfleet=22.9 p90fleet=41.0
iter   875 | steps  28,672,000 | SPS     883 | r_p0 -0.227 r_p1 +0.720 | clip_frac 0.069 | KL 0.0069 | H_fire 0.062 H_ang 4.93 H_ship 2.18 | V_loss 0.0199 | LR 0.000024 | early_stop=0 | fire[0]=0.11 fire[rest_max]=0.19 srcs_multi=0.83 ship0=0.00 meanshipbin=6.3 avgfleet=23.0 p90fleet=40.0
iter   876 | steps  28,704,768 | SPS     883 | r_p0 +0.097 r_p1 +0.398 | clip_frac 0.069 | KL 0.0059 | H_fire 0.055 H_ang 4.93 H_ship 2.19 | V_loss 0.0190 | LR 0.000024 | early_stop=0 | fire[0]=0.09 fire[rest_max]=0.16 srcs_multi=0.65 ship0=0.00 meanshipbin=6.6 avgfleet=25.3 p90fleet=46.0
iter   877 | steps  28,737,536 | SPS     883 | r_p0 +0.072 r_p1 +0.422 | clip_frac 0.069 | KL 0.0064 | H_fire 0.060 H_ang 4.93 H_ship 2.19 | V_loss 0.0166 | LR 0.000024 | early_stop=0 | fire[0]=0.10 fire[rest_max]=0.18 srcs_multi=0.75 ship0=0.00 meanshipbin=6.4 avgfleet=21.6 p90fleet=38.0
iter   878 | steps  28,770,304 | SPS     884 | r_p0 -0.113 r_p1 +0.609 | clip_frac 0.069 | KL 0.0072 | H_fire 0.053 H_ang 4.93 H_ship 2.19 | V_loss 0.0209 | LR 0.000024 | early_stop=0 | fire[0]=0.11 fire[rest_max]=0.18 srcs_multi=0.73 ship0=0.00 meanshipbin=6.5 avgfleet=22.8 p90fleet=40.0
iter   879 | steps  28,803,072 | SPS     884 | r_p0 +0.008 r_p1 +0.483 | clip_frac 0.069 | KL 0.0059 | H_fire 0.055 H_ang 4.93 H_ship 2.19 | V_loss 0.0196 | LR 0.000024 | early_stop=0 | fire[0]=0.10 fire[rest_max]=0.17 srcs_multi=0.76 ship0=0.00 meanshipbin=6.5 avgfleet=23.8 p90fleet=43.0
iter   880 | steps  28,835,840 | SPS     884 | r_p0 -0.027 r_p1 +0.520 | clip_frac 0.069 | KL 0.0067 | H_fire 0.060 H_ang 4.93 H_ship 2.18 | V_loss 0.0185 | LR 0.000024 | early_stop=0 | fire[0]=0.11 fire[rest_max]=0.19 srcs_multi=0.78 ship0=0.00 meanshipbin=6.4 avgfleet=21.9 p90fleet=39.0
iter   881 | steps  28,868,608 | SPS     884 | r_p0 +0.081 r_p1 +0.410 | clip_frac 0.069 | KL 0.0064 | H_fire 0.058 H_ang 4.93 H_ship 2.18 | V_loss 0.0201 | LR 0.000024 | early_stop=0 | fire[0]=0.11 fire[rest_max]=0.17 srcs_multi=0.75 ship0=0.00 meanshipbin=6.4 avgfleet=23.1 p90fleet=40.0
iter   882 | steps  28,901,376 | SPS     884 | r_p0 +0.034 r_p1 +0.460 | clip_frac 0.069 | KL 0.0073 | H_fire 0.061 H_ang 4.92 H_ship 2.18 | V_loss 0.0188 | LR 0.000024 | early_stop=0 | fire[0]=0.10 fire[rest_max]=0.16 srcs_multi=0.70 ship0=0.00 meanshipbin=6.6 avgfleet=24.8 p90fleet=44.0
iter   883 | steps  28,934,144 | SPS     884 | r_p0 -0.094 r_p1 +0.585 | clip_frac 0.070 | KL 0.0071 | H_fire 0.064 H_ang 4.92 H_ship 2.18 | V_loss 0.0202 | LR 0.000024 | early_stop=0 | fire[0]=0.10 fire[rest_max]=0.17 srcs_multi=0.77 ship0=0.00 meanshipbin=6.5 avgfleet=24.3 p90fleet=43.0
iter   884 | steps  28,966,912 | SPS     885 | r_p0 -0.180 r_p1 +0.671 | clip_frac 0.070 | KL 0.0060 | H_fire 0.065 H_ang 4.92 H_ship 2.18 | V_loss 0.0198 | LR 0.000024 | early_stop=0 | fire[0]=0.11 fire[rest_max]=0.17 srcs_multi=0.75 ship0=0.00 meanshipbin=6.6 avgfleet=23.9 p90fleet=43.0
iter   885 | steps  28,999,680 | SPS     885 | r_p0 -0.344 r_p1 +0.832 | clip_frac 0.070 | KL 0.0061 | H_fire 0.062 H_ang 4.92 H_ship 2.18 | V_loss 0.0194 | LR 0.000024 | early_stop=0 | fire[0]=0.10 fire[rest_max]=0.16 srcs_multi=0.70 ship0=0.00 meanshipbin=6.6 avgfleet=25.7 p90fleet=46.0
iter   886 | steps  29,032,448 | SPS     885 | r_p0 -0.190 r_p1 +0.683 | clip_frac 0.069 | KL 0.0070 | H_fire 0.064 H_ang 4.92 H_ship 2.18 | V_loss 0.0166 | LR 0.000024 | early_stop=0 | fire[0]=0.10 fire[rest_max]=0.17 srcs_multi=0.76 ship0=0.00 meanshipbin=6.5 avgfleet=23.6 p90fleet=42.0
iter   887 | steps  29,065,216 | SPS     885 | r_p0 -0.279 r_p1 +0.767 | clip_frac 0.069 | KL 0.0077 | H_fire 0.056 H_ang 4.93 H_ship 2.19 | V_loss 0.0184 | LR 0.000024 | early_stop=0 | fire[0]=0.10 fire[rest_max]=0.16 srcs_multi=0.66 ship0=0.00 meanshipbin=6.5 avgfleet=23.2 p90fleet=40.0
iter   888 | steps  29,097,984 | SPS     885 | r_p0 -0.302 r_p1 +0.792 | clip_frac 0.069 | KL 0.0058 | H_fire 0.061 H_ang 4.92 H_ship 2.18 | V_loss 0.0204 | LR 0.000024 | early_stop=0 | fire[0]=0.10 fire[rest_max]=0.17 srcs_multi=0.72 ship0=0.00 meanshipbin=6.5 avgfleet=24.2 p90fleet=43.0
iter   889 | steps  29,130,752 | SPS     885 | r_p0 -0.016 r_p1 +0.509 | clip_frac 0.069 | KL 0.0069 | H_fire 0.055 H_ang 4.93 H_ship 2.19 | V_loss 0.0185 | LR 0.000024 | early_stop=0 | fire[0]=0.10 fire[rest_max]=0.19 srcs_multi=0.72 ship0=0.00 meanshipbin=6.4 avgfleet=23.0 p90fleet=40.0
iter   890 | steps  29,163,520 | SPS     885 | r_p0 -0.002 r_p1 +0.496 | clip_frac 0.069 | KL 0.0060 | H_fire 0.062 H_ang 4.93 H_ship 2.19 | V_loss 0.0197 | LR 0.000024 | early_stop=0 | fire[0]=0.10 fire[rest_max]=0.17 srcs_multi=0.69 ship0=0.00 meanshipbin=6.6 avgfleet=23.6 p90fleet=42.0
iter   891 | steps  29,196,288 | SPS     886 | r_p0 -0.014 r_p1 +0.509 | clip_frac 0.069 | KL 0.0083 | H_fire 0.057 H_ang 4.93 H_ship 2.19 | V_loss 0.0192 | LR 0.000024 | early_stop=0 | fire[0]=0.11 fire[rest_max]=0.18 srcs_multi=0.73 ship0=0.00 meanshipbin=6.5 avgfleet=22.6 p90fleet=39.0
iter   892 | steps  29,229,056 | SPS     886 | r_p0 -0.154 r_p1 +0.643 | clip_frac 0.069 | KL 0.0078 | H_fire 0.061 H_ang 4.92 H_ship 2.18 | V_loss 0.0186 | LR 0.000024 | early_stop=0 | fire[0]=0.10 fire[rest_max]=0.17 srcs_multi=0.77 ship0=0.00 meanshipbin=6.6 avgfleet=24.3 p90fleet=43.0
iter   893 | steps  29,261,824 | SPS     886 | r_p0 -0.177 r_p1 +0.672 | clip_frac 0.069 | KL 0.0061 | H_fire 0.060 H_ang 4.92 H_ship 2.18 | V_loss 0.0180 | LR 0.000024 | early_stop=0 | fire[0]=0.11 fire[rest_max]=0.17 srcs_multi=0.76 ship0=0.00 meanshipbin=6.6 avgfleet=23.9 p90fleet=42.0
iter   894 | steps  29,294,592 | SPS     886 | r_p0 -0.313 r_p1 +0.806 | clip_frac 0.069 | KL 0.0071 | H_fire 0.067 H_ang 4.92 H_ship 2.17 | V_loss 0.0211 | LR 0.000024 | early_stop=0 | fire[0]=0.11 fire[rest_max]=0.18 srcs_multi=0.83 ship0=0.00 meanshipbin=6.6 avgfleet=22.9 p90fleet=41.0
iter   895 | steps  29,327,360 | SPS     886 | r_p0 -0.302 r_p1 +0.798 | clip_frac 0.069 | KL 0.0078 | H_fire 0.071 H_ang 4.92 H_ship 2.18 | V_loss 0.0184 | LR 0.000024 | early_stop=0 | fire[0]=0.11 fire[rest_max]=0.19 srcs_multi=0.84 ship0=0.00 meanshipbin=6.5 avgfleet=22.8 p90fleet=41.0
iter   896 | steps  29,360,128 | SPS     886 | r_p0 -0.278 r_p1 +0.770 | clip_frac 0.069 | KL 0.0074 | H_fire 0.074 H_ang 4.92 H_ship 2.18 | V_loss 0.0169 | LR 0.000024 | early_stop=0 | fire[0]=0.11 fire[rest_max]=0.19 srcs_multi=0.84 ship0=0.00 meanshipbin=6.5 avgfleet=22.6 p90fleet=41.0
iter   897 | steps  29,392,896 | SPS     886 | r_p0 -0.216 r_p1 +0.711 | clip_frac 0.069 | KL 0.0067 | H_fire 0.059 H_ang 4.93 H_ship 2.19 | V_loss 0.0217 | LR 0.000024 | early_stop=0 | fire[0]=0.10 fire[rest_max]=0.18 srcs_multi=0.69 ship0=0.00 meanshipbin=6.5 avgfleet=22.9 p90fleet=41.0
iter   898 | steps  29,425,664 | SPS     886 | r_p0 -0.128 r_p1 +0.624 | clip_frac 0.069 | KL 0.0077 | H_fire 0.062 H_ang 4.92 H_ship 2.18 | V_loss 0.0190 | LR 0.000024 | early_stop=0 | fire[0]=0.10 fire[rest_max]=0.17 srcs_multi=0.73 ship0=0.00 meanshipbin=6.6 avgfleet=24.1 p90fleet=43.0
iter   899 | steps  29,458,432 | SPS     887 | r_p0 -0.215 r_p1 +0.710 | clip_frac 0.069 | KL 0.0066 | H_fire 0.056 H_ang 4.93 H_ship 2.19 | V_loss 0.0212 | LR 0.000024 | early_stop=0 | fire[0]=0.10 fire[rest_max]=0.19 srcs_multi=0.68 ship0=0.00 meanshipbin=6.4 avgfleet=23.1 p90fleet=41.0
  pool snapshot @ step 29,458,432
  pool size=22  alpha=2.0
    self                 self_step_20316160             wr=0.46 (n=1337)  pfsp_w=0.292
    self                 self_step_22347776             wr=0.47 (n=985)  pfsp_w=0.285
    self                 self_step_17268736             wr=0.47 (n=1112)  pfsp_w=0.276
    external_heuristic   candidate_zach_public          wr=0.48 (n=6199)  pfsp_w=0.267
    self                 self_step_10158080             wr=0.50 (n=2817)  pfsp_w=0.251
    self                 self_step_29458432             wr=0.50 (n=0)  pfsp_w=0.250
    self                 self_step_11173888             wr=0.50 (n=1692)  pfsp_w=0.248
    self                 self_step_27426816             wr=0.50 (n=501)  pfsp_w=0.247
iter   900 | steps  29,491,200 | SPS     887 | r_p0 -0.425 r_p1 +0.924 | clip_frac 0.069 | KL 0.0062 | H_fire 0.064 H_ang 4.92 H_ship 2.18 | V_loss 0.0175 | LR 0.000024 | early_stop=0 | fire[0]=0.10 fire[rest_max]=0.17 srcs_multi=0.73 ship0=0.00 meanshipbin=6.5 avgfleet=23.9 p90fleet=43.0
iter   901 | steps  29,523,968 | SPS     887 | r_p0 -0.226 r_p1 +0.721 | clip_frac 0.069 | KL 0.0076 | H_fire 0.065 H_ang 4.92 H_ship 2.18 | V_loss 0.0189 | LR 0.000024 | early_stop=0 | fire[0]=0.11 fire[rest_max]=0.18 srcs_multi=0.79 ship0=0.00 meanshipbin=6.5 avgfleet=23.8 p90fleet=43.0
iter   902 | steps  29,556,736 | SPS     887 | r_p0 -0.377 r_p1 +0.870 | clip_frac 0.069 | KL 0.0077 | H_fire 0.064 H_ang 4.92 H_ship 2.18 | V_loss 0.0189 | LR 0.000024 | early_stop=0 | fire[0]=0.11 fire[rest_max]=0.17 srcs_multi=0.74 ship0=0.00 meanshipbin=6.5 avgfleet=23.8 p90fleet=43.0
iter   903 | steps  29,589,504 | SPS     887 | r_p0 -0.438 r_p1 +0.935 | clip_frac 0.069 | KL 0.0060 | H_fire 0.072 H_ang 4.92 H_ship 2.18 | V_loss 0.0179 | LR 0.000024 | early_stop=0 | fire[0]=0.11 fire[rest_max]=0.18 srcs_multi=0.79 ship0=0.00 meanshipbin=6.5 avgfleet=23.9 p90fleet=43.0
iter   904 | steps  29,622,272 | SPS     887 | r_p0 -0.276 r_p1 +0.770 | clip_frac 0.069 | KL 0.0055 | H_fire 0.058 H_ang 4.93 H_ship 2.19 | V_loss 0.0194 | LR 0.000024 | early_stop=0 | fire[0]=0.09 fire[rest_max]=0.17 srcs_multi=0.67 ship0=0.00 meanshipbin=6.5 avgfleet=23.5 p90fleet=42.0
iter   905 | steps  29,655,040 | SPS     887 | r_p0 -0.064 r_p1 +0.555 | clip_frac 0.069 | KL 0.0056 | H_fire 0.068 H_ang 4.92 H_ship 2.18 | V_loss 0.0193 | LR 0.000024 | early_stop=0 | fire[0]=0.11 fire[rest_max]=0.19 srcs_multi=0.80 ship0=0.00 meanshipbin=6.4 avgfleet=22.5 p90fleet=40.0
iter   906 | steps  29,687,808 | SPS     888 | r_p0 +0.187 r_p1 +0.309 | clip_frac 0.069 | KL 0.0075 | H_fire 0.069 H_ang 4.92 H_ship 2.18 | V_loss 0.0172 | LR 0.000024 | early_stop=0 | fire[0]=0.11 fire[rest_max]=0.18 srcs_multi=0.80 ship0=0.00 meanshipbin=6.4 avgfleet=23.0 p90fleet=40.0
iter   907 | steps  29,720,576 | SPS     886 | r_p0 +0.074 r_p1 +0.421 | clip_frac 0.069 | KL 0.0091 | H_fire 0.060 H_ang 4.92 H_ship 2.18 | V_loss 0.0193 | LR 0.000024 | early_stop=0 | fire[0]=0.10 fire[rest_max]=0.16 srcs_multi=0.69 ship0=0.00 meanshipbin=6.6 avgfleet=27.5 p90fleet=49.0
iter   908 | steps  29,753,344 | SPS     886 | r_p0 +0.021 r_p1 +0.468 | clip_frac 0.069 | KL 0.0051 | H_fire 0.071 H_ang 4.92 H_ship 2.18 | V_loss 0.0165 | LR 0.000024 | early_stop=0 | fire[0]=0.09 fire[rest_max]=0.16 srcs_multi=0.69 ship0=0.00 meanshipbin=6.5 avgfleet=26.3 p90fleet=46.0
iter   909 | steps  29,786,112 | SPS     886 | r_p0 +0.120 r_p1 +0.368 | clip_frac 0.069 | KL 0.0071 | H_fire 0.070 H_ang 4.92 H_ship 2.18 | V_loss 0.0174 | LR 0.000024 | early_stop=0 | fire[0]=0.10 fire[rest_max]=0.15 srcs_multi=0.70 ship0=0.00 meanshipbin=6.5 avgfleet=24.7 p90fleet=43.0
iter   910 | steps  29,818,880 | SPS     886 | r_p0 +0.059 r_p1 +0.435 | clip_frac 0.069 | KL 0.0088 | H_fire 0.065 H_ang 4.92 H_ship 2.18 | V_loss 0.0213 | LR 0.000024 | early_stop=0 | fire[0]=0.11 fire[rest_max]=0.17 srcs_multi=0.76 ship0=0.00 meanshipbin=6.5 avgfleet=24.8 p90fleet=43.0
iter   911 | steps  29,851,648 | SPS     887 | r_p0 +0.007 r_p1 +0.484 | clip_frac 0.069 | KL 0.0060 | H_fire 0.071 H_ang 4.92 H_ship 2.19 | V_loss 0.0160 | LR 0.000024 | early_stop=0 | fire[0]=0.10 fire[rest_max]=0.18 srcs_multi=0.72 ship0=0.00 meanshipbin=6.6 avgfleet=25.1 p90fleet=46.0
iter   912 | steps  29,884,416 | SPS     887 | r_p0 -0.003 r_p1 +0.496 | clip_frac 0.069 | KL 0.0063 | H_fire 0.064 H_ang 4.92 H_ship 2.19 | V_loss 0.0199 | LR 0.000024 | early_stop=0 | fire[0]=0.11 fire[rest_max]=0.16 srcs_multi=0.71 ship0=0.00 meanshipbin=6.4 avgfleet=23.6 p90fleet=42.0
iter   913 | steps  29,917,184 | SPS     887 | r_p0 -0.117 r_p1 +0.606 | clip_frac 0.069 | KL 0.0060 | H_fire 0.065 H_ang 4.92 H_ship 2.19 | V_loss 0.0191 | LR 0.000024 | early_stop=0 | fire[0]=0.10 fire[rest_max]=0.16 srcs_multi=0.70 ship0=0.00 meanshipbin=6.6 avgfleet=25.0 p90fleet=45.0
iter   914 | steps  29,949,952 | SPS     887 | r_p0 -0.030 r_p1 +0.519 | clip_frac 0.069 | KL 0.0060 | H_fire 0.064 H_ang 4.93 H_ship 2.19 | V_loss 0.0189 | LR 0.000024 | early_stop=0 | fire[0]=0.10 fire[rest_max]=0.16 srcs_multi=0.69 ship0=0.00 meanshipbin=6.5 avgfleet=23.4 p90fleet=41.0
iter   915 | steps  29,982,720 | SPS     887 | r_p0 -0.052 r_p1 +0.547 | clip_frac 0.069 | KL 0.0044 | H_fire 0.061 H_ang 4.92 H_ship 2.19 | V_loss 0.0194 | LR 0.000024 | early_stop=0 | fire[0]=0.10 fire[rest_max]=0.18 srcs_multi=0.73 ship0=0.00 meanshipbin=6.4 avgfleet=23.3 p90fleet=40.0
iter   916 | steps  30,015,488 | SPS     887 | r_p0 +0.047 r_p1 +0.446 | clip_frac 0.069 | KL 0.0049 | H_fire 0.063 H_ang 4.92 H_ship 2.18 | V_loss 0.0206 | LR 0.000024 | early_stop=0 | fire[0]=0.11 fire[rest_max]=0.18 srcs_multi=0.77 ship0=0.00 meanshipbin=6.4 avgfleet=22.9 p90fleet=40.0
iter   917 | steps  30,048,256 | SPS     887 | r_p0 +0.171 r_p1 +0.324 | clip_frac 0.069 | KL 0.0066 | H_fire 0.066 H_ang 4.92 H_ship 2.18 | V_loss 0.0202 | LR 0.000024 | early_stop=0 | fire[0]=0.11 fire[rest_max]=0.18 srcs_multi=0.80 ship0=0.00 meanshipbin=6.4 avgfleet=22.0 p90fleet=38.0
iter   918 | steps  30,081,024 | SPS     888 | r_p0 +0.421 r_p1 +0.071 | clip_frac 0.069 | KL 0.0082 | H_fire 0.071 H_ang 4.92 H_ship 2.18 | V_loss 0.0196 | LR 0.000024 | early_stop=0 | fire[0]=0.11 fire[rest_max]=0.19 srcs_multi=0.83 ship0=0.00 meanshipbin=6.5 avgfleet=22.5 p90fleet=39.0
iter   919 | steps  30,113,792 | SPS     888 | r_p0 +0.335 r_p1 +0.159 | clip_frac 0.070 | KL 0.0078 | H_fire 0.068 H_ang 4.92 H_ship 2.18 | V_loss 0.0187 | LR 0.000024 | early_stop=0 | fire[0]=0.10 fire[rest_max]=0.17 srcs_multi=0.78 ship0=0.00 meanshipbin=6.5 avgfleet=23.2 p90fleet=41.0
iter   920 | steps  30,146,560 | SPS     888 | r_p0 +0.097 r_p1 +0.392 | clip_frac 0.070 | KL 0.0075 | H_fire 0.067 H_ang 4.92 H_ship 2.18 | V_loss 0.0182 | LR 0.000024 | early_stop=0 | fire[0]=0.11 fire[rest_max]=0.17 srcs_multi=0.75 ship0=0.00 meanshipbin=6.5 avgfleet=23.4 p90fleet=41.0
  saved checkpoints/torch_step_30146560_20260525_184201.pt
  saved checkpoints/pool_step_30146560_20260525_184201.pt (22 members)
iter   921 | steps  30,179,328 | SPS     888 | r_p0 +0.085 r_p1 +0.410 | clip_frac 0.070 | KL 0.0066 | H_fire 0.059 H_ang 4.92 H_ship 2.19 | V_loss 0.0174 | LR 0.000024 | early_stop=0 | fire[0]=0.10 fire[rest_max]=0.15 srcs_multi=0.68 ship0=0.00 meanshipbin=6.7 avgfleet=25.0 p90fleet=45.0
iter   922 | steps  30,212,096 | SPS     888 | r_p0 -0.052 r_p1 +0.545 | clip_frac 0.070 | KL 0.0067 | H_fire 0.066 H_ang 4.92 H_ship 2.19 | V_loss 0.0174 | LR 0.000024 | early_stop=0 | fire[0]=0.10 fire[rest_max]=0.17 srcs_multi=0.70 ship0=0.00 meanshipbin=6.5 avgfleet=23.1 p90fleet=40.0
iter   923 | steps  30,244,864 | SPS     888 | r_p0 -0.254 r_p1 +0.746 | clip_frac 0.070 | KL 0.0072 | H_fire 0.069 H_ang 4.92 H_ship 2.19 | V_loss 0.0160 | LR 0.000024 | early_stop=0 | fire[0]=0.10 fire[rest_max]=0.16 srcs_multi=0.69 ship0=0.00 meanshipbin=6.7 avgfleet=24.0 p90fleet=42.0
iter   924 | steps  30,277,632 | SPS     888 | r_p0 -0.128 r_p1 +0.617 | clip_frac 0.070 | KL 0.0064 | H_fire 0.069 H_ang 4.92 H_ship 2.19 | V_loss 0.0180 | LR 0.000024 | early_stop=0 | fire[0]=0.10 fire[rest_max]=0.16 srcs_multi=0.71 ship0=0.00 meanshipbin=6.6 avgfleet=23.4 p90fleet=41.0
iter   925 | steps  30,310,400 | SPS     889 | r_p0 -0.155 r_p1 +0.642 | clip_frac 0.070 | KL 0.0057 | H_fire 0.062 H_ang 4.93 H_ship 2.19 | V_loss 0.0200 | LR 0.000024 | early_stop=0 | fire[0]=0.11 fire[rest_max]=0.17 srcs_multi=0.71 ship0=0.00 meanshipbin=6.7 avgfleet=22.6 p90fleet=40.0
iter   926 | steps  30,343,168 | SPS     889 | r_p0 -0.066 r_p1 +0.557 | clip_frac 0.070 | KL 0.0059 | H_fire 0.062 H_ang 4.92 H_ship 2.19 | V_loss 0.0192 | LR 0.000024 | early_stop=0 | fire[0]=0.10 fire[rest_max]=0.17 srcs_multi=0.69 ship0=0.00 meanshipbin=6.7 avgfleet=24.4 p90fleet=44.0
iter   927 | steps  30,375,936 | SPS     889 | r_p0 +0.058 r_p1 +0.434 | clip_frac 0.069 | KL 0.0060 | H_fire 0.062 H_ang 4.92 H_ship 2.19 | V_loss 0.0167 | LR 0.000024 | early_stop=0 | fire[0]=0.09 fire[rest_max]=0.16 srcs_multi=0.67 ship0=0.00 meanshipbin=6.7 avgfleet=24.8 p90fleet=44.0
iter   928 | steps  30,408,704 | SPS     889 | r_p0 -0.193 r_p1 +0.683 | clip_frac 0.069 | KL 0.0056 | H_fire 0.061 H_ang 4.93 H_ship 2.19 | V_loss 0.0165 | LR 0.000024 | early_stop=0 | fire[0]=0.10 fire[rest_max]=0.16 srcs_multi=0.67 ship0=0.00 meanshipbin=6.7 avgfleet=24.3 p90fleet=42.0
iter   929 | steps  30,441,472 | SPS     889 | r_p0 -0.327 r_p1 +0.820 | clip_frac 0.069 | KL 0.0049 | H_fire 0.065 H_ang 4.92 H_ship 2.18 | V_loss 0.0194 | LR 0.000024 | early_stop=0 | fire[0]=0.10 fire[rest_max]=0.16 srcs_multi=0.72 ship0=0.00 meanshipbin=6.7 avgfleet=24.7 p90fleet=44.0
iter   930 | steps  30,474,240 | SPS     889 | r_p0 -0.166 r_p1 +0.656 | clip_frac 0.069 | KL 0.0098 | H_fire 0.063 H_ang 4.92 H_ship 2.19 | V_loss 0.0191 | LR 0.000024 | early_stop=0 | fire[0]=0.10 fire[rest_max]=0.16 srcs_multi=0.71 ship0=0.00 meanshipbin=6.6 avgfleet=23.6 p90fleet=41.0
  pool snapshot @ step 30,474,240
  pool size=22  alpha=2.0
    self                 self_step_20316160             wr=0.46 (n=1337)  pfsp_w=0.292
    self                 self_step_22347776             wr=0.47 (n=1131)  pfsp_w=0.282
    external_heuristic   candidate_zach_public          wr=0.48 (n=6277)  pfsp_w=0.268
    self                 self_step_27426816             wr=0.48 (n=819)  pfsp_w=0.267
    self                 self_step_17268736             wr=0.48 (n=1281)  pfsp_w=0.265
    self                 self_step_29458432             wr=0.50 (n=66)  pfsp_w=0.250
    self                 self_step_30474240             wr=0.50 (n=0)  pfsp_w=0.250
    self                 self_step_18284544             wr=0.51 (n=934)  pfsp_w=0.242
iter   931 | steps  30,507,008 | SPS     889 | r_p0 +0.096 r_p1 +0.393 | clip_frac 0.069 | KL 0.0062 | H_fire 0.066 H_ang 4.92 H_ship 2.19 | V_loss 0.0165 | LR 0.000024 | early_stop=0 | fire[0]=0.10 fire[rest_max]=0.16 srcs_multi=0.69 ship0=0.00 meanshipbin=6.7 avgfleet=24.3 p90fleet=44.0
iter   932 | steps  30,539,776 | SPS     890 | r_p0 +0.020 r_p1 +0.467 | clip_frac 0.069 | KL 0.0102 | H_fire 0.062 H_ang 4.92 H_ship 2.19 | V_loss 0.0190 | LR 0.000024 | early_stop=0 | fire[0]=0.11 fire[rest_max]=0.16 srcs_multi=0.68 ship0=0.00 meanshipbin=6.6 avgfleet=24.5 p90fleet=43.0
iter   933 | steps  30,572,544 | SPS     889 | r_p0 -0.153 r_p1 +0.643 | clip_frac 0.069 | KL 0.0067 | H_fire 0.068 H_ang 4.92 H_ship 2.18 | V_loss 0.0219 | LR 0.000024 | early_stop=0 | fire[0]=0.11 fire[rest_max]=0.18 srcs_multi=0.81 ship0=0.00 meanshipbin=6.7 avgfleet=24.8 p90fleet=43.0
iter   934 | steps  30,605,312 | SPS     890 | r_p0 -0.039 r_p1 +0.533 | clip_frac 0.069 | KL 0.0054 | H_fire 0.062 H_ang 4.92 H_ship 2.19 | V_loss 0.0187 | LR 0.000024 | early_stop=0 | fire[0]=0.11 fire[rest_max]=0.17 srcs_multi=0.73 ship0=0.00 meanshipbin=6.7 avgfleet=23.9 p90fleet=43.0
iter   935 | steps  30,638,080 | SPS     890 | r_p0 -0.179 r_p1 +0.670 | clip_frac 0.070 | KL 0.0070 | H_fire 0.064 H_ang 4.92 H_ship 2.18 | V_loss 0.0179 | LR 0.000024 | early_stop=0 | fire[0]=0.10 fire[rest_max]=0.16 srcs_multi=0.73 ship0=0.00 meanshipbin=6.8 avgfleet=24.5 p90fleet=43.0
iter   936 | steps  30,670,848 | SPS     890 | r_p0 -0.339 r_p1 +0.834 | clip_frac 0.069 | KL 0.0070 | H_fire 0.069 H_ang 4.92 H_ship 2.18 | V_loss 0.0169 | LR 0.000024 | early_stop=0 | fire[0]=0.10 fire[rest_max]=0.17 srcs_multi=0.78 ship0=0.00 meanshipbin=6.7 avgfleet=24.0 p90fleet=43.0
iter   937 | steps  30,703,616 | SPS     889 | r_p0 -0.121 r_p1 +0.607 | clip_frac 0.069 | KL 0.0056 | H_fire 0.062 H_ang 4.92 H_ship 2.19 | V_loss 0.0171 | LR 0.000024 | early_stop=0 | fire[0]=0.10 fire[rest_max]=0.17 srcs_multi=0.70 ship0=0.00 meanshipbin=6.5 avgfleet=24.8 p90fleet=43.0
iter   938 | steps  30,736,384 | SPS     889 | r_p0 -0.117 r_p1 +0.605 | clip_frac 0.069 | KL 0.0067 | H_fire 0.064 H_ang 4.93 H_ship 2.19 | V_loss 0.0161 | LR 0.000024 | early_stop=0 | fire[0]=0.10 fire[rest_max]=0.17 srcs_multi=0.70 ship0=0.00 meanshipbin=6.5 avgfleet=23.3 p90fleet=41.0
iter   939 | steps  30,769,152 | SPS     889 | r_p0 -0.140 r_p1 +0.633 | clip_frac 0.069 | KL 0.0058 | H_fire 0.068 H_ang 4.92 H_ship 2.19 | V_loss 0.0172 | LR 0.000024 | early_stop=0 | fire[0]=0.10 fire[rest_max]=0.17 srcs_multi=0.73 ship0=0.00 meanshipbin=6.6 avgfleet=23.5 p90fleet=41.0
iter   940 | steps  30,801,920 | SPS     889 | r_p0 +0.085 r_p1 +0.406 | clip_frac 0.069 | KL 0.0063 | H_fire 0.061 H_ang 4.92 H_ship 2.18 | V_loss 0.0196 | LR 0.000024 | early_stop=0 | fire[0]=0.10 fire[rest_max]=0.16 srcs_multi=0.67 ship0=0.00 meanshipbin=6.8 avgfleet=27.3 p90fleet=48.0
iter   941 | steps  30,834,688 | SPS     889 | r_p0 +0.097 r_p1 +0.397 | clip_frac 0.069 | KL 0.0068 | H_fire 0.059 H_ang 4.92 H_ship 2.18 | V_loss 0.0184 | LR 0.000023 | early_stop=0 | fire[0]=0.10 fire[rest_max]=0.16 srcs_multi=0.70 ship0=0.00 meanshipbin=6.7 avgfleet=23.8 p90fleet=42.0
iter   942 | steps  30,867,456 | SPS     889 | r_p0 -0.029 r_p1 +0.521 | clip_frac 0.069 | KL 0.0054 | H_fire 0.065 H_ang 4.92 H_ship 2.18 | V_loss 0.0162 | LR 0.000023 | early_stop=0 | fire[0]=0.10 fire[rest_max]=0.16 srcs_multi=0.74 ship0=0.00 meanshipbin=6.7 avgfleet=23.4 p90fleet=42.0
iter   943 | steps  30,900,224 | SPS     889 | r_p0 -0.131 r_p1 +0.617 | clip_frac 0.069 | KL 0.0071 | H_fire 0.060 H_ang 4.92 H_ship 2.18 | V_loss 0.0194 | LR 0.000023 | early_stop=0 | fire[0]=0.10 fire[rest_max]=0.16 srcs_multi=0.73 ship0=0.00 meanshipbin=6.6 avgfleet=23.1 p90fleet=40.0
iter   944 | steps  30,932,992 | SPS     889 | r_p0 +0.028 r_p1 +0.457 | clip_frac 0.069 | KL 0.0053 | H_fire 0.064 H_ang 4.92 H_ship 2.18 | V_loss 0.0187 | LR 0.000023 | early_stop=0 | fire[0]=0.10 fire[rest_max]=0.17 srcs_multi=0.71 ship0=0.00 meanshipbin=6.7 avgfleet=24.7 p90fleet=45.0
iter   945 | steps  30,965,760 | SPS     889 | r_p0 -0.044 r_p1 +0.533 | clip_frac 0.068 | KL 0.0062 | H_fire 0.059 H_ang 4.92 H_ship 2.18 | V_loss 0.0197 | LR 0.000023 | early_stop=0 | fire[0]=0.11 fire[rest_max]=0.17 srcs_multi=0.74 ship0=0.00 meanshipbin=6.7 avgfleet=23.5 p90fleet=41.0
iter   946 | steps  30,998,528 | SPS     890 | r_p0 -0.154 r_p1 +0.646 | clip_frac 0.068 | KL 0.0059 | H_fire 0.065 H_ang 4.92 H_ship 2.18 | V_loss 0.0173 | LR 0.000023 | early_stop=0 | fire[0]=0.10 fire[rest_max]=0.17 srcs_multi=0.75 ship0=0.00 meanshipbin=6.7 avgfleet=24.1 p90fleet=43.0
iter   947 | steps  31,031,296 | SPS     890 | r_p0 -0.153 r_p1 +0.648 | clip_frac 0.068 | KL 0.0056 | H_fire 0.066 H_ang 4.92 H_ship 2.18 | V_loss 0.0179 | LR 0.000023 | early_stop=0 | fire[0]=0.10 fire[rest_max]=0.16 srcs_multi=0.70 ship0=0.00 meanshipbin=6.7 avgfleet=24.0 p90fleet=43.0
iter   948 | steps  31,064,064 | SPS     890 | r_p0 -0.142 r_p1 +0.634 | clip_frac 0.068 | KL 0.0060 | H_fire 0.070 H_ang 4.92 H_ship 2.18 | V_loss 0.0163 | LR 0.000023 | early_stop=0 | fire[0]=0.10 fire[rest_max]=0.16 srcs_multi=0.74 ship0=0.00 meanshipbin=6.7 avgfleet=24.1 p90fleet=43.0
iter   949 | steps  31,096,832 | SPS     890 | r_p0 -0.342 r_p1 +0.829 | clip_frac 0.068 | KL 0.0056 | H_fire 0.071 H_ang 4.92 H_ship 2.17 | V_loss 0.0184 | LR 0.000023 | early_stop=0 | fire[0]=0.10 fire[rest_max]=0.17 srcs_multi=0.76 ship0=0.00 meanshipbin=6.8 avgfleet=24.2 p90fleet=42.0
iter   950 | steps  31,129,600 | SPS     890 | r_p0 -0.218 r_p1 +0.705 | clip_frac 0.068 | KL 0.0047 | H_fire 0.059 H_ang 4.93 H_ship 2.18 | V_loss 0.0190 | LR 0.000023 | early_stop=0 | fire[0]=0.10 fire[rest_max]=0.17 srcs_multi=0.70 ship0=0.00 meanshipbin=6.7 avgfleet=23.3 p90fleet=41.0
iter   951 | steps  31,162,368 | SPS     890 | r_p0 -0.194 r_p1 +0.681 | clip_frac 0.068 | KL 0.0072 | H_fire 0.065 H_ang 4.92 H_ship 2.18 | V_loss 0.0193 | LR 0.000023 | early_stop=0 | fire[0]=0.11 fire[rest_max]=0.18 srcs_multi=0.79 ship0=0.00 meanshipbin=6.6 avgfleet=22.8 p90fleet=40.0
iter   952 | steps  31,195,136 | SPS     890 | r_p0 +0.031 r_p1 +0.456 | clip_frac 0.067 | KL 0.0051 | H_fire 0.059 H_ang 4.93 H_ship 2.18 | V_loss 0.0196 | LR 0.000023 | early_stop=0 | fire[0]=0.09 fire[rest_max]=0.16 srcs_multi=0.68 ship0=0.00 meanshipbin=6.8 avgfleet=24.7 p90fleet=44.0
iter   953 | steps  31,227,904 | SPS     891 | r_p0 +0.020 r_p1 +0.469 | clip_frac 0.067 | KL 0.0062 | H_fire 0.067 H_ang 4.93 H_ship 2.18 | V_loss 0.0156 | LR 0.000023 | early_stop=0 | fire[0]=0.10 fire[rest_max]=0.17 srcs_multi=0.72 ship0=0.00 meanshipbin=6.7 avgfleet=23.5 p90fleet=42.0
iter   954 | steps  31,260,672 | SPS     891 | r_p0 +0.057 r_p1 +0.435 | clip_frac 0.067 | KL 0.0058 | H_fire 0.068 H_ang 4.92 H_ship 2.18 | V_loss 0.0161 | LR 0.000023 | early_stop=0 | fire[0]=0.10 fire[rest_max]=0.16 srcs_multi=0.74 ship0=0.00 meanshipbin=6.8 avgfleet=23.6 p90fleet=42.0
iter   955 | steps  31,293,440 | SPS     891 | r_p0 -0.179 r_p1 +0.670 | clip_frac 0.067 | KL 0.0061 | H_fire 0.060 H_ang 4.93 H_ship 2.19 | V_loss 0.0160 | LR 0.000023 | early_stop=0 | fire[0]=0.10 fire[rest_max]=0.16 srcs_multi=0.65 ship0=0.00 meanshipbin=6.7 avgfleet=24.8 p90fleet=44.0
iter   956 | steps  31,326,208 | SPS     891 | r_p0 -0.377 r_p1 +0.866 | clip_frac 0.067 | KL 0.0058 | H_fire 0.061 H_ang 4.93 H_ship 2.19 | V_loss 0.0167 | LR 0.000023 | early_stop=0 | fire[0]=0.10 fire[rest_max]=0.16 srcs_multi=0.69 ship0=0.00 meanshipbin=6.6 avgfleet=23.7 p90fleet=41.0
iter   957 | steps  31,358,976 | SPS     891 | r_p0 -0.267 r_p1 +0.756 | clip_frac 0.066 | KL 0.0051 | H_fire 0.067 H_ang 4.92 H_ship 2.18 | V_loss 0.0180 | LR 0.000023 | early_stop=0 | fire[0]=0.10 fire[rest_max]=0.16 srcs_multi=0.69 ship0=0.00 meanshipbin=6.8 avgfleet=24.6 p90fleet=44.0
iter   958 | steps  31,391,744 | SPS     890 | r_p0 -0.118 r_p1 +0.607 | clip_frac 0.067 | KL 0.0055 | H_fire 0.065 H_ang 4.92 H_ship 2.18 | V_loss 0.0188 | LR 0.000023 | early_stop=0 | fire[0]=0.10 fire[rest_max]=0.17 srcs_multi=0.74 ship0=0.00 meanshipbin=6.6 avgfleet=25.2 p90fleet=44.0
iter   959 | steps  31,424,512 | SPS     888 | r_p0 -0.093 r_p1 +0.580 | clip_frac 0.066 | KL 0.0047 | H_fire 0.071 H_ang 4.92 H_ship 2.18 | V_loss 0.0145 | LR 0.000023 | early_stop=0 | fire[0]=0.10 fire[rest_max]=0.18 srcs_multi=0.73 ship0=0.00 meanshipbin=6.6 avgfleet=25.3 p90fleet=45.0
iter   960 | steps  31,457,280 | SPS     889 | r_p0 -0.216 r_p1 +0.709 | clip_frac 0.066 | KL 0.0058 | H_fire 0.075 H_ang 4.93 H_ship 2.18 | V_loss 0.0127 | LR 0.000023 | early_stop=0 | fire[0]=0.10 fire[rest_max]=0.17 srcs_multi=0.75 ship0=0.00 meanshipbin=6.7 avgfleet=24.7 p90fleet=43.0
iter   961 | steps  31,490,048 | SPS     889 | r_p0 -0.116 r_p1 +0.606 | clip_frac 0.066 | KL 0.0054 | H_fire 0.057 H_ang 4.93 H_ship 2.19 | V_loss 0.0177 | LR 0.000023 | early_stop=0 | fire[0]=0.09 fire[rest_max]=0.14 srcs_multi=0.60 ship0=0.00 meanshipbin=7.0 avgfleet=26.5 p90fleet=47.0
  pool snapshot @ step 31,490,048
  pool size=22  alpha=2.0
    self                 self_step_20316160             wr=0.46 (n=1584)  pfsp_w=0.291
    self                 self_step_17268736             wr=0.48 (n=1444)  pfsp_w=0.274
    self                 self_step_24379392             wr=0.48 (n=624)  pfsp_w=0.268
    external_heuristic   candidate_zach_public          wr=0.48 (n=6426)  pfsp_w=0.265
    self                 self_step_29458432             wr=0.50 (n=66)  pfsp_w=0.250
    self                 self_step_31490048             wr=0.50 (n=0)  pfsp_w=0.250
    self                 self_step_18284544             wr=0.51 (n=934)  pfsp_w=0.242
    self                 self_step_22347776             wr=0.51 (n=1507)  pfsp_w=0.241
iter   962 | steps  31,522,816 | SPS     889 | r_p0 -0.141 r_p1 +0.631 | clip_frac 0.066 | KL 0.0072 | H_fire 0.064 H_ang 4.93 H_ship 2.19 | V_loss 0.0156 | LR 0.000023 | early_stop=0 | fire[0]=0.09 fire[rest_max]=0.15 srcs_multi=0.67 ship0=0.00 meanshipbin=6.7 avgfleet=23.5 p90fleet=42.0
iter   963 | steps  31,555,584 | SPS     889 | r_p0 -0.188 r_p1 +0.681 | clip_frac 0.066 | KL 0.0061 | H_fire 0.062 H_ang 4.93 H_ship 2.18 | V_loss 0.0176 | LR 0.000023 | early_stop=0 | fire[0]=0.10 fire[rest_max]=0.15 srcs_multi=0.69 ship0=0.00 meanshipbin=6.9 avgfleet=24.3 p90fleet=44.0
iter   964 | steps  31,588,352 | SPS     888 | r_p0 -0.185 r_p1 +0.666 | clip_frac 0.066 | KL 0.0061 | H_fire 0.063 H_ang 4.92 H_ship 2.18 | V_loss 0.0175 | LR 0.000023 | early_stop=0 | fire[0]=0.10 fire[rest_max]=0.16 srcs_multi=0.74 ship0=0.00 meanshipbin=6.9 avgfleet=26.7 p90fleet=48.0
iter   965 | steps  31,621,120 | SPS     888 | r_p0 -0.158 r_p1 +0.640 | clip_frac 0.066 | KL 0.0066 | H_fire 0.070 H_ang 4.92 H_ship 2.18 | V_loss 0.0151 | LR 0.000023 | early_stop=0 | fire[0]=0.10 fire[rest_max]=0.17 srcs_multi=0.78 ship0=0.00 meanshipbin=6.9 avgfleet=25.4 p90fleet=45.0
iter   966 | steps  31,653,888 | SPS     888 | r_p0 -0.343 r_p1 +0.831 | clip_frac 0.066 | KL 0.0045 | H_fire 0.068 H_ang 4.92 H_ship 2.18 | V_loss 0.0149 | LR 0.000023 | early_stop=0 | fire[0]=0.10 fire[rest_max]=0.16 srcs_multi=0.74 ship0=0.00 meanshipbin=6.9 avgfleet=24.6 p90fleet=44.0
iter   967 | steps  31,686,656 | SPS     888 | r_p0 -0.428 r_p1 +0.917 | clip_frac 0.066 | KL 0.0066 | H_fire 0.060 H_ang 4.93 H_ship 2.19 | V_loss 0.0168 | LR 0.000023 | early_stop=0 | fire[0]=0.10 fire[rest_max]=0.16 srcs_multi=0.63 ship0=0.00 meanshipbin=6.9 avgfleet=24.5 p90fleet=43.0
iter   968 | steps  31,719,424 | SPS     888 | r_p0 -0.442 r_p1 +0.933 | clip_frac 0.065 | KL 0.0057 | H_fire 0.070 H_ang 4.92 H_ship 2.17 | V_loss 0.0191 | LR 0.000023 | early_stop=0 | fire[0]=0.10 fire[rest_max]=0.17 srcs_multi=0.73 ship0=0.00 meanshipbin=7.0 avgfleet=24.3 p90fleet=43.0
iter   969 | steps  31,752,192 | SPS     888 | r_p0 -0.155 r_p1 +0.649 | clip_frac 0.065 | KL 0.0064 | H_fire 0.071 H_ang 4.92 H_ship 2.18 | V_loss 0.0163 | LR 0.000023 | early_stop=0 | fire[0]=0.10 fire[rest_max]=0.18 srcs_multi=0.73 ship0=0.00 meanshipbin=6.9 avgfleet=23.2 p90fleet=42.0
iter   970 | steps  31,784,960 | SPS     888 | r_p0 -0.111 r_p1 +0.594 | clip_frac 0.065 | KL 0.0063 | H_fire 0.060 H_ang 4.93 H_ship 2.18 | V_loss 0.0181 | LR 0.000023 | early_stop=0 | fire[0]=0.10 fire[rest_max]=0.17 srcs_multi=0.70 ship0=0.00 meanshipbin=6.8 avgfleet=22.7 p90fleet=40.0
iter   971 | steps  31,817,728 | SPS     888 | r_p0 -0.195 r_p1 +0.682 | clip_frac 0.065 | KL 0.0054 | H_fire 0.062 H_ang 4.93 H_ship 2.17 | V_loss 0.0192 | LR 0.000023 | early_stop=0 | fire[0]=0.11 fire[rest_max]=0.19 srcs_multi=0.79 ship0=0.00 meanshipbin=6.8 avgfleet=22.1 p90fleet=38.0
iter   972 | steps  31,850,496 | SPS     888 | r_p0 +0.121 r_p1 +0.371 | clip_frac 0.065 | KL 0.0050 | H_fire 0.058 H_ang 4.92 H_ship 2.17 | V_loss 0.0212 | LR 0.000023 | early_stop=0 | fire[0]=0.11 fire[rest_max]=0.18 srcs_multi=0.81 ship0=0.00 meanshipbin=7.0 avgfleet=24.7 p90fleet=43.0
iter   973 | steps  31,883,264 | SPS     889 | r_p0 +0.173 r_p1 +0.321 | clip_frac 0.065 | KL 0.0048 | H_fire 0.060 H_ang 4.93 H_ship 2.17 | V_loss 0.0192 | LR 0.000023 | early_stop=0 | fire[0]=0.12 fire[rest_max]=0.20 srcs_multi=0.82 ship0=0.00 meanshipbin=6.9 avgfleet=22.7 p90fleet=41.0
iter   974 | steps  31,916,032 | SPS     889 | r_p0 -0.177 r_p1 +0.671 | clip_frac 0.065 | KL 0.0068 | H_fire 0.060 H_ang 4.93 H_ship 2.17 | V_loss 0.0156 | LR 0.000023 | early_stop=0 | fire[0]=0.11 fire[rest_max]=0.19 srcs_multi=0.78 ship0=0.00 meanshipbin=6.9 avgfleet=22.8 p90fleet=40.0
iter   975 | steps  31,948,800 | SPS     889 | r_p0 -0.104 r_p1 +0.595 | clip_frac 0.065 | KL 0.0052 | H_fire 0.064 H_ang 4.93 H_ship 2.17 | V_loss 0.0179 | LR 0.000023 | early_stop=0 | fire[0]=0.11 fire[rest_max]=0.18 srcs_multi=0.77 ship0=0.00 meanshipbin=7.0 avgfleet=23.9 p90fleet=43.0
iter   976 | steps  31,981,568 | SPS     889 | r_p0 -0.067 r_p1 +0.558 | clip_frac 0.065 | KL 0.0070 | H_fire 0.067 H_ang 4.92 H_ship 2.16 | V_loss 0.0197 | LR 0.000023 | early_stop=0 | fire[0]=0.12 fire[rest_max]=0.19 srcs_multi=0.83 ship0=0.00 meanshipbin=7.1 avgfleet=24.3 p90fleet=43.0
iter   977 | steps  32,014,336 | SPS     889 | r_p0 -0.102 r_p1 +0.598 | clip_frac 0.065 | KL 0.0059 | H_fire 0.061 H_ang 4.93 H_ship 2.18 | V_loss 0.0162 | LR 0.000023 | early_stop=0 | fire[0]=0.11 fire[rest_max]=0.18 srcs_multi=0.74 ship0=0.00 meanshipbin=6.9 avgfleet=23.2 p90fleet=42.0
iter   978 | steps  32,047,104 | SPS     889 | r_p0 -0.189 r_p1 +0.684 | clip_frac 0.065 | KL 0.0054 | H_fire 0.066 H_ang 4.93 H_ship 2.18 | V_loss 0.0191 | LR 0.000023 | early_stop=0 | fire[0]=0.10 fire[rest_max]=0.17 srcs_multi=0.72 ship0=0.00 meanshipbin=7.0 avgfleet=24.0 p90fleet=43.0
iter   979 | steps  32,079,872 | SPS     889 | r_p0 +0.009 r_p1 +0.480 | clip_frac 0.065 | KL 0.0060 | H_fire 0.062 H_ang 4.93 H_ship 2.18 | V_loss 0.0186 | LR 0.000023 | early_stop=0 | fire[0]=0.10 fire[rest_max]=0.17 srcs_multi=0.75 ship0=0.00 meanshipbin=6.9 avgfleet=24.2 p90fleet=42.0
iter   980 | steps  32,112,640 | SPS     889 | r_p0 -0.252 r_p1 +0.742 | clip_frac 0.065 | KL 0.0074 | H_fire 0.065 H_ang 4.93 H_ship 2.17 | V_loss 0.0182 | LR 0.000023 | early_stop=0 | fire[0]=0.11 fire[rest_max]=0.18 srcs_multi=0.78 ship0=0.00 meanshipbin=6.9 avgfleet=23.5 p90fleet=42.0
iter   981 | steps  32,145,408 | SPS     889 | r_p0 -0.178 r_p1 +0.672 | clip_frac 0.065 | KL 0.0060 | H_fire 0.056 H_ang 4.93 H_ship 2.18 | V_loss 0.0179 | LR 0.000023 | early_stop=0 | fire[0]=0.10 fire[rest_max]=0.17 srcs_multi=0.70 ship0=0.00 meanshipbin=6.8 avgfleet=23.7 p90fleet=41.0
iter   982 | steps  32,178,176 | SPS     890 | r_p0 -0.118 r_p1 +0.606 | clip_frac 0.064 | KL 0.0045 | H_fire 0.064 H_ang 4.93 H_ship 2.18 | V_loss 0.0189 | LR 0.000023 | early_stop=0 | fire[0]=0.10 fire[rest_max]=0.17 srcs_multi=0.71 ship0=0.00 meanshipbin=6.9 avgfleet=24.2 p90fleet=43.0
iter   983 | steps  32,210,944 | SPS     890 | r_p0 +0.020 r_p1 +0.468 | clip_frac 0.064 | KL 0.0067 | H_fire 0.068 H_ang 4.92 H_ship 2.18 | V_loss 0.0159 | LR 0.000023 | early_stop=0 | fire[0]=0.10 fire[rest_max]=0.17 srcs_multi=0.70 ship0=0.00 meanshipbin=6.9 avgfleet=24.5 p90fleet=44.0
iter   984 | steps  32,243,712 | SPS     890 | r_p0 -0.102 r_p1 +0.597 | clip_frac 0.064 | KL 0.0057 | H_fire 0.063 H_ang 4.93 H_ship 2.18 | V_loss 0.0165 | LR 0.000023 | early_stop=0 | fire[0]=0.10 fire[rest_max]=0.17 srcs_multi=0.69 ship0=0.00 meanshipbin=6.9 avgfleet=23.7 p90fleet=42.0
iter   985 | steps  32,276,480 | SPS     890 | r_p0 -0.265 r_p1 +0.759 | clip_frac 0.064 | KL 0.0061 | H_fire 0.065 H_ang 4.93 H_ship 2.18 | V_loss 0.0181 | LR 0.000023 | early_stop=0 | fire[0]=0.11 fire[rest_max]=0.18 srcs_multi=0.73 ship0=0.00 meanshipbin=6.9 avgfleet=23.3 p90fleet=41.0
iter   986 | steps  32,309,248 | SPS     890 | r_p0 +0.032 r_p1 +0.458 | clip_frac 0.064 | KL 0.0055 | H_fire 0.066 H_ang 4.93 H_ship 2.18 | V_loss 0.0195 | LR 0.000023 | early_stop=0 | fire[0]=0.10 fire[rest_max]=0.17 srcs_multi=0.71 ship0=0.00 meanshipbin=7.0 avgfleet=24.6 p90fleet=44.0
iter   987 | steps  32,342,016 | SPS     890 | r_p0 -0.103 r_p1 +0.597 | clip_frac 0.064 | KL 0.0069 | H_fire 0.065 H_ang 4.92 H_ship 2.17 | V_loss 0.0202 | LR 0.000023 | early_stop=0 | fire[0]=0.10 fire[rest_max]=0.16 srcs_multi=0.74 ship0=0.00 meanshipbin=6.9 avgfleet=24.5 p90fleet=43.0
iter   988 | steps  32,374,784 | SPS     890 | r_p0 -0.090 r_p1 +0.579 | clip_frac 0.064 | KL 0.0067 | H_fire 0.060 H_ang 4.93 H_ship 2.18 | V_loss 0.0188 | LR 0.000023 | early_stop=0 | fire[0]=0.10 fire[rest_max]=0.17 srcs_multi=0.72 ship0=0.00 meanshipbin=6.8 avgfleet=23.8 p90fleet=41.0
iter   989 | steps  32,407,552 | SPS     891 | r_p0 -0.054 r_p1 +0.548 | clip_frac 0.064 | KL 0.0049 | H_fire 0.063 H_ang 4.93 H_ship 2.18 | V_loss 0.0206 | LR 0.000023 | early_stop=0 | fire[0]=0.10 fire[rest_max]=0.16 srcs_multi=0.71 ship0=0.00 meanshipbin=7.0 avgfleet=24.8 p90fleet=45.0
iter   990 | steps  32,440,320 | SPS     891 | r_p0 -0.139 r_p1 +0.635 | clip_frac 0.063 | KL 0.0043 | H_fire 0.056 H_ang 4.93 H_ship 2.18 | V_loss 0.0189 | LR 0.000023 | early_stop=0 | fire[0]=0.10 fire[rest_max]=0.16 srcs_multi=0.67 ship0=0.00 meanshipbin=6.9 avgfleet=24.1 p90fleet=42.0
iter   991 | steps  32,473,088 | SPS     891 | r_p0 -0.191 r_p1 +0.683 | clip_frac 0.063 | KL 0.0061 | H_fire 0.057 H_ang 4.93 H_ship 2.18 | V_loss 0.0197 | LR 0.000023 | early_stop=0 | fire[0]=0.10 fire[rest_max]=0.16 srcs_multi=0.70 ship0=0.00 meanshipbin=6.9 avgfleet=24.7 p90fleet=43.0
iter   992 | steps  32,505,856 | SPS     891 | r_p0 +0.055 r_p1 +0.432 | clip_frac 0.063 | KL 0.0059 | H_fire 0.063 H_ang 4.92 H_ship 2.17 | V_loss 0.0214 | LR 0.000023 | early_stop=0 | fire[0]=0.11 fire[rest_max]=0.18 srcs_multi=0.78 ship0=0.00 meanshipbin=7.0 avgfleet=26.0 p90fleet=45.0
  pool snapshot @ step 32,505,856
  pool size=22  alpha=2.0
    self                 self_step_30474240             wr=0.41 (n=235)  pfsp_w=0.345
    self                 self_step_20316160             wr=0.46 (n=1584)  pfsp_w=0.291
    self                 self_step_17268736             wr=0.48 (n=1444)  pfsp_w=0.274
    external_heuristic   candidate_zach_public          wr=0.49 (n=6665)  pfsp_w=0.263
    self                 self_step_18284544             wr=0.50 (n=1098)  pfsp_w=0.255
    self                 self_step_29458432             wr=0.50 (n=66)  pfsp_w=0.250
    self                 self_step_32505856             wr=0.50 (n=0)  pfsp_w=0.250
    self                 self_step_22347776             wr=0.51 (n=1507)  pfsp_w=0.241
iter   993 | steps  32,538,624 | SPS     891 | r_p0 +0.045 r_p1 +0.446 | clip_frac 0.063 | KL 0.0062 | H_fire 0.056 H_ang 4.93 H_ship 2.17 | V_loss 0.0203 | LR 0.000023 | early_stop=0 | fire[0]=0.11 fire[rest_max]=0.19 srcs_multi=0.74 ship0=0.00 meanshipbin=7.0 avgfleet=23.4 p90fleet=41.0
iter   994 | steps  32,571,392 | SPS     891 | r_p0 +0.060 r_p1 +0.437 | clip_frac 0.064 | KL 0.0075 | H_fire 0.059 H_ang 4.93 H_ship 2.17 | V_loss 0.0207 | LR 0.000023 | early_stop=0 | fire[0]=0.11 fire[rest_max]=0.19 srcs_multi=0.78 ship0=0.00 meanshipbin=6.8 avgfleet=23.6 p90fleet=41.0
iter   995 | steps  32,604,160 | SPS     891 | r_p0 +0.071 r_p1 +0.422 | clip_frac 0.064 | KL 0.0045 | H_fire 0.064 H_ang 4.93 H_ship 2.17 | V_loss 0.0188 | LR 0.000023 | early_stop=0 | fire[0]=0.11 fire[rest_max]=0.19 srcs_multi=0.86 ship0=0.00 meanshipbin=6.8 avgfleet=22.6 p90fleet=39.0
iter   996 | steps  32,636,928 | SPS     891 | r_p0 +0.248 r_p1 +0.245 | clip_frac 0.064 | KL 0.0068 | H_fire 0.068 H_ang 4.93 H_ship 2.16 | V_loss 0.0192 | LR 0.000023 | early_stop=0 | fire[0]=0.11 fire[rest_max]=0.19 srcs_multi=0.87 ship0=0.00 meanshipbin=6.8 avgfleet=22.0 p90fleet=38.0
iter   997 | steps  32,669,696 | SPS     891 | r_p0 +0.310 r_p1 +0.185 | clip_frac 0.064 | KL 0.0069 | H_fire 0.068 H_ang 4.93 H_ship 2.17 | V_loss 0.0214 | LR 0.000023 | early_stop=0 | fire[0]=0.11 fire[rest_max]=0.19 srcs_multi=0.81 ship0=0.00 meanshipbin=6.9 avgfleet=22.5 p90fleet=39.0
iter   998 | steps  32,702,464 | SPS     892 | r_p0 +0.186 r_p1 +0.310 | clip_frac 0.064 | KL 0.0085 | H_fire 0.069 H_ang 4.93 H_ship 2.17 | V_loss 0.0204 | LR 0.000023 | early_stop=0 | fire[0]=0.11 fire[rest_max]=0.18 srcs_multi=0.80 ship0=0.00 meanshipbin=6.8 avgfleet=22.6 p90fleet=39.0
iter   999 | steps  32,735,232 | SPS     892 | r_p0 +0.305 r_p1 +0.184 | clip_frac 0.065 | KL 0.0080 | H_fire 0.067 H_ang 4.93 H_ship 2.17 | V_loss 0.0204 | LR 0.000023 | early_stop=0 | fire[0]=0.11 fire[rest_max]=0.18 srcs_multi=0.81 ship0=0.00 meanshipbin=6.8 avgfleet=22.0 p90fleet=39.0
iter  1000 | steps  32,768,000 | SPS     892 | r_p0 +0.108 r_p1 +0.381 | clip_frac 0.065 | KL 0.0064 | H_fire 0.056 H_ang 4.93 H_ship 2.18 | V_loss 0.0203 | LR 0.000023 | early_stop=0 | fire[0]=0.10 fire[rest_max]=0.17 srcs_multi=0.69 ship0=0.00 meanshipbin=6.9 avgfleet=24.9 p90fleet=44.0
iter  1001 | steps  32,800,768 | SPS     892 | r_p0 -0.028 r_p1 +0.523 | clip_frac 0.065 | KL 0.0055 | H_fire 0.062 H_ang 4.93 H_ship 2.17 | V_loss 0.0180 | LR 0.000023 | early_stop=0 | fire[0]=0.10 fire[rest_max]=0.18 srcs_multi=0.80 ship0=0.00 meanshipbin=7.0 avgfleet=23.8 p90fleet=42.0
iter  1002 | steps  32,833,536 | SPS     892 | r_p0 -0.241 r_p1 +0.737 | clip_frac 0.065 | KL 0.0080 | H_fire 0.066 H_ang 4.92 H_ship 2.17 | V_loss 0.0184 | LR 0.000023 | early_stop=0 | fire[0]=0.11 fire[rest_max]=0.19 srcs_multi=0.82 ship0=0.00 meanshipbin=6.9 avgfleet=24.0 p90fleet=43.0
iter  1003 | steps  32,866,304 | SPS     892 | r_p0 -0.257 r_p1 +0.749 | clip_frac 0.065 | KL 0.0058 | H_fire 0.055 H_ang 4.93 H_ship 2.18 | V_loss 0.0185 | LR 0.000023 | early_stop=0 | fire[0]=0.10 fire[rest_max]=0.17 srcs_multi=0.72 ship0=0.00 meanshipbin=6.9 avgfleet=23.8 p90fleet=42.0
iter  1004 | steps  32,899,072 | SPS     892 | r_p0 -0.215 r_p1 +0.710 | clip_frac 0.065 | KL 0.0065 | H_fire 0.060 H_ang 4.93 H_ship 2.17 | V_loss 0.0176 | LR 0.000023 | early_stop=0 | fire[0]=0.10 fire[rest_max]=0.18 srcs_multi=0.79 ship0=0.00 meanshipbin=6.8 avgfleet=23.1 p90fleet=41.0
iter  1005 | steps  32,931,840 | SPS     892 | r_p0 +0.060 r_p1 +0.437 | clip_frac 0.065 | KL 0.0065 | H_fire 0.068 H_ang 4.92 H_ship 2.17 | V_loss 0.0184 | LR 0.000023 | early_stop=0 | fire[0]=0.10 fire[rest_max]=0.18 srcs_multi=0.79 ship0=0.00 meanshipbin=7.0 avgfleet=23.9 p90fleet=43.0
iter  1006 | steps  32,964,608 | SPS     891 | r_p0 -0.067 r_p1 +0.560 | clip_frac 0.065 | KL 0.0063 | H_fire 0.062 H_ang 4.93 H_ship 2.18 | V_loss 0.0197 | LR 0.000023 | early_stop=0 | fire[0]=0.10 fire[rest_max]=0.17 srcs_multi=0.76 ship0=0.00 meanshipbin=6.7 avgfleet=25.4 p90fleet=44.0
iter  1007 | steps  32,997,376 | SPS     891 | r_p0 -0.065 r_p1 +0.555 | clip_frac 0.065 | KL 0.0054 | H_fire 0.074 H_ang 4.92 H_ship 2.17 | V_loss 0.0140 | LR 0.000023 | early_stop=0 | fire[0]=0.09 fire[rest_max]=0.16 srcs_multi=0.69 ship0=0.00 meanshipbin=6.9 avgfleet=26.6 p90fleet=48.0
iter  1008 | steps  33,030,144 | SPS     891 | r_p0 +0.070 r_p1 +0.421 | clip_frac 0.065 | KL 0.0063 | H_fire 0.070 H_ang 4.93 H_ship 2.18 | V_loss 0.0159 | LR 0.000023 | early_stop=0 | fire[0]=0.10 fire[rest_max]=0.18 srcs_multi=0.75 ship0=0.00 meanshipbin=6.7 avgfleet=23.2 p90fleet=41.0
iter  1009 | steps  33,062,912 | SPS     891 | r_p0 +0.060 r_p1 +0.433 | clip_frac 0.065 | KL 0.0057 | H_fire 0.063 H_ang 4.92 H_ship 2.18 | V_loss 0.0166 | LR 0.000023 | early_stop=0 | fire[0]=0.10 fire[rest_max]=0.16 srcs_multi=0.69 ship0=0.00 meanshipbin=6.9 avgfleet=25.8 p90fleet=46.0
iter  1010 | steps  33,095,680 | SPS     892 | r_p0 -0.057 r_p1 +0.545 | clip_frac 0.065 | KL 0.0052 | H_fire 0.061 H_ang 4.92 H_ship 2.18 | V_loss 0.0185 | LR 0.000023 | early_stop=0 | fire[0]=0.10 fire[rest_max]=0.16 srcs_multi=0.71 ship0=0.00 meanshipbin=6.9 avgfleet=25.3 p90fleet=45.0
iter  1011 | steps  33,128,448 | SPS     892 | r_p0 -0.210 r_p1 +0.697 | clip_frac 0.066 | KL 0.0080 | H_fire 0.066 H_ang 4.92 H_ship 2.17 | V_loss 0.0167 | LR 0.000023 | early_stop=0 | fire[0]=0.10 fire[rest_max]=0.18 srcs_multi=0.80 ship0=0.00 meanshipbin=6.9 avgfleet=23.7 p90fleet=42.0
iter  1012 | steps  33,161,216 | SPS     892 | r_p0 -0.281 r_p1 +0.766 | clip_frac 0.066 | KL 0.0090 | H_fire 0.062 H_ang 4.92 H_ship 2.17 | V_loss 0.0172 | LR 0.000023 | early_stop=0 | fire[0]=0.10 fire[rest_max]=0.17 srcs_multi=0.76 ship0=0.00 meanshipbin=6.9 avgfleet=24.4 p90fleet=43.0
  saved checkpoints/torch_step_33161216_20260525_184201.pt
  saved checkpoints/pool_step_33161216_20260525_184201.pt (22 members)
iter  1013 | steps  33,193,984 | SPS     892 | r_p0 -0.268 r_p1 +0.750 | clip_frac 0.066 | KL 0.0056 | H_fire 0.066 H_ang 4.92 H_ship 2.17 | V_loss 0.0150 | LR 0.000023 | early_stop=0 | fire[0]=0.11 fire[rest_max]=0.19 srcs_multi=0.83 ship0=0.00 meanshipbin=6.9 avgfleet=23.7 p90fleet=42.0
iter  1014 | steps  33,226,752 | SPS     892 | r_p0 -0.378 r_p1 +0.871 | clip_frac 0.066 | KL 0.0058 | H_fire 0.054 H_ang 4.93 H_ship 2.18 | V_loss 0.0173 | LR 0.000023 | early_stop=0 | fire[0]=0.09 fire[rest_max]=0.17 srcs_multi=0.63 ship0=0.00 meanshipbin=6.9 avgfleet=24.2 p90fleet=42.0
iter  1015 | steps  33,259,520 | SPS     892 | r_p0 -0.328 r_p1 +0.821 | clip_frac 0.065 | KL 0.0070 | H_fire 0.057 H_ang 4.93 H_ship 2.18 | V_loss 0.0183 | LR 0.000023 | early_stop=0 | fire[0]=0.10 fire[rest_max]=0.17 srcs_multi=0.72 ship0=0.00 meanshipbin=6.9 avgfleet=24.2 p90fleet=42.0
iter  1016 | steps  33,292,288 | SPS     892 | r_p0 -0.103 r_p1 +0.598 | clip_frac 0.066 | KL 0.0057 | H_fire 0.061 H_ang 4.93 H_ship 2.17 | V_loss 0.0195 | LR 0.000023 | early_stop=0 | fire[0]=0.11 fire[rest_max]=0.18 srcs_multi=0.82 ship0=0.00 meanshipbin=6.8 avgfleet=23.9 p90fleet=42.0
iter  1017 | steps  33,325,056 | SPS     892 | r_p0 +0.022 r_p1 +0.471 | clip_frac 0.066 | KL 0.0064 | H_fire 0.057 H_ang 4.93 H_ship 2.18 | V_loss 0.0196 | LR 0.000023 | early_stop=0 | fire[0]=0.10 fire[rest_max]=0.16 srcs_multi=0.68 ship0=0.00 meanshipbin=7.1 avgfleet=25.8 p90fleet=45.0
iter  1018 | steps  33,357,824 | SPS     893 | r_p0 -0.030 r_p1 +0.521 | clip_frac 0.066 | KL 0.0077 | H_fire 0.065 H_ang 4.93 H_ship 2.17 | V_loss 0.0176 | LR 0.000022 | early_stop=0 | fire[0]=0.11 fire[rest_max]=0.17 srcs_multi=0.77 ship0=0.00 meanshipbin=6.9 avgfleet=24.2 p90fleet=42.0
iter  1019 | steps  33,390,592 | SPS     893 | r_p0 -0.179 r_p1 +0.670 | clip_frac 0.066 | KL 0.0067 | H_fire 0.060 H_ang 4.93 H_ship 2.18 | V_loss 0.0200 | LR 0.000022 | early_stop=0 | fire[0]=0.10 fire[rest_max]=0.17 srcs_multi=0.71 ship0=0.00 meanshipbin=7.0 avgfleet=25.4 p90fleet=45.0
iter  1020 | steps  33,423,360 | SPS     893 | r_p0 +0.022 r_p1 +0.469 | clip_frac 0.066 | KL 0.0072 | H_fire 0.059 H_ang 4.93 H_ship 2.18 | V_loss 0.0193 | LR 0.000022 | early_stop=0 | fire[0]=0.10 fire[rest_max]=0.17 srcs_multi=0.70 ship0=0.00 meanshipbin=6.9 avgfleet=24.6 p90fleet=42.0
iter  1021 | steps  33,456,128 | SPS     893 | r_p0 -0.068 r_p1 +0.557 | clip_frac 0.066 | KL 0.0059 | H_fire 0.065 H_ang 4.93 H_ship 2.17 | V_loss 0.0185 | LR 0.000022 | early_stop=0 | fire[0]=0.10 fire[rest_max]=0.17 srcs_multi=0.72 ship0=0.00 meanshipbin=7.0 avgfleet=25.2 p90fleet=44.0
iter  1022 | steps  33,488,896 | SPS     892 | r_p0 -0.033 r_p1 +0.522 | clip_frac 0.066 | KL 0.0073 | H_fire 0.064 H_ang 4.93 H_ship 2.18 | V_loss 0.0178 | LR 0.000022 | early_stop=0 | fire[0]=0.11 fire[rest_max]=0.19 srcs_multi=0.81 ship0=0.00 meanshipbin=6.7 avgfleet=24.7 p90fleet=43.0
iter  1023 | steps  33,521,664 | SPS     892 | r_p0 +0.319 r_p1 +0.172 | clip_frac 0.067 | KL 0.0078 | H_fire 0.062 H_ang 4.93 H_ship 2.18 | V_loss 0.0195 | LR 0.000022 | early_stop=0 | fire[0]=0.10 fire[rest_max]=0.17 srcs_multi=0.71 ship0=0.00 meanshipbin=7.2 avgfleet=30.3 p90fleet=51.0
  pool snapshot @ step 33,521,664
  pool size=22  alpha=2.0
    self                 self_step_30474240             wr=0.41 (n=235)  pfsp_w=0.345
    self                 self_step_17268736             wr=0.46 (n=1527)  pfsp_w=0.288
    self                 self_step_32505856             wr=0.47 (n=158)  pfsp_w=0.283
    self                 self_step_20316160             wr=0.47 (n=1743)  pfsp_w=0.281
    external_heuristic   candidate_zach_public          wr=0.49 (n=6735)  pfsp_w=0.264
    self                 self_step_18284544             wr=0.50 (n=1098)  pfsp_w=0.255
    self                 self_step_33521664             wr=0.50 (n=0)  pfsp_w=0.250
    self                 self_step_29458432             wr=0.51 (n=133)  pfsp_w=0.239
iter  1024 | steps  33,554,432 | SPS     892 | r_p0 +0.072 r_p1 +0.421 | clip_frac 0.066 | KL 0.0067 | H_fire 0.063 H_ang 4.93 H_ship 2.17 | V_loss 0.0190 | LR 0.000022 | early_stop=0 | fire[0]=0.10 fire[rest_max]=0.17 srcs_multi=0.76 ship0=0.00 meanshipbin=7.0 avgfleet=25.9 p90fleet=45.0
iter  1025 | steps  33,587,200 | SPS     892 | r_p0 -0.065 r_p1 +0.557 | clip_frac 0.067 | KL 0.0070 | H_fire 0.064 H_ang 4.93 H_ship 2.17 | V_loss 0.0154 | LR 0.000022 | early_stop=0 | fire[0]=0.10 fire[rest_max]=0.17 srcs_multi=0.77 ship0=0.00 meanshipbin=7.0 avgfleet=24.6 p90fleet=42.0
iter  1026 | steps  33,619,968 | SPS     892 | r_p0 -0.051 r_p1 +0.544 | clip_frac 0.066 | KL 0.0050 | H_fire 0.063 H_ang 4.92 H_ship 2.17 | V_loss 0.0177 | LR 0.000022 | early_stop=0 | fire[0]=0.11 fire[rest_max]=0.17 srcs_multi=0.78 ship0=0.00 meanshipbin=7.0 avgfleet=25.4 p90fleet=43.0
iter  1027 | steps  33,652,736 | SPS     892 | r_p0 +0.033 r_p1 +0.459 | clip_frac 0.066 | KL 0.0055 | H_fire 0.061 H_ang 4.92 H_ship 2.17 | V_loss 0.0175 | LR 0.000022 | early_stop=0 | fire[0]=0.10 fire[rest_max]=0.17 srcs_multi=0.76 ship0=0.00 meanshipbin=7.0 avgfleet=25.9 p90fleet=45.0
iter  1028 | steps  33,685,504 | SPS     892 | r_p0 +0.176 r_p1 +0.309 | clip_frac 0.066 | KL 0.0069 | H_fire 0.057 H_ang 4.93 H_ship 2.17 | V_loss 0.0197 | LR 0.000022 | early_stop=0 | fire[0]=0.10 fire[rest_max]=0.17 srcs_multi=0.75 ship0=0.00 meanshipbin=7.0 avgfleet=24.4 p90fleet=42.0
iter  1029 | steps  33,718,272 | SPS     892 | r_p0 +0.028 r_p1 +0.461 | clip_frac 0.066 | KL 0.0059 | H_fire 0.058 H_ang 4.92 H_ship 2.17 | V_loss 0.0208 | LR 0.000022 | early_stop=0 | fire[0]=0.11 fire[rest_max]=0.18 srcs_multi=0.78 ship0=0.00 meanshipbin=7.0 avgfleet=24.2 p90fleet=41.0
iter  1030 | steps  33,751,040 | SPS     892 | r_p0 +0.224 r_p1 +0.271 | clip_frac 0.067 | KL 0.0087 | H_fire 0.061 H_ang 4.92 H_ship 2.17 | V_loss 0.0199 | LR 0.000022 | early_stop=0 | fire[0]=0.11 fire[rest_max]=0.18 srcs_multi=0.81 ship0=0.00 meanshipbin=6.9 avgfleet=23.9 p90fleet=41.0
iter  1031 | steps  33,783,808 | SPS     893 | r_p0 +0.123 r_p1 +0.368 | clip_frac 0.067 | KL 0.0066 | H_fire 0.058 H_ang 4.92 H_ship 2.17 | V_loss 0.0183 | LR 0.000022 | early_stop=0 | fire[0]=0.10 fire[rest_max]=0.16 srcs_multi=0.74 ship0=0.00 meanshipbin=7.1 avgfleet=25.4 p90fleet=44.0
iter  1032 | steps  33,816,576 | SPS     893 | r_p0 -0.042 r_p1 +0.534 | clip_frac 0.067 | KL 0.0089 | H_fire 0.058 H_ang 4.92 H_ship 2.17 | V_loss 0.0205 | LR 0.000022 | early_stop=0 | fire[0]=0.10 fire[rest_max]=0.17 srcs_multi=0.76 ship0=0.00 meanshipbin=7.1 avgfleet=24.4 p90fleet=42.0
iter  1033 | steps  33,849,344 | SPS     893 | r_p0 -0.092 r_p1 +0.582 | clip_frac 0.067 | KL 0.0067 | H_fire 0.060 H_ang 4.93 H_ship 2.17 | V_loss 0.0185 | LR 0.000022 | early_stop=0 | fire[0]=0.11 fire[rest_max]=0.17 srcs_multi=0.78 ship0=0.00 meanshipbin=7.0 avgfleet=24.7 p90fleet=42.0
iter  1034 | steps  33,882,112 | SPS     893 | r_p0 -0.078 r_p1 +0.571 | clip_frac 0.067 | KL 0.0046 | H_fire 0.059 H_ang 4.92 H_ship 2.17 | V_loss 0.0196 | LR 0.000022 | early_stop=0 | fire[0]=0.10 fire[rest_max]=0.18 srcs_multi=0.77 ship0=0.00 meanshipbin=7.0 avgfleet=25.4 p90fleet=44.0
iter  1035 | steps  33,914,880 | SPS     893 | r_p0 +0.035 r_p1 +0.461 | clip_frac 0.067 | KL 0.0058 | H_fire 0.066 H_ang 4.92 H_ship 2.17 | V_loss 0.0184 | LR 0.000022 | early_stop=0 | fire[0]=0.11 fire[rest_max]=0.17 srcs_multi=0.78 ship0=0.00 meanshipbin=7.0 avgfleet=25.1 p90fleet=43.0
iter  1036 | steps  33,947,648 | SPS     893 | r_p0 -0.263 r_p1 +0.755 | clip_frac 0.067 | KL 0.0089 | H_fire 0.067 H_ang 4.92 H_ship 2.17 | V_loss 0.0181 | LR 0.000022 | early_stop=0 | fire[0]=0.10 fire[rest_max]=0.18 srcs_multi=0.76 ship0=0.00 meanshipbin=7.0 avgfleet=25.2 p90fleet=43.0
iter  1037 | steps  33,980,416 | SPS     893 | r_p0 -0.240 r_p1 +0.728 | clip_frac 0.067 | KL 0.0066 | H_fire 0.073 H_ang 4.92 H_ship 2.16 | V_loss 0.0183 | LR 0.000022 | early_stop=0 | fire[0]=0.11 fire[rest_max]=0.18 srcs_multi=0.80 ship0=0.00 meanshipbin=7.1 avgfleet=24.3 p90fleet=42.0
iter  1038 | steps  34,013,184 | SPS     893 | r_p0 -0.354 r_p1 +0.844 | clip_frac 0.067 | KL 0.0051 | H_fire 0.073 H_ang 4.92 H_ship 2.16 | V_loss 0.0190 | LR 0.000022 | early_stop=0 | fire[0]=0.11 fire[rest_max]=0.18 srcs_multi=0.81 ship0=0.00 meanshipbin=7.1 avgfleet=24.5 p90fleet=42.0
iter  1039 | steps  34,045,952 | SPS     894 | r_p0 -0.428 r_p1 +0.919 | clip_frac 0.068 | KL 0.0063 | H_fire 0.066 H_ang 4.92 H_ship 2.16 | V_loss 0.0219 | LR 0.000022 | early_stop=0 | fire[0]=0.10 fire[rest_max]=0.18 srcs_multi=0.78 ship0=0.00 meanshipbin=7.1 avgfleet=24.8 p90fleet=43.0
iter  1040 | steps  34,078,720 | SPS     894 | r_p0 -0.177 r_p1 +0.672 | clip_frac 0.068 | KL 0.0051 | H_fire 0.064 H_ang 4.92 H_ship 2.16 | V_loss 0.0199 | LR 0.000022 | early_stop=0 | fire[0]=0.11 fire[rest_max]=0.18 srcs_multi=0.79 ship0=0.00 meanshipbin=7.1 avgfleet=24.6 p90fleet=42.0
iter  1041 | steps  34,111,488 | SPS     894 | r_p0 -0.181 r_p1 +0.670 | clip_frac 0.068 | KL 0.0060 | H_fire 0.053 H_ang 4.93 H_ship 2.17 | V_loss 0.0211 | LR 0.000022 | early_stop=0 | fire[0]=0.10 fire[rest_max]=0.18 srcs_multi=0.73 ship0=0.00 meanshipbin=7.1 avgfleet=24.4 p90fleet=41.0
iter  1042 | steps  34,144,256 | SPS     894 | r_p0 -0.028 r_p1 +0.521 | clip_frac 0.068 | KL 0.0082 | H_fire 0.056 H_ang 4.93 H_ship 2.17 | V_loss 0.0224 | LR 0.000022 | early_stop=0 | fire[0]=0.10 fire[rest_max]=0.18 srcs_multi=0.77 ship0=0.00 meanshipbin=7.1 avgfleet=24.7 p90fleet=42.0
iter  1043 | steps  34,177,024 | SPS     894 | r_p0 +0.161 r_p1 +0.335 | clip_frac 0.068 | KL 0.0066 | H_fire 0.059 H_ang 4.93 H_ship 2.17 | V_loss 0.0208 | LR 0.000022 | early_stop=0 | fire[0]=0.11 fire[rest_max]=0.17 srcs_multi=0.79 ship0=0.00 meanshipbin=7.1 avgfleet=24.0 p90fleet=41.0
iter  1044 | steps  34,209,792 | SPS     894 | r_p0 +0.082 r_p1 +0.411 | clip_frac 0.068 | KL 0.0088 | H_fire 0.058 H_ang 4.93 H_ship 2.17 | V_loss 0.0187 | LR 0.000022 | early_stop=0 | fire[0]=0.10 fire[rest_max]=0.18 srcs_multi=0.75 ship0=0.00 meanshipbin=7.1 avgfleet=25.3 p90fleet=44.0
iter  1045 | steps  34,242,560 | SPS     894 | r_p0 -0.027 r_p1 +0.520 | clip_frac 0.068 | KL 0.0071 | H_fire 0.056 H_ang 4.93 H_ship 2.18 | V_loss 0.0199 | LR 0.000022 | early_stop=0 | fire[0]=0.10 fire[rest_max]=0.17 srcs_multi=0.69 ship0=0.00 meanshipbin=7.1 avgfleet=24.7 p90fleet=42.0
iter  1046 | steps  34,275,328 | SPS     894 | r_p0 -0.252 r_p1 +0.745 | clip_frac 0.068 | KL 0.0061 | H_fire 0.056 H_ang 4.93 H_ship 2.17 | V_loss 0.0192 | LR 0.000022 | early_stop=0 | fire[0]=0.10 fire[rest_max]=0.17 srcs_multi=0.74 ship0=0.00 meanshipbin=7.1 avgfleet=25.7 p90fleet=44.0
iter  1047 | steps  34,308,096 | SPS     894 | r_p0 -0.002 r_p1 +0.500 | clip_frac 0.067 | KL 0.0058 | H_fire 0.057 H_ang 4.92 H_ship 2.17 | V_loss 0.0183 | LR 0.000022 | early_stop=0 | fire[0]=0.10 fire[rest_max]=0.18 srcs_multi=0.75 ship0=0.00 meanshipbin=7.1 avgfleet=25.0 p90fleet=43.0
iter  1048 | steps  34,340,864 | SPS     895 | r_p0 -0.052 r_p1 +0.545 | clip_frac 0.067 | KL 0.0046 | H_fire 0.063 H_ang 4.92 H_ship 2.17 | V_loss 0.0187 | LR 0.000022 | early_stop=0 | fire[0]=0.10 fire[rest_max]=0.17 srcs_multi=0.76 ship0=0.00 meanshipbin=7.1 avgfleet=25.6 p90fleet=44.0
iter  1049 | steps  34,373,632 | SPS     895 | r_p0 -0.065 r_p1 +0.558 | clip_frac 0.067 | KL 0.0064 | H_fire 0.062 H_ang 4.92 H_ship 2.17 | V_loss 0.0186 | LR 0.000022 | early_stop=0 | fire[0]=0.10 fire[rest_max]=0.17 srcs_multi=0.73 ship0=0.00 meanshipbin=7.2 avgfleet=26.0 p90fleet=45.0
iter  1050 | steps  34,406,400 | SPS     895 | r_p0 -0.393 r_p1 +0.881 | clip_frac 0.067 | KL 0.0080 | H_fire 0.065 H_ang 4.92 H_ship 2.17 | V_loss 0.0189 | LR 0.000022 | early_stop=0 | fire[0]=0.11 fire[rest_max]=0.17 srcs_multi=0.78 ship0=0.00 meanshipbin=7.1 avgfleet=25.6 p90fleet=45.0
iter  1051 | steps  34,439,168 | SPS     895 | r_p0 -0.304 r_p1 +0.796 | clip_frac 0.067 | KL 0.0071 | H_fire 0.063 H_ang 4.92 H_ship 2.17 | V_loss 0.0214 | LR 0.000022 | early_stop=0 | fire[0]=0.11 fire[rest_max]=0.18 srcs_multi=0.80 ship0=0.00 meanshipbin=7.1 avgfleet=25.2 p90fleet=44.0
iter  1052 | steps  34,471,936 | SPS     895 | r_p0 -0.266 r_p1 +0.760 | clip_frac 0.066 | KL 0.0059 | H_fire 0.061 H_ang 4.93 H_ship 2.17 | V_loss 0.0195 | LR 0.000022 | early_stop=0 | fire[0]=0.11 fire[rest_max]=0.17 srcs_multi=0.80 ship0=0.00 meanshipbin=7.0 avgfleet=24.8 p90fleet=43.0
iter  1053 | steps  34,504,704 | SPS     895 | r_p0 -0.277 r_p1 +0.772 | clip_frac 0.067 | KL 0.0064 | H_fire 0.051 H_ang 4.93 H_ship 2.18 | V_loss 0.0225 | LR 0.000022 | early_stop=0 | fire[0]=0.10 fire[rest_max]=0.18 srcs_multi=0.69 ship0=0.00 meanshipbin=7.1 avgfleet=24.0 p90fleet=41.0
iter  1054 | steps  34,537,472 | SPS     895 | r_p0 -0.138 r_p1 +0.631 | clip_frac 0.066 | KL 0.0052 | H_fire 0.056 H_ang 4.92 H_ship 2.17 | V_loss 0.0212 | LR 0.000022 | early_stop=0 | fire[0]=0.11 fire[rest_max]=0.18 srcs_multi=0.79 ship0=0.00 meanshipbin=7.0 avgfleet=24.1 p90fleet=41.0
  pool snapshot @ step 34,537,472
  pool size=22  alpha=2.0
    self                 self_step_30474240             wr=0.43 (n=300)  pfsp_w=0.325
    self                 self_step_17268736             wr=0.47 (n=1750)  pfsp_w=0.279
    self                 self_step_20316160             wr=0.47 (n=1892)  pfsp_w=0.278
    external_heuristic   candidate_zach_public          wr=0.49 (n=6735)  pfsp_w=0.264
    self                 self_step_34537472             wr=0.50 (n=0)  pfsp_w=0.250
    self                 self_step_18284544             wr=0.50 (n=1487)  pfsp_w=0.247
    self                 self_step_16252928             wr=0.51 (n=1201)  pfsp_w=0.241
    self                 self_step_24379392             wr=0.52 (n=1031)  pfsp_w=0.234
iter  1055 | steps  34,570,240 | SPS     895 | r_p0 +0.072 r_p1 +0.419 | clip_frac 0.067 | KL 0.0068 | H_fire 0.058 H_ang 4.92 H_ship 2.16 | V_loss 0.0218 | LR 0.000022 | early_stop=0 | fire[0]=0.11 fire[rest_max]=0.18 srcs_multi=0.83 ship0=0.00 meanshipbin=7.0 avgfleet=23.1 p90fleet=40.0
iter  1056 | steps  34,603,008 | SPS     896 | r_p0 +0.161 r_p1 +0.332 | clip_frac 0.066 | KL 0.0047 | H_fire 0.057 H_ang 4.93 H_ship 2.17 | V_loss 0.0196 | LR 0.000022 | early_stop=0 | fire[0]=0.10 fire[rest_max]=0.17 srcs_multi=0.73 ship0=0.00 meanshipbin=7.1 avgfleet=24.9 p90fleet=44.0
iter  1057 | steps  34,635,776 | SPS     896 | r_p0 +0.247 r_p1 +0.249 | clip_frac 0.067 | KL 0.0088 | H_fire 0.056 H_ang 4.93 H_ship 2.17 | V_loss 0.0191 | LR 0.000022 | early_stop=0 | fire[0]=0.10 fire[rest_max]=0.17 srcs_multi=0.74 ship0=0.00 meanshipbin=7.0 avgfleet=24.8 p90fleet=43.0
iter  1058 | steps  34,668,544 | SPS     894 | r_p0 +0.034 r_p1 +0.461 | clip_frac 0.067 | KL 0.0084 | H_fire 0.062 H_ang 4.92 H_ship 2.17 | V_loss 0.0203 | LR 0.000022 | early_stop=0 | fire[0]=0.11 fire[rest_max]=0.18 srcs_multi=0.83 ship0=0.00 meanshipbin=6.8 avgfleet=25.1 p90fleet=43.0
iter  1059 | steps  34,701,312 | SPS     894 | r_p0 +0.062 r_p1 +0.435 | clip_frac 0.067 | KL 0.0064 | H_fire 0.061 H_ang 4.92 H_ship 2.17 | V_loss 0.0162 | LR 0.000022 | early_stop=0 | fire[0]=0.10 fire[rest_max]=0.17 srcs_multi=0.74 ship0=0.00 meanshipbin=7.2 avgfleet=29.4 p90fleet=50.0
iter  1060 | steps  34,734,080 | SPS     894 | r_p0 +0.208 r_p1 +0.285 | clip_frac 0.067 | KL 0.0058 | H_fire 0.055 H_ang 4.93 H_ship 2.18 | V_loss 0.0187 | LR 0.000022 | early_stop=0 | fire[0]=0.10 fire[rest_max]=0.16 srcs_multi=0.70 ship0=0.00 meanshipbin=7.1 avgfleet=26.1 p90fleet=44.0
iter  1061 | steps  34,766,848 | SPS     894 | r_p0 +0.020 r_p1 +0.472 | clip_frac 0.066 | KL 0.0050 | H_fire 0.059 H_ang 4.93 H_ship 2.17 | V_loss 0.0194 | LR 0.000022 | early_stop=0 | fire[0]=0.10 fire[rest_max]=0.17 srcs_multi=0.73 ship0=0.00 meanshipbin=7.1 avgfleet=25.0 p90fleet=43.0
iter  1062 | steps  34,799,616 | SPS     894 | r_p0 -0.017 r_p1 +0.507 | clip_frac 0.067 | KL 0.0114 | H_fire 0.059 H_ang 4.92 H_ship 2.16 | V_loss 0.0239 | LR 0.000022 | early_stop=0 | fire[0]=0.11 fire[rest_max]=0.19 srcs_multi=0.82 ship0=0.00 meanshipbin=7.2 avgfleet=26.1 p90fleet=44.0
iter  1063 | steps  34,832,384 | SPS     894 | r_p0 -0.077 r_p1 +0.571 | clip_frac 0.067 | KL 0.0075 | H_fire 0.060 H_ang 4.92 H_ship 2.16 | V_loss 0.0206 | LR 0.000022 | early_stop=0 | fire[0]=0.11 fire[rest_max]=0.19 srcs_multi=0.83 ship0=0.00 meanshipbin=7.2 avgfleet=25.4 p90fleet=43.0
iter  1064 | steps  34,865,152 | SPS     894 | r_p0 -0.140 r_p1 +0.634 | clip_frac 0.067 | KL 0.0066 | H_fire 0.054 H_ang 4.92 H_ship 2.17 | V_loss 0.0221 | LR 0.000022 | early_stop=0 | fire[0]=0.11 fire[rest_max]=0.18 srcs_multi=0.78 ship0=0.00 meanshipbin=7.2 avgfleet=25.4 p90fleet=43.0
iter  1065 | steps  34,897,920 | SPS     894 | r_p0 -0.327 r_p1 +0.819 | clip_frac 0.067 | KL 0.0059 | H_fire 0.060 H_ang 4.92 H_ship 2.16 | V_loss 0.0247 | LR 0.000022 | early_stop=0 | fire[0]=0.11 fire[rest_max]=0.19 srcs_multi=0.86 ship0=0.00 meanshipbin=7.2 avgfleet=25.1 p90fleet=44.0
iter  1066 | steps  34,930,688 | SPS     895 | r_p0 -0.139 r_p1 +0.631 | clip_frac 0.067 | KL 0.0042 | H_fire 0.049 H_ang 4.93 H_ship 2.17 | V_loss 0.0219 | LR 0.000022 | early_stop=0 | fire[0]=0.10 fire[rest_max]=0.18 srcs_multi=0.70 ship0=0.00 meanshipbin=7.2 avgfleet=24.9 p90fleet=43.0
iter  1067 | steps  34,963,456 | SPS     895 | r_p0 -0.128 r_p1 +0.621 | clip_frac 0.067 | KL 0.0064 | H_fire 0.050 H_ang 4.93 H_ship 2.17 | V_loss 0.0231 | LR 0.000022 | early_stop=0 | fire[0]=0.10 fire[rest_max]=0.17 srcs_multi=0.74 ship0=0.00 meanshipbin=7.1 avgfleet=24.5 p90fleet=42.0
iter  1068 | steps  34,996,224 | SPS     895 | r_p0 +0.310 r_p1 +0.186 | clip_frac 0.067 | KL 0.0065 | H_fire 0.057 H_ang 4.92 H_ship 2.16 | V_loss 0.0201 | LR 0.000022 | early_stop=0 | fire[0]=0.11 fire[rest_max]=0.19 srcs_multi=0.86 ship0=0.00 meanshipbin=7.0 avgfleet=23.5 p90fleet=40.0
iter  1069 | steps  35,028,992 | SPS     895 | r_p0 +0.272 r_p1 +0.223 | clip_frac 0.067 | KL 0.0060 | H_fire 0.053 H_ang 4.93 H_ship 2.18 | V_loss 0.0212 | LR 0.000022 | early_stop=0 | fire[0]=0.10 fire[rest_max]=0.18 srcs_multi=0.71 ship0=0.00 meanshipbin=7.2 avgfleet=25.6 p90fleet=44.0
iter  1070 | steps  35,061,760 | SPS     895 | r_p0 +0.133 r_p1 +0.362 | clip_frac 0.067 | KL 0.0054 | H_fire 0.060 H_ang 4.93 H_ship 2.17 | V_loss 0.0191 | LR 0.000022 | early_stop=0 | fire[0]=0.11 fire[rest_max]=0.18 srcs_multi=0.78 ship0=0.00 meanshipbin=7.1 avgfleet=24.2 p90fleet=42.0
iter  1071 | steps  35,094,528 | SPS     895 | r_p0 -0.028 r_p1 +0.523 | clip_frac 0.067 | KL 0.0051 | H_fire 0.052 H_ang 4.93 H_ship 2.17 | V_loss 0.0213 | LR 0.000022 | early_stop=0 | fire[0]=0.10 fire[rest_max]=0.16 srcs_multi=0.71 ship0=0.00 meanshipbin=7.1 avgfleet=24.9 p90fleet=42.0
iter  1072 | steps  35,127,296 | SPS     895 | r_p0 +0.022 r_p1 +0.471 | clip_frac 0.067 | KL 0.0076 | H_fire 0.060 H_ang 4.92 H_ship 2.17 | V_loss 0.0230 | LR 0.000022 | early_stop=0 | fire[0]=0.11 fire[rest_max]=0.18 srcs_multi=0.78 ship0=0.00 meanshipbin=7.2 avgfleet=25.2 p90fleet=44.0
iter  1073 | steps  35,160,064 | SPS     895 | r_p0 -0.107 r_p1 +0.596 | clip_frac 0.066 | KL 0.0055 | H_fire 0.055 H_ang 4.93 H_ship 2.17 | V_loss 0.0197 | LR 0.000022 | early_stop=0 | fire[0]=0.10 fire[rest_max]=0.17 srcs_multi=0.72 ship0=0.00 meanshipbin=7.1 avgfleet=24.7 p90fleet=42.0
iter  1074 | steps  35,192,832 | SPS     895 | r_p0 +0.106 r_p1 +0.385 | clip_frac 0.066 | KL 0.0061 | H_fire 0.054 H_ang 4.93 H_ship 2.17 | V_loss 0.0222 | LR 0.000022 | early_stop=0 | fire[0]=0.10 fire[rest_max]=0.17 srcs_multi=0.73 ship0=0.00 meanshipbin=7.1 avgfleet=24.8 p90fleet=42.0
iter  1075 | steps  35,225,600 | SPS     896 | r_p0 +0.120 r_p1 +0.372 | clip_frac 0.066 | KL 0.0047 | H_fire 0.059 H_ang 4.93 H_ship 2.17 | V_loss 0.0201 | LR 0.000022 | early_stop=0 | fire[0]=0.10 fire[rest_max]=0.18 srcs_multi=0.75 ship0=0.00 meanshipbin=7.1 avgfleet=24.0 p90fleet=41.0
iter  1076 | steps  35,258,368 | SPS     896 | r_p0 +0.010 r_p1 +0.484 | clip_frac 0.066 | KL 0.0064 | H_fire 0.055 H_ang 4.93 H_ship 2.17 | V_loss 0.0207 | LR 0.000022 | early_stop=0 | fire[0]=0.11 fire[rest_max]=0.17 srcs_multi=0.77 ship0=0.00 meanshipbin=7.1 avgfleet=24.2 p90fleet=41.0
iter  1077 | steps  35,291,136 | SPS     895 | r_p0 -0.016 r_p1 +0.507 | clip_frac 0.066 | KL 0.0056 | H_fire 0.058 H_ang 4.92 H_ship 2.17 | V_loss 0.0227 | LR 0.000022 | early_stop=0 | fire[0]=0.10 fire[rest_max]=0.18 srcs_multi=0.76 ship0=0.00 meanshipbin=7.2 avgfleet=26.8 p90fleet=47.0
iter  1078 | steps  35,323,904 | SPS     895 | r_p0 +0.072 r_p1 +0.420 | clip_frac 0.066 | KL 0.0054 | H_fire 0.064 H_ang 4.93 H_ship 2.17 | V_loss 0.0170 | LR 0.000022 | early_stop=0 | fire[0]=0.10 fire[rest_max]=0.18 srcs_multi=0.83 ship0=0.00 meanshipbin=7.1 avgfleet=25.5 p90fleet=44.0
iter  1079 | steps  35,356,672 | SPS     893 | r_p0 +0.098 r_p1 +0.393 | clip_frac 0.066 | KL 0.0060 | H_fire 0.060 H_ang 4.92 H_ship 2.17 | V_loss 0.0216 | LR 0.000022 | early_stop=0 | fire[0]=0.10 fire[rest_max]=0.17 srcs_multi=0.72 ship0=0.00 meanshipbin=7.1 avgfleet=27.4 p90fleet=47.0
iter  1080 | steps  35,389,440 | SPS     894 | r_p0 -0.039 r_p1 +0.534 | clip_frac 0.066 | KL 0.0062 | H_fire 0.066 H_ang 4.93 H_ship 2.17 | V_loss 0.0157 | LR 0.000022 | early_stop=0 | fire[0]=0.10 fire[rest_max]=0.18 srcs_multi=0.79 ship0=0.00 meanshipbin=7.0 avgfleet=25.6 p90fleet=44.0
iter  1081 | steps  35,422,208 | SPS     894 | r_p0 +0.073 r_p1 +0.422 | clip_frac 0.065 | KL 0.0062 | H_fire 0.065 H_ang 4.92 H_ship 2.17 | V_loss 0.0210 | LR 0.000022 | early_stop=0 | fire[0]=0.10 fire[rest_max]=0.15 srcs_multi=0.65 ship0=0.00 meanshipbin=7.3 avgfleet=27.1 p90fleet=47.0
iter  1082 | steps  35,454,976 | SPS     894 | r_p0 -0.003 r_p1 +0.497 | clip_frac 0.065 | KL 0.0052 | H_fire 0.066 H_ang 4.92 H_ship 2.17 | V_loss 0.0199 | LR 0.000022 | early_stop=0 | fire[0]=0.11 fire[rest_max]=0.17 srcs_multi=0.75 ship0=0.00 meanshipbin=7.2 avgfleet=25.2 p90fleet=44.0
iter  1083 | steps  35,487,744 | SPS     894 | r_p0 -0.053 r_p1 +0.544 | clip_frac 0.065 | KL 0.0058 | H_fire 0.057 H_ang 4.93 H_ship 2.17 | V_loss 0.0196 | LR 0.000022 | early_stop=0 | fire[0]=0.11 fire[rest_max]=0.18 srcs_multi=0.73 ship0=0.00 meanshipbin=7.3 avgfleet=24.8 p90fleet=42.0
iter  1084 | steps  35,520,512 | SPS     894 | r_p0 -0.092 r_p1 +0.581 | clip_frac 0.065 | KL 0.0065 | H_fire 0.056 H_ang 4.92 H_ship 2.16 | V_loss 0.0216 | LR 0.000022 | early_stop=0 | fire[0]=0.11 fire[rest_max]=0.17 srcs_multi=0.75 ship0=0.00 meanshipbin=7.3 avgfleet=25.0 p90fleet=43.0
iter  1085 | steps  35,553,280 | SPS     894 | r_p0 +0.058 r_p1 +0.434 | clip_frac 0.065 | KL 0.0044 | H_fire 0.054 H_ang 4.93 H_ship 2.17 | V_loss 0.0195 | LR 0.000022 | early_stop=0 | fire[0]=0.09 fire[rest_max]=0.17 srcs_multi=0.72 ship0=0.00 meanshipbin=7.3 avgfleet=25.6 p90fleet=45.0
  pool snapshot @ step 35,553,280
  pool size=22  alpha=2.0
    self                 self_step_30474240             wr=0.41 (n=574)  pfsp_w=0.351
    self                 self_step_34537472             wr=0.42 (n=80)  pfsp_w=0.331
    self                 self_step_17268736             wr=0.47 (n=1901)  pfsp_w=0.278
    self                 self_step_20316160             wr=0.48 (n=2130)  pfsp_w=0.270
    external_heuristic   candidate_zach_public          wr=0.49 (n=7084)  pfsp_w=0.257
    self                 self_step_35553280             wr=0.50 (n=0)  pfsp_w=0.250
    self                 self_step_18284544             wr=0.50 (n=1487)  pfsp_w=0.247
    self                 self_step_16252928             wr=0.50 (n=1278)  pfsp_w=0.245
iter  1086 | steps  35,586,048 | SPS     894 | r_p0 +0.196 r_p1 +0.296 | clip_frac 0.065 | KL 0.0067 | H_fire 0.058 H_ang 4.93 H_ship 2.16 | V_loss 0.0208 | LR 0.000022 | early_stop=0 | fire[0]=0.10 fire[rest_max]=0.18 srcs_multi=0.75 ship0=0.00 meanshipbin=7.2 avgfleet=24.4 p90fleet=42.0
iter  1087 | steps  35,618,816 | SPS     894 | r_p0 +0.024 r_p1 +0.469 | clip_frac 0.065 | KL 0.0060 | H_fire 0.055 H_ang 4.93 H_ship 2.17 | V_loss 0.0204 | LR 0.000022 | early_stop=0 | fire[0]=0.10 fire[rest_max]=0.17 srcs_multi=0.71 ship0=0.00 meanshipbin=7.3 avgfleet=26.6 p90fleet=45.0
iter  1088 | steps  35,651,584 | SPS     894 | r_p0 -0.139 r_p1 +0.635 | clip_frac 0.065 | KL 0.0062 | H_fire 0.056 H_ang 4.93 H_ship 2.17 | V_loss 0.0187 | LR 0.000022 | early_stop=0 | fire[0]=0.10 fire[rest_max]=0.18 srcs_multi=0.72 ship0=0.00 meanshipbin=7.2 avgfleet=24.7 p90fleet=42.0
iter  1089 | steps  35,684,352 | SPS     895 | r_p0 -0.127 r_p1 +0.625 | clip_frac 0.065 | KL 0.0048 | H_fire 0.058 H_ang 4.92 H_ship 2.16 | V_loss 0.0202 | LR 0.000022 | early_stop=0 | fire[0]=0.10 fire[rest_max]=0.17 srcs_multi=0.74 ship0=0.00 meanshipbin=7.3 avgfleet=26.1 p90fleet=45.0
iter  1090 | steps  35,717,120 | SPS     895 | r_p0 -0.189 r_p1 +0.684 | clip_frac 0.065 | KL 0.0059 | H_fire 0.056 H_ang 4.93 H_ship 2.17 | V_loss 0.0243 | LR 0.000022 | early_stop=0 | fire[0]=0.10 fire[rest_max]=0.18 srcs_multi=0.74 ship0=0.00 meanshipbin=7.2 avgfleet=25.9 p90fleet=44.0
iter  1091 | steps  35,749,888 | SPS     895 | r_p0 -0.176 r_p1 +0.673 | clip_frac 0.065 | KL 0.0068 | H_fire 0.059 H_ang 4.93 H_ship 2.17 | V_loss 0.0206 | LR 0.000021 | early_stop=0 | fire[0]=0.10 fire[rest_max]=0.18 srcs_multi=0.75 ship0=0.00 meanshipbin=7.3 avgfleet=26.5 p90fleet=46.0
iter  1092 | steps  35,782,656 | SPS     895 | r_p0 +0.024 r_p1 +0.472 | clip_frac 0.065 | KL 0.0067 | H_fire 0.058 H_ang 4.92 H_ship 2.16 | V_loss 0.0203 | LR 0.000021 | early_stop=0 | fire[0]=0.10 fire[rest_max]=0.17 srcs_multi=0.74 ship0=0.00 meanshipbin=7.3 avgfleet=26.1 p90fleet=45.0
iter  1093 | steps  35,815,424 | SPS     895 | r_p0 -0.115 r_p1 +0.607 | clip_frac 0.065 | KL 0.0058 | H_fire 0.057 H_ang 4.93 H_ship 2.17 | V_loss 0.0205 | LR 0.000021 | early_stop=0 | fire[0]=0.10 fire[rest_max]=0.17 srcs_multi=0.73 ship0=0.00 meanshipbin=7.2 avgfleet=25.1 p90fleet=42.0
iter  1094 | steps  35,848,192 | SPS     895 | r_p0 -0.100 r_p1 +0.597 | clip_frac 0.064 | KL 0.0049 | H_fire 0.061 H_ang 4.93 H_ship 2.17 | V_loss 0.0169 | LR 0.000021 | early_stop=0 | fire[0]=0.10 fire[rest_max]=0.17 srcs_multi=0.72 ship0=0.00 meanshipbin=7.3 avgfleet=25.7 p90fleet=45.0
iter  1095 | steps  35,880,960 | SPS     895 | r_p0 +0.061 r_p1 +0.437 | clip_frac 0.064 | KL 0.0062 | H_fire 0.059 H_ang 4.92 H_ship 2.17 | V_loss 0.0199 | LR 0.000021 | early_stop=0 | fire[0]=0.10 fire[rest_max]=0.17 srcs_multi=0.72 ship0=0.00 meanshipbin=7.3 avgfleet=25.7 p90fleet=44.0
iter  1096 | steps  35,913,728 | SPS     895 | r_p0 +0.023 r_p1 +0.475 | clip_frac 0.064 | KL 0.0055 | H_fire 0.059 H_ang 4.92 H_ship 2.17 | V_loss 0.0187 | LR 0.000021 | early_stop=0 | fire[0]=0.10 fire[rest_max]=0.17 srcs_multi=0.72 ship0=0.00 meanshipbin=7.2 avgfleet=24.4 p90fleet=42.0
iter  1097 | steps  35,946,496 | SPS     895 | r_p0 +0.008 r_p1 +0.485 | clip_frac 0.064 | KL 0.0060 | H_fire 0.060 H_ang 4.92 H_ship 2.16 | V_loss 0.0206 | LR 0.000021 | early_stop=0 | fire[0]=0.10 fire[rest_max]=0.17 srcs_multi=0.74 ship0=0.00 meanshipbin=7.2 avgfleet=24.6 p90fleet=42.0
iter  1098 | steps  35,979,264 | SPS     895 | r_p0 +0.071 r_p1 +0.418 | clip_frac 0.064 | KL 0.0054 | H_fire 0.059 H_ang 4.92 H_ship 2.17 | V_loss 0.0187 | LR 0.000021 | early_stop=0 | fire[0]=0.10 fire[rest_max]=0.17 srcs_multi=0.71 ship0=0.00 meanshipbin=7.2 avgfleet=26.0 p90fleet=44.0
iter  1099 | steps  36,012,032 | SPS     894 | r_p0 +0.057 r_p1 +0.433 | clip_frac 0.064 | KL 0.0058 | H_fire 0.069 H_ang 4.92 H_ship 2.16 | V_loss 0.0160 | LR 0.000021 | early_stop=0 | fire[0]=0.11 fire[rest_max]=0.19 srcs_multi=0.84 ship0=0.00 meanshipbin=7.2 avgfleet=26.8 p90fleet=47.0
iter  1100 | steps  36,044,800 | SPS     894 | r_p0 -0.056 r_p1 +0.546 | clip_frac 0.064 | KL 0.0061 | H_fire 0.061 H_ang 4.93 H_ship 2.17 | V_loss 0.0177 | LR 0.000021 | early_stop=0 | fire[0]=0.09 fire[rest_max]=0.16 srcs_multi=0.66 ship0=0.00 meanshipbin=7.2 avgfleet=26.8 p90fleet=46.0
iter  1101 | steps  36,077,568 | SPS     894 | r_p0 -0.084 r_p1 +0.572 | clip_frac 0.064 | KL 0.0040 | H_fire 0.065 H_ang 4.92 H_ship 2.17 | V_loss 0.0178 | LR 0.000021 | early_stop=0 | fire[0]=0.10 fire[rest_max]=0.17 srcs_multi=0.71 ship0=0.00 meanshipbin=7.2 avgfleet=26.2 p90fleet=45.0
iter  1102 | steps  36,110,336 | SPS     894 | r_p0 -0.164 r_p1 +0.658 | clip_frac 0.064 | KL 0.0069 | H_fire 0.065 H_ang 4.92 H_ship 2.17 | V_loss 0.0184 | LR 0.000021 | early_stop=0 | fire[0]=0.10 fire[rest_max]=0.16 srcs_multi=0.69 ship0=0.00 meanshipbin=7.3 avgfleet=25.8 p90fleet=44.0
iter  1103 | steps  36,143,104 | SPS     894 | r_p0 +0.034 r_p1 +0.457 | clip_frac 0.064 | KL 0.0061 | H_fire 0.061 H_ang 4.92 H_ship 2.16 | V_loss 0.0218 | LR 0.000021 | early_stop=0 | fire[0]=0.10 fire[rest_max]=0.17 srcs_multi=0.75 ship0=0.00 meanshipbin=7.3 avgfleet=26.9 p90fleet=45.0
iter  1104 | steps  36,175,872 | SPS     894 | r_p0 -0.042 r_p1 +0.530 | clip_frac 0.064 | KL 0.0057 | H_fire 0.059 H_ang 4.92 H_ship 2.16 | V_loss 0.0200 | LR 0.000021 | early_stop=0 | fire[0]=0.10 fire[rest_max]=0.17 srcs_multi=0.75 ship0=0.00 meanshipbin=7.2 avgfleet=25.1 p90fleet=43.0
  saved checkpoints/torch_step_36175872_20260525_184201.pt
  saved checkpoints/pool_step_36175872_20260525_184201.pt (22 members)
iter  1105 | steps  36,208,640 | SPS     895 | r_p0 -0.167 r_p1 +0.655 | clip_frac 0.064 | KL 0.0050 | H_fire 0.060 H_ang 4.92 H_ship 2.16 | V_loss 0.0196 | LR 0.000021 | early_stop=0 | fire[0]=0.10 fire[rest_max]=0.17 srcs_multi=0.74 ship0=0.00 meanshipbin=7.2 avgfleet=25.8 p90fleet=43.0
iter  1106 | steps  36,241,408 | SPS     895 | r_p0 -0.143 r_p1 +0.633 | clip_frac 0.064 | KL 0.0060 | H_fire 0.063 H_ang 4.92 H_ship 2.16 | V_loss 0.0160 | LR 0.000021 | early_stop=0 | fire[0]=0.11 fire[rest_max]=0.19 srcs_multi=0.83 ship0=0.00 meanshipbin=7.2 avgfleet=24.1 p90fleet=42.0
iter  1107 | steps  36,274,176 | SPS     895 | r_p0 -0.366 r_p1 +0.859 | clip_frac 0.063 | KL 0.0047 | H_fire 0.060 H_ang 4.92 H_ship 2.16 | V_loss 0.0182 | LR 0.000021 | early_stop=0 | fire[0]=0.10 fire[rest_max]=0.18 srcs_multi=0.78 ship0=0.00 meanshipbin=7.2 avgfleet=24.8 p90fleet=42.0
iter  1108 | steps  36,306,944 | SPS     894 | r_p0 -0.253 r_p1 +0.747 | clip_frac 0.063 | KL 0.0063 | H_fire 0.064 H_ang 4.92 H_ship 2.17 | V_loss 0.0189 | LR 0.000021 | early_stop=0 | fire[0]=0.11 fire[rest_max]=0.18 srcs_multi=0.82 ship0=0.00 meanshipbin=7.1 avgfleet=26.3 p90fleet=46.0
iter  1109 | steps  36,339,712 | SPS     894 | r_p0 -0.276 r_p1 +0.770 | clip_frac 0.063 | KL 0.0050 | H_fire 0.056 H_ang 4.93 H_ship 2.18 | V_loss 0.0176 | LR 0.000021 | early_stop=0 | fire[0]=0.09 fire[rest_max]=0.16 srcs_multi=0.66 ship0=0.00 meanshipbin=7.0 avgfleet=25.8 p90fleet=43.0
iter  1110 | steps  36,372,480 | SPS     893 | r_p0 -0.191 r_p1 +0.684 | clip_frac 0.063 | KL 0.0069 | H_fire 0.062 H_ang 4.92 H_ship 2.17 | V_loss 0.0196 | LR 0.000021 | early_stop=0 | fire[0]=0.10 fire[rest_max]=0.18 srcs_multi=0.73 ship0=0.00 meanshipbin=6.8 avgfleet=25.5 p90fleet=43.0
iter  1111 | steps  36,405,248 | SPS     893 | r_p0 +0.131 r_p1 +0.359 | clip_frac 0.064 | KL 0.0063 | H_fire 0.065 H_ang 4.92 H_ship 2.17 | V_loss 0.0166 | LR 0.000021 | early_stop=0 | fire[0]=0.11 fire[rest_max]=0.18 srcs_multi=0.81 ship0=0.00 meanshipbin=6.8 avgfleet=24.8 p90fleet=42.0
iter  1112 | steps  36,438,016 | SPS     893 | r_p0 +0.235 r_p1 +0.260 | clip_frac 0.063 | KL 0.0080 | H_fire 0.055 H_ang 4.92 H_ship 2.18 | V_loss 0.0196 | LR 0.000021 | early_stop=0 | fire[0]=0.09 fire[rest_max]=0.15 srcs_multi=0.63 ship0=0.00 meanshipbin=7.1 avgfleet=26.5 p90fleet=45.0
iter  1113 | steps  36,470,784 | SPS     893 | r_p0 -0.001 r_p1 +0.497 | clip_frac 0.063 | KL 0.0069 | H_fire 0.064 H_ang 4.92 H_ship 2.17 | V_loss 0.0170 | LR 0.000021 | early_stop=0 | fire[0]=0.10 fire[rest_max]=0.17 srcs_multi=0.74 ship0=0.00 meanshipbin=7.0 avgfleet=24.3 p90fleet=42.0
iter  1114 | steps  36,503,552 | SPS     893 | r_p0 +0.084 r_p1 +0.406 | clip_frac 0.063 | KL 0.0048 | H_fire 0.055 H_ang 4.92 H_ship 2.17 | V_loss 0.0227 | LR 0.000021 | early_stop=0 | fire[0]=0.10 fire[rest_max]=0.17 srcs_multi=0.75 ship0=0.00 meanshipbin=7.2 avgfleet=27.3 p90fleet=46.0
iter  1115 | steps  36,536,320 | SPS     893 | r_p0 +0.008 r_p1 +0.482 | clip_frac 0.063 | KL 0.0051 | H_fire 0.053 H_ang 4.93 H_ship 2.17 | V_loss 0.0215 | LR 0.000021 | early_stop=0 | fire[0]=0.10 fire[rest_max]=0.17 srcs_multi=0.74 ship0=0.00 meanshipbin=7.1 avgfleet=25.3 p90fleet=42.0
iter  1116 | steps  36,569,088 | SPS     893 | r_p0 +0.007 r_p1 +0.485 | clip_frac 0.063 | KL 0.0052 | H_fire 0.053 H_ang 4.93 H_ship 2.18 | V_loss 0.0232 | LR 0.000021 | early_stop=0 | fire[0]=0.10 fire[rest_max]=0.18 srcs_multi=0.72 ship0=0.00 meanshipbin=7.0 avgfleet=23.9 p90fleet=40.0
  pool snapshot @ step 36,569,088
  pool size=22  alpha=2.0
    self                 self_step_30474240             wr=0.42 (n=846)  pfsp_w=0.334
    self                 self_step_17268736             wr=0.48 (n=2047)  pfsp_w=0.275
    self                 self_step_20316160             wr=0.49 (n=2264)  pfsp_w=0.265
    external_heuristic   candidate_zach_public          wr=0.49 (n=7327)  pfsp_w=0.259
    self                 self_step_18284544             wr=0.49 (n=1550)  pfsp_w=0.256
    self                 self_step_34537472             wr=0.50 (n=241)  pfsp_w=0.252
    self                 self_step_36569088             wr=0.50 (n=0)  pfsp_w=0.250
    self                 self_step_24379392             wr=0.52 (n=1279)  pfsp_w=0.235
iter  1117 | steps  36,601,856 | SPS     893 | r_p0 +0.061 r_p1 +0.436 | clip_frac 0.063 | KL 0.0049 | H_fire 0.053 H_ang 4.92 H_ship 2.18 | V_loss 0.0195 | LR 0.000021 | early_stop=0 | fire[0]=0.10 fire[rest_max]=0.17 srcs_multi=0.72 ship0=0.00 meanshipbin=7.0 avgfleet=25.3 p90fleet=43.0
iter  1118 | steps  36,634,624 | SPS     893 | r_p0 -0.026 r_p1 +0.524 | clip_frac 0.063 | KL 0.0067 | H_fire 0.056 H_ang 4.92 H_ship 2.17 | V_loss 0.0190 | LR 0.000021 | early_stop=0 | fire[0]=0.10 fire[rest_max]=0.18 srcs_multi=0.77 ship0=0.00 meanshipbin=7.0 avgfleet=24.6 p90fleet=42.0
iter  1119 | steps  36,667,392 | SPS     894 | r_p0 -0.101 r_p1 +0.594 | clip_frac 0.063 | KL 0.0053 | H_fire 0.055 H_ang 4.93 H_ship 2.17 | V_loss 0.0204 | LR 0.000021 | early_stop=0 | fire[0]=0.10 fire[rest_max]=0.17 srcs_multi=0.72 ship0=0.00 meanshipbin=7.0 avgfleet=24.0 p90fleet=40.0
iter  1120 | steps  36,700,160 | SPS     894 | r_p0 +0.097 r_p1 +0.399 | clip_frac 0.063 | KL 0.0056 | H_fire 0.059 H_ang 4.92 H_ship 2.17 | V_loss 0.0185 | LR 0.000021 | early_stop=0 | fire[0]=0.10 fire[rest_max]=0.18 srcs_multi=0.81 ship0=0.00 meanshipbin=6.9 avgfleet=22.9 p90fleet=38.0
iter  1121 | steps  36,732,928 | SPS     894 | r_p0 +0.148 r_p1 +0.349 | clip_frac 0.062 | KL 0.0053 | H_fire 0.054 H_ang 4.93 H_ship 2.18 | V_loss 0.0195 | LR 0.000021 | early_stop=0 | fire[0]=0.09 fire[rest_max]=0.18 srcs_multi=0.70 ship0=0.00 meanshipbin=7.1 avgfleet=25.1 p90fleet=43.0
iter  1122 | steps  36,765,696 | SPS     894 | r_p0 +0.097 r_p1 +0.400 | clip_frac 0.062 | KL 0.0061 | H_fire 0.060 H_ang 4.92 H_ship 2.17 | V_loss 0.0207 | LR 0.000021 | early_stop=0 | fire[0]=0.10 fire[rest_max]=0.18 srcs_multi=0.75 ship0=0.00 meanshipbin=6.9 avgfleet=23.4 p90fleet=40.0
iter  1123 | steps  36,798,464 | SPS     894 | r_p0 +0.133 r_p1 +0.356 | clip_frac 0.062 | KL 0.0063 | H_fire 0.054 H_ang 4.92 H_ship 2.17 | V_loss 0.0234 | LR 0.000021 | early_stop=0 | fire[0]=0.10 fire[rest_max]=0.17 srcs_multi=0.76 ship0=0.00 meanshipbin=7.1 avgfleet=24.1 p90fleet=41.0
iter  1124 | steps  36,831,232 | SPS     894 | r_p0 -0.016 r_p1 +0.510 | clip_frac 0.062 | KL 0.0062 | H_fire 0.052 H_ang 4.93 H_ship 2.17 | V_loss 0.0226 | LR 0.000021 | early_stop=0 | fire[0]=0.10 fire[rest_max]=0.16 srcs_multi=0.67 ship0=0.00 meanshipbin=7.0 avgfleet=24.9 p90fleet=42.0
iter  1125 | steps  36,864,000 | SPS     894 | r_p0 -0.104 r_p1 +0.597 | clip_frac 0.062 | KL 0.0050 | H_fire 0.051 H_ang 4.92 H_ship 2.17 | V_loss 0.0204 | LR 0.000021 | early_stop=0 | fire[0]=0.10 fire[rest_max]=0.18 srcs_multi=0.74 ship0=0.00 meanshipbin=6.9 avgfleet=24.4 p90fleet=41.0
iter  1126 | steps  36,896,768 | SPS     894 | r_p0 +0.022 r_p1 +0.471 | clip_frac 0.063 | KL 0.0072 | H_fire 0.054 H_ang 4.92 H_ship 2.17 | V_loss 0.0199 | LR 0.000021 | early_stop=0 | fire[0]=0.10 fire[rest_max]=0.19 srcs_multi=0.78 ship0=0.00 meanshipbin=6.9 avgfleet=23.7 p90fleet=41.0
iter  1127 | steps  36,929,536 | SPS     894 | r_p0 +0.159 r_p1 +0.335 | clip_frac 0.063 | KL 0.0067 | H_fire 0.054 H_ang 4.92 H_ship 2.17 | V_loss 0.0217 | LR 0.000021 | early_stop=0 | fire[0]=0.10 fire[rest_max]=0.17 srcs_multi=0.74 ship0=0.00 meanshipbin=7.2 avgfleet=25.9 p90fleet=45.0
iter  1128 | steps  36,962,304 | SPS     895 | r_p0 +0.036 r_p1 +0.461 | clip_frac 0.063 | KL 0.0059 | H_fire 0.051 H_ang 4.93 H_ship 2.17 | V_loss 0.0206 | LR 0.000021 | early_stop=0 | fire[0]=0.10 fire[rest_max]=0.17 srcs_multi=0.71 ship0=0.00 meanshipbin=7.0 avgfleet=24.7 p90fleet=42.0
iter  1129 | steps  36,995,072 | SPS     893 | r_p0 -0.080 r_p1 +0.572 | clip_frac 0.063 | KL 0.0067 | H_fire 0.061 H_ang 4.92 H_ship 2.17 | V_loss 0.0220 | LR 0.000021 | early_stop=0 | fire[0]=0.11 fire[rest_max]=0.19 srcs_multi=0.83 ship0=0.00 meanshipbin=7.1 avgfleet=26.6 p90fleet=47.0
iter  1130 | steps  37,027,840 | SPS     893 | r_p0 -0.205 r_p1 +0.695 | clip_frac 0.063 | KL 0.0050 | H_fire 0.069 H_ang 4.92 H_ship 2.17 | V_loss 0.0176 | LR 0.000021 | early_stop=0 | fire[0]=0.11 fire[rest_max]=0.20 srcs_multi=0.87 ship0=0.00 meanshipbin=7.1 avgfleet=27.1 p90fleet=47.9
iter  1131 | steps  37,060,608 | SPS     894 | r_p0 -0.155 r_p1 +0.644 | clip_frac 0.063 | KL 0.0066 | H_fire 0.056 H_ang 4.92 H_ship 2.18 | V_loss 0.0175 | LR 0.000021 | early_stop=0 | fire[0]=0.10 fire[rest_max]=0.17 srcs_multi=0.67 ship0=0.00 meanshipbin=7.2 avgfleet=25.2 p90fleet=43.0
iter  1132 | steps  37,093,376 | SPS     894 | r_p0 -0.165 r_p1 +0.657 | clip_frac 0.063 | KL 0.0054 | H_fire 0.058 H_ang 4.92 H_ship 2.17 | V_loss 0.0196 | LR 0.000021 | early_stop=0 | fire[0]=0.10 fire[rest_max]=0.18 srcs_multi=0.74 ship0=0.00 meanshipbin=7.1 avgfleet=23.8 p90fleet=41.0
iter  1133 | steps  37,126,144 | SPS     894 | r_p0 -0.042 r_p1 +0.532 | clip_frac 0.063 | KL 0.0061 | H_fire 0.056 H_ang 4.92 H_ship 2.17 | V_loss 0.0212 | LR 0.000021 | early_stop=0 | fire[0]=0.10 fire[rest_max]=0.17 srcs_multi=0.72 ship0=0.00 meanshipbin=7.2 avgfleet=25.9 p90fleet=44.0
iter  1134 | steps  37,158,912 | SPS     894 | r_p0 -0.076 r_p1 +0.571 | clip_frac 0.063 | KL 0.0068 | H_fire 0.056 H_ang 4.92 H_ship 2.17 | V_loss 0.0197 | LR 0.000021 | early_stop=0 | fire[0]=0.10 fire[rest_max]=0.18 srcs_multi=0.77 ship0=0.00 meanshipbin=7.1 avgfleet=24.3 p90fleet=41.0
iter  1135 | steps  37,191,680 | SPS     894 | r_p0 +0.148 r_p1 +0.348 | clip_frac 0.063 | KL 0.0052 | H_fire 0.058 H_ang 4.92 H_ship 2.17 | V_loss 0.0212 | LR 0.000021 | early_stop=0 | fire[0]=0.10 fire[rest_max]=0.17 srcs_multi=0.77 ship0=0.00 meanshipbin=7.1 avgfleet=24.4 p90fleet=42.0
iter  1136 | steps  37,224,448 | SPS     894 | r_p0 +0.098 r_p1 +0.394 | clip_frac 0.063 | KL 0.0043 | H_fire 0.052 H_ang 4.92 H_ship 2.17 | V_loss 0.0190 | LR 0.000021 | early_stop=0 | fire[0]=0.09 fire[rest_max]=0.16 srcs_multi=0.71 ship0=0.00 meanshipbin=7.2 avgfleet=25.9 p90fleet=45.0
iter  1137 | steps  37,257,216 | SPS     894 | r_p0 +0.061 r_p1 +0.437 | clip_frac 0.063 | KL 0.0065 | H_fire 0.058 H_ang 4.92 H_ship 2.17 | V_loss 0.0157 | LR 0.000021 | early_stop=0 | fire[0]=0.10 fire[rest_max]=0.17 srcs_multi=0.77 ship0=0.00 meanshipbin=7.2 avgfleet=25.1 p90fleet=43.0
iter  1138 | steps  37,289,984 | SPS     894 | r_p0 -0.141 r_p1 +0.635 | clip_frac 0.063 | KL 0.0068 | H_fire 0.059 H_ang 4.92 H_ship 2.17 | V_loss 0.0209 | LR 0.000021 | early_stop=0 | fire[0]=0.11 fire[rest_max]=0.17 srcs_multi=0.78 ship0=0.00 meanshipbin=7.2 avgfleet=24.5 p90fleet=42.0
iter  1139 | steps  37,322,752 | SPS     894 | r_p0 -0.192 r_p1 +0.685 | clip_frac 0.063 | KL 0.0048 | H_fire 0.061 H_ang 4.92 H_ship 2.17 | V_loss 0.0199 | LR 0.000021 | early_stop=0 | fire[0]=0.10 fire[rest_max]=0.18 srcs_multi=0.76 ship0=0.00 meanshipbin=7.2 avgfleet=24.1 p90fleet=42.0
iter  1140 | steps  37,355,520 | SPS     894 | r_p0 -0.067 r_p1 +0.553 | clip_frac 0.063 | KL 0.0054 | H_fire 0.049 H_ang 4.93 H_ship 2.18 | V_loss 0.0197 | LR 0.000021 | early_stop=0 | fire[0]=0.10 fire[rest_max]=0.17 srcs_multi=0.68 ship0=0.00 meanshipbin=7.2 avgfleet=24.0 p90fleet=40.0
iter  1141 | steps  37,388,288 | SPS     895 | r_p0 +0.059 r_p1 +0.436 | clip_frac 0.062 | KL 0.0039 | H_fire 0.049 H_ang 4.92 H_ship 2.17 | V_loss 0.0242 | LR 0.000021 | early_stop=0 | fire[0]=0.10 fire[rest_max]=0.19 srcs_multi=0.76 ship0=0.00 meanshipbin=7.1 avgfleet=24.0 p90fleet=41.0
iter  1142 | steps  37,421,056 | SPS     895 | r_p0 +0.372 r_p1 +0.123 | clip_frac 0.063 | KL 0.0065 | H_fire 0.054 H_ang 4.92 H_ship 2.17 | V_loss 0.0210 | LR 0.000021 | early_stop=0 | fire[0]=0.11 fire[rest_max]=0.20 srcs_multi=0.83 ship0=0.00 meanshipbin=7.0 avgfleet=22.7 p90fleet=39.0
iter  1143 | steps  37,453,824 | SPS     895 | r_p0 +0.262 r_p1 +0.236 | clip_frac 0.062 | KL 0.0055 | H_fire 0.046 H_ang 4.93 H_ship 2.18 | V_loss 0.0211 | LR 0.000021 | early_stop=0 | fire[0]=0.09 fire[rest_max]=0.18 srcs_multi=0.66 ship0=0.00 meanshipbin=7.2 avgfleet=25.2 p90fleet=44.0
iter  1144 | steps  37,486,592 | SPS     895 | r_p0 +0.299 r_p1 +0.199 | clip_frac 0.062 | KL 0.0052 | H_fire 0.050 H_ang 4.92 H_ship 2.18 | V_loss 0.0214 | LR 0.000021 | early_stop=0 | fire[0]=0.09 fire[rest_max]=0.16 srcs_multi=0.71 ship0=0.00 meanshipbin=7.2 avgfleet=25.2 p90fleet=44.0
iter  1145 | steps  37,519,360 | SPS     895 | r_p0 +0.222 r_p1 +0.273 | clip_frac 0.062 | KL 0.0054 | H_fire 0.054 H_ang 4.92 H_ship 2.18 | V_loss 0.0183 | LR 0.000021 | early_stop=0 | fire[0]=0.10 fire[rest_max]=0.17 srcs_multi=0.72 ship0=0.00 meanshipbin=7.1 avgfleet=23.8 p90fleet=41.0
iter  1146 | steps  37,552,128 | SPS     895 | r_p0 +0.061 r_p1 +0.432 | clip_frac 0.062 | KL 0.0067 | H_fire 0.054 H_ang 4.92 H_ship 2.17 | V_loss 0.0207 | LR 0.000021 | early_stop=0 | fire[0]=0.10 fire[rest_max]=0.17 srcs_multi=0.77 ship0=0.00 meanshipbin=7.2 avgfleet=24.3 p90fleet=42.0
iter  1147 | steps  37,584,896 | SPS     895 | r_p0 -0.190 r_p1 +0.685 | clip_frac 0.062 | KL 0.0070 | H_fire 0.058 H_ang 4.92 H_ship 2.17 | V_loss 0.0195 | LR 0.000021 | early_stop=0 | fire[0]=0.11 fire[rest_max]=0.18 srcs_multi=0.83 ship0=0.00 meanshipbin=7.2 avgfleet=23.6 p90fleet=41.0
  pool snapshot @ step 37,584,896
  pool size=22  alpha=2.0
    self                 self_step_36569088             wr=0.42 (n=162)  pfsp_w=0.337
    self                 self_step_30474240             wr=0.44 (n=994)  pfsp_w=0.317
    self                 self_step_20316160             wr=0.49 (n=2726)  pfsp_w=0.265
    external_heuristic   candidate_zach_public          wr=0.49 (n=7327)  pfsp_w=0.259
    self                 self_step_18284544             wr=0.50 (n=1639)  pfsp_w=0.252
    self                 self_step_34537472             wr=0.50 (n=241)  pfsp_w=0.252
    self                 self_step_37584896             wr=0.50 (n=0)  pfsp_w=0.250
    self                 self_step_24379392             wr=0.51 (n=1497)  pfsp_w=0.236
iter  1148 | steps  37,617,664 | SPS     895 | r_p0 -0.015 r_p1 +0.511 | clip_frac 0.062 | KL 0.0058 | H_fire 0.052 H_ang 4.92 H_ship 2.18 | V_loss 0.0208 | LR 0.000021 | early_stop=0 | fire[0]=0.10 fire[rest_max]=0.18 srcs_multi=0.75 ship0=0.00 meanshipbin=7.1 avgfleet=23.2 p90fleet=40.0
iter  1149 | steps  37,650,432 | SPS     895 | r_p0 -0.014 r_p1 +0.512 | clip_frac 0.062 | KL 0.0050 | H_fire 0.054 H_ang 4.92 H_ship 2.18 | V_loss 0.0224 | LR 0.000021 | early_stop=0 | fire[0]=0.10 fire[rest_max]=0.18 srcs_multi=0.76 ship0=0.00 meanshipbin=7.0 avgfleet=23.5 p90fleet=40.0
iter  1150 | steps  37,683,200 | SPS     896 | r_p0 +0.220 r_p1 +0.271 | clip_frac 0.062 | KL 0.0071 | H_fire 0.051 H_ang 4.92 H_ship 2.17 | V_loss 0.0214 | LR 0.000021 | early_stop=0 | fire[0]=0.11 fire[rest_max]=0.17 srcs_multi=0.76 ship0=0.00 meanshipbin=7.1 avgfleet=23.9 p90fleet=40.0
iter  1151 | steps  37,715,968 | SPS     896 | r_p0 +0.220 r_p1 +0.271 | clip_frac 0.062 | KL 0.0055 | H_fire 0.052 H_ang 4.92 H_ship 2.17 | V_loss 0.0219 | LR 0.000021 | early_stop=0 | fire[0]=0.10 fire[rest_max]=0.17 srcs_multi=0.74 ship0=0.00 meanshipbin=7.3 avgfleet=25.3 p90fleet=44.0
iter  1152 | steps  37,748,736 | SPS     896 | r_p0 +0.036 r_p1 +0.460 | clip_frac 0.062 | KL 0.0075 | H_fire 0.049 H_ang 4.92 H_ship 2.17 | V_loss 0.0203 | LR 0.000021 | early_stop=0 | fire[0]=0.10 fire[rest_max]=0.17 srcs_multi=0.73 ship0=0.00 meanshipbin=7.2 avgfleet=24.6 p90fleet=42.0
iter  1153 | steps  37,781,504 | SPS     896 | r_p0 +0.023 r_p1 +0.471 | clip_frac 0.062 | KL 0.0046 | H_fire 0.051 H_ang 4.92 H_ship 2.17 | V_loss 0.0236 | LR 0.000021 | early_stop=0 | fire[0]=0.10 fire[rest_max]=0.17 srcs_multi=0.77 ship0=0.00 meanshipbin=7.3 avgfleet=25.3 p90fleet=44.0
iter  1154 | steps  37,814,272 | SPS     896 | r_p0 +0.010 r_p1 +0.485 | clip_frac 0.062 | KL 0.0042 | H_fire 0.050 H_ang 4.92 H_ship 2.17 | V_loss 0.0204 | LR 0.000021 | early_stop=0 | fire[0]=0.09 fire[rest_max]=0.17 srcs_multi=0.72 ship0=0.00 meanshipbin=7.3 avgfleet=25.0 p90fleet=43.0
iter  1155 | steps  37,847,040 | SPS     896 | r_p0 -0.078 r_p1 +0.571 | clip_frac 0.062 | KL 0.0080 | H_fire 0.057 H_ang 4.92 H_ship 2.17 | V_loss 0.0214 | LR 0.000021 | early_stop=0 | fire[0]=0.10 fire[rest_max]=0.19 srcs_multi=0.78 ship0=0.00 meanshipbin=7.3 avgfleet=24.1 p90fleet=42.0
iter  1156 | steps  37,879,808 | SPS     896 | r_p0 +0.123 r_p1 +0.372 | clip_frac 0.062 | KL 0.0067 | H_fire 0.055 H_ang 4.92 H_ship 2.17 | V_loss 0.0218 | LR 0.000021 | early_stop=0 | fire[0]=0.11 fire[rest_max]=0.18 srcs_multi=0.74 ship0=0.00 meanshipbin=7.1 avgfleet=23.8 p90fleet=41.0
iter  1157 | steps  37,912,576 | SPS     896 | r_p0 +0.248 r_p1 +0.241 | clip_frac 0.062 | KL 0.0058 | H_fire 0.053 H_ang 4.92 H_ship 2.17 | V_loss 0.0211 | LR 0.000021 | early_stop=0 | fire[0]=0.10 fire[rest_max]=0.17 srcs_multi=0.77 ship0=0.00 meanshipbin=7.1 avgfleet=23.9 p90fleet=41.0
iter  1158 | steps  37,945,344 | SPS     896 | r_p0 +0.396 r_p1 +0.093 | clip_frac 0.062 | KL 0.0062 | H_fire 0.053 H_ang 4.92 H_ship 2.17 | V_loss 0.0204 | LR 0.000021 | early_stop=0 | fire[0]=0.11 fire[rest_max]=0.18 srcs_multi=0.78 ship0=0.00 meanshipbin=7.1 avgfleet=23.9 p90fleet=41.0
iter  1159 | steps  37,978,112 | SPS     896 | r_p0 +0.382 r_p1 +0.111 | clip_frac 0.062 | KL 0.0069 | H_fire 0.052 H_ang 4.92 H_ship 2.17 | V_loss 0.0207 | LR 0.000021 | early_stop=0 | fire[0]=0.10 fire[rest_max]=0.17 srcs_multi=0.71 ship0=0.00 meanshipbin=7.3 avgfleet=25.4 p90fleet=44.0
iter  1160 | steps  38,010,880 | SPS     895 | r_p0 +0.254 r_p1 +0.234 | clip_frac 0.062 | KL 0.0071 | H_fire 0.056 H_ang 4.92 H_ship 2.17 | V_loss 0.0197 | LR 0.000021 | early_stop=0 | fire[0]=0.10 fire[rest_max]=0.19 srcs_multi=0.81 ship0=0.00 meanshipbin=7.2 avgfleet=25.7 p90fleet=45.0
iter  1161 | steps  38,043,648 | SPS     895 | r_p0 +0.057 r_p1 +0.434 | clip_frac 0.062 | KL 0.0061 | H_fire 0.060 H_ang 4.92 H_ship 2.17 | V_loss 0.0193 | LR 0.000020 | early_stop=0 | fire[0]=0.11 fire[rest_max]=0.19 srcs_multi=0.82 ship0=0.00 meanshipbin=7.2 avgfleet=24.5 p90fleet=43.0
iter  1162 | steps  38,076,416 | SPS     896 | r_p0 -0.052 r_p1 +0.547 | clip_frac 0.062 | KL 0.0068 | H_fire 0.055 H_ang 4.92 H_ship 2.17 | V_loss 0.0195 | LR 0.000020 | early_stop=0 | fire[0]=0.10 fire[rest_max]=0.18 srcs_multi=0.77 ship0=0.00 meanshipbin=7.3 avgfleet=24.3 p90fleet=42.0
iter  1163 | steps  38,109,184 | SPS     896 | r_p0 -0.017 r_p1 +0.507 | clip_frac 0.062 | KL 0.0066 | H_fire 0.053 H_ang 4.92 H_ship 2.17 | V_loss 0.0215 | LR 0.000020 | early_stop=0 | fire[0]=0.10 fire[rest_max]=0.18 srcs_multi=0.73 ship0=0.00 meanshipbin=7.2 avgfleet=23.3 p90fleet=40.0
iter  1164 | steps  38,141,952 | SPS     896 | r_p0 -0.000 r_p1 +0.496 | clip_frac 0.062 | KL 0.0052 | H_fire 0.054 H_ang 4.92 H_ship 2.17 | V_loss 0.0237 | LR 0.000020 | early_stop=0 | fire[0]=0.10 fire[rest_max]=0.18 srcs_multi=0.75 ship0=0.00 meanshipbin=7.2 avgfleet=23.5 p90fleet=41.0
iter  1165 | steps  38,174,720 | SPS     896 | r_p0 +0.222 r_p1 +0.269 | clip_frac 0.062 | KL 0.0059 | H_fire 0.053 H_ang 4.92 H_ship 2.17 | V_loss 0.0212 | LR 0.000020 | early_stop=0 | fire[0]=0.10 fire[rest_max]=0.18 srcs_multi=0.71 ship0=0.00 meanshipbin=7.4 avgfleet=24.9 p90fleet=44.0
iter  1166 | steps  38,207,488 | SPS     896 | r_p0 +0.173 r_p1 +0.321 | clip_frac 0.062 | KL 0.0051 | H_fire 0.053 H_ang 4.92 H_ship 2.17 | V_loss 0.0221 | LR 0.000020 | early_stop=0 | fire[0]=0.11 fire[rest_max]=0.19 srcs_multi=0.80 ship0=0.00 meanshipbin=7.2 avgfleet=23.9 p90fleet=41.0
iter  1167 | steps  38,240,256 | SPS     896 | r_p0 +0.317 r_p1 +0.174 | clip_frac 0.063 | KL 0.0049 | H_fire 0.051 H_ang 4.92 H_ship 2.17 | V_loss 0.0219 | LR 0.000020 | early_stop=0 | fire[0]=0.10 fire[rest_max]=0.19 srcs_multi=0.76 ship0=0.00 meanshipbin=7.3 avgfleet=24.8 p90fleet=43.0
iter  1168 | steps  38,273,024 | SPS     896 | r_p0 +0.011 r_p1 +0.482 | clip_frac 0.063 | KL 0.0087 | H_fire 0.053 H_ang 4.92 H_ship 2.16 | V_loss 0.0209 | LR 0.000020 | early_stop=0 | fire[0]=0.11 fire[rest_max]=0.19 srcs_multi=0.80 ship0=0.00 meanshipbin=7.3 avgfleet=24.2 p90fleet=42.0
iter  1169 | steps  38,305,792 | SPS     896 | r_p0 -0.276 r_p1 +0.770 | clip_frac 0.063 | KL 0.0075 | H_fire 0.054 H_ang 4.92 H_ship 2.16 | V_loss 0.0221 | LR 0.000020 | early_stop=0 | fire[0]=0.11 fire[rest_max]=0.19 srcs_multi=0.81 ship0=0.00 meanshipbin=7.3 avgfleet=24.1 p90fleet=42.0
iter  1170 | steps  38,338,560 | SPS     896 | r_p0 -0.040 r_p1 +0.534 | clip_frac 0.063 | KL 0.0057 | H_fire 0.053 H_ang 4.92 H_ship 2.17 | V_loss 0.0212 | LR 0.000020 | early_stop=0 | fire[0]=0.10 fire[rest_max]=0.19 srcs_multi=0.78 ship0=0.00 meanshipbin=7.1 avgfleet=24.1 p90fleet=41.0
iter  1171 | steps  38,371,328 | SPS     897 | r_p0 +0.324 r_p1 +0.174 | clip_frac 0.063 | KL 0.0058 | H_fire 0.056 H_ang 4.92 H_ship 2.17 | V_loss 0.0213 | LR 0.000020 | early_stop=0 | fire[0]=0.11 fire[rest_max]=0.18 srcs_multi=0.81 ship0=0.00 meanshipbin=7.0 avgfleet=23.7 p90fleet=40.0
iter  1172 | steps  38,404,096 | SPS     897 | r_p0 +0.261 r_p1 +0.234 | clip_frac 0.063 | KL 0.0052 | H_fire 0.054 H_ang 4.92 H_ship 2.18 | V_loss 0.0222 | LR 0.000020 | early_stop=0 | fire[0]=0.10 fire[rest_max]=0.18 srcs_multi=0.71 ship0=0.00 meanshipbin=7.3 avgfleet=25.0 p90fleet=44.0
iter  1173 | steps  38,436,864 | SPS     897 | r_p0 +0.359 r_p1 +0.136 | clip_frac 0.063 | KL 0.0045 | H_fire 0.055 H_ang 4.92 H_ship 2.17 | V_loss 0.0196 | LR 0.000020 | early_stop=0 | fire[0]=0.10 fire[rest_max]=0.19 srcs_multi=0.76 ship0=0.00 meanshipbin=7.1 avgfleet=24.2 p90fleet=42.0
iter  1174 | steps  38,469,632 | SPS     897 | r_p0 +0.095 r_p1 +0.398 | clip_frac 0.063 | KL 0.0054 | H_fire 0.052 H_ang 4.92 H_ship 2.17 | V_loss 0.0206 | LR 0.000020 | early_stop=0 | fire[0]=0.10 fire[rest_max]=0.18 srcs_multi=0.79 ship0=0.00 meanshipbin=7.1 avgfleet=23.6 p90fleet=40.0
iter  1175 | steps  38,502,400 | SPS     897 | r_p0 +0.206 r_p1 +0.282 | clip_frac 0.063 | KL 0.0054 | H_fire 0.053 H_ang 4.92 H_ship 2.17 | V_loss 0.0225 | LR 0.000020 | early_stop=0 | fire[0]=0.10 fire[rest_max]=0.18 srcs_multi=0.75 ship0=0.00 meanshipbin=7.2 avgfleet=24.6 p90fleet=42.0
iter  1176 | steps  38,535,168 | SPS     897 | r_p0 +0.147 r_p1 +0.344 | clip_frac 0.063 | KL 0.0103 | H_fire 0.053 H_ang 4.92 H_ship 2.17 | V_loss 0.0206 | LR 0.000020 | early_stop=0 | fire[0]=0.10 fire[rest_max]=0.19 srcs_multi=0.81 ship0=0.00 meanshipbin=7.1 avgfleet=23.8 p90fleet=40.0
iter  1177 | steps  38,567,936 | SPS     897 | r_p0 +0.195 r_p1 +0.294 | clip_frac 0.063 | KL 0.0063 | H_fire 0.057 H_ang 4.92 H_ship 2.17 | V_loss 0.0216 | LR 0.000020 | early_stop=0 | fire[0]=0.11 fire[rest_max]=0.20 srcs_multi=0.83 ship0=0.00 meanshipbin=7.0 avgfleet=23.2 p90fleet=40.0
iter  1178 | steps  38,600,704 | SPS     897 | r_p0 +0.273 r_p1 +0.223 | clip_frac 0.063 | KL 0.0047 | H_fire 0.054 H_ang 4.92 H_ship 2.17 | V_loss 0.0212 | LR 0.000020 | early_stop=0 | fire[0]=0.10 fire[rest_max]=0.18 srcs_multi=0.72 ship0=0.00 meanshipbin=7.2 avgfleet=24.6 p90fleet=42.0
  pool snapshot @ step 38,600,704
  pool size=22  alpha=2.0
    self                 self_step_36569088             wr=0.42 (n=240)  pfsp_w=0.340
    self                 self_step_30474240             wr=0.44 (n=1230)  pfsp_w=0.312
    self                 self_step_20316160             wr=0.49 (n=2726)  pfsp_w=0.265
    self                 self_step_31490048             wr=0.49 (n=707)  pfsp_w=0.259
    external_heuristic   candidate_zach_public          wr=0.49 (n=7327)  pfsp_w=0.259
    self                 self_step_34537472             wr=0.50 (n=400)  pfsp_w=0.250
    self                 self_step_38600704             wr=0.50 (n=0)  pfsp_w=0.250
    self                 self_step_24379392             wr=0.51 (n=1570)  pfsp_w=0.237
iter  1179 | steps  38,633,472 | SPS     897 | r_p0 +0.347 r_p1 +0.147 | clip_frac 0.062 | KL 0.0043 | H_fire 0.054 H_ang 4.92 H_ship 2.17 | V_loss 0.0211 | LR 0.000020 | early_stop=0 | fire[0]=0.10 fire[rest_max]=0.18 srcs_multi=0.78 ship0=0.00 meanshipbin=7.1 avgfleet=23.5 p90fleet=40.0
iter  1180 | steps  38,666,240 | SPS     897 | r_p0 +0.122 r_p1 +0.373 | clip_frac 0.063 | KL 0.0065 | H_fire 0.056 H_ang 4.92 H_ship 2.17 | V_loss 0.0213 | LR 0.000020 | early_stop=0 | fire[0]=0.11 fire[rest_max]=0.19 srcs_multi=0.79 ship0=0.00 meanshipbin=7.1 avgfleet=24.0 p90fleet=42.0
iter  1181 | steps  38,699,008 | SPS     898 | r_p0 +0.084 r_p1 +0.408 | clip_frac 0.063 | KL 0.0072 | H_fire 0.052 H_ang 4.92 H_ship 2.17 | V_loss 0.0218 | LR 0.000020 | early_stop=0 | fire[0]=0.11 fire[rest_max]=0.18 srcs_multi=0.79 ship0=0.00 meanshipbin=7.1 avgfleet=24.1 p90fleet=41.0
iter  1182 | steps  38,731,776 | SPS     898 | r_p0 -0.002 r_p1 +0.496 | clip_frac 0.063 | KL 0.0055 | H_fire 0.056 H_ang 4.92 H_ship 2.17 | V_loss 0.0240 | LR 0.000020 | early_stop=0 | fire[0]=0.10 fire[rest_max]=0.19 srcs_multi=0.81 ship0=0.00 meanshipbin=7.1 avgfleet=23.9 p90fleet=41.0
iter  1183 | steps  38,764,544 | SPS     898 | r_p0 -0.239 r_p1 +0.733 | clip_frac 0.063 | KL 0.0054 | H_fire 0.058 H_ang 4.92 H_ship 2.17 | V_loss 0.0202 | LR 0.000020 | early_stop=0 | fire[0]=0.11 fire[rest_max]=0.19 srcs_multi=0.84 ship0=0.00 meanshipbin=7.1 avgfleet=23.1 p90fleet=40.0
iter  1184 | steps  38,797,312 | SPS     898 | r_p0 -0.076 r_p1 +0.573 | clip_frac 0.062 | KL 0.0062 | H_fire 0.049 H_ang 4.92 H_ship 2.17 | V_loss 0.0271 | LR 0.000020 | early_stop=0 | fire[0]=0.10 fire[rest_max]=0.19 srcs_multi=0.76 ship0=0.00 meanshipbin=7.1 avgfleet=24.8 p90fleet=42.0
iter  1185 | steps  38,830,080 | SPS     898 | r_p0 +0.036 r_p1 +0.461 | clip_frac 0.063 | KL 0.0085 | H_fire 0.056 H_ang 4.92 H_ship 2.16 | V_loss 0.0231 | LR 0.000020 | early_stop=0 | fire[0]=0.11 fire[rest_max]=0.21 srcs_multi=0.83 ship0=0.00 meanshipbin=7.2 avgfleet=25.1 p90fleet=44.0
iter  1186 | steps  38,862,848 | SPS     898 | r_p0 +0.061 r_p1 +0.433 | clip_frac 0.063 | KL 0.0073 | H_fire 0.051 H_ang 4.93 H_ship 2.17 | V_loss 0.0224 | LR 0.000020 | early_stop=0 | fire[0]=0.11 fire[rest_max]=0.19 srcs_multi=0.77 ship0=0.00 meanshipbin=7.1 avgfleet=23.5 p90fleet=40.0
iter  1187 | steps  38,895,616 | SPS     898 | r_p0 -0.138 r_p1 +0.635 | clip_frac 0.063 | KL 0.0067 | H_fire 0.051 H_ang 4.92 H_ship 2.17 | V_loss 0.0240 | LR 0.000020 | early_stop=0 | fire[0]=0.10 fire[rest_max]=0.19 srcs_multi=0.75 ship0=0.00 meanshipbin=7.1 avgfleet=23.7 p90fleet=40.0
iter  1188 | steps  38,928,384 | SPS     898 | r_p0 +0.136 r_p1 +0.360 | clip_frac 0.063 | KL 0.0061 | H_fire 0.046 H_ang 4.92 H_ship 2.16 | V_loss 0.0235 | LR 0.000020 | early_stop=0 | fire[0]=0.10 fire[rest_max]=0.18 srcs_multi=0.78 ship0=0.00 meanshipbin=7.1 avgfleet=24.1 p90fleet=41.0
iter  1189 | steps  38,961,152 | SPS     898 | r_p0 +0.022 r_p1 +0.471 | clip_frac 0.063 | KL 0.0058 | H_fire 0.047 H_ang 4.92 H_ship 2.17 | V_loss 0.0227 | LR 0.000020 | early_stop=0 | fire[0]=0.10 fire[rest_max]=0.18 srcs_multi=0.74 ship0=0.00 meanshipbin=7.2 avgfleet=25.3 p90fleet=43.0
iter  1190 | steps  38,993,920 | SPS     898 | r_p0 +0.159 r_p1 +0.337 | clip_frac 0.063 | KL 0.0051 | H_fire 0.049 H_ang 4.92 H_ship 2.17 | V_loss 0.0217 | LR 0.000020 | early_stop=0 | fire[0]=0.10 fire[rest_max]=0.18 srcs_multi=0.76 ship0=0.00 meanshipbin=7.1 avgfleet=24.4 p90fleet=42.0
iter  1191 | steps  39,026,688 | SPS     898 | r_p0 +0.109 r_p1 +0.384 | clip_frac 0.064 | KL 0.0059 | H_fire 0.049 H_ang 4.92 H_ship 2.17 | V_loss 0.0235 | LR 0.000020 | early_stop=0 | fire[0]=0.10 fire[rest_max]=0.17 srcs_multi=0.75 ship0=0.00 meanshipbin=7.1 avgfleet=23.9 p90fleet=40.0
iter  1192 | steps  39,059,456 | SPS     898 | r_p0 +0.171 r_p1 +0.320 | clip_frac 0.063 | KL 0.0055 | H_fire 0.053 H_ang 4.92 H_ship 2.17 | V_loss 0.0217 | LR 0.000020 | early_stop=0 | fire[0]=0.10 fire[rest_max]=0.18 srcs_multi=0.78 ship0=0.00 meanshipbin=7.2 avgfleet=24.9 p90fleet=42.0
iter  1193 | steps  39,092,224 | SPS     899 | r_p0 +0.070 r_p1 +0.420 | clip_frac 0.063 | KL 0.0075 | H_fire 0.052 H_ang 4.92 H_ship 2.17 | V_loss 0.0203 | LR 0.000020 | early_stop=0 | fire[0]=0.09 fire[rest_max]=0.18 srcs_multi=0.72 ship0=0.00 meanshipbin=7.1 avgfleet=24.2 p90fleet=41.0
iter  1194 | steps  39,124,992 | SPS     899 | r_p0 +0.070 r_p1 +0.422 | clip_frac 0.063 | KL 0.0052 | H_fire 0.055 H_ang 4.92 H_ship 2.17 | V_loss 0.0222 | LR 0.000020 | early_stop=0 | fire[0]=0.10 fire[rest_max]=0.18 srcs_multi=0.75 ship0=0.00 meanshipbin=7.2 avgfleet=25.0 p90fleet=42.0
iter  1195 | steps  39,157,760 | SPS     899 | r_p0 -0.017 r_p1 +0.510 | clip_frac 0.064 | KL 0.0073 | H_fire 0.050 H_ang 4.92 H_ship 2.17 | V_loss 0.0223 | LR 0.000020 | early_stop=0 | fire[0]=0.10 fire[rest_max]=0.18 srcs_multi=0.71 ship0=0.00 meanshipbin=7.2 avgfleet=24.7 p90fleet=42.0
iter  1196 | steps  39,190,528 | SPS     899 | r_p0 -0.014 r_p1 +0.511 | clip_frac 0.064 | KL 0.0055 | H_fire 0.053 H_ang 4.92 H_ship 2.17 | V_loss 0.0184 | LR 0.000020 | early_stop=0 | fire[0]=0.10 fire[rest_max]=0.17 srcs_multi=0.79 ship0=0.00 meanshipbin=7.0 avgfleet=24.0 p90fleet=41.0
  saved checkpoints/torch_step_39190528_20260525_184201.pt
  saved checkpoints/pool_step_39190528_20260525_184201.pt (22 members)
iter  1197 | steps  39,223,296 | SPS     899 | r_p0 +0.334 r_p1 +0.162 | clip_frac 0.064 | KL 0.0063 | H_fire 0.058 H_ang 4.92 H_ship 2.16 | V_loss 0.0185 | LR 0.000020 | early_stop=0 | fire[0]=0.11 fire[rest_max]=0.18 srcs_multi=0.83 ship0=0.00 meanshipbin=7.0 avgfleet=23.9 p90fleet=40.0
iter  1198 | steps  39,256,064 | SPS     899 | r_p0 +0.369 r_p1 +0.117 | clip_frac 0.064 | KL 0.0077 | H_fire 0.060 H_ang 4.92 H_ship 2.16 | V_loss 0.0179 | LR 0.000020 | early_stop=0 | fire[0]=0.11 fire[rest_max]=0.18 srcs_multi=0.82 ship0=0.00 meanshipbin=7.0 avgfleet=23.9 p90fleet=40.0
iter  1199 | steps  39,288,832 | SPS     899 | r_p0 +0.358 r_p1 +0.131 | clip_frac 0.064 | KL 0.0043 | H_fire 0.050 H_ang 4.92 H_ship 2.18 | V_loss 0.0199 | LR 0.000020 | early_stop=0 | fire[0]=0.09 fire[rest_max]=0.16 srcs_multi=0.67 ship0=0.00 meanshipbin=7.2 avgfleet=26.1 p90fleet=44.0
iter  1200 | steps  39,321,600 | SPS     899 | r_p0 +0.134 r_p1 +0.357 | clip_frac 0.064 | KL 0.0102 | H_fire 0.053 H_ang 4.92 H_ship 2.17 | V_loss 0.0199 | LR 0.000020 | early_stop=0 | fire[0]=0.10 fire[rest_max]=0.17 srcs_multi=0.75 ship0=0.00 meanshipbin=7.2 avgfleet=24.4 p90fleet=42.0
iter  1201 | steps  39,354,368 | SPS     899 | r_p0 +0.046 r_p1 +0.445 | clip_frac 0.065 | KL 0.0063 | H_fire 0.054 H_ang 4.92 H_ship 2.17 | V_loss 0.0235 | LR 0.000020 | early_stop=0 | fire[0]=0.10 fire[rest_max]=0.17 srcs_multi=0.71 ship0=0.00 meanshipbin=7.3 avgfleet=25.0 p90fleet=43.0
iter  1202 | steps  39,387,136 | SPS     899 | r_p0 +0.007 r_p1 +0.483 | clip_frac 0.065 | KL 0.0060 | H_fire 0.055 H_ang 4.92 H_ship 2.17 | V_loss 0.0223 | LR 0.000020 | early_stop=0 | fire[0]=0.10 fire[rest_max]=0.17 srcs_multi=0.79 ship0=0.00 meanshipbin=7.2 avgfleet=24.4 p90fleet=42.0
iter  1203 | steps  39,419,904 | SPS     900 | r_p0 -0.178 r_p1 +0.673 | clip_frac 0.065 | KL 0.0084 | H_fire 0.057 H_ang 4.92 H_ship 2.17 | V_loss 0.0207 | LR 0.000020 | early_stop=0 | fire[0]=0.11 fire[rest_max]=0.19 srcs_multi=0.81 ship0=0.00 meanshipbin=7.2 avgfleet=23.8 p90fleet=41.0
iter  1204 | steps  39,452,672 | SPS     900 | r_p0 -0.128 r_p1 +0.620 | clip_frac 0.065 | KL 0.0066 | H_fire 0.055 H_ang 4.93 H_ship 2.17 | V_loss 0.0199 | LR 0.000020 | early_stop=0 | fire[0]=0.10 fire[rest_max]=0.18 srcs_multi=0.75 ship0=0.00 meanshipbin=7.2 avgfleet=23.8 p90fleet=41.0
iter  1205 | steps  39,485,440 | SPS     900 | r_p0 -0.255 r_p1 +0.746 | clip_frac 0.065 | KL 0.0067 | H_fire 0.055 H_ang 4.92 H_ship 2.17 | V_loss 0.0226 | LR 0.000020 | early_stop=0 | fire[0]=0.11 fire[rest_max]=0.18 srcs_multi=0.80 ship0=0.00 meanshipbin=7.2 avgfleet=24.2 p90fleet=41.0
iter  1206 | steps  39,518,208 | SPS     900 | r_p0 -0.278 r_p1 +0.772 | clip_frac 0.065 | KL 0.0048 | H_fire 0.048 H_ang 4.93 H_ship 2.18 | V_loss 0.0208 | LR 0.000020 | early_stop=0 | fire[0]=0.10 fire[rest_max]=0.18 srcs_multi=0.72 ship0=0.00 meanshipbin=7.1 avgfleet=24.2 p90fleet=41.0
iter  1207 | steps  39,550,976 | SPS     900 | r_p0 -0.064 r_p1 +0.562 | clip_frac 0.065 | KL 0.0084 | H_fire 0.058 H_ang 4.92 H_ship 2.17 | V_loss 0.0197 | LR 0.000020 | early_stop=0 | fire[0]=0.10 fire[rest_max]=0.19 srcs_multi=0.77 ship0=0.00 meanshipbin=7.2 avgfleet=24.5 p90fleet=42.0
iter  1208 | steps  39,583,744 | SPS     900 | r_p0 -0.078 r_p1 +0.573 | clip_frac 0.065 | KL 0.0063 | H_fire 0.062 H_ang 4.92 H_ship 2.17 | V_loss 0.0201 | LR 0.000020 | early_stop=0 | fire[0]=0.11 fire[rest_max]=0.19 srcs_multi=0.80 ship0=0.00 meanshipbin=7.2 avgfleet=24.5 p90fleet=42.0
iter  1209 | steps  39,616,512 | SPS     900 | r_p0 -0.301 r_p1 +0.795 | clip_frac 0.065 | KL 0.0054 | H_fire 0.070 H_ang 4.92 H_ship 2.17 | V_loss 0.0188 | LR 0.000020 | early_stop=0 | fire[0]=0.11 fire[rest_max]=0.20 srcs_multi=0.87 ship0=0.00 meanshipbin=7.1 avgfleet=23.2 p90fleet=40.0
  pool snapshot @ step 39,616,512
  pool size=22  alpha=2.0
    self                 self_step_38600704             wr=0.41 (n=96)  pfsp_w=0.353
    self                 self_step_36569088             wr=0.42 (n=240)  pfsp_w=0.340
    self                 self_step_37584896             wr=0.48 (n=413)  pfsp_w=0.274
    external_heuristic   candidate_zach_public          wr=0.49 (n=7518)  pfsp_w=0.261
    self                 self_step_20316160             wr=0.49 (n=2790)  pfsp_w=0.261
    self                 self_step_30474240             wr=0.49 (n=1491)  pfsp_w=0.259
    self                 self_step_34537472             wr=0.50 (n=400)  pfsp_w=0.250
    self                 self_step_39616512             wr=0.50 (n=0)  pfsp_w=0.250
iter  1210 | steps  39,649,280 | SPS     900 | r_p0 -0.390 r_p1 +0.884 | clip_frac 0.065 | KL 0.0061 | H_fire 0.063 H_ang 4.92 H_ship 2.17 | V_loss 0.0208 | LR 0.000020 | early_stop=0 | fire[0]=0.11 fire[rest_max]=0.18 srcs_multi=0.76 ship0=0.00 meanshipbin=7.2 avgfleet=24.9 p90fleet=42.0
iter  1211 | steps  39,682,048 | SPS     900 | r_p0 -0.155 r_p1 +0.648 | clip_frac 0.065 | KL 0.0064 | H_fire 0.054 H_ang 4.92 H_ship 2.18 | V_loss 0.0206 | LR 0.000020 | early_stop=0 | fire[0]=0.09 fire[rest_max]=0.18 srcs_multi=0.68 ship0=0.00 meanshipbin=7.1 avgfleet=24.3 p90fleet=41.0
iter  1212 | steps  39,714,816 | SPS     900 | r_p0 -0.068 r_p1 +0.558 | clip_frac 0.065 | KL 0.0052 | H_fire 0.062 H_ang 4.92 H_ship 2.17 | V_loss 0.0217 | LR 0.000020 | early_stop=0 | fire[0]=0.10 fire[rest_max]=0.18 srcs_multi=0.75 ship0=0.00 meanshipbin=7.2 avgfleet=24.4 p90fleet=42.0
iter  1213 | steps  39,747,584 | SPS     901 | r_p0 +0.021 r_p1 +0.473 | clip_frac 0.065 | KL 0.0063 | H_fire 0.056 H_ang 4.92 H_ship 2.18 | V_loss 0.0199 | LR 0.000020 | early_stop=0 | fire[0]=0.10 fire[rest_max]=0.17 srcs_multi=0.76 ship0=0.00 meanshipbin=7.0 avgfleet=23.9 p90fleet=40.0
iter  1214 | steps  39,780,352 | SPS     901 | r_p0 +0.173 r_p1 +0.321 | clip_frac 0.065 | KL 0.0075 | H_fire 0.054 H_ang 4.92 H_ship 2.18 | V_loss 0.0214 | LR 0.000020 | early_stop=0 | fire[0]=0.10 fire[rest_max]=0.19 srcs_multi=0.75 ship0=0.00 meanshipbin=7.2 avgfleet=24.5 p90fleet=42.0
iter  1215 | steps  39,813,120 | SPS     901 | r_p0 +0.159 r_p1 +0.335 | clip_frac 0.065 | KL 0.0061 | H_fire 0.051 H_ang 4.92 H_ship 2.17 | V_loss 0.0192 | LR 0.000020 | early_stop=0 | fire[0]=0.10 fire[rest_max]=0.18 srcs_multi=0.78 ship0=0.00 meanshipbin=7.1 avgfleet=24.0 p90fleet=41.0
iter  1216 | steps  39,845,888 | SPS     901 | r_p0 -0.002 r_p1 +0.495 | clip_frac 0.065 | KL 0.0061 | H_fire 0.056 H_ang 4.92 H_ship 2.18 | V_loss 0.0198 | LR 0.000020 | early_stop=0 | fire[0]=0.10 fire[rest_max]=0.18 srcs_multi=0.75 ship0=0.00 meanshipbin=7.1 avgfleet=24.6 p90fleet=43.0
iter  1217 | steps  39,878,656 | SPS     901 | r_p0 +0.084 r_p1 +0.409 | clip_frac 0.065 | KL 0.0058 | H_fire 0.057 H_ang 4.92 H_ship 2.18 | V_loss 0.0192 | LR 0.000020 | early_stop=0 | fire[0]=0.10 fire[rest_max]=0.18 srcs_multi=0.78 ship0=0.00 meanshipbin=7.1 avgfleet=24.1 p90fleet=42.0
iter  1218 | steps  39,911,424 | SPS     901 | r_p0 +0.049 r_p1 +0.448 | clip_frac 0.065 | KL 0.0067 | H_fire 0.058 H_ang 4.92 H_ship 2.17 | V_loss 0.0208 | LR 0.000020 | early_stop=0 | fire[0]=0.11 fire[rest_max]=0.19 srcs_multi=0.79 ship0=0.00 meanshipbin=7.1 avgfleet=23.9 p90fleet=41.0
iter  1219 | steps  39,944,192 | SPS     901 | r_p0 -0.053 r_p1 +0.548 | clip_frac 0.064 | KL 0.0055 | H_fire 0.058 H_ang 4.92 H_ship 2.18 | V_loss 0.0207 | LR 0.000020 | early_stop=0 | fire[0]=0.10 fire[rest_max]=0.20 srcs_multi=0.80 ship0=0.00 meanshipbin=7.1 avgfleet=23.4 p90fleet=41.0
iter  1220 | steps  39,976,960 | SPS     901 | r_p0 -0.115 r_p1 +0.610 | clip_frac 0.065 | KL 0.0068 | H_fire 0.060 H_ang 4.92 H_ship 2.17 | V_loss 0.0217 | LR 0.000020 | early_stop=0 | fire[0]=0.11 fire[rest_max]=0.18 srcs_multi=0.82 ship0=0.00 meanshipbin=7.1 avgfleet=23.6 p90fleet=41.0
iter  1221 | steps  40,009,728 | SPS     901 | r_p0 -0.107 r_p1 +0.599 | clip_frac 0.065 | KL 0.0057 | H_fire 0.055 H_ang 4.92 H_ship 2.17 | V_loss 0.0220 | LR 0.000020 | early_stop=0 | fire[0]=0.10 fire[rest_max]=0.19 srcs_multi=0.77 ship0=0.00 meanshipbin=7.1 avgfleet=24.1 p90fleet=41.0
iter  1222 | steps  40,042,496 | SPS     901 | r_p0 -0.126 r_p1 +0.620 | clip_frac 0.065 | KL 0.0057 | H_fire 0.058 H_ang 4.92 H_ship 2.17 | V_loss 0.0226 | LR 0.000020 | early_stop=0 | fire[0]=0.11 fire[rest_max]=0.19 srcs_multi=0.84 ship0=0.00 meanshipbin=7.1 avgfleet=23.8 p90fleet=41.0
iter  1223 | steps  40,075,264 | SPS     902 | r_p0 -0.164 r_p1 +0.660 | clip_frac 0.065 | KL 0.0038 | H_fire 0.051 H_ang 4.93 H_ship 2.18 | V_loss 0.0206 | LR 0.000020 | early_stop=0 | fire[0]=0.10 fire[rest_max]=0.19 srcs_multi=0.73 ship0=0.00 meanshipbin=7.1 avgfleet=24.0 p90fleet=42.0
iter  1224 | steps  40,108,032 | SPS     902 | r_p0 +0.034 r_p1 +0.458 | clip_frac 0.064 | KL 0.0045 | H_fire 0.053 H_ang 4.92 H_ship 2.18 | V_loss 0.0209 | LR 0.000020 | early_stop=0 | fire[0]=0.10 fire[rest_max]=0.18 srcs_multi=0.75 ship0=0.00 meanshipbin=7.0 avgfleet=24.2 p90fleet=41.0
iter  1225 | steps  40,140,800 | SPS     902 | r_p0 +0.098 r_p1 +0.395 | clip_frac 0.064 | KL 0.0057 | H_fire 0.055 H_ang 4.92 H_ship 2.18 | V_loss 0.0236 | LR 0.000020 | early_stop=0 | fire[0]=0.10 fire[rest_max]=0.19 srcs_multi=0.74 ship0=0.00 meanshipbin=7.1 avgfleet=24.6 p90fleet=42.0
iter  1226 | steps  40,173,568 | SPS     902 | r_p0 -0.090 r_p1 +0.584 | clip_frac 0.064 | KL 0.0090 | H_fire 0.059 H_ang 4.92 H_ship 2.18 | V_loss 0.0197 | LR 0.000020 | early_stop=0 | fire[0]=0.10 fire[rest_max]=0.18 srcs_multi=0.77 ship0=0.00 meanshipbin=7.1 avgfleet=24.0 p90fleet=41.0
iter  1227 | steps  40,206,336 | SPS     902 | r_p0 -0.079 r_p1 +0.574 | clip_frac 0.064 | KL 0.0064 | H_fire 0.060 H_ang 4.92 H_ship 2.17 | V_loss 0.0226 | LR 0.000020 | early_stop=0 | fire[0]=0.11 fire[rest_max]=0.19 srcs_multi=0.84 ship0=0.00 meanshipbin=7.1 avgfleet=23.9 p90fleet=41.0
iter  1228 | steps  40,239,104 | SPS     902 | r_p0 -0.206 r_p1 +0.696 | clip_frac 0.065 | KL 0.0069 | H_fire 0.060 H_ang 4.92 H_ship 2.17 | V_loss 0.0209 | LR 0.000020 | early_stop=0 | fire[0]=0.12 fire[rest_max]=0.20 srcs_multi=0.87 ship0=0.00 meanshipbin=7.1 avgfleet=23.7 p90fleet=41.0
iter  1229 | steps  40,271,872 | SPS     902 | r_p0 -0.376 r_p1 +0.872 | clip_frac 0.064 | KL 0.0048 | H_fire 0.046 H_ang 4.93 H_ship 2.18 | V_loss 0.0207 | LR 0.000020 | early_stop=0 | fire[0]=0.09 fire[rest_max]=0.18 srcs_multi=0.71 ship0=0.00 meanshipbin=7.0 avgfleet=24.3 p90fleet=41.0
iter  1230 | steps  40,304,640 | SPS     902 | r_p0 -0.002 r_p1 +0.499 | clip_frac 0.064 | KL 0.0081 | H_fire 0.054 H_ang 4.92 H_ship 2.17 | V_loss 0.0201 | LR 0.000019 | early_stop=0 | fire[0]=0.10 fire[rest_max]=0.19 srcs_multi=0.79 ship0=0.00 meanshipbin=7.1 avgfleet=24.2 p90fleet=42.0
iter  1231 | steps  40,337,408 | SPS     902 | r_p0 +0.010 r_p1 +0.486 | clip_frac 0.064 | KL 0.0056 | H_fire 0.055 H_ang 4.92 H_ship 2.18 | V_loss 0.0219 | LR 0.000019 | early_stop=0 | fire[0]=0.10 fire[rest_max]=0.18 srcs_multi=0.76 ship0=0.00 meanshipbin=7.1 avgfleet=24.3 p90fleet=41.0
iter  1232 | steps  40,370,176 | SPS     902 | r_p0 -0.064 r_p1 +0.562 | clip_frac 0.064 | KL 0.0056 | H_fire 0.054 H_ang 4.93 H_ship 2.18 | V_loss 0.0196 | LR 0.000019 | early_stop=0 | fire[0]=0.10 fire[rest_max]=0.18 srcs_multi=0.73 ship0=0.00 meanshipbin=7.0 avgfleet=23.7 p90fleet=40.0
iter  1233 | steps  40,402,944 | SPS     902 | r_p0 +0.047 r_p1 +0.447 | clip_frac 0.064 | KL 0.0062 | H_fire 0.053 H_ang 4.92 H_ship 2.18 | V_loss 0.0214 | LR 0.000019 | early_stop=0 | fire[0]=0.10 fire[rest_max]=0.17 srcs_multi=0.67 ship0=0.00 meanshipbin=7.2 avgfleet=25.3 p90fleet=43.0
iter  1234 | steps  40,435,712 | SPS     903 | r_p0 +0.096 r_p1 +0.397 | clip_frac 0.064 | KL 0.0058 | H_fire 0.053 H_ang 4.92 H_ship 2.18 | V_loss 0.0211 | LR 0.000019 | early_stop=0 | fire[0]=0.10 fire[rest_max]=0.19 srcs_multi=0.75 ship0=0.00 meanshipbin=7.1 avgfleet=24.6 p90fleet=42.0
iter  1235 | steps  40,468,480 | SPS     903 | r_p0 +0.172 r_p1 +0.321 | clip_frac 0.064 | KL 0.0050 | H_fire 0.053 H_ang 4.93 H_ship 2.18 | V_loss 0.0229 | LR 0.000019 | early_stop=0 | fire[0]=0.10 fire[rest_max]=0.18 srcs_multi=0.70 ship0=0.00 meanshipbin=7.2 avgfleet=24.0 p90fleet=41.0
iter  1236 | steps  40,501,248 | SPS     903 | r_p0 +0.161 r_p1 +0.334 | clip_frac 0.064 | KL 0.0065 | H_fire 0.054 H_ang 4.92 H_ship 2.18 | V_loss 0.0206 | LR 0.000019 | early_stop=0 | fire[0]=0.10 fire[rest_max]=0.19 srcs_multi=0.76 ship0=0.00 meanshipbin=7.1 avgfleet=24.1 p90fleet=41.0
iter  1237 | steps  40,534,016 | SPS     903 | r_p0 +0.110 r_p1 +0.380 | clip_frac 0.064 | KL 0.0074 | H_fire 0.053 H_ang 4.93 H_ship 2.18 | V_loss 0.0224 | LR 0.000019 | early_stop=0 | fire[0]=0.09 fire[rest_max]=0.16 srcs_multi=0.68 ship0=0.00 meanshipbin=7.2 avgfleet=25.3 p90fleet=43.0
iter  1238 | steps  40,566,784 | SPS     903 | r_p0 +0.072 r_p1 +0.419 | clip_frac 0.063 | KL 0.0042 | H_fire 0.054 H_ang 4.92 H_ship 2.18 | V_loss 0.0205 | LR 0.000019 | early_stop=0 | fire[0]=0.10 fire[rest_max]=0.18 srcs_multi=0.69 ship0=0.00 meanshipbin=7.2 avgfleet=24.6 p90fleet=42.0
iter  1239 | steps  40,599,552 | SPS     903 | r_p0 -0.052 r_p1 +0.543 | clip_frac 0.063 | KL 0.0055 | H_fire 0.055 H_ang 4.92 H_ship 2.18 | V_loss 0.0209 | LR 0.000019 | early_stop=0 | fire[0]=0.10 fire[rest_max]=0.19 srcs_multi=0.77 ship0=0.00 meanshipbin=7.1 avgfleet=24.2 p90fleet=41.0
iter  1240 | steps  40,632,320 | SPS     903 | r_p0 +0.146 r_p1 +0.348 | clip_frac 0.063 | KL 0.0052 | H_fire 0.057 H_ang 4.92 H_ship 2.17 | V_loss 0.0202 | LR 0.000019 | early_stop=0 | fire[0]=0.10 fire[rest_max]=0.19 srcs_multi=0.82 ship0=0.00 meanshipbin=7.1 avgfleet=24.1 p90fleet=41.0
  pool snapshot @ step 40,632,320
  pool size=22  alpha=2.0
    self                 self_step_36569088             wr=0.42 (n=323)  pfsp_w=0.335
    self                 self_step_37584896             wr=0.48 (n=413)  pfsp_w=0.274
    external_heuristic   candidate_zach_public          wr=0.49 (n=7518)  pfsp_w=0.261
    self                 self_step_30474240             wr=0.50 (n=1976)  pfsp_w=0.251
    self                 self_step_40632320             wr=0.50 (n=0)  pfsp_w=0.250
    self                 self_step_22347776             wr=0.52 (n=2428)  pfsp_w=0.229
    self                 self_step_28442624             wr=0.52 (n=1506)  pfsp_w=0.227
    self                 self_step_31490048             wr=0.53 (n=984)  pfsp_w=0.224
iter  1241 | steps  40,665,088 | SPS     903 | r_p0 +0.235 r_p1 +0.260 | clip_frac 0.063 | KL 0.0046 | H_fire 0.055 H_ang 4.92 H_ship 2.18 | V_loss 0.0199 | LR 0.000019 | early_stop=0 | fire[0]=0.09 fire[rest_max]=0.18 srcs_multi=0.73 ship0=0.00 meanshipbin=7.3 avgfleet=25.6 p90fleet=44.0
iter  1242 | steps  40,697,856 | SPS     903 | r_p0 +0.060 r_p1 +0.436 | clip_frac 0.063 | KL 0.0064 | H_fire 0.056 H_ang 4.92 H_ship 2.17 | V_loss 0.0205 | LR 0.000019 | early_stop=0 | fire[0]=0.10 fire[rest_max]=0.18 srcs_multi=0.76 ship0=0.00 meanshipbin=7.3 avgfleet=25.4 p90fleet=44.0
iter  1243 | steps  40,730,624 | SPS     903 | r_p0 -0.016 r_p1 +0.508 | clip_frac 0.063 | KL 0.0062 | H_fire 0.051 H_ang 4.93 H_ship 2.18 | V_loss 0.0213 | LR 0.000019 | early_stop=0 | fire[0]=0.09 fire[rest_max]=0.17 srcs_multi=0.66 ship0=0.00 meanshipbin=7.3 avgfleet=25.3 p90fleet=43.0
iter  1244 | steps  40,763,392 | SPS     904 | r_p0 +0.160 r_p1 +0.334 | clip_frac 0.063 | KL 0.0050 | H_fire 0.051 H_ang 4.92 H_ship 2.18 | V_loss 0.0209 | LR 0.000019 | early_stop=0 | fire[0]=0.10 fire[rest_max]=0.16 srcs_multi=0.70 ship0=0.00 meanshipbin=7.3 avgfleet=25.2 p90fleet=42.0
iter  1245 | steps  40,796,160 | SPS     904 | r_p0 +0.295 r_p1 +0.196 | clip_frac 0.062 | KL 0.0048 | H_fire 0.052 H_ang 4.92 H_ship 2.18 | V_loss 0.0209 | LR 0.000019 | early_stop=0 | fire[0]=0.09 fire[rest_max]=0.17 srcs_multi=0.70 ship0=0.00 meanshipbin=7.3 avgfleet=25.7 p90fleet=44.0
iter  1246 | steps  40,828,928 | SPS     904 | r_p0 +0.087 r_p1 +0.408 | clip_frac 0.062 | KL 0.0053 | H_fire 0.047 H_ang 4.93 H_ship 2.17 | V_loss 0.0215 | LR 0.000019 | early_stop=0 | fire[0]=0.10 fire[rest_max]=0.17 srcs_multi=0.69 ship0=0.00 meanshipbin=7.3 avgfleet=25.0 p90fleet=42.0
iter  1247 | steps  40,861,696 | SPS     904 | r_p0 -0.042 r_p1 +0.533 | clip_frac 0.062 | KL 0.0062 | H_fire 0.050 H_ang 4.92 H_ship 2.17 | V_loss 0.0208 | LR 0.000019 | early_stop=0 | fire[0]=0.09 fire[rest_max]=0.17 srcs_multi=0.72 ship0=0.00 meanshipbin=7.3 avgfleet=26.3 p90fleet=45.0
iter  1248 | steps  40,894,464 | SPS     904 | r_p0 +0.022 r_p1 +0.473 | clip_frac 0.062 | KL 0.0074 | H_fire 0.051 H_ang 4.92 H_ship 2.17 | V_loss 0.0212 | LR 0.000019 | early_stop=0 | fire[0]=0.09 fire[rest_max]=0.17 srcs_multi=0.73 ship0=0.00 meanshipbin=7.3 avgfleet=25.6 p90fleet=43.0
iter  1249 | steps  40,927,232 | SPS     904 | r_p0 -0.064 r_p1 +0.558 | clip_frac 0.062 | KL 0.0037 | H_fire 0.049 H_ang 4.93 H_ship 2.18 | V_loss 0.0195 | LR 0.000019 | early_stop=0 | fire[0]=0.09 fire[rest_max]=0.17 srcs_multi=0.68 ship0=0.00 meanshipbin=7.3 avgfleet=24.8 p90fleet=42.0
iter  1250 | steps  40,960,000 | SPS     904 | r_p0 -0.127 r_p1 +0.621 | clip_frac 0.061 | KL 0.0056 | H_fire 0.053 H_ang 4.92 H_ship 2.17 | V_loss 0.0211 | LR 0.000019 | early_stop=0 | fire[0]=0.10 fire[rest_max]=0.17 srcs_multi=0.76 ship0=0.00 meanshipbin=7.3 avgfleet=24.5 p90fleet=42.0
iter  1251 | steps  40,992,768 | SPS     904 | r_p0 -0.153 r_p1 +0.647 | clip_frac 0.062 | KL 0.0087 | H_fire 0.051 H_ang 4.92 H_ship 2.17 | V_loss 0.0219 | LR 0.000019 | early_stop=0 | fire[0]=0.10 fire[rest_max]=0.18 srcs_multi=0.76 ship0=0.00 meanshipbin=7.3 avgfleet=24.8 p90fleet=42.0
iter  1252 | steps  41,025,536 | SPS     904 | r_p0 -0.093 r_p1 +0.584 | clip_frac 0.061 | KL 0.0070 | H_fire 0.044 H_ang 4.93 H_ship 2.18 | V_loss 0.0224 | LR 0.000019 | early_stop=0 | fire[0]=0.09 fire[rest_max]=0.16 srcs_multi=0.65 ship0=0.00 meanshipbin=7.3 avgfleet=26.1 p90fleet=44.0
iter  1253 | steps  41,058,304 | SPS     904 | r_p0 +0.084 r_p1 +0.411 | clip_frac 0.061 | KL 0.0053 | H_fire 0.046 H_ang 4.92 H_ship 2.18 | V_loss 0.0217 | LR 0.000019 | early_stop=0 | fire[0]=0.09 fire[rest_max]=0.18 srcs_multi=0.69 ship0=0.00 meanshipbin=7.2 avgfleet=25.4 p90fleet=42.0
iter  1254 | steps  41,091,072 | SPS     904 | r_p0 +0.122 r_p1 +0.368 | clip_frac 0.061 | KL 0.0077 | H_fire 0.049 H_ang 4.92 H_ship 2.17 | V_loss 0.0219 | LR 0.000019 | early_stop=0 | fire[0]=0.09 fire[rest_max]=0.17 srcs_multi=0.71 ship0=0.00 meanshipbin=7.3 avgfleet=25.6 p90fleet=44.0
iter  1255 | steps  41,123,840 | SPS     905 | r_p0 +0.049 r_p1 +0.445 | clip_frac 0.061 | KL 0.0080 | H_fire 0.051 H_ang 4.92 H_ship 2.17 | V_loss 0.0208 | LR 0.000019 | early_stop=0 | fire[0]=0.10 fire[rest_max]=0.18 srcs_multi=0.78 ship0=0.00 meanshipbin=7.3 avgfleet=25.4 p90fleet=43.0
iter  1256 | steps  41,156,608 | SPS     905 | r_p0 -0.025 r_p1 +0.523 | clip_frac 0.061 | KL 0.0052 | H_fire 0.054 H_ang 4.92 H_ship 2.17 | V_loss 0.0199 | LR 0.000019 | early_stop=0 | fire[0]=0.10 fire[rest_max]=0.17 srcs_multi=0.76 ship0=0.00 meanshipbin=7.3 avgfleet=25.2 p90fleet=43.0
iter  1257 | steps  41,189,376 | SPS     905 | r_p0 -0.163 r_p1 +0.659 | clip_frac 0.061 | KL 0.0060 | H_fire 0.054 H_ang 4.92 H_ship 2.17 | V_loss 0.0200 | LR 0.000019 | early_stop=0 | fire[0]=0.10 fire[rest_max]=0.18 srcs_multi=0.77 ship0=0.00 meanshipbin=7.2 avgfleet=24.8 p90fleet=42.0
iter  1258 | steps  41,222,144 | SPS     905 | r_p0 -0.141 r_p1 +0.633 | clip_frac 0.061 | KL 0.0070 | H_fire 0.048 H_ang 4.92 H_ship 2.18 | V_loss 0.0210 | LR 0.000019 | early_stop=0 | fire[0]=0.09 fire[rest_max]=0.17 srcs_multi=0.69 ship0=0.00 meanshipbin=7.2 avgfleet=25.3 p90fleet=42.0
iter  1259 | steps  41,254,912 | SPS     905 | r_p0 +0.048 r_p1 +0.446 | clip_frac 0.061 | KL 0.0048 | H_fire 0.053 H_ang 4.92 H_ship 2.18 | V_loss 0.0218 | LR 0.000019 | early_stop=0 | fire[0]=0.09 fire[rest_max]=0.17 srcs_multi=0.72 ship0=0.00 meanshipbin=7.3 avgfleet=25.7 p90fleet=44.0
iter  1260 | steps  41,287,680 | SPS     905 | r_p0 +0.071 r_p1 +0.418 | clip_frac 0.061 | KL 0.0079 | H_fire 0.050 H_ang 4.92 H_ship 2.17 | V_loss 0.0212 | LR 0.000019 | early_stop=0 | fire[0]=0.10 fire[rest_max]=0.17 srcs_multi=0.76 ship0=0.00 meanshipbin=7.3 avgfleet=25.3 p90fleet=43.0
iter  1261 | steps  41,320,448 | SPS     905 | r_p0 -0.089 r_p1 +0.584 | clip_frac 0.061 | KL 0.0055 | H_fire 0.052 H_ang 4.92 H_ship 2.17 | V_loss 0.0192 | LR 0.000019 | early_stop=0 | fire[0]=0.10 fire[rest_max]=0.17 srcs_multi=0.78 ship0=0.00 meanshipbin=7.3 avgfleet=25.2 p90fleet=43.0
iter  1262 | steps  41,353,216 | SPS     905 | r_p0 -0.216 r_p1 +0.707 | clip_frac 0.061 | KL 0.0066 | H_fire 0.046 H_ang 4.93 H_ship 2.18 | V_loss 0.0221 | LR 0.000019 | early_stop=0 | fire[0]=0.09 fire[rest_max]=0.15 srcs_multi=0.64 ship0=0.00 meanshipbin=7.3 avgfleet=26.3 p90fleet=44.0
iter  1263 | steps  41,385,984 | SPS     905 | r_p0 -0.065 r_p1 +0.557 | clip_frac 0.061 | KL 0.0057 | H_fire 0.050 H_ang 4.92 H_ship 2.17 | V_loss 0.0194 | LR 0.000019 | early_stop=0 | fire[0]=0.09 fire[rest_max]=0.16 srcs_multi=0.72 ship0=0.00 meanshipbin=7.3 avgfleet=25.5 p90fleet=44.0
iter  1264 | steps  41,418,752 | SPS     905 | r_p0 +0.108 r_p1 +0.385 | clip_frac 0.060 | KL 0.0049 | H_fire 0.052 H_ang 4.92 H_ship 2.17 | V_loss 0.0195 | LR 0.000019 | early_stop=0 | fire[0]=0.09 fire[rest_max]=0.17 srcs_multi=0.69 ship0=0.00 meanshipbin=7.4 avgfleet=26.1 p90fleet=45.0
iter  1265 | steps  41,451,520 | SPS     905 | r_p0 +0.133 r_p1 +0.359 | clip_frac 0.060 | KL 0.0043 | H_fire 0.049 H_ang 4.92 H_ship 2.17 | V_loss 0.0194 | LR 0.000019 | early_stop=0 | fire[0]=0.09 fire[rest_max]=0.16 srcs_multi=0.69 ship0=0.00 meanshipbin=7.4 avgfleet=26.8 p90fleet=45.0
iter  1266 | steps  41,484,288 | SPS     906 | r_p0 -0.054 r_p1 +0.546 | clip_frac 0.060 | KL 0.0046 | H_fire 0.049 H_ang 4.92 H_ship 2.17 | V_loss 0.0203 | LR 0.000019 | early_stop=0 | fire[0]=0.10 fire[rest_max]=0.16 srcs_multi=0.72 ship0=0.00 meanshipbin=7.4 avgfleet=26.5 p90fleet=45.0
iter  1267 | steps  41,517,056 | SPS     906 | r_p0 -0.068 r_p1 +0.559 | clip_frac 0.060 | KL 0.0057 | H_fire 0.052 H_ang 4.92 H_ship 2.17 | V_loss 0.0232 | LR 0.000019 | early_stop=0 | fire[0]=0.10 fire[rest_max]=0.17 srcs_multi=0.74 ship0=0.00 meanshipbin=7.4 avgfleet=26.0 p90fleet=44.0
iter  1268 | steps  41,549,824 | SPS     906 | r_p0 -0.068 r_p1 +0.558 | clip_frac 0.060 | KL 0.0059 | H_fire 0.053 H_ang 4.92 H_ship 2.17 | V_loss 0.0230 | LR 0.000019 | early_stop=0 | fire[0]=0.10 fire[rest_max]=0.16 srcs_multi=0.75 ship0=0.00 meanshipbin=7.3 avgfleet=26.4 p90fleet=45.0
iter  1269 | steps  41,582,592 | SPS     906 | r_p0 +0.035 r_p1 +0.459 | clip_frac 0.061 | KL 0.0087 | H_fire 0.052 H_ang 4.92 H_ship 2.17 | V_loss 0.0199 | LR 0.000019 | early_stop=0 | fire[0]=0.10 fire[rest_max]=0.17 srcs_multi=0.76 ship0=0.00 meanshipbin=7.3 avgfleet=26.0 p90fleet=44.0
iter  1270 | steps  41,615,360 | SPS     906 | r_p0 -0.154 r_p1 +0.647 | clip_frac 0.060 | KL 0.0048 | H_fire 0.046 H_ang 4.93 H_ship 2.18 | V_loss 0.0203 | LR 0.000019 | early_stop=0 | fire[0]=0.09 fire[rest_max]=0.16 srcs_multi=0.64 ship0=0.00 meanshipbin=7.3 avgfleet=26.2 p90fleet=44.0
iter  1271 | steps  41,648,128 | SPS     906 | r_p0 -0.103 r_p1 +0.597 | clip_frac 0.060 | KL 0.0043 | H_fire 0.050 H_ang 4.92 H_ship 2.17 | V_loss 0.0213 | LR 0.000019 | early_stop=0 | fire[0]=0.09 fire[rest_max]=0.16 srcs_multi=0.72 ship0=0.00 meanshipbin=7.4 avgfleet=25.6 p90fleet=43.0
  pool snapshot @ step 41,648,128
  pool size=22  alpha=2.0
    external_heuristic   candidate_zach_public          wr=0.49 (n=7518)  pfsp_w=0.261
    self                 self_step_37584896             wr=0.49 (n=748)  pfsp_w=0.255
    self                 self_step_30474240             wr=0.50 (n=2060)  pfsp_w=0.252
    self                 self_step_40632320             wr=0.50 (n=176)  pfsp_w=0.250
    self                 self_step_41648128             wr=0.50 (n=0)  pfsp_w=0.250
    self                 self_step_36569088             wr=0.51 (n=659)  pfsp_w=0.242
    self                 self_step_22347776             wr=0.51 (n=2513)  pfsp_w=0.236
    self                 self_step_28442624             wr=0.53 (n=1655)  pfsp_w=0.223
iter  1272 | steps  41,680,896 | SPS     906 | r_p0 -0.015 r_p1 +0.508 | clip_frac 0.060 | KL 0.0050 | H_fire 0.043 H_ang 4.92 H_ship 2.17 | V_loss 0.0244 | LR 0.000019 | early_stop=0 | fire[0]=0.09 fire[rest_max]=0.15 srcs_multi=0.65 ship0=0.00 meanshipbin=7.4 avgfleet=26.3 p90fleet=44.0
iter  1273 | steps  41,713,664 | SPS     906 | r_p0 +0.097 r_p1 +0.396 | clip_frac 0.060 | KL 0.0057 | H_fire 0.049 H_ang 4.92 H_ship 2.16 | V_loss 0.0252 | LR 0.000019 | early_stop=0 | fire[0]=0.10 fire[rest_max]=0.17 srcs_multi=0.76 ship0=0.00 meanshipbin=7.4 avgfleet=26.8 p90fleet=45.0
iter  1274 | steps  41,746,432 | SPS     906 | r_p0 +0.023 r_p1 +0.470 | clip_frac 0.060 | KL 0.0072 | H_fire 0.046 H_ang 4.93 H_ship 2.17 | V_loss 0.0265 | LR 0.000019 | early_stop=0 | fire[0]=0.10 fire[rest_max]=0.18 srcs_multi=0.71 ship0=0.00 meanshipbin=7.3 avgfleet=26.5 p90fleet=45.0
iter  1275 | steps  41,779,200 | SPS     906 | r_p0 +0.062 r_p1 +0.434 | clip_frac 0.060 | KL 0.0052 | H_fire 0.044 H_ang 4.92 H_ship 2.17 | V_loss 0.0233 | LR 0.000019 | early_stop=0 | fire[0]=0.10 fire[rest_max]=0.17 srcs_multi=0.75 ship0=0.00 meanshipbin=7.2 avgfleet=25.0 p90fleet=42.0
iter  1276 | steps  41,811,968 | SPS     906 | r_p0 +0.500 r_p1 -0.003 | clip_frac 0.060 | KL 0.0045 | H_fire 0.040 H_ang 4.93 H_ship 2.18 | V_loss 0.0221 | LR 0.000019 | early_stop=0 | fire[0]=0.09 fire[rest_max]=0.16 srcs_multi=0.63 ship0=0.00 meanshipbin=7.3 avgfleet=26.8 p90fleet=46.0
iter  1277 | steps  41,844,736 | SPS     906 | r_p0 +0.386 r_p1 +0.108 | clip_frac 0.060 | KL 0.0069 | H_fire 0.045 H_ang 4.92 H_ship 2.17 | V_loss 0.0228 | LR 0.000019 | early_stop=0 | fire[0]=0.09 fire[rest_max]=0.17 srcs_multi=0.75 ship0=0.00 meanshipbin=7.1 avgfleet=25.6 p90fleet=43.0
iter  1278 | steps  41,877,504 | SPS     906 | r_p0 +0.311 r_p1 +0.182 | clip_frac 0.059 | KL 0.0045 | H_fire 0.042 H_ang 4.93 H_ship 2.18 | V_loss 0.0221 | LR 0.000019 | early_stop=0 | fire[0]=0.09 fire[rest_max]=0.16 srcs_multi=0.66 ship0=0.00 meanshipbin=7.4 avgfleet=27.2 p90fleet=46.0
iter  1279 | steps  41,910,272 | SPS     906 | r_p0 +0.235 r_p1 +0.260 | clip_frac 0.059 | KL 0.0064 | H_fire 0.046 H_ang 4.92 H_ship 2.17 | V_loss 0.0202 | LR 0.000019 | early_stop=0 | fire[0]=0.09 fire[rest_max]=0.16 srcs_multi=0.70 ship0=0.00 meanshipbin=7.4 avgfleet=26.6 p90fleet=45.0
iter  1280 | steps  41,943,040 | SPS     905 | r_p0 -0.051 r_p1 +0.549 | clip_frac 0.059 | KL 0.0058 | H_fire 0.050 H_ang 4.92 H_ship 2.17 | V_loss 0.0216 | LR 0.000019 | early_stop=0 | fire[0]=0.10 fire[rest_max]=0.17 srcs_multi=0.77 ship0=0.00 meanshipbin=7.2 avgfleet=28.5 p90fleet=49.0
iter  1281 | steps  41,975,808 | SPS     906 | r_p0 -0.116 r_p1 +0.611 | clip_frac 0.059 | KL 0.0045 | H_fire 0.055 H_ang 4.92 H_ship 2.17 | V_loss 0.0189 | LR 0.000019 | early_stop=0 | fire[0]=0.09 fire[rest_max]=0.17 srcs_multi=0.78 ship0=0.00 meanshipbin=7.2 avgfleet=27.3 p90fleet=46.0
iter  1282 | steps  42,008,576 | SPS     906 | r_p0 +0.117 r_p1 +0.373 | clip_frac 0.059 | KL 0.0051 | H_fire 0.044 H_ang 4.92 H_ship 2.18 | V_loss 0.0186 | LR 0.000019 | early_stop=0 | fire[0]=0.09 fire[rest_max]=0.15 srcs_multi=0.64 ship0=0.00 meanshipbin=7.3 avgfleet=26.5 p90fleet=45.0
iter  1283 | steps  42,041,344 | SPS     906 | r_p0 +0.045 r_p1 +0.449 | clip_frac 0.059 | KL 0.0050 | H_fire 0.048 H_ang 4.92 H_ship 2.17 | V_loss 0.0225 | LR 0.000019 | early_stop=0 | fire[0]=0.09 fire[rest_max]=0.17 srcs_multi=0.73 ship0=0.00 meanshipbin=7.5 avgfleet=27.9 p90fleet=46.0
iter  1284 | steps  42,074,112 | SPS     906 | r_p0 -0.067 r_p1 +0.561 | clip_frac 0.059 | KL 0.0041 | H_fire 0.045 H_ang 4.93 H_ship 2.18 | V_loss 0.0201 | LR 0.000019 | early_stop=0 | fire[0]=0.09 fire[rest_max]=0.16 srcs_multi=0.63 ship0=0.00 meanshipbin=7.2 avgfleet=27.3 p90fleet=46.0
iter  1285 | steps  42,106,880 | SPS     906 | r_p0 -0.016 r_p1 +0.509 | clip_frac 0.059 | KL 0.0052 | H_fire 0.043 H_ang 4.92 H_ship 2.18 | V_loss 0.0221 | LR 0.000019 | early_stop=0 | fire[0]=0.09 fire[rest_max]=0.16 srcs_multi=0.68 ship0=0.00 meanshipbin=7.2 avgfleet=25.9 p90fleet=43.0
iter  1286 | steps  42,139,648 | SPS     906 | r_p0 +0.286 r_p1 +0.206 | clip_frac 0.058 | KL 0.0066 | H_fire 0.047 H_ang 4.92 H_ship 2.17 | V_loss 0.0212 | LR 0.000019 | early_stop=0 | fire[0]=0.10 fire[rest_max]=0.17 srcs_multi=0.78 ship0=0.00 meanshipbin=7.1 avgfleet=25.1 p90fleet=42.0
iter  1287 | steps  42,172,416 | SPS     906 | r_p0 +0.406 r_p1 +0.081 | clip_frac 0.058 | KL 0.0061 | H_fire 0.048 H_ang 4.92 H_ship 2.17 | V_loss 0.0212 | LR 0.000019 | early_stop=0 | fire[0]=0.10 fire[rest_max]=0.18 srcs_multi=0.80 ship0=0.00 meanshipbin=7.1 avgfleet=24.6 p90fleet=42.0
iter  1288 | steps  42,205,184 | SPS     906 | r_p0 +0.282 r_p1 +0.209 | clip_frac 0.059 | KL 0.0087 | H_fire 0.050 H_ang 4.92 H_ship 2.17 | V_loss 0.0206 | LR 0.000019 | early_stop=0 | fire[0]=0.10 fire[rest_max]=0.18 srcs_multi=0.83 ship0=0.00 meanshipbin=7.1 avgfleet=24.1 p90fleet=41.0
  saved checkpoints/torch_step_42205184_20260525_184201.pt
  saved checkpoints/pool_step_42205184_20260525_184201.pt (22 members)
iter  1289 | steps  42,237,952 | SPS     906 | r_p0 +0.410 r_p1 +0.083 | clip_frac 0.059 | KL 0.0039 | H_fire 0.042 H_ang 4.93 H_ship 2.18 | V_loss 0.0204 | LR 0.000019 | early_stop=0 | fire[0]=0.09 fire[rest_max]=0.16 srcs_multi=0.67 ship0=0.00 meanshipbin=7.2 avgfleet=26.6 p90fleet=46.0
iter  1290 | steps  42,270,720 | SPS     906 | r_p0 +0.470 r_p1 +0.022 | clip_frac 0.059 | KL 0.0062 | H_fire 0.043 H_ang 4.92 H_ship 2.17 | V_loss 0.0228 | LR 0.000019 | early_stop=0 | fire[0]=0.09 fire[rest_max]=0.17 srcs_multi=0.73 ship0=0.00 meanshipbin=7.3 avgfleet=27.4 p90fleet=46.0
iter  1291 | steps  42,303,488 | SPS     906 | r_p0 +0.172 r_p1 +0.322 | clip_frac 0.059 | KL 0.0050 | H_fire 0.047 H_ang 4.93 H_ship 2.18 | V_loss 0.0195 | LR 0.000019 | early_stop=0 | fire[0]=0.09 fire[rest_max]=0.16 srcs_multi=0.74 ship0=0.00 meanshipbin=7.3 avgfleet=25.8 p90fleet=43.0
iter  1292 | steps  42,336,256 | SPS     906 | r_p0 -0.103 r_p1 +0.597 | clip_frac 0.058 | KL 0.0045 | H_fire 0.046 H_ang 4.93 H_ship 2.18 | V_loss 0.0198 | LR 0.000019 | early_stop=0 | fire[0]=0.09 fire[rest_max]=0.17 srcs_multi=0.73 ship0=0.00 meanshipbin=7.3 avgfleet=25.7 p90fleet=44.0
iter  1293 | steps  42,369,024 | SPS     905 | r_p0 +0.023 r_p1 +0.473 | clip_frac 0.058 | KL 0.0051 | H_fire 0.052 H_ang 4.92 H_ship 2.17 | V_loss 0.0207 | LR 0.000019 | early_stop=0 | fire[0]=0.10 fire[rest_max]=0.17 srcs_multi=0.78 ship0=0.00 meanshipbin=7.2 avgfleet=27.1 p90fleet=47.0
iter  1294 | steps  42,401,792 | SPS     904 | r_p0 +0.070 r_p1 +0.422 | clip_frac 0.059 | KL 0.0076 | H_fire 0.049 H_ang 4.92 H_ship 2.19 | V_loss 0.0169 | LR 0.000019 | early_stop=0 | fire[0]=0.09 fire[rest_max]=0.15 srcs_multi=0.68 ship0=0.00 meanshipbin=7.0 avgfleet=28.2 p90fleet=48.0
iter  1295 | steps  42,434,560 | SPS     904 | r_p0 +0.154 r_p1 +0.335 | clip_frac 0.059 | KL 0.0045 | H_fire 0.055 H_ang 4.92 H_ship 2.18 | V_loss 0.0190 | LR 0.000019 | early_stop=0 | fire[0]=0.09 fire[rest_max]=0.15 srcs_multi=0.68 ship0=0.00 meanshipbin=7.2 avgfleet=28.3 p90fleet=48.0
iter  1296 | steps  42,467,328 | SPS     905 | r_p0 -0.028 r_p1 +0.519 | clip_frac 0.059 | KL 0.0081 | H_fire 0.043 H_ang 4.93 H_ship 2.19 | V_loss 0.0164 | LR 0.000019 | early_stop=0 | fire[0]=0.09 fire[rest_max]=0.15 srcs_multi=0.63 ship0=0.00 meanshipbin=7.1 avgfleet=26.9 p90fleet=45.0
iter  1297 | steps  42,500,096 | SPS     905 | r_p0 -0.092 r_p1 +0.583 | clip_frac 0.059 | KL 0.0060 | H_fire 0.045 H_ang 4.92 H_ship 2.18 | V_loss 0.0196 | LR 0.000018 | early_stop=0 | fire[0]=0.09 fire[rest_max]=0.16 srcs_multi=0.67 ship0=0.00 meanshipbin=7.0 avgfleet=25.5 p90fleet=43.0
iter  1298 | steps  42,532,864 | SPS     905 | r_p0 +0.070 r_p1 +0.421 | clip_frac 0.059 | KL 0.0068 | H_fire 0.042 H_ang 4.92 H_ship 2.18 | V_loss 0.0196 | LR 0.000018 | early_stop=0 | fire[0]=0.09 fire[rest_max]=0.15 srcs_multi=0.68 ship0=0.00 meanshipbin=7.0 avgfleet=26.0 p90fleet=43.0
iter  1299 | steps  42,565,632 | SPS     904 | r_p0 +0.106 r_p1 +0.379 | clip_frac 0.059 | KL 0.0061 | H_fire 0.046 H_ang 4.92 H_ship 2.18 | V_loss 0.0217 | LR 0.000018 | early_stop=0 | fire[0]=0.10 fire[rest_max]=0.17 srcs_multi=0.76 ship0=0.00 meanshipbin=6.8 avgfleet=26.8 p90fleet=45.0
iter  1300 | steps  42,598,400 | SPS     904 | r_p0 +0.217 r_p1 +0.262 | clip_frac 0.059 | KL 0.0086 | H_fire 0.051 H_ang 4.92 H_ship 2.18 | V_loss 0.0166 | LR 0.000018 | early_stop=0 | fire[0]=0.10 fire[rest_max]=0.18 srcs_multi=0.84 ship0=0.00 meanshipbin=6.8 avgfleet=26.3 p90fleet=44.0
iter  1301 | steps  42,631,168 | SPS     904 | r_p0 +0.269 r_p1 +0.219 | clip_frac 0.059 | KL 0.0051 | H_fire 0.050 H_ang 4.92 H_ship 2.18 | V_loss 0.0187 | LR 0.000018 | early_stop=0 | fire[0]=0.10 fire[rest_max]=0.18 srcs_multi=0.79 ship0=0.00 meanshipbin=7.0 avgfleet=26.4 p90fleet=43.0
iter  1302 | steps  42,663,936 | SPS     904 | r_p0 +0.159 r_p1 +0.334 | clip_frac 0.059 | KL 0.0064 | H_fire 0.054 H_ang 4.92 H_ship 2.18 | V_loss 0.0182 | LR 0.000018 | early_stop=0 | fire[0]=0.10 fire[rest_max]=0.18 srcs_multi=0.80 ship0=0.00 meanshipbin=6.9 avgfleet=24.9 p90fleet=42.0
  pool snapshot @ step 42,663,936
  pool size=22  alpha=2.0
    self                 self_step_41648128             wr=0.32 (n=174)  pfsp_w=0.460
    self                 self_step_40632320             wr=0.42 (n=250)  pfsp_w=0.332
    self                 self_step_37584896             wr=0.48 (n=829)  pfsp_w=0.268
    external_heuristic   candidate_zach_public          wr=0.49 (n=7844)  pfsp_w=0.262
    self                 self_step_35553280             wr=0.50 (n=531)  pfsp_w=0.255
    self                 self_step_42663936             wr=0.50 (n=0)  pfsp_w=0.250
    self                 self_step_36569088             wr=0.50 (n=953)  pfsp_w=0.248
    self                 self_step_30474240             wr=0.50 (n=2120)  pfsp_w=0.248
iter  1303 | steps  42,696,704 | SPS     904 | r_p0 +0.324 r_p1 +0.173 | clip_frac 0.059 | KL 0.0059 | H_fire 0.044 H_ang 4.93 H_ship 2.19 | V_loss 0.0215 | LR 0.000018 | early_stop=0 | fire[0]=0.09 fire[rest_max]=0.15 srcs_multi=0.65 ship0=0.00 meanshipbin=7.1 avgfleet=26.8 p90fleet=46.0
iter  1304 | steps  42,729,472 | SPS     904 | r_p0 +0.397 r_p1 +0.097 | clip_frac 0.059 | KL 0.0053 | H_fire 0.054 H_ang 4.92 H_ship 2.18 | V_loss 0.0198 | LR 0.000018 | early_stop=0 | fire[0]=0.10 fire[rest_max]=0.17 srcs_multi=0.77 ship0=0.00 meanshipbin=6.9 avgfleet=24.6 p90fleet=42.0
iter  1305 | steps  42,762,240 | SPS     904 | r_p0 +0.183 r_p1 +0.309 | clip_frac 0.058 | KL 0.0043 | H_fire 0.053 H_ang 4.92 H_ship 2.18 | V_loss 0.0194 | LR 0.000018 | early_stop=0 | fire[0]=0.10 fire[rest_max]=0.18 srcs_multi=0.74 ship0=0.00 meanshipbin=7.0 avgfleet=24.3 p90fleet=42.0
iter  1306 | steps  42,795,008 | SPS     904 | r_p0 +0.057 r_p1 +0.435 | clip_frac 0.058 | KL 0.0059 | H_fire 0.044 H_ang 4.92 H_ship 2.18 | V_loss 0.0200 | LR 0.000018 | early_stop=0 | fire[0]=0.09 fire[rest_max]=0.16 srcs_multi=0.70 ship0=0.00 meanshipbin=7.1 avgfleet=25.9 p90fleet=43.4
iter  1307 | steps  42,827,776 | SPS     905 | r_p0 +0.180 r_p1 +0.310 | clip_frac 0.058 | KL 0.0052 | H_fire 0.046 H_ang 4.92 H_ship 2.18 | V_loss 0.0218 | LR 0.000018 | early_stop=0 | fire[0]=0.09 fire[rest_max]=0.16 srcs_multi=0.68 ship0=0.00 meanshipbin=7.2 avgfleet=25.9 p90fleet=44.0
iter  1308 | steps  42,860,544 | SPS     905 | r_p0 +0.120 r_p1 +0.371 | clip_frac 0.057 | KL 0.0043 | H_fire 0.042 H_ang 4.93 H_ship 2.18 | V_loss 0.0218 | LR 0.000018 | early_stop=0 | fire[0]=0.09 fire[rest_max]=0.15 srcs_multi=0.66 ship0=0.00 meanshipbin=7.1 avgfleet=25.2 p90fleet=42.0
iter  1309 | steps  42,893,312 | SPS     905 | r_p0 +0.072 r_p1 +0.418 | clip_frac 0.058 | KL 0.0053 | H_fire 0.043 H_ang 4.92 H_ship 2.18 | V_loss 0.0232 | LR 0.000018 | early_stop=0 | fire[0]=0.09 fire[rest_max]=0.16 srcs_multi=0.72 ship0=0.00 meanshipbin=7.1 avgfleet=24.9 p90fleet=42.0
iter  1310 | steps  42,926,080 | SPS     905 | r_p0 +0.185 r_p1 +0.309 | clip_frac 0.057 | KL 0.0051 | H_fire 0.046 H_ang 4.92 H_ship 2.18 | V_loss 0.0213 | LR 0.000018 | early_stop=0 | fire[0]=0.09 fire[rest_max]=0.17 srcs_multi=0.69 ship0=0.00 meanshipbin=7.2 avgfleet=25.8 p90fleet=44.0
iter  1311 | steps  42,958,848 | SPS     905 | r_p0 +0.159 r_p1 +0.336 | clip_frac 0.057 | KL 0.0059 | H_fire 0.043 H_ang 4.92 H_ship 2.18 | V_loss 0.0209 | LR 0.000018 | early_stop=0 | fire[0]=0.10 fire[rest_max]=0.17 srcs_multi=0.72 ship0=0.00 meanshipbin=7.1 avgfleet=25.3 p90fleet=42.0
iter  1312 | steps  42,991,616 | SPS     905 | r_p0 +0.094 r_p1 +0.398 | clip_frac 0.057 | KL 0.0054 | H_fire 0.045 H_ang 4.92 H_ship 2.17 | V_loss 0.0222 | LR 0.000018 | early_stop=0 | fire[0]=0.10 fire[rest_max]=0.16 srcs_multi=0.74 ship0=0.00 meanshipbin=7.3 avgfleet=25.7 p90fleet=44.0
iter  1313 | steps  43,024,384 | SPS     905 | r_p0 +0.086 r_p1 +0.410 | clip_frac 0.057 | KL 0.0045 | H_fire 0.048 H_ang 4.92 H_ship 2.17 | V_loss 0.0225 | LR 0.000018 | early_stop=0 | fire[0]=0.09 fire[rest_max]=0.17 srcs_multi=0.77 ship0=0.00 meanshipbin=7.0 avgfleet=25.1 p90fleet=42.0
iter  1314 | steps  43,057,152 | SPS     905 | r_p0 +0.261 r_p1 +0.235 | clip_frac 0.056 | KL 0.0035 | H_fire 0.047 H_ang 4.92 H_ship 2.18 | V_loss 0.0210 | LR 0.000018 | early_stop=0 | fire[0]=0.09 fire[rest_max]=0.16 srcs_multi=0.68 ship0=0.00 meanshipbin=7.2 avgfleet=26.4 p90fleet=46.0
iter  1315 | steps  43,089,920 | SPS     905 | r_p0 +0.160 r_p1 +0.335 | clip_frac 0.057 | KL 0.0044 | H_fire 0.053 H_ang 4.92 H_ship 2.18 | V_loss 0.0197 | LR 0.000018 | early_stop=0 | fire[0]=0.09 fire[rest_max]=0.17 srcs_multi=0.73 ship0=0.00 meanshipbin=7.0 avgfleet=24.7 p90fleet=42.0
iter  1316 | steps  43,122,688 | SPS     905 | r_p0 +0.319 r_p1 +0.175 | clip_frac 0.057 | KL 0.0056 | H_fire 0.050 H_ang 4.92 H_ship 2.18 | V_loss 0.0230 | LR 0.000018 | early_stop=0 | fire[0]=0.10 fire[rest_max]=0.17 srcs_multi=0.73 ship0=0.00 meanshipbin=7.0 avgfleet=25.6 p90fleet=43.0
iter  1317 | steps  43,155,456 | SPS     905 | r_p0 +0.309 r_p1 +0.185 | clip_frac 0.056 | KL 0.0046 | H_fire 0.053 H_ang 4.92 H_ship 2.18 | V_loss 0.0192 | LR 0.000018 | early_stop=0 | fire[0]=0.10 fire[rest_max]=0.17 srcs_multi=0.78 ship0=0.00 meanshipbin=6.9 avgfleet=24.3 p90fleet=41.0
iter  1318 | steps  43,188,224 | SPS     905 | r_p0 +0.344 r_p1 +0.146 | clip_frac 0.056 | KL 0.0056 | H_fire 0.056 H_ang 4.92 H_ship 2.18 | V_loss 0.0197 | LR 0.000018 | early_stop=0 | fire[0]=0.10 fire[rest_max]=0.17 srcs_multi=0.80 ship0=0.00 meanshipbin=6.9 avgfleet=23.9 p90fleet=40.0
iter  1319 | steps  43,220,992 | SPS     906 | r_p0 +0.358 r_p1 +0.134 | clip_frac 0.056 | KL 0.0066 | H_fire 0.041 H_ang 4.93 H_ship 2.18 | V_loss 0.0205 | LR 0.000018 | early_stop=0 | fire[0]=0.09 fire[rest_max]=0.15 srcs_multi=0.66 ship0=0.00 meanshipbin=7.1 avgfleet=26.8 p90fleet=45.0
iter  1320 | steps  43,253,760 | SPS     906 | r_p0 +0.235 r_p1 +0.259 | clip_frac 0.056 | KL 0.0048 | H_fire 0.043 H_ang 4.92 H_ship 2.18 | V_loss 0.0210 | LR 0.000018 | early_stop=0 | fire[0]=0.09 fire[rest_max]=0.16 srcs_multi=0.71 ship0=0.00 meanshipbin=7.0 avgfleet=26.0 p90fleet=44.0
iter  1321 | steps  43,286,528 | SPS     906 | r_p0 +0.171 r_p1 +0.323 | clip_frac 0.056 | KL 0.0072 | H_fire 0.045 H_ang 4.93 H_ship 2.18 | V_loss 0.0194 | LR 0.000018 | early_stop=0 | fire[0]=0.09 fire[rest_max]=0.16 srcs_multi=0.70 ship0=0.00 meanshipbin=6.9 avgfleet=25.2 p90fleet=42.0
iter  1322 | steps  43,319,296 | SPS     906 | r_p0 +0.160 r_p1 +0.334 | clip_frac 0.056 | KL 0.0045 | H_fire 0.044 H_ang 4.92 H_ship 2.18 | V_loss 0.0202 | LR 0.000018 | early_stop=0 | fire[0]=0.09 fire[rest_max]=0.16 srcs_multi=0.70 ship0=0.00 meanshipbin=6.9 avgfleet=25.3 p90fleet=42.0
iter  1323 | steps  43,352,064 | SPS     906 | r_p0 +0.354 r_p1 +0.133 | clip_frac 0.056 | KL 0.0041 | H_fire 0.046 H_ang 4.92 H_ship 2.17 | V_loss 0.0256 | LR 0.000018 | early_stop=0 | fire[0]=0.10 fire[rest_max]=0.19 srcs_multi=0.81 ship0=0.00 meanshipbin=6.9 avgfleet=24.8 p90fleet=41.0
iter  1324 | steps  43,384,832 | SPS     906 | r_p0 +0.348 r_p1 +0.147 | clip_frac 0.056 | KL 0.0061 | H_fire 0.045 H_ang 4.92 H_ship 2.17 | V_loss 0.0244 | LR 0.000018 | early_stop=0 | fire[0]=0.11 fire[rest_max]=0.18 srcs_multi=0.81 ship0=0.00 meanshipbin=6.9 avgfleet=24.7 p90fleet=41.0
iter  1325 | steps  43,417,600 | SPS     906 | r_p0 +0.410 r_p1 +0.084 | clip_frac 0.056 | KL 0.0091 | H_fire 0.046 H_ang 4.92 H_ship 2.17 | V_loss 0.0227 | LR 0.000018 | early_stop=0 | fire[0]=0.11 fire[rest_max]=0.19 srcs_multi=0.85 ship0=0.00 meanshipbin=6.9 avgfleet=24.1 p90fleet=40.0
iter  1326 | steps  43,450,368 | SPS     906 | r_p0 +0.411 r_p1 +0.084 | clip_frac 0.057 | KL 0.0056 | H_fire 0.041 H_ang 4.93 H_ship 2.18 | V_loss 0.0198 | LR 0.000018 | early_stop=0 | fire[0]=0.09 fire[rest_max]=0.18 srcs_multi=0.70 ship0=0.00 meanshipbin=7.1 avgfleet=27.1 p90fleet=45.0
iter  1327 | steps  43,483,136 | SPS     906 | r_p0 +0.399 r_p1 +0.098 | clip_frac 0.056 | KL 0.0042 | H_fire 0.040 H_ang 4.93 H_ship 2.18 | V_loss 0.0214 | LR 0.000018 | early_stop=0 | fire[0]=0.09 fire[rest_max]=0.17 srcs_multi=0.71 ship0=0.00 meanshipbin=7.0 avgfleet=25.7 p90fleet=43.0
iter  1328 | steps  43,515,904 | SPS     906 | r_p0 +0.148 r_p1 +0.347 | clip_frac 0.056 | KL 0.0062 | H_fire 0.043 H_ang 4.92 H_ship 2.18 | V_loss 0.0208 | LR 0.000018 | early_stop=0 | fire[0]=0.09 fire[rest_max]=0.17 srcs_multi=0.73 ship0=0.00 meanshipbin=7.0 avgfleet=25.2 p90fleet=42.0
iter  1329 | steps  43,548,672 | SPS     905 | r_p0 +0.097 r_p1 +0.397 | clip_frac 0.056 | KL 0.0055 | H_fire 0.051 H_ang 4.92 H_ship 2.18 | V_loss 0.0234 | LR 0.000018 | early_stop=0 | fire[0]=0.10 fire[rest_max]=0.19 srcs_multi=0.78 ship0=0.00 meanshipbin=6.9 avgfleet=25.4 p90fleet=43.0
iter  1330 | steps  43,581,440 | SPS     905 | r_p0 +0.312 r_p1 +0.183 | clip_frac 0.056 | KL 0.0044 | H_fire 0.048 H_ang 4.92 H_ship 2.19 | V_loss 0.0197 | LR 0.000018 | early_stop=0 | fire[0]=0.09 fire[rest_max]=0.14 srcs_multi=0.66 ship0=0.00 meanshipbin=7.1 avgfleet=27.9 p90fleet=48.0
iter  1331 | steps  43,614,208 | SPS     904 | r_p0 +0.259 r_p1 +0.235 | clip_frac 0.056 | KL 0.0056 | H_fire 0.052 H_ang 4.92 H_ship 2.18 | V_loss 0.0197 | LR 0.000018 | early_stop=0 | fire[0]=0.09 fire[rest_max]=0.17 srcs_multi=0.75 ship0=0.00 meanshipbin=6.9 avgfleet=27.4 p90fleet=47.0
iter  1332 | steps  43,646,976 | SPS     904 | r_p0 +0.334 r_p1 +0.161 | clip_frac 0.056 | KL 0.0059 | H_fire 0.056 H_ang 4.92 H_ship 2.18 | V_loss 0.0182 | LR 0.000018 | early_stop=0 | fire[0]=0.10 fire[rest_max]=0.17 srcs_multi=0.78 ship0=0.00 meanshipbin=7.0 avgfleet=27.3 p90fleet=45.0
iter  1333 | steps  43,679,744 | SPS     904 | r_p0 +0.311 r_p1 +0.184 | clip_frac 0.056 | KL 0.0099 | H_fire 0.048 H_ang 4.92 H_ship 2.18 | V_loss 0.0207 | LR 0.000018 | early_stop=0 | fire[0]=0.09 fire[rest_max]=0.14 srcs_multi=0.63 ship0=0.00 meanshipbin=7.2 avgfleet=26.6 p90fleet=46.0
  pool snapshot @ step 43,679,744
  pool size=22  alpha=2.0
    self                 self_step_41648128             wr=0.39 (n=411)  pfsp_w=0.373
    self                 self_step_42663936             wr=0.39 (n=255)  pfsp_w=0.369
    self                 self_step_40632320             wr=0.45 (n=314)  pfsp_w=0.307
    self                 self_step_37584896             wr=0.48 (n=917)  pfsp_w=0.272
    external_heuristic   candidate_zach_public          wr=0.49 (n=8118)  pfsp_w=0.258
    self                 self_step_35553280             wr=0.50 (n=531)  pfsp_w=0.255
    self                 self_step_43679744             wr=0.50 (n=0)  pfsp_w=0.250
    self                 self_step_29458432             wr=0.50 (n=1256)  pfsp_w=0.248
iter  1334 | steps  43,712,512 | SPS     904 | r_p0 +0.143 r_p1 +0.347 | clip_frac 0.056 | KL 0.0048 | H_fire 0.047 H_ang 4.92 H_ship 2.18 | V_loss 0.0201 | LR 0.000018 | early_stop=0 | fire[0]=0.09 fire[rest_max]=0.15 srcs_multi=0.68 ship0=0.00 meanshipbin=7.1 avgfleet=25.9 p90fleet=44.0
iter  1335 | steps  43,745,280 | SPS     904 | r_p0 +0.230 r_p1 +0.260 | clip_frac 0.056 | KL 0.0042 | H_fire 0.050 H_ang 4.92 H_ship 2.18 | V_loss 0.0180 | LR 0.000018 | early_stop=0 | fire[0]=0.10 fire[rest_max]=0.15 srcs_multi=0.69 ship0=0.00 meanshipbin=7.2 avgfleet=25.9 p90fleet=44.0
iter  1336 | steps  43,778,048 | SPS     904 | r_p0 +0.139 r_p1 +0.343 | clip_frac 0.056 | KL 0.0057 | H_fire 0.043 H_ang 4.92 H_ship 2.18 | V_loss 0.0192 | LR 0.000018 | early_stop=0 | fire[0]=0.09 fire[rest_max]=0.16 srcs_multi=0.68 ship0=0.00 meanshipbin=7.1 avgfleet=25.5 p90fleet=42.0
iter  1337 | steps  43,810,816 | SPS     903 | r_p0 +0.168 r_p1 +0.322 | clip_frac 0.056 | KL 0.0056 | H_fire 0.048 H_ang 4.92 H_ship 2.18 | V_loss 0.0209 | LR 0.000018 | early_stop=0 | fire[0]=0.10 fire[rest_max]=0.17 srcs_multi=0.75 ship0=0.00 meanshipbin=7.0 avgfleet=26.2 p90fleet=44.0
iter  1338 | steps  43,843,584 | SPS     903 | r_p0 +0.491 r_p1 -0.005 | clip_frac 0.056 | KL 0.0058 | H_fire 0.049 H_ang 4.92 H_ship 2.17 | V_loss 0.0205 | LR 0.000018 | early_stop=0 | fire[0]=0.10 fire[rest_max]=0.17 srcs_multi=0.82 ship0=0.00 meanshipbin=7.0 avgfleet=27.4 p90fleet=46.0
iter  1339 | steps  43,876,352 | SPS     904 | r_p0 +0.457 r_p1 +0.034 | clip_frac 0.056 | KL 0.0047 | H_fire 0.046 H_ang 4.92 H_ship 2.18 | V_loss 0.0180 | LR 0.000018 | early_stop=0 | fire[0]=0.10 fire[rest_max]=0.16 srcs_multi=0.77 ship0=0.00 meanshipbin=7.1 avgfleet=26.6 p90fleet=44.0
iter  1340 | steps  43,909,120 | SPS     904 | r_p0 +0.221 r_p1 +0.270 | clip_frac 0.056 | KL 0.0099 | H_fire 0.051 H_ang 4.92 H_ship 2.18 | V_loss 0.0159 | LR 0.000018 | early_stop=0 | fire[0]=0.10 fire[rest_max]=0.17 srcs_multi=0.79 ship0=0.00 meanshipbin=7.1 avgfleet=24.8 p90fleet=41.0
iter  1341 | steps  43,941,888 | SPS     904 | r_p0 +0.234 r_p1 +0.259 | clip_frac 0.056 | KL 0.0043 | H_fire 0.050 H_ang 4.92 H_ship 2.18 | V_loss 0.0216 | LR 0.000018 | early_stop=0 | fire[0]=0.10 fire[rest_max]=0.17 srcs_multi=0.74 ship0=0.00 meanshipbin=7.1 avgfleet=24.5 p90fleet=41.0
iter  1342 | steps  43,974,656 | SPS     904 | r_p0 +0.406 r_p1 +0.083 | clip_frac 0.056 | KL 0.0057 | H_fire 0.047 H_ang 4.92 H_ship 2.18 | V_loss 0.0211 | LR 0.000018 | early_stop=0 | fire[0]=0.10 fire[rest_max]=0.16 srcs_multi=0.72 ship0=0.00 meanshipbin=7.2 avgfleet=25.2 p90fleet=42.0
iter  1343 | steps  44,007,424 | SPS     904 | r_p0 +0.443 r_p1 +0.045 | clip_frac 0.056 | KL 0.0044 | H_fire 0.042 H_ang 4.92 H_ship 2.18 | V_loss 0.0218 | LR 0.000018 | early_stop=0 | fire[0]=0.09 fire[rest_max]=0.16 srcs_multi=0.67 ship0=0.00 meanshipbin=7.2 avgfleet=27.0 p90fleet=45.0
iter  1344 | steps  44,040,192 | SPS     904 | r_p0 +0.245 r_p1 +0.246 | clip_frac 0.056 | KL 0.0083 | H_fire 0.046 H_ang 4.92 H_ship 2.18 | V_loss 0.0203 | LR 0.000018 | early_stop=0 | fire[0]=0.09 fire[rest_max]=0.17 srcs_multi=0.73 ship0=0.00 meanshipbin=7.2 avgfleet=25.6 p90fleet=44.0
iter  1345 | steps  44,072,960 | SPS     904 | r_p0 +0.097 r_p1 +0.397 | clip_frac 0.056 | KL 0.0083 | H_fire 0.049 H_ang 4.93 H_ship 2.18 | V_loss 0.0207 | LR 0.000018 | early_stop=0 | fire[0]=0.10 fire[rest_max]=0.18 srcs_multi=0.73 ship0=0.00 meanshipbin=7.2 avgfleet=23.9 p90fleet=40.0
iter  1346 | steps  44,105,728 | SPS     904 | r_p0 +0.085 r_p1 +0.408 | clip_frac 0.056 | KL 0.0059 | H_fire 0.044 H_ang 4.92 H_ship 2.18 | V_loss 0.0219 | LR 0.000018 | early_stop=0 | fire[0]=0.10 fire[rest_max]=0.17 srcs_multi=0.72 ship0=0.00 meanshipbin=7.4 avgfleet=25.8 p90fleet=44.0
iter  1347 | steps  44,138,496 | SPS     904 | r_p0 +0.337 r_p1 +0.161 | clip_frac 0.056 | KL 0.0064 | H_fire 0.048 H_ang 4.92 H_ship 2.17 | V_loss 0.0219 | LR 0.000018 | early_stop=0 | fire[0]=0.10 fire[rest_max]=0.19 srcs_multi=0.80 ship0=0.00 meanshipbin=7.2 avgfleet=24.3 p90fleet=42.0
iter  1348 | steps  44,171,264 | SPS     904 | r_p0 +0.073 r_p1 +0.423 | clip_frac 0.056 | KL 0.0067 | H_fire 0.043 H_ang 4.92 H_ship 2.17 | V_loss 0.0222 | LR 0.000018 | early_stop=0 | fire[0]=0.10 fire[rest_max]=0.18 srcs_multi=0.76 ship0=0.00 meanshipbin=7.3 avgfleet=24.7 p90fleet=41.0
iter  1349 | steps  44,204,032 | SPS     904 | r_p0 +0.273 r_p1 +0.223 | clip_frac 0.056 | KL 0.0060 | H_fire 0.044 H_ang 4.92 H_ship 2.17 | V_loss 0.0219 | LR 0.000018 | early_stop=0 | fire[0]=0.10 fire[rest_max]=0.17 srcs_multi=0.74 ship0=0.00 meanshipbin=7.3 avgfleet=25.6 p90fleet=44.0
iter  1350 | steps  44,236,800 | SPS     905 | r_p0 +0.160 r_p1 +0.335 | clip_frac 0.056 | KL 0.0071 | H_fire 0.044 H_ang 4.92 H_ship 2.18 | V_loss 0.0216 | LR 0.000018 | early_stop=0 | fire[0]=0.10 fire[rest_max]=0.17 srcs_multi=0.75 ship0=0.00 meanshipbin=7.2 avgfleet=24.7 p90fleet=42.0
iter  1351 | steps  44,269,568 | SPS     905 | r_p0 +0.187 r_p1 +0.312 | clip_frac 0.056 | KL 0.0063 | H_fire 0.050 H_ang 4.92 H_ship 2.18 | V_loss 0.0212 | LR 0.000018 | early_stop=0 | fire[0]=0.10 fire[rest_max]=0.18 srcs_multi=0.83 ship0=0.00 meanshipbin=7.1 avgfleet=24.0 p90fleet=40.0
iter  1352 | steps  44,302,336 | SPS     905 | r_p0 +0.322 r_p1 +0.172 | clip_frac 0.056 | KL 0.0061 | H_fire 0.045 H_ang 4.92 H_ship 2.18 | V_loss 0.0228 | LR 0.000018 | early_stop=0 | fire[0]=0.10 fire[rest_max]=0.19 srcs_multi=0.73 ship0=0.00 meanshipbin=7.4 avgfleet=25.6 p90fleet=44.0
iter  1353 | steps  44,335,104 | SPS     904 | r_p0 +0.420 r_p1 +0.072 | clip_frac 0.056 | KL 0.0060 | H_fire 0.049 H_ang 4.92 H_ship 2.17 | V_loss 0.0229 | LR 0.000018 | early_stop=0 | fire[0]=0.10 fire[rest_max]=0.19 srcs_multi=0.80 ship0=0.00 meanshipbin=7.1 avgfleet=25.2 p90fleet=43.0
iter  1354 | steps  44,367,872 | SPS     904 | r_p0 +0.385 r_p1 +0.109 | clip_frac 0.056 | KL 0.0060 | H_fire 0.045 H_ang 4.92 H_ship 2.18 | V_loss 0.0176 | LR 0.000018 | early_stop=0 | fire[0]=0.09 fire[rest_max]=0.16 srcs_multi=0.70 ship0=0.00 meanshipbin=7.3 avgfleet=26.7 p90fleet=46.0
iter  1355 | steps  44,400,640 | SPS     904 | r_p0 +0.335 r_p1 +0.159 | clip_frac 0.056 | KL 0.0052 | H_fire 0.052 H_ang 4.92 H_ship 2.17 | V_loss 0.0214 | LR 0.000018 | early_stop=0 | fire[0]=0.10 fire[rest_max]=0.19 srcs_multi=0.81 ship0=0.00 meanshipbin=7.2 avgfleet=25.3 p90fleet=42.0
iter  1356 | steps  44,433,408 | SPS     904 | r_p0 +0.130 r_p1 +0.361 | clip_frac 0.056 | KL 0.0076 | H_fire 0.050 H_ang 4.92 H_ship 2.17 | V_loss 0.0210 | LR 0.000018 | early_stop=0 | fire[0]=0.10 fire[rest_max]=0.17 srcs_multi=0.79 ship0=0.00 meanshipbin=7.3 avgfleet=25.1 p90fleet=43.0
iter  1357 | steps  44,466,176 | SPS     904 | r_p0 +0.410 r_p1 +0.086 | clip_frac 0.056 | KL 0.0068 | H_fire 0.051 H_ang 4.92 H_ship 2.16 | V_loss 0.0228 | LR 0.000018 | early_stop=0 | fire[0]=0.10 fire[rest_max]=0.20 srcs_multi=0.87 ship0=0.00 meanshipbin=7.3 avgfleet=25.2 p90fleet=43.0
iter  1358 | steps  44,498,944 | SPS     904 | r_p0 +0.422 r_p1 +0.074 | clip_frac 0.056 | KL 0.0068 | H_fire 0.046 H_ang 4.93 H_ship 2.18 | V_loss 0.0234 | LR 0.000018 | early_stop=0 | fire[0]=0.10 fire[rest_max]=0.17 srcs_multi=0.72 ship0=0.00 meanshipbin=7.4 avgfleet=26.5 p90fleet=46.0
iter  1359 | steps  44,531,712 | SPS     904 | r_p0 +0.146 r_p1 +0.347 | clip_frac 0.056 | KL 0.0047 | H_fire 0.045 H_ang 4.92 H_ship 2.17 | V_loss 0.0213 | LR 0.000018 | early_stop=0 | fire[0]=0.10 fire[rest_max]=0.17 srcs_multi=0.75 ship0=0.00 meanshipbin=7.3 avgfleet=25.3 p90fleet=43.0
iter  1360 | steps  44,564,480 | SPS     904 | r_p0 +0.195 r_p1 +0.292 | clip_frac 0.057 | KL 0.0070 | H_fire 0.048 H_ang 4.92 H_ship 2.17 | V_loss 0.0224 | LR 0.000018 | early_stop=0 | fire[0]=0.10 fire[rest_max]=0.18 srcs_multi=0.78 ship0=0.00 meanshipbin=7.3 avgfleet=24.5 p90fleet=42.0
iter  1361 | steps  44,597,248 | SPS     904 | r_p0 +0.361 r_p1 +0.130 | clip_frac 0.057 | KL 0.0068 | H_fire 0.041 H_ang 4.92 H_ship 2.18 | V_loss 0.0242 | LR 0.000018 | early_stop=0 | fire[0]=0.09 fire[rest_max]=0.17 srcs_multi=0.69 ship0=0.00 meanshipbin=7.5 avgfleet=26.7 p90fleet=46.0
iter  1362 | steps  44,630,016 | SPS     904 | r_p0 +0.235 r_p1 +0.258 | clip_frac 0.057 | KL 0.0052 | H_fire 0.048 H_ang 4.92 H_ship 2.17 | V_loss 0.0219 | LR 0.000018 | early_stop=0 | fire[0]=0.10 fire[rest_max]=0.17 srcs_multi=0.77 ship0=0.00 meanshipbin=7.3 avgfleet=25.2 p90fleet=43.0
iter  1363 | steps  44,662,784 | SPS     904 | r_p0 +0.195 r_p1 +0.296 | clip_frac 0.057 | KL 0.0049 | H_fire 0.047 H_ang 4.92 H_ship 2.17 | V_loss 0.0232 | LR 0.000017 | early_stop=0 | fire[0]=0.10 fire[rest_max]=0.17 srcs_multi=0.76 ship0=0.00 meanshipbin=7.4 avgfleet=26.0 p90fleet=45.0
iter  1364 | steps  44,695,552 | SPS     905 | r_p0 +0.246 r_p1 +0.247 | clip_frac 0.057 | KL 0.0066 | H_fire 0.047 H_ang 4.92 H_ship 2.17 | V_loss 0.0221 | LR 0.000017 | early_stop=0 | fire[0]=0.10 fire[rest_max]=0.18 srcs_multi=0.76 ship0=0.00 meanshipbin=7.3 avgfleet=25.6 p90fleet=43.0
  pool snapshot @ step 44,695,552
  pool size=22  alpha=2.0
    self                 self_step_41648128             wr=0.39 (n=411)  pfsp_w=0.373
    self                 self_step_42663936             wr=0.45 (n=328)  pfsp_w=0.305
    self                 self_step_40632320             wr=0.47 (n=472)  pfsp_w=0.281
    self                 self_step_37584896             wr=0.48 (n=917)  pfsp_w=0.272
    self                 self_step_35553280             wr=0.48 (n=615)  pfsp_w=0.269
    external_heuristic   candidate_zach_public          wr=0.49 (n=8190)  pfsp_w=0.257
    self                 self_step_30474240             wr=0.50 (n=2322)  pfsp_w=0.251
    self                 self_step_43679744             wr=0.50 (n=0)  pfsp_w=0.250
iter  1365 | steps  44,728,320 | SPS     905 | r_p0 +0.296 r_p1 +0.199 | clip_frac 0.057 | KL 0.0050 | H_fire 0.048 H_ang 4.92 H_ship 2.17 | V_loss 0.0215 | LR 0.000017 | early_stop=0 | fire[0]=0.10 fire[rest_max]=0.16 srcs_multi=0.76 ship0=0.00 meanshipbin=7.3 avgfleet=26.1 p90fleet=44.0
iter  1366 | steps  44,761,088 | SPS     905 | r_p0 +0.436 r_p1 +0.058 | clip_frac 0.058 | KL 0.0089 | H_fire 0.050 H_ang 4.92 H_ship 2.17 | V_loss 0.0233 | LR 0.000017 | early_stop=0 | fire[0]=0.10 fire[rest_max]=0.17 srcs_multi=0.80 ship0=0.00 meanshipbin=7.3 avgfleet=25.6 p90fleet=43.0
iter  1367 | steps  44,793,856 | SPS     905 | r_p0 +0.534 r_p1 -0.040 | clip_frac 0.058 | KL 0.0039 | H_fire 0.048 H_ang 4.92 H_ship 2.17 | V_loss 0.0199 | LR 0.000017 | early_stop=0 | fire[0]=0.10 fire[rest_max]=0.17 srcs_multi=0.80 ship0=0.00 meanshipbin=7.3 avgfleet=25.2 p90fleet=43.0
iter  1368 | steps  44,826,624 | SPS     905 | r_p0 +0.348 r_p1 +0.147 | clip_frac 0.058 | KL 0.0070 | H_fire 0.044 H_ang 4.92 H_ship 2.17 | V_loss 0.0230 | LR 0.000017 | early_stop=0 | fire[0]=0.10 fire[rest_max]=0.16 srcs_multi=0.76 ship0=0.00 meanshipbin=7.4 avgfleet=26.0 p90fleet=43.0
iter  1369 | steps  44,859,392 | SPS     905 | r_p0 +0.158 r_p1 +0.333 | clip_frac 0.058 | KL 0.0051 | H_fire 0.044 H_ang 4.92 H_ship 2.17 | V_loss 0.0210 | LR 0.000017 | early_stop=0 | fire[0]=0.10 fire[rest_max]=0.17 srcs_multi=0.74 ship0=0.00 meanshipbin=7.5 avgfleet=26.9 p90fleet=46.0
iter  1370 | steps  44,892,160 | SPS     905 | r_p0 +0.097 r_p1 +0.397 | clip_frac 0.058 | KL 0.0052 | H_fire 0.044 H_ang 4.92 H_ship 2.17 | V_loss 0.0228 | LR 0.000017 | early_stop=0 | fire[0]=0.09 fire[rest_max]=0.17 srcs_multi=0.71 ship0=0.00 meanshipbin=7.5 avgfleet=27.1 p90fleet=46.0
iter  1371 | steps  44,924,928 | SPS     905 | r_p0 +0.286 r_p1 +0.209 | clip_frac 0.058 | KL 0.0047 | H_fire 0.051 H_ang 4.92 H_ship 2.18 | V_loss 0.0217 | LR 0.000017 | early_stop=0 | fire[0]=0.09 fire[rest_max]=0.17 srcs_multi=0.75 ship0=0.00 meanshipbin=7.4 avgfleet=26.3 p90fleet=45.0
iter  1372 | steps  44,957,696 | SPS     905 | r_p0 +0.084 r_p1 +0.409 | clip_frac 0.058 | KL 0.0058 | H_fire 0.049 H_ang 4.92 H_ship 2.17 | V_loss 0.0242 | LR 0.000017 | early_stop=0 | fire[0]=0.10 fire[rest_max]=0.19 srcs_multi=0.76 ship0=0.00 meanshipbin=7.4 avgfleet=26.4 p90fleet=45.0
iter  1373 | steps  44,990,464 | SPS     905 | r_p0 +0.098 r_p1 +0.397 | clip_frac 0.058 | KL 0.0044 | H_fire 0.048 H_ang 4.92 H_ship 2.17 | V_loss 0.0220 | LR 0.000017 | early_stop=0 | fire[0]=0.10 fire[rest_max]=0.18 srcs_multi=0.75 ship0=0.00 meanshipbin=7.4 avgfleet=27.7 p90fleet=48.0
iter  1374 | steps  45,023,232 | SPS     905 | r_p0 +0.246 r_p1 +0.247 | clip_frac 0.058 | KL 0.0062 | H_fire 0.046 H_ang 4.92 H_ship 2.17 | V_loss 0.0226 | LR 0.000017 | early_stop=0 | fire[0]=0.10 fire[rest_max]=0.17 srcs_multi=0.73 ship0=0.00 meanshipbin=7.4 avgfleet=26.2 p90fleet=44.0
iter  1375 | steps  45,056,000 | SPS     905 | r_p0 +0.135 r_p1 +0.360 | clip_frac 0.057 | KL 0.0048 | H_fire 0.048 H_ang 4.92 H_ship 2.17 | V_loss 0.0224 | LR 0.000017 | early_stop=0 | fire[0]=0.09 fire[rest_max]=0.17 srcs_multi=0.76 ship0=0.00 meanshipbin=7.4 avgfleet=25.9 p90fleet=44.0
iter  1376 | steps  45,088,768 | SPS     905 | r_p0 +0.033 r_p1 +0.461 | clip_frac 0.057 | KL 0.0056 | H_fire 0.043 H_ang 4.93 H_ship 2.17 | V_loss 0.0240 | LR 0.000017 | early_stop=0 | fire[0]=0.09 fire[rest_max]=0.17 srcs_multi=0.69 ship0=0.00 meanshipbin=7.5 avgfleet=26.1 p90fleet=44.0
iter  1377 | steps  45,121,536 | SPS     905 | r_p0 +0.032 r_p1 +0.461 | clip_frac 0.057 | KL 0.0053 | H_fire 0.045 H_ang 4.92 H_ship 2.17 | V_loss 0.0246 | LR 0.000017 | early_stop=0 | fire[0]=0.09 fire[rest_max]=0.17 srcs_multi=0.71 ship0=0.00 meanshipbin=7.4 avgfleet=26.1 p90fleet=45.0
iter  1378 | steps  45,154,304 | SPS     906 | r_p0 +0.085 r_p1 +0.411 | clip_frac 0.057 | KL 0.0069 | H_fire 0.048 H_ang 4.92 H_ship 2.17 | V_loss 0.0260 | LR 0.000017 | early_stop=0 | fire[0]=0.10 fire[rest_max]=0.18 srcs_multi=0.75 ship0=0.00 meanshipbin=7.4 avgfleet=25.6 p90fleet=44.0
iter  1379 | steps  45,187,072 | SPS     905 | r_p0 +0.082 r_p1 +0.411 | clip_frac 0.057 | KL 0.0066 | H_fire 0.050 H_ang 4.92 H_ship 2.16 | V_loss 0.0223 | LR 0.000017 | early_stop=0 | fire[0]=0.11 fire[rest_max]=0.19 srcs_multi=0.85 ship0=0.00 meanshipbin=7.5 avgfleet=26.0 p90fleet=44.0
iter  1380 | steps  45,219,840 | SPS     906 | r_p0 -0.077 r_p1 +0.573 | clip_frac 0.057 | KL 0.0051 | H_fire 0.040 H_ang 4.93 H_ship 2.17 | V_loss 0.0235 | LR 0.000017 | early_stop=0 | fire[0]=0.09 fire[rest_max]=0.17 srcs_multi=0.67 ship0=0.00 meanshipbin=7.5 avgfleet=26.8 p90fleet=46.0
  saved checkpoints/torch_step_45219840_20260525_184201.pt
  saved checkpoints/pool_step_45219840_20260525_184201.pt (22 members)
iter  1381 | steps  45,252,608 | SPS     906 | r_p0 -0.053 r_p1 +0.547 | clip_frac 0.057 | KL 0.0065 | H_fire 0.040 H_ang 4.92 H_ship 2.17 | V_loss 0.0208 | LR 0.000017 | early_stop=0 | fire[0]=0.09 fire[rest_max]=0.16 srcs_multi=0.70 ship0=0.00 meanshipbin=7.5 avgfleet=25.9 p90fleet=44.0
iter  1382 | steps  45,285,376 | SPS     906 | r_p0 +0.011 r_p1 +0.486 | clip_frac 0.058 | KL 0.0076 | H_fire 0.045 H_ang 4.92 H_ship 2.17 | V_loss 0.0214 | LR 0.000017 | early_stop=0 | fire[0]=0.09 fire[rest_max]=0.17 srcs_multi=0.74 ship0=0.00 meanshipbin=7.6 avgfleet=26.5 p90fleet=45.0
iter  1383 | steps  45,318,144 | SPS     906 | r_p0 +0.070 r_p1 +0.425 | clip_frac 0.057 | KL 0.0056 | H_fire 0.048 H_ang 4.92 H_ship 2.17 | V_loss 0.0230 | LR 0.000017 | early_stop=0 | fire[0]=0.10 fire[rest_max]=0.17 srcs_multi=0.75 ship0=0.00 meanshipbin=7.5 avgfleet=26.4 p90fleet=45.0
iter  1384 | steps  45,350,912 | SPS     906 | r_p0 +0.287 r_p1 +0.209 | clip_frac 0.057 | KL 0.0071 | H_fire 0.045 H_ang 4.92 H_ship 2.17 | V_loss 0.0244 | LR 0.000017 | early_stop=0 | fire[0]=0.09 fire[rest_max]=0.17 srcs_multi=0.73 ship0=0.00 meanshipbin=7.4 avgfleet=25.8 p90fleet=44.0
iter  1385 | steps  45,383,680 | SPS     906 | r_p0 +0.311 r_p1 +0.183 | clip_frac 0.058 | KL 0.0055 | H_fire 0.047 H_ang 4.92 H_ship 2.17 | V_loss 0.0251 | LR 0.000017 | early_stop=0 | fire[0]=0.10 fire[rest_max]=0.17 srcs_multi=0.77 ship0=0.00 meanshipbin=7.3 avgfleet=25.9 p90fleet=44.0
iter  1386 | steps  45,416,448 | SPS     906 | r_p0 +0.500 r_p1 -0.001 | clip_frac 0.058 | KL 0.0059 | H_fire 0.049 H_ang 4.92 H_ship 2.17 | V_loss 0.0222 | LR 0.000017 | early_stop=0 | fire[0]=0.10 fire[rest_max]=0.17 srcs_multi=0.78 ship0=0.00 meanshipbin=7.4 avgfleet=25.2 p90fleet=43.0
iter  1387 | steps  45,449,216 | SPS     906 | r_p0 +0.481 r_p1 +0.010 | clip_frac 0.058 | KL 0.0053 | H_fire 0.049 H_ang 4.92 H_ship 2.17 | V_loss 0.0253 | LR 0.000017 | early_stop=0 | fire[0]=0.10 fire[rest_max]=0.17 srcs_multi=0.76 ship0=0.00 meanshipbin=7.5 avgfleet=25.4 p90fleet=43.0
iter  1388 | steps  45,481,984 | SPS     906 | r_p0 +0.187 r_p1 +0.306 | clip_frac 0.057 | KL 0.0044 | H_fire 0.048 H_ang 4.92 H_ship 2.16 | V_loss 0.0288 | LR 0.000017 | early_stop=0 | fire[0]=0.11 fire[rest_max]=0.18 srcs_multi=0.83 ship0=0.00 meanshipbin=7.6 avgfleet=25.7 p90fleet=44.0
iter  1389 | steps  45,514,752 | SPS     906 | r_p0 +0.285 r_p1 +0.210 | clip_frac 0.057 | KL 0.0054 | H_fire 0.042 H_ang 4.93 H_ship 2.17 | V_loss 0.0220 | LR 0.000017 | early_stop=0 | fire[0]=0.10 fire[rest_max]=0.18 srcs_multi=0.73 ship0=0.00 meanshipbin=7.6 avgfleet=27.0 p90fleet=48.0
iter  1390 | steps  45,547,520 | SPS     906 | r_p0 +0.448 r_p1 +0.049 | clip_frac 0.057 | KL 0.0071 | H_fire 0.042 H_ang 4.92 H_ship 2.17 | V_loss 0.0228 | LR 0.000017 | early_stop=0 | fire[0]=0.10 fire[rest_max]=0.17 srcs_multi=0.73 ship0=0.00 meanshipbin=7.6 avgfleet=26.1 p90fleet=45.0
iter  1391 | steps  45,580,288 | SPS     906 | r_p0 +0.112 r_p1 +0.384 | clip_frac 0.058 | KL 0.0063 | H_fire 0.049 H_ang 4.92 H_ship 2.17 | V_loss 0.0231 | LR 0.000017 | early_stop=0 | fire[0]=0.10 fire[rest_max]=0.18 srcs_multi=0.79 ship0=0.00 meanshipbin=7.5 avgfleet=25.3 p90fleet=44.0
iter  1392 | steps  45,613,056 | SPS     906 | r_p0 +0.360 r_p1 +0.137 | clip_frac 0.057 | KL 0.0051 | H_fire 0.051 H_ang 4.92 H_ship 2.17 | V_loss 0.0185 | LR 0.000017 | early_stop=0 | fire[0]=0.10 fire[rest_max]=0.18 srcs_multi=0.82 ship0=0.00 meanshipbin=7.4 avgfleet=24.3 p90fleet=43.0
iter  1393 | steps  45,645,824 | SPS     906 | r_p0 +0.396 r_p1 +0.098 | clip_frac 0.058 | KL 0.0060 | H_fire 0.050 H_ang 4.92 H_ship 2.17 | V_loss 0.0223 | LR 0.000017 | early_stop=0 | fire[0]=0.10 fire[rest_max]=0.17 srcs_multi=0.74 ship0=0.00 meanshipbin=7.5 avgfleet=25.3 p90fleet=45.0
iter  1394 | steps  45,678,592 | SPS     906 | r_p0 +0.298 r_p1 +0.196 | clip_frac 0.058 | KL 0.0079 | H_fire 0.052 H_ang 4.92 H_ship 2.17 | V_loss 0.0244 | LR 0.000017 | early_stop=0 | fire[0]=0.10 fire[rest_max]=0.18 srcs_multi=0.79 ship0=0.00 meanshipbin=7.3 avgfleet=26.1 p90fleet=45.0
iter  1395 | steps  45,711,360 | SPS     906 | r_p0 +0.262 r_p1 +0.233 | clip_frac 0.058 | KL 0.0048 | H_fire 0.058 H_ang 4.92 H_ship 2.17 | V_loss 0.0183 | LR 0.000017 | early_stop=0 | fire[0]=0.10 fire[rest_max]=0.18 srcs_multi=0.82 ship0=0.00 meanshipbin=7.3 avgfleet=25.0 p90fleet=43.0
  pool snapshot @ step 45,711,360
  pool size=22  alpha=2.0
    self                 self_step_41648128             wr=0.39 (n=411)  pfsp_w=0.373
    self                 self_step_43679744             wr=0.41 (n=105)  pfsp_w=0.349
    self                 self_step_44695552             wr=0.46 (n=348)  pfsp_w=0.292
    self                 self_step_37584896             wr=0.46 (n=1118)  pfsp_w=0.288
    self                 self_step_42663936             wr=0.48 (n=486)  pfsp_w=0.275
    self                 self_step_40632320             wr=0.49 (n=779)  pfsp_w=0.262
    external_heuristic   candidate_zach_public          wr=0.49 (n=8421)  pfsp_w=0.256
    self                 self_step_35553280             wr=0.50 (n=693)  pfsp_w=0.252
iter  1396 | steps  45,744,128 | SPS     906 | r_p0 +0.309 r_p1 +0.185 | clip_frac 0.057 | KL 0.0047 | H_fire 0.052 H_ang 4.92 H_ship 2.18 | V_loss 0.0208 | LR 0.000017 | early_stop=0 | fire[0]=0.10 fire[rest_max]=0.17 srcs_multi=0.70 ship0=0.00 meanshipbin=7.5 avgfleet=24.8 p90fleet=44.0
iter  1397 | steps  45,776,896 | SPS     906 | r_p0 +0.110 r_p1 +0.384 | clip_frac 0.057 | KL 0.0064 | H_fire 0.053 H_ang 4.92 H_ship 2.17 | V_loss 0.0220 | LR 0.000017 | early_stop=0 | fire[0]=0.11 fire[rest_max]=0.17 srcs_multi=0.77 ship0=0.00 meanshipbin=7.5 avgfleet=24.9 p90fleet=44.0
iter  1398 | steps  45,809,664 | SPS     906 | r_p0 +0.124 r_p1 +0.370 | clip_frac 0.057 | KL 0.0062 | H_fire 0.052 H_ang 4.92 H_ship 2.17 | V_loss 0.0222 | LR 0.000017 | early_stop=0 | fire[0]=0.10 fire[rest_max]=0.18 srcs_multi=0.74 ship0=0.00 meanshipbin=7.6 avgfleet=25.4 p90fleet=44.0
iter  1399 | steps  45,842,432 | SPS     906 | r_p0 +0.096 r_p1 +0.397 | clip_frac 0.057 | KL 0.0057 | H_fire 0.052 H_ang 4.92 H_ship 2.17 | V_loss 0.0221 | LR 0.000017 | early_stop=0 | fire[0]=0.10 fire[rest_max]=0.17 srcs_multi=0.75 ship0=0.00 meanshipbin=7.5 avgfleet=25.3 p90fleet=45.0
iter  1400 | steps  45,875,200 | SPS     906 | r_p0 +0.145 r_p1 +0.349 | clip_frac 0.057 | KL 0.0046 | H_fire 0.044 H_ang 4.92 H_ship 2.17 | V_loss 0.0221 | LR 0.000017 | early_stop=0 | fire[0]=0.10 fire[rest_max]=0.18 srcs_multi=0.72 ship0=0.00 meanshipbin=7.5 avgfleet=25.7 p90fleet=44.0
iter  1401 | steps  45,907,968 | SPS     906 | r_p0 +0.217 r_p1 +0.270 | clip_frac 0.057 | KL 0.0048 | H_fire 0.045 H_ang 4.92 H_ship 2.17 | V_loss 0.0244 | LR 0.000017 | early_stop=0 | fire[0]=0.10 fire[rest_max]=0.17 srcs_multi=0.72 ship0=0.00 meanshipbin=7.5 avgfleet=25.9 p90fleet=44.0
iter  1402 | steps  45,940,736 | SPS     906 | r_p0 +0.374 r_p1 +0.125 | clip_frac 0.057 | KL 0.0055 | H_fire 0.049 H_ang 4.92 H_ship 2.17 | V_loss 0.0222 | LR 0.000017 | early_stop=0 | fire[0]=0.10 fire[rest_max]=0.20 srcs_multi=0.81 ship0=0.00 meanshipbin=7.4 avgfleet=24.7 p90fleet=43.0
iter  1403 | steps  45,973,504 | SPS     906 | r_p0 +0.522 r_p1 -0.027 | clip_frac 0.057 | KL 0.0082 | H_fire 0.041 H_ang 4.92 H_ship 2.18 | V_loss 0.0223 | LR 0.000017 | early_stop=0 | fire[0]=0.09 fire[rest_max]=0.17 srcs_multi=0.67 ship0=0.00 meanshipbin=7.6 avgfleet=26.4 p90fleet=46.0
iter  1404 | steps  46,006,272 | SPS     906 | r_p0 +0.347 r_p1 +0.149 | clip_frac 0.057 | KL 0.0056 | H_fire 0.041 H_ang 4.92 H_ship 2.17 | V_loss 0.0238 | LR 0.000017 | early_stop=0 | fire[0]=0.09 fire[rest_max]=0.16 srcs_multi=0.69 ship0=0.00 meanshipbin=7.5 avgfleet=27.2 p90fleet=46.0
iter  1405 | steps  46,039,040 | SPS     906 | r_p0 +0.020 r_p1 +0.470 | clip_frac 0.057 | KL 0.0071 | H_fire 0.048 H_ang 4.92 H_ship 2.17 | V_loss 0.0229 | LR 0.000017 | early_stop=0 | fire[0]=0.10 fire[rest_max]=0.19 srcs_multi=0.75 ship0=0.00 meanshipbin=7.5 avgfleet=25.4 p90fleet=43.0
iter  1406 | steps  46,071,808 | SPS     907 | r_p0 +0.035 r_p1 +0.461 | clip_frac 0.057 | KL 0.0078 | H_fire 0.050 H_ang 4.92 H_ship 2.17 | V_loss 0.0227 | LR 0.000017 | early_stop=0 | fire[0]=0.10 fire[rest_max]=0.19 srcs_multi=0.79 ship0=0.00 meanshipbin=7.4 avgfleet=24.8 p90fleet=44.0
iter  1407 | steps  46,104,576 | SPS     907 | r_p0 +0.148 r_p1 +0.349 | clip_frac 0.057 | KL 0.0043 | H_fire 0.051 H_ang 4.92 H_ship 2.18 | V_loss 0.0196 | LR 0.000017 | early_stop=0 | fire[0]=0.10 fire[rest_max]=0.18 srcs_multi=0.77 ship0=0.00 meanshipbin=7.3 avgfleet=24.0 p90fleet=42.0
iter  1408 | steps  46,137,344 | SPS     907 | r_p0 +0.147 r_p1 +0.347 | clip_frac 0.057 | KL 0.0062 | H_fire 0.049 H_ang 4.92 H_ship 2.18 | V_loss 0.0230 | LR 0.000017 | early_stop=0 | fire[0]=0.10 fire[rest_max]=0.16 srcs_multi=0.73 ship0=0.00 meanshipbin=7.4 avgfleet=24.7 p90fleet=44.0
iter  1409 | steps  46,170,112 | SPS     907 | r_p0 +0.148 r_p1 +0.350 | clip_frac 0.057 | KL 0.0041 | H_fire 0.043 H_ang 4.92 H_ship 2.18 | V_loss 0.0227 | LR 0.000017 | early_stop=0 | fire[0]=0.10 fire[rest_max]=0.15 srcs_multi=0.67 ship0=0.00 meanshipbin=7.4 avgfleet=26.2 p90fleet=45.0
iter  1410 | steps  46,202,880 | SPS     907 | r_p0 -0.180 r_p1 +0.667 | clip_frac 0.056 | KL 0.0056 | H_fire 0.050 H_ang 4.92 H_ship 2.17 | V_loss 0.0269 | LR 0.000017 | early_stop=0 | fire[0]=0.10 fire[rest_max]=0.18 srcs_multi=0.79 ship0=0.00 meanshipbin=7.4 avgfleet=25.3 p90fleet=44.0
iter  1411 | steps  46,235,648 | SPS     907 | r_p0 +0.083 r_p1 +0.411 | clip_frac 0.056 | KL 0.0068 | H_fire 0.042 H_ang 4.92 H_ship 2.17 | V_loss 0.0224 | LR 0.000017 | early_stop=0 | fire[0]=0.09 fire[rest_max]=0.17 srcs_multi=0.73 ship0=0.00 meanshipbin=7.4 avgfleet=26.1 p90fleet=44.0
iter  1412 | steps  46,268,416 | SPS     907 | r_p0 +0.248 r_p1 +0.245 | clip_frac 0.056 | KL 0.0056 | H_fire 0.046 H_ang 4.92 H_ship 2.17 | V_loss 0.0216 | LR 0.000017 | early_stop=0 | fire[0]=0.10 fire[rest_max]=0.18 srcs_multi=0.76 ship0=0.00 meanshipbin=7.3 avgfleet=25.2 p90fleet=43.0
iter  1413 | steps  46,301,184 | SPS     907 | r_p0 +0.322 r_p1 +0.172 | clip_frac 0.056 | KL 0.0050 | H_fire 0.043 H_ang 4.92 H_ship 2.18 | V_loss 0.0239 | LR 0.000017 | early_stop=0 | fire[0]=0.10 fire[rest_max]=0.17 srcs_multi=0.72 ship0=0.00 meanshipbin=7.4 avgfleet=26.1 p90fleet=45.0
iter  1414 | steps  46,333,952 | SPS     907 | r_p0 +0.170 r_p1 +0.321 | clip_frac 0.056 | KL 0.0046 | H_fire 0.046 H_ang 4.92 H_ship 2.18 | V_loss 0.0245 | LR 0.000017 | early_stop=0 | fire[0]=0.10 fire[rest_max]=0.17 srcs_multi=0.75 ship0=0.00 meanshipbin=7.3 avgfleet=25.3 p90fleet=43.0
iter  1415 | steps  46,366,720 | SPS     907 | r_p0 +0.324 r_p1 +0.170 | clip_frac 0.056 | KL 0.0062 | H_fire 0.045 H_ang 4.92 H_ship 2.17 | V_loss 0.0261 | LR 0.000017 | early_stop=0 | fire[0]=0.10 fire[rest_max]=0.17 srcs_multi=0.76 ship0=0.00 meanshipbin=7.4 avgfleet=26.9 p90fleet=46.0
iter  1416 | steps  46,399,488 | SPS     907 | r_p0 +0.186 r_p1 +0.309 | clip_frac 0.056 | KL 0.0074 | H_fire 0.047 H_ang 4.92 H_ship 2.17 | V_loss 0.0227 | LR 0.000017 | early_stop=0 | fire[0]=0.10 fire[rest_max]=0.18 srcs_multi=0.76 ship0=0.00 meanshipbin=7.4 avgfleet=24.9 p90fleet=44.0
iter  1417 | steps  46,432,256 | SPS     907 | r_p0 +0.110 r_p1 +0.385 | clip_frac 0.056 | KL 0.0045 | H_fire 0.042 H_ang 4.92 H_ship 2.17 | V_loss 0.0262 | LR 0.000017 | early_stop=0 | fire[0]=0.10 fire[rest_max]=0.18 srcs_multi=0.73 ship0=0.00 meanshipbin=7.5 avgfleet=25.5 p90fleet=43.0
iter  1418 | steps  46,465,024 | SPS     907 | r_p0 +0.311 r_p1 +0.185 | clip_frac 0.056 | KL 0.0064 | H_fire 0.045 H_ang 4.92 H_ship 2.17 | V_loss 0.0220 | LR 0.000017 | early_stop=0 | fire[0]=0.10 fire[rest_max]=0.18 srcs_multi=0.80 ship0=0.00 meanshipbin=7.3 avgfleet=25.3 p90fleet=43.0
iter  1419 | steps  46,497,792 | SPS     907 | r_p0 +0.309 r_p1 +0.182 | clip_frac 0.056 | KL 0.0065 | H_fire 0.048 H_ang 4.92 H_ship 2.17 | V_loss 0.0232 | LR 0.000017 | early_stop=0 | fire[0]=0.10 fire[rest_max]=0.18 srcs_multi=0.81 ship0=0.00 meanshipbin=7.3 avgfleet=24.7 p90fleet=42.0
iter  1420 | steps  46,530,560 | SPS     907 | r_p0 +0.236 r_p1 +0.260 | clip_frac 0.056 | KL 0.0047 | H_fire 0.048 H_ang 4.92 H_ship 2.17 | V_loss 0.0243 | LR 0.000017 | early_stop=0 | fire[0]=0.10 fire[rest_max]=0.17 srcs_multi=0.80 ship0=0.00 meanshipbin=7.4 avgfleet=25.2 p90fleet=43.0
iter  1421 | steps  46,563,328 | SPS     908 | r_p0 +0.273 r_p1 +0.223 | clip_frac 0.056 | KL 0.0058 | H_fire 0.044 H_ang 4.92 H_ship 2.18 | V_loss 0.0216 | LR 0.000017 | early_stop=0 | fire[0]=0.09 fire[rest_max]=0.17 srcs_multi=0.73 ship0=0.00 meanshipbin=7.3 avgfleet=25.6 p90fleet=45.0
iter  1422 | steps  46,596,096 | SPS     908 | r_p0 +0.199 r_p1 +0.298 | clip_frac 0.056 | KL 0.0059 | H_fire 0.045 H_ang 4.93 H_ship 2.18 | V_loss 0.0225 | LR 0.000017 | early_stop=0 | fire[0]=0.10 fire[rest_max]=0.17 srcs_multi=0.70 ship0=0.00 meanshipbin=7.3 avgfleet=25.8 p90fleet=44.0
iter  1423 | steps  46,628,864 | SPS     908 | r_p0 -0.076 r_p1 +0.573 | clip_frac 0.056 | KL 0.0054 | H_fire 0.044 H_ang 4.92 H_ship 2.17 | V_loss 0.0229 | LR 0.000017 | early_stop=0 | fire[0]=0.10 fire[rest_max]=0.16 srcs_multi=0.73 ship0=0.00 meanshipbin=7.4 avgfleet=26.7 p90fleet=46.0
iter  1424 | steps  46,661,632 | SPS     908 | r_p0 +0.059 r_p1 +0.432 | clip_frac 0.056 | KL 0.0049 | H_fire 0.049 H_ang 4.92 H_ship 2.17 | V_loss 0.0220 | LR 0.000017 | early_stop=0 | fire[0]=0.10 fire[rest_max]=0.17 srcs_multi=0.75 ship0=0.00 meanshipbin=7.3 avgfleet=24.9 p90fleet=43.0
iter  1425 | steps  46,694,400 | SPS     908 | r_p0 +0.220 r_p1 +0.271 | clip_frac 0.056 | KL 0.0057 | H_fire 0.045 H_ang 4.92 H_ship 2.17 | V_loss 0.0283 | LR 0.000017 | early_stop=0 | fire[0]=0.10 fire[rest_max]=0.18 srcs_multi=0.79 ship0=0.00 meanshipbin=7.4 avgfleet=25.8 p90fleet=44.0
iter  1426 | steps  46,727,168 | SPS     908 | r_p0 +0.285 r_p1 +0.209 | clip_frac 0.055 | KL 0.0050 | H_fire 0.047 H_ang 4.92 H_ship 2.18 | V_loss 0.0225 | LR 0.000017 | early_stop=0 | fire[0]=0.09 fire[rest_max]=0.18 srcs_multi=0.75 ship0=0.00 meanshipbin=7.3 avgfleet=26.4 p90fleet=46.0
  pool snapshot @ step 46,727,168
  pool size=22  alpha=2.0
    self                 self_step_41648128             wr=0.39 (n=411)  pfsp_w=0.373
    self                 self_step_45711360             wr=0.40 (n=196)  pfsp_w=0.356
    self                 self_step_44695552             wr=0.46 (n=430)  pfsp_w=0.294
    self                 self_step_37584896             wr=0.48 (n=1198)  pfsp_w=0.275
    self                 self_step_43679744             wr=0.48 (n=384)  pfsp_w=0.266
    external_heuristic   candidate_zach_public          wr=0.49 (n=8572)  pfsp_w=0.256
    self                 self_step_42663936             wr=0.49 (n=663)  pfsp_w=0.255
    self                 self_step_40632320             wr=0.50 (n=852)  pfsp_w=0.255
iter  1427 | steps  46,759,936 | SPS     908 | r_p0 +0.146 r_p1 +0.349 | clip_frac 0.055 | KL 0.0037 | H_fire 0.041 H_ang 4.92 H_ship 2.17 | V_loss 0.0239 | LR 0.000017 | early_stop=0 | fire[0]=0.10 fire[rest_max]=0.18 srcs_multi=0.73 ship0=0.00 meanshipbin=7.3 avgfleet=25.3 p90fleet=43.0
iter  1428 | steps  46,792,704 | SPS     908 | r_p0 +0.025 r_p1 +0.473 | clip_frac 0.055 | KL 0.0050 | H_fire 0.046 H_ang 4.92 H_ship 2.17 | V_loss 0.0213 | LR 0.000017 | early_stop=0 | fire[0]=0.10 fire[rest_max]=0.18 srcs_multi=0.79 ship0=0.00 meanshipbin=7.4 avgfleet=25.6 p90fleet=44.0
iter  1429 | steps  46,825,472 | SPS     908 | r_p0 +0.199 r_p1 +0.299 | clip_frac 0.055 | KL 0.0057 | H_fire 0.047 H_ang 4.92 H_ship 2.17 | V_loss 0.0225 | LR 0.000016 | early_stop=0 | fire[0]=0.10 fire[rest_max]=0.18 srcs_multi=0.78 ship0=0.00 meanshipbin=7.3 avgfleet=25.0 p90fleet=43.0
iter  1430 | steps  46,858,240 | SPS     907 | r_p0 +0.136 r_p1 +0.360 | clip_frac 0.055 | KL 0.0060 | H_fire 0.055 H_ang 4.92 H_ship 2.16 | V_loss 0.0203 | LR 0.000016 | early_stop=0 | fire[0]=0.10 fire[rest_max]=0.19 srcs_multi=0.88 ship0=0.00 meanshipbin=7.2 avgfleet=26.4 p90fleet=46.0
iter  1431 | steps  46,891,008 | SPS     907 | r_p0 +0.085 r_p1 +0.412 | clip_frac 0.055 | KL 0.0052 | H_fire 0.057 H_ang 4.92 H_ship 2.17 | V_loss 0.0189 | LR 0.000016 | early_stop=0 | fire[0]=0.11 fire[rest_max]=0.19 srcs_multi=0.85 ship0=0.00 meanshipbin=7.1 avgfleet=27.6 p90fleet=48.0
iter  1432 | steps  46,923,776 | SPS     907 | r_p0 -0.041 r_p1 +0.537 | clip_frac 0.055 | KL 0.0068 | H_fire 0.055 H_ang 4.92 H_ship 2.17 | V_loss 0.0209 | LR 0.000016 | early_stop=0 | fire[0]=0.10 fire[rest_max]=0.17 srcs_multi=0.80 ship0=0.00 meanshipbin=7.3 avgfleet=25.4 p90fleet=44.0
iter  1433 | steps  46,956,544 | SPS     907 | r_p0 +0.112 r_p1 +0.386 | clip_frac 0.055 | KL 0.0041 | H_fire 0.046 H_ang 4.92 H_ship 2.17 | V_loss 0.0227 | LR 0.000016 | early_stop=0 | fire[0]=0.09 fire[rest_max]=0.16 srcs_multi=0.74 ship0=0.00 meanshipbin=7.2 avgfleet=25.5 p90fleet=44.0
iter  1434 | steps  46,989,312 | SPS     908 | r_p0 +0.146 r_p1 +0.346 | clip_frac 0.055 | KL 0.0054 | H_fire 0.046 H_ang 4.92 H_ship 2.17 | V_loss 0.0233 | LR 0.000016 | early_stop=0 | fire[0]=0.09 fire[rest_max]=0.16 srcs_multi=0.72 ship0=0.00 meanshipbin=7.2 avgfleet=25.5 p90fleet=45.0
iter  1435 | steps  47,022,080 | SPS     908 | r_p0 +0.261 r_p1 +0.232 | clip_frac 0.055 | KL 0.0052 | H_fire 0.043 H_ang 4.92 H_ship 2.17 | V_loss 0.0223 | LR 0.000016 | early_stop=0 | fire[0]=0.09 fire[rest_max]=0.15 srcs_multi=0.67 ship0=0.00 meanshipbin=7.4 avgfleet=27.3 p90fleet=47.0
iter  1436 | steps  47,054,848 | SPS     908 | r_p0 +0.071 r_p1 +0.420 | clip_frac 0.055 | KL 0.0050 | H_fire 0.043 H_ang 4.92 H_ship 2.17 | V_loss 0.0249 | LR 0.000016 | early_stop=0 | fire[0]=0.09 fire[rest_max]=0.15 srcs_multi=0.70 ship0=0.00 meanshipbin=7.3 avgfleet=26.8 p90fleet=46.0
iter  1437 | steps  47,087,616 | SPS     908 | r_p0 +0.295 r_p1 +0.196 | clip_frac 0.055 | KL 0.0051 | H_fire 0.042 H_ang 4.92 H_ship 2.17 | V_loss 0.0256 | LR 0.000016 | early_stop=0 | fire[0]=0.10 fire[rest_max]=0.16 srcs_multi=0.71 ship0=0.00 meanshipbin=7.3 avgfleet=26.2 p90fleet=44.0
iter  1438 | steps  47,120,384 | SPS     908 | r_p0 +0.432 r_p1 +0.060 | clip_frac 0.055 | KL 0.0064 | H_fire 0.041 H_ang 4.92 H_ship 2.17 | V_loss 0.0224 | LR 0.000016 | early_stop=0 | fire[0]=0.09 fire[rest_max]=0.17 srcs_multi=0.70 ship0=0.00 meanshipbin=7.4 avgfleet=26.8 p90fleet=45.0
iter  1439 | steps  47,153,152 | SPS     908 | r_p0 +0.208 r_p1 +0.285 | clip_frac 0.055 | KL 0.0075 | H_fire 0.039 H_ang 4.92 H_ship 2.17 | V_loss 0.0254 | LR 0.000016 | early_stop=0 | fire[0]=0.09 fire[rest_max]=0.16 srcs_multi=0.71 ship0=0.00 meanshipbin=7.4 avgfleet=27.5 p90fleet=47.0
iter  1440 | steps  47,185,920 | SPS     907 | r_p0 +0.196 r_p1 +0.296 | clip_frac 0.055 | KL 0.0053 | H_fire 0.048 H_ang 4.92 H_ship 2.16 | V_loss 0.0226 | LR 0.000016 | early_stop=0 | fire[0]=0.10 fire[rest_max]=0.18 srcs_multi=0.84 ship0=0.00 meanshipbin=7.2 avgfleet=28.4 p90fleet=48.0
iter  1441 | steps  47,218,688 | SPS     907 | r_p0 -0.180 r_p1 +0.672 | clip_frac 0.055 | KL 0.0041 | H_fire 0.052 H_ang 4.92 H_ship 2.16 | V_loss 0.0191 | LR 0.000016 | early_stop=0 | fire[0]=0.10 fire[rest_max]=0.18 srcs_multi=0.85 ship0=0.00 meanshipbin=7.2 avgfleet=28.0 p90fleet=48.0
iter  1442 | steps  47,251,456 | SPS     907 | r_p0 -0.004 r_p1 +0.498 | clip_frac 0.055 | KL 0.0054 | H_fire 0.048 H_ang 4.92 H_ship 2.17 | V_loss 0.0193 | LR 0.000016 | early_stop=0 | fire[0]=0.09 fire[rest_max]=0.17 srcs_multi=0.70 ship0=0.00 meanshipbin=7.3 avgfleet=25.3 p90fleet=44.0
iter  1443 | steps  47,284,224 | SPS     907 | r_p0 +0.347 r_p1 +0.147 | clip_frac 0.055 | KL 0.0051 | H_fire 0.047 H_ang 4.92 H_ship 2.16 | V_loss 0.0227 | LR 0.000016 | early_stop=0 | fire[0]=0.09 fire[rest_max]=0.16 srcs_multi=0.73 ship0=0.00 meanshipbin=7.3 avgfleet=25.5 p90fleet=44.0
iter  1444 | steps  47,316,992 | SPS     907 | r_p0 +0.399 r_p1 +0.099 | clip_frac 0.054 | KL 0.0048 | H_fire 0.052 H_ang 4.92 H_ship 2.17 | V_loss 0.0243 | LR 0.000016 | early_stop=0 | fire[0]=0.10 fire[rest_max]=0.18 srcs_multi=0.76 ship0=0.00 meanshipbin=7.3 avgfleet=24.8 p90fleet=45.0
iter  1445 | steps  47,349,760 | SPS     907 | r_p0 +0.382 r_p1 +0.110 | clip_frac 0.054 | KL 0.0051 | H_fire 0.047 H_ang 4.92 H_ship 2.16 | V_loss 0.0216 | LR 0.000016 | early_stop=0 | fire[0]=0.10 fire[rest_max]=0.16 srcs_multi=0.72 ship0=0.00 meanshipbin=7.4 avgfleet=26.0 p90fleet=45.0
iter  1446 | steps  47,382,528 | SPS     907 | r_p0 +0.009 r_p1 +0.480 | clip_frac 0.054 | KL 0.0059 | H_fire 0.044 H_ang 4.92 H_ship 2.16 | V_loss 0.0240 | LR 0.000016 | early_stop=0 | fire[0]=0.10 fire[rest_max]=0.17 srcs_multi=0.75 ship0=0.00 meanshipbin=7.5 avgfleet=26.2 p90fleet=45.0
iter  1447 | steps  47,415,296 | SPS     907 | r_p0 +0.047 r_p1 +0.444 | clip_frac 0.054 | KL 0.0053 | H_fire 0.040 H_ang 4.92 H_ship 2.16 | V_loss 0.0237 | LR 0.000016 | early_stop=0 | fire[0]=0.09 fire[rest_max]=0.17 srcs_multi=0.70 ship0=0.00 meanshipbin=7.6 avgfleet=26.9 p90fleet=45.0
iter  1448 | steps  47,448,064 | SPS     907 | r_p0 +0.099 r_p1 +0.398 | clip_frac 0.054 | KL 0.0069 | H_fire 0.045 H_ang 4.92 H_ship 2.15 | V_loss 0.0264 | LR 0.000016 | early_stop=0 | fire[0]=0.10 fire[rest_max]=0.18 srcs_multi=0.81 ship0=0.00 meanshipbin=7.5 avgfleet=26.2 p90fleet=45.0
iter  1449 | steps  47,480,832 | SPS     907 | r_p0 +0.373 r_p1 +0.123 | clip_frac 0.054 | KL 0.0048 | H_fire 0.043 H_ang 4.92 H_ship 2.16 | V_loss 0.0282 | LR 0.000016 | early_stop=0 | fire[0]=0.10 fire[rest_max]=0.18 srcs_multi=0.77 ship0=0.00 meanshipbin=7.5 avgfleet=28.1 p90fleet=49.0
iter  1450 | steps  47,513,600 | SPS     906 | r_p0 +0.360 r_p1 +0.135 | clip_frac 0.054 | KL 0.0062 | H_fire 0.046 H_ang 4.92 H_ship 2.16 | V_loss 0.0222 | LR 0.000016 | early_stop=0 | fire[0]=0.10 fire[rest_max]=0.17 srcs_multi=0.79 ship0=0.00 meanshipbin=7.4 avgfleet=28.0 p90fleet=48.0
iter  1451 | steps  47,546,368 | SPS     907 | r_p0 +0.087 r_p1 +0.412 | clip_frac 0.054 | KL 0.0060 | H_fire 0.045 H_ang 4.92 H_ship 2.17 | V_loss 0.0196 | LR 0.000016 | early_stop=0 | fire[0]=0.09 fire[rest_max]=0.15 srcs_multi=0.70 ship0=0.00 meanshipbin=7.5 avgfleet=27.9 p90fleet=48.0
iter  1452 | steps  47,579,136 | SPS     907 | r_p0 +0.247 r_p1 +0.245 | clip_frac 0.054 | KL 0.0057 | H_fire 0.047 H_ang 4.92 H_ship 2.16 | V_loss 0.0204 | LR 0.000016 | early_stop=0 | fire[0]=0.10 fire[rest_max]=0.16 srcs_multi=0.73 ship0=0.00 meanshipbin=7.4 avgfleet=25.8 p90fleet=45.0
iter  1453 | steps  47,611,904 | SPS     907 | r_p0 +0.384 r_p1 +0.110 | clip_frac 0.054 | KL 0.0065 | H_fire 0.047 H_ang 4.92 H_ship 2.16 | V_loss 0.0217 | LR 0.000016 | early_stop=0 | fire[0]=0.10 fire[rest_max]=0.17 srcs_multi=0.78 ship0=0.00 meanshipbin=7.4 avgfleet=25.4 p90fleet=44.0
iter  1454 | steps  47,644,672 | SPS     907 | r_p0 +0.384 r_p1 +0.111 | clip_frac 0.054 | KL 0.0052 | H_fire 0.054 H_ang 4.92 H_ship 2.16 | V_loss 0.0215 | LR 0.000016 | early_stop=0 | fire[0]=0.10 fire[rest_max]=0.17 srcs_multi=0.81 ship0=0.00 meanshipbin=7.5 avgfleet=25.3 p90fleet=44.0
iter  1455 | steps  47,677,440 | SPS     907 | r_p0 +0.522 r_p1 -0.028 | clip_frac 0.054 | KL 0.0045 | H_fire 0.055 H_ang 4.92 H_ship 2.15 | V_loss 0.0202 | LR 0.000016 | early_stop=0 | fire[0]=0.10 fire[rest_max]=0.17 srcs_multi=0.80 ship0=0.00 meanshipbin=7.5 avgfleet=25.4 p90fleet=44.0
iter  1456 | steps  47,710,208 | SPS     907 | r_p0 +0.522 r_p1 -0.028 | clip_frac 0.053 | KL 0.0046 | H_fire 0.049 H_ang 4.92 H_ship 2.16 | V_loss 0.0247 | LR 0.000016 | early_stop=0 | fire[0]=0.10 fire[rest_max]=0.16 srcs_multi=0.71 ship0=0.00 meanshipbin=7.6 avgfleet=26.2 p90fleet=46.0
iter  1457 | steps  47,742,976 | SPS     907 | r_p0 +0.248 r_p1 +0.244 | clip_frac 0.053 | KL 0.0065 | H_fire 0.050 H_ang 4.92 H_ship 2.15 | V_loss 0.0220 | LR 0.000016 | early_stop=0 | fire[0]=0.10 fire[rest_max]=0.17 srcs_multi=0.78 ship0=0.00 meanshipbin=7.6 avgfleet=25.0 p90fleet=44.0
  pool snapshot @ step 47,742,976
  pool size=22  alpha=2.0
    self                 self_step_41648128             wr=0.39 (n=411)  pfsp_w=0.373
    self                 self_step_46727168             wr=0.43 (n=163)  pfsp_w=0.326
    self                 self_step_44695552             wr=0.46 (n=516)  pfsp_w=0.294
    self                 self_step_37584896             wr=0.47 (n=1293)  pfsp_w=0.285
    self                 self_step_40632320             wr=0.48 (n=1010)  pfsp_w=0.274
    self                 self_step_45711360             wr=0.48 (n=281)  pfsp_w=0.270
    external_heuristic   candidate_zach_public          wr=0.49 (n=8760)  pfsp_w=0.259
    self                 self_step_30474240             wr=0.50 (n=2649)  pfsp_w=0.252
iter  1458 | steps  47,775,744 | SPS     907 | r_p0 +0.247 r_p1 +0.245 | clip_frac 0.053 | KL 0.0046 | H_fire 0.044 H_ang 4.92 H_ship 2.16 | V_loss 0.0202 | LR 0.000016 | early_stop=0 | fire[0]=0.10 fire[rest_max]=0.18 srcs_multi=0.77 ship0=0.00 meanshipbin=7.6 avgfleet=25.9 p90fleet=45.0
iter  1459 | steps  47,808,512 | SPS     907 | r_p0 +0.260 r_p1 +0.235 | clip_frac 0.053 | KL 0.0064 | H_fire 0.049 H_ang 4.92 H_ship 2.15 | V_loss 0.0219 | LR 0.000016 | early_stop=0 | fire[0]=0.10 fire[rest_max]=0.18 srcs_multi=0.84 ship0=0.00 meanshipbin=7.5 avgfleet=25.6 p90fleet=45.0
iter  1460 | steps  47,841,280 | SPS     907 | r_p0 +0.086 r_p1 +0.407 | clip_frac 0.053 | KL 0.0045 | H_fire 0.048 H_ang 4.92 H_ship 2.16 | V_loss 0.0240 | LR 0.000016 | early_stop=0 | fire[0]=0.10 fire[rest_max]=0.17 srcs_multi=0.75 ship0=0.00 meanshipbin=7.6 avgfleet=24.7 p90fleet=43.0
iter  1461 | steps  47,874,048 | SPS     907 | r_p0 +0.170 r_p1 +0.323 | clip_frac 0.053 | KL 0.0057 | H_fire 0.050 H_ang 4.92 H_ship 2.16 | V_loss 0.0216 | LR 0.000016 | early_stop=0 | fire[0]=0.10 fire[rest_max]=0.18 srcs_multi=0.83 ship0=0.00 meanshipbin=7.5 avgfleet=24.3 p90fleet=44.0
iter  1462 | steps  47,906,816 | SPS     907 | r_p0 +0.323 r_p1 +0.172 | clip_frac 0.053 | KL 0.0041 | H_fire 0.045 H_ang 4.92 H_ship 2.15 | V_loss 0.0234 | LR 0.000016 | early_stop=0 | fire[0]=0.10 fire[rest_max]=0.18 srcs_multi=0.75 ship0=0.00 meanshipbin=7.6 avgfleet=25.7 p90fleet=44.0
iter  1463 | steps  47,939,584 | SPS     907 | r_p0 +0.174 r_p1 +0.323 | clip_frac 0.053 | KL 0.0039 | H_fire 0.046 H_ang 4.92 H_ship 2.16 | V_loss 0.0206 | LR 0.000016 | early_stop=0 | fire[0]=0.10 fire[rest_max]=0.17 srcs_multi=0.76 ship0=0.00 meanshipbin=7.6 avgfleet=26.0 p90fleet=45.0
iter  1464 | steps  47,972,352 | SPS     908 | r_p0 +0.247 r_p1 +0.248 | clip_frac 0.053 | KL 0.0050 | H_fire 0.045 H_ang 4.92 H_ship 2.16 | V_loss 0.0248 | LR 0.000016 | early_stop=0 | fire[0]=0.10 fire[rest_max]=0.17 srcs_multi=0.74 ship0=0.00 meanshipbin=7.6 avgfleet=26.0 p90fleet=46.0
iter  1465 | steps  48,005,120 | SPS     908 | r_p0 +0.459 r_p1 +0.035 | clip_frac 0.053 | KL 0.0044 | H_fire 0.046 H_ang 4.92 H_ship 2.15 | V_loss 0.0239 | LR 0.000016 | early_stop=0 | fire[0]=0.10 fire[rest_max]=0.16 srcs_multi=0.75 ship0=0.00 meanshipbin=7.6 avgfleet=26.0 p90fleet=44.0
iter  1466 | steps  48,037,888 | SPS     908 | r_p0 +0.223 r_p1 +0.270 | clip_frac 0.053 | KL 0.0048 | H_fire 0.045 H_ang 4.92 H_ship 2.15 | V_loss 0.0242 | LR 0.000016 | early_stop=0 | fire[0]=0.10 fire[rest_max]=0.17 srcs_multi=0.77 ship0=0.00 meanshipbin=7.6 avgfleet=25.0 p90fleet=43.0
iter  1467 | steps  48,070,656 | SPS     907 | r_p0 +0.237 r_p1 +0.257 | clip_frac 0.053 | KL 0.0047 | H_fire 0.047 H_ang 4.92 H_ship 2.15 | V_loss 0.0237 | LR 0.000016 | early_stop=0 | fire[0]=0.10 fire[rest_max]=0.17 srcs_multi=0.79 ship0=0.00 meanshipbin=7.5 avgfleet=26.9 p90fleet=47.0
iter  1468 | steps  48,103,424 | SPS     907 | r_p0 +0.356 r_p1 +0.134 | clip_frac 0.053 | KL 0.0043 | H_fire 0.044 H_ang 4.92 H_ship 2.15 | V_loss 0.0226 | LR 0.000016 | early_stop=0 | fire[0]=0.10 fire[rest_max]=0.17 srcs_multi=0.74 ship0=0.00 meanshipbin=7.7 avgfleet=29.7 p90fleet=50.0
iter  1469 | steps  48,136,192 | SPS     907 | r_p0 +0.373 r_p1 +0.122 | clip_frac 0.052 | KL 0.0056 | H_fire 0.048 H_ang 4.92 H_ship 2.15 | V_loss 0.0247 | LR 0.000016 | early_stop=0 | fire[0]=0.10 fire[rest_max]=0.18 srcs_multi=0.79 ship0=0.00 meanshipbin=7.7 avgfleet=28.5 p90fleet=49.0
iter  1470 | steps  48,168,960 | SPS     907 | r_p0 +0.336 r_p1 +0.159 | clip_frac 0.052 | KL 0.0041 | H_fire 0.047 H_ang 4.92 H_ship 2.16 | V_loss 0.0205 | LR 0.000016 | early_stop=0 | fire[0]=0.10 fire[rest_max]=0.17 srcs_multi=0.74 ship0=0.00 meanshipbin=7.7 avgfleet=27.3 p90fleet=48.0
iter  1471 | steps  48,201,728 | SPS     907 | r_p0 +0.298 r_p1 +0.197 | clip_frac 0.052 | KL 0.0047 | H_fire 0.045 H_ang 4.92 H_ship 2.16 | V_loss 0.0225 | LR 0.000016 | early_stop=0 | fire[0]=0.09 fire[rest_max]=0.17 srcs_multi=0.71 ship0=0.00 meanshipbin=7.7 avgfleet=26.4 p90fleet=46.0
iter  1472 | steps  48,234,496 | SPS     906 | r_p0 +0.486 r_p1 +0.012 | clip_frac 0.052 | KL 0.0052 | H_fire 0.056 H_ang 4.92 H_ship 2.15 | V_loss 0.0228 | LR 0.000016 | early_stop=0 | fire[0]=0.10 fire[rest_max]=0.18 srcs_multi=0.82 ship0=0.00 meanshipbin=7.5 avgfleet=26.4 p90fleet=46.0
  saved checkpoints/torch_step_48234496_20260525_184201.pt
  saved checkpoints/pool_step_48234496_20260525_184201.pt (22 members)
iter  1473 | steps  48,267,264 | SPS     906 | r_p0 +0.642 r_p1 -0.152 | clip_frac 0.052 | KL 0.0036 | H_fire 0.058 H_ang 4.92 H_ship 2.16 | V_loss 0.0200 | LR 0.000016 | early_stop=0 | fire[0]=0.11 fire[rest_max]=0.19 srcs_multi=0.88 ship0=0.00 meanshipbin=7.5 avgfleet=29.2 p90fleet=51.0
iter  1474 | steps  48,300,032 | SPS     906 | r_p0 +0.346 r_p1 +0.145 | clip_frac 0.052 | KL 0.0052 | H_fire 0.041 H_ang 4.92 H_ship 2.16 | V_loss 0.0239 | LR 0.000016 | early_stop=0 | fire[0]=0.09 fire[rest_max]=0.16 srcs_multi=0.62 ship0=0.00 meanshipbin=7.8 avgfleet=27.1 p90fleet=46.0
iter  1475 | steps  48,332,800 | SPS     906 | r_p0 +0.462 r_p1 +0.036 | clip_frac 0.052 | KL 0.0057 | H_fire 0.045 H_ang 4.92 H_ship 2.16 | V_loss 0.0215 | LR 0.000016 | early_stop=0 | fire[0]=0.09 fire[rest_max]=0.16 srcs_multi=0.68 ship0=0.00 meanshipbin=7.8 avgfleet=26.9 p90fleet=46.0
iter  1476 | steps  48,365,568 | SPS     906 | r_p0 +0.309 r_p1 +0.185 | clip_frac 0.052 | KL 0.0061 | H_fire 0.044 H_ang 4.92 H_ship 2.15 | V_loss 0.0214 | LR 0.000016 | early_stop=0 | fire[0]=0.10 fire[rest_max]=0.16 srcs_multi=0.73 ship0=0.00 meanshipbin=7.8 avgfleet=26.7 p90fleet=46.0
iter  1477 | steps  48,398,336 | SPS     906 | r_p0 +0.234 r_p1 +0.259 | clip_frac 0.052 | KL 0.0063 | H_fire 0.045 H_ang 4.92 H_ship 2.15 | V_loss 0.0210 | LR 0.000016 | early_stop=0 | fire[0]=0.10 fire[rest_max]=0.16 srcs_multi=0.76 ship0=0.00 meanshipbin=7.8 avgfleet=26.3 p90fleet=46.0
iter  1478 | steps  48,431,104 | SPS     906 | r_p0 +0.158 r_p1 +0.335 | clip_frac 0.052 | KL 0.0044 | H_fire 0.045 H_ang 4.92 H_ship 2.15 | V_loss 0.0233 | LR 0.000016 | early_stop=0 | fire[0]=0.09 fire[rest_max]=0.16 srcs_multi=0.71 ship0=0.00 meanshipbin=7.7 avgfleet=26.8 p90fleet=46.0
iter  1479 | steps  48,463,872 | SPS     906 | r_p0 +0.359 r_p1 +0.134 | clip_frac 0.052 | KL 0.0053 | H_fire 0.046 H_ang 4.92 H_ship 2.16 | V_loss 0.0228 | LR 0.000016 | early_stop=0 | fire[0]=0.09 fire[rest_max]=0.16 srcs_multi=0.70 ship0=0.00 meanshipbin=7.7 avgfleet=26.6 p90fleet=46.0
iter  1480 | steps  48,496,640 | SPS     906 | r_p0 +0.323 r_p1 +0.174 | clip_frac 0.052 | KL 0.0054 | H_fire 0.046 H_ang 4.92 H_ship 2.16 | V_loss 0.0217 | LR 0.000016 | early_stop=0 | fire[0]=0.10 fire[rest_max]=0.17 srcs_multi=0.74 ship0=0.00 meanshipbin=7.6 avgfleet=25.7 p90fleet=46.0
iter  1481 | steps  48,529,408 | SPS     906 | r_p0 +0.385 r_p1 +0.110 | clip_frac 0.052 | KL 0.0048 | H_fire 0.050 H_ang 4.92 H_ship 2.15 | V_loss 0.0247 | LR 0.000016 | early_stop=0 | fire[0]=0.10 fire[rest_max]=0.17 srcs_multi=0.77 ship0=0.00 meanshipbin=7.6 avgfleet=24.7 p90fleet=44.0
iter  1482 | steps  48,562,176 | SPS     907 | r_p0 +0.235 r_p1 +0.256 | clip_frac 0.051 | KL 0.0041 | H_fire 0.045 H_ang 4.92 H_ship 2.16 | V_loss 0.0242 | LR 0.000016 | early_stop=0 | fire[0]=0.09 fire[rest_max]=0.17 srcs_multi=0.72 ship0=0.00 meanshipbin=7.7 avgfleet=26.5 p90fleet=46.0
iter  1483 | steps  48,594,944 | SPS     907 | r_p0 +0.309 r_p1 +0.184 | clip_frac 0.051 | KL 0.0037 | H_fire 0.045 H_ang 4.92 H_ship 2.15 | V_loss 0.0256 | LR 0.000016 | early_stop=0 | fire[0]=0.10 fire[rest_max]=0.17 srcs_multi=0.73 ship0=0.00 meanshipbin=7.7 avgfleet=26.8 p90fleet=45.0
iter  1484 | steps  48,627,712 | SPS     907 | r_p0 +0.321 r_p1 +0.172 | clip_frac 0.051 | KL 0.0046 | H_fire 0.041 H_ang 4.92 H_ship 2.16 | V_loss 0.0247 | LR 0.000016 | early_stop=0 | fire[0]=0.09 fire[rest_max]=0.17 srcs_multi=0.70 ship0=0.00 meanshipbin=7.7 avgfleet=27.0 p90fleet=47.0
iter  1485 | steps  48,660,480 | SPS     907 | r_p0 +0.157 r_p1 +0.336 | clip_frac 0.051 | KL 0.0043 | H_fire 0.044 H_ang 4.92 H_ship 2.15 | V_loss 0.0245 | LR 0.000016 | early_stop=0 | fire[0]=0.10 fire[rest_max]=0.16 srcs_multi=0.75 ship0=0.00 meanshipbin=7.6 avgfleet=25.8 p90fleet=44.0
iter  1486 | steps  48,693,248 | SPS     907 | r_p0 +0.199 r_p1 +0.298 | clip_frac 0.051 | KL 0.0043 | H_fire 0.039 H_ang 4.92 H_ship 2.16 | V_loss 0.0225 | LR 0.000016 | early_stop=0 | fire[0]=0.09 fire[rest_max]=0.15 srcs_multi=0.69 ship0=0.00 meanshipbin=7.7 avgfleet=27.8 p90fleet=47.0
iter  1487 | steps  48,726,016 | SPS     907 | r_p0 +0.324 r_p1 +0.175 | clip_frac 0.051 | KL 0.0051 | H_fire 0.044 H_ang 4.92 H_ship 2.15 | V_loss 0.0227 | LR 0.000016 | early_stop=0 | fire[0]=0.10 fire[rest_max]=0.16 srcs_multi=0.73 ship0=0.00 meanshipbin=7.7 avgfleet=27.4 p90fleet=46.0
iter  1488 | steps  48,758,784 | SPS     907 | r_p0 +0.347 r_p1 +0.149 | clip_frac 0.051 | KL 0.0053 | H_fire 0.041 H_ang 4.92 H_ship 2.16 | V_loss 0.0249 | LR 0.000016 | early_stop=0 | fire[0]=0.10 fire[rest_max]=0.16 srcs_multi=0.68 ship0=0.00 meanshipbin=7.7 avgfleet=27.8 p90fleet=48.0
  pool snapshot @ step 48,758,784
  pool size=22  alpha=2.0
    self                 self_step_46727168             wr=0.43 (n=340)  pfsp_w=0.326
    self                 self_step_41648128             wr=0.44 (n=570)  pfsp_w=0.317
    self                 self_step_47742976             wr=0.45 (n=251)  pfsp_w=0.298
    self                 self_step_37584896             wr=0.47 (n=1373)  pfsp_w=0.277
    self                 self_step_40632320             wr=0.49 (n=1082)  pfsp_w=0.264
    self                 self_step_44695552             wr=0.49 (n=852)  pfsp_w=0.263
    external_heuristic   candidate_zach_public          wr=0.49 (n=8932)  pfsp_w=0.258
    self                 self_step_30474240             wr=0.50 (n=2799)  pfsp_w=0.252
iter  1489 | steps  48,791,552 | SPS     907 | r_p0 +0.246 r_p1 +0.245 | clip_frac 0.051 | KL 0.0050 | H_fire 0.046 H_ang 4.92 H_ship 2.16 | V_loss 0.0216 | LR 0.000016 | early_stop=0 | fire[0]=0.09 fire[rest_max]=0.16 srcs_multi=0.70 ship0=0.00 meanshipbin=7.7 avgfleet=27.1 p90fleet=46.0
iter  1490 | steps  48,824,320 | SPS     907 | r_p0 -0.039 r_p1 +0.533 | clip_frac 0.050 | KL 0.0041 | H_fire 0.044 H_ang 4.92 H_ship 2.15 | V_loss 0.0249 | LR 0.000016 | early_stop=0 | fire[0]=0.10 fire[rest_max]=0.16 srcs_multi=0.70 ship0=0.00 meanshipbin=7.7 avgfleet=27.0 p90fleet=46.0
iter  1491 | steps  48,857,088 | SPS     907 | r_p0 +0.257 r_p1 +0.235 | clip_frac 0.050 | KL 0.0050 | H_fire 0.044 H_ang 4.92 H_ship 2.15 | V_loss 0.0230 | LR 0.000016 | early_stop=0 | fire[0]=0.10 fire[rest_max]=0.16 srcs_multi=0.73 ship0=0.00 meanshipbin=7.7 avgfleet=26.9 p90fleet=46.0
iter  1492 | steps  48,889,856 | SPS     907 | r_p0 +0.359 r_p1 +0.136 | clip_frac 0.050 | KL 0.0055 | H_fire 0.043 H_ang 4.92 H_ship 2.15 | V_loss 0.0251 | LR 0.000016 | early_stop=0 | fire[0]=0.10 fire[rest_max]=0.17 srcs_multi=0.75 ship0=0.00 meanshipbin=7.7 avgfleet=26.4 p90fleet=45.0
iter  1493 | steps  48,922,624 | SPS     907 | r_p0 +0.247 r_p1 +0.248 | clip_frac 0.050 | KL 0.0051 | H_fire 0.047 H_ang 4.92 H_ship 2.16 | V_loss 0.0216 | LR 0.000016 | early_stop=0 | fire[0]=0.10 fire[rest_max]=0.16 srcs_multi=0.72 ship0=0.00 meanshipbin=7.7 avgfleet=26.5 p90fleet=46.0
iter  1494 | steps  48,955,392 | SPS     907 | r_p0 +0.322 r_p1 +0.175 | clip_frac 0.050 | KL 0.0050 | H_fire 0.047 H_ang 4.92 H_ship 2.16 | V_loss 0.0235 | LR 0.000015 | early_stop=0 | fire[0]=0.10 fire[rest_max]=0.16 srcs_multi=0.73 ship0=0.00 meanshipbin=7.7 avgfleet=25.7 p90fleet=45.0
iter  1495 | steps  48,988,160 | SPS     907 | r_p0 +0.047 r_p1 +0.449 | clip_frac 0.050 | KL 0.0054 | H_fire 0.047 H_ang 4.92 H_ship 2.16 | V_loss 0.0233 | LR 0.000015 | early_stop=0 | fire[0]=0.10 fire[rest_max]=0.16 srcs_multi=0.73 ship0=0.00 meanshipbin=7.8 avgfleet=27.0 p90fleet=47.0
iter  1496 | steps  49,020,928 | SPS     908 | r_p0 +0.084 r_p1 +0.410 | clip_frac 0.050 | KL 0.0065 | H_fire 0.042 H_ang 4.92 H_ship 2.16 | V_loss 0.0279 | LR 0.000015 | early_stop=0 | fire[0]=0.09 fire[rest_max]=0.16 srcs_multi=0.68 ship0=0.00 meanshipbin=7.8 avgfleet=27.8 p90fleet=48.0
iter  1497 | steps  49,053,696 | SPS     908 | r_p0 +0.209 r_p1 +0.286 | clip_frac 0.050 | KL 0.0067 | H_fire 0.042 H_ang 4.92 H_ship 2.16 | V_loss 0.0228 | LR 0.000015 | early_stop=0 | fire[0]=0.09 fire[rest_max]=0.15 srcs_multi=0.70 ship0=0.00 meanshipbin=7.8 avgfleet=27.2 p90fleet=46.0
iter  1498 | steps  49,086,464 | SPS     908 | r_p0 +0.393 r_p1 +0.099 | clip_frac 0.050 | KL 0.0052 | H_fire 0.041 H_ang 4.92 H_ship 2.15 | V_loss 0.0244 | LR 0.000015 | early_stop=0 | fire[0]=0.10 fire[rest_max]=0.15 srcs_multi=0.71 ship0=0.00 meanshipbin=7.7 avgfleet=27.3 p90fleet=46.0
iter  1499 | steps  49,119,232 | SPS     908 | r_p0 +0.333 r_p1 +0.158 | clip_frac 0.050 | KL 0.0050 | H_fire 0.039 H_ang 4.92 H_ship 2.15 | V_loss 0.0256 | LR 0.000015 | early_stop=0 | fire[0]=0.10 fire[rest_max]=0.15 srcs_multi=0.71 ship0=0.00 meanshipbin=7.8 avgfleet=28.2 p90fleet=47.0
iter  1500 | steps  49,152,000 | SPS     908 | r_p0 +0.146 r_p1 +0.349 | clip_frac 0.050 | KL 0.0052 | H_fire 0.038 H_ang 4.92 H_ship 2.16 | V_loss 0.0215 | LR 0.000015 | early_stop=0 | fire[0]=0.09 fire[rest_max]=0.16 srcs_multi=0.70 ship0=0.00 meanshipbin=7.8 avgfleet=27.8 p90fleet=47.0
iter  1501 | steps  49,184,768 | SPS     908 | r_p0 +0.112 r_p1 +0.385 | clip_frac 0.050 | KL 0.0050 | H_fire 0.039 H_ang 4.92 H_ship 2.16 | V_loss 0.0242 | LR 0.000015 | early_stop=0 | fire[0]=0.09 fire[rest_max]=0.15 srcs_multi=0.68 ship0=0.00 meanshipbin=7.9 avgfleet=28.5 p90fleet=48.0
iter  1502 | steps  49,217,536 | SPS     908 | r_p0 +0.135 r_p1 +0.360 | clip_frac 0.050 | KL 0.0041 | H_fire 0.038 H_ang 4.92 H_ship 2.16 | V_loss 0.0226 | LR 0.000015 | early_stop=0 | fire[0]=0.09 fire[rest_max]=0.15 srcs_multi=0.67 ship0=0.00 meanshipbin=7.8 avgfleet=29.1 p90fleet=49.0
iter  1503 | steps  49,250,304 | SPS     908 | r_p0 +0.074 r_p1 +0.421 | clip_frac 0.049 | KL 0.0046 | H_fire 0.041 H_ang 4.92 H_ship 2.16 | V_loss 0.0236 | LR 0.000015 | early_stop=0 | fire[0]=0.09 fire[rest_max]=0.15 srcs_multi=0.70 ship0=0.00 meanshipbin=7.8 avgfleet=28.5 p90fleet=48.0
iter  1504 | steps  49,283,072 | SPS     908 | r_p0 +0.061 r_p1 +0.430 | clip_frac 0.049 | KL 0.0042 | H_fire 0.040 H_ang 4.92 H_ship 2.15 | V_loss 0.0224 | LR 0.000015 | early_stop=0 | fire[0]=0.10 fire[rest_max]=0.15 srcs_multi=0.71 ship0=0.00 meanshipbin=7.9 avgfleet=28.6 p90fleet=48.0
iter  1505 | steps  49,315,840 | SPS     908 | r_p0 -0.053 r_p1 +0.548 | clip_frac 0.049 | KL 0.0036 | H_fire 0.035 H_ang 4.92 H_ship 2.16 | V_loss 0.0248 | LR 0.000015 | early_stop=0 | fire[0]=0.09 fire[rest_max]=0.14 srcs_multi=0.62 ship0=0.00 meanshipbin=7.9 avgfleet=28.3 p90fleet=48.0
iter  1506 | steps  49,348,608 | SPS     908 | r_p0 +0.062 r_p1 +0.432 | clip_frac 0.049 | KL 0.0041 | H_fire 0.035 H_ang 4.92 H_ship 2.16 | V_loss 0.0228 | LR 0.000015 | early_stop=0 | fire[0]=0.09 fire[rest_max]=0.14 srcs_multi=0.64 ship0=0.00 meanshipbin=7.9 avgfleet=28.5 p90fleet=48.0
iter  1507 | steps  49,381,376 | SPS     908 | r_p0 +0.223 r_p1 +0.273 | clip_frac 0.049 | KL 0.0055 | H_fire 0.038 H_ang 4.92 H_ship 2.16 | V_loss 0.0222 | LR 0.000015 | early_stop=0 | fire[0]=0.09 fire[rest_max]=0.15 srcs_multi=0.67 ship0=0.00 meanshipbin=7.9 avgfleet=28.7 p90fleet=48.0
iter  1508 | steps  49,414,144 | SPS     908 | r_p0 +0.261 r_p1 +0.235 | clip_frac 0.049 | KL 0.0049 | H_fire 0.041 H_ang 4.92 H_ship 2.16 | V_loss 0.0236 | LR 0.000015 | early_stop=0 | fire[0]=0.09 fire[rest_max]=0.14 srcs_multi=0.66 ship0=0.00 meanshipbin=7.8 avgfleet=28.5 p90fleet=49.0
iter  1509 | steps  49,446,912 | SPS     909 | r_p0 +0.134 r_p1 +0.360 | clip_frac 0.048 | KL 0.0033 | H_fire 0.038 H_ang 4.92 H_ship 2.16 | V_loss 0.0240 | LR 0.000015 | early_stop=0 | fire[0]=0.09 fire[rest_max]=0.15 srcs_multi=0.62 ship0=0.00 meanshipbin=7.9 avgfleet=28.5 p90fleet=48.0
iter  1510 | steps  49,479,680 | SPS     908 | r_p0 +0.359 r_p1 +0.134 | clip_frac 0.049 | KL 0.0056 | H_fire 0.040 H_ang 4.92 H_ship 2.16 | V_loss 0.0249 | LR 0.000015 | early_stop=0 | fire[0]=0.09 fire[rest_max]=0.16 srcs_multi=0.69 ship0=0.00 meanshipbin=7.7 avgfleet=30.2 p90fleet=51.0
iter  1511 | steps  49,512,448 | SPS     908 | r_p0 +0.271 r_p1 +0.225 | clip_frac 0.048 | KL 0.0055 | H_fire 0.042 H_ang 4.92 H_ship 2.16 | V_loss 0.0232 | LR 0.000015 | early_stop=0 | fire[0]=0.09 fire[rest_max]=0.15 srcs_multi=0.70 ship0=0.00 meanshipbin=7.8 avgfleet=31.3 p90fleet=51.0
iter  1512 | steps  49,545,216 | SPS     908 | r_p0 +0.298 r_p1 +0.198 | clip_frac 0.048 | KL 0.0046 | H_fire 0.039 H_ang 4.92 H_ship 2.15 | V_loss 0.0233 | LR 0.000015 | early_stop=0 | fire[0]=0.09 fire[rest_max]=0.15 srcs_multi=0.65 ship0=0.00 meanshipbin=7.9 avgfleet=29.8 p90fleet=50.0
iter  1513 | steps  49,577,984 | SPS     908 | r_p0 +0.162 r_p1 +0.335 | clip_frac 0.049 | KL 0.0082 | H_fire 0.036 H_ang 4.92 H_ship 2.16 | V_loss 0.0231 | LR 0.000015 | early_stop=0 | fire[0]=0.09 fire[rest_max]=0.14 srcs_multi=0.62 ship0=0.00 meanshipbin=8.0 avgfleet=30.1 p90fleet=50.0
iter  1514 | steps  49,610,752 | SPS     908 | r_p0 +0.084 r_p1 +0.411 | clip_frac 0.049 | KL 0.0064 | H_fire 0.040 H_ang 4.92 H_ship 2.16 | V_loss 0.0251 | LR 0.000015 | early_stop=0 | fire[0]=0.09 fire[rest_max]=0.15 srcs_multi=0.67 ship0=0.00 meanshipbin=7.9 avgfleet=29.2 p90fleet=50.0
iter  1515 | steps  49,643,520 | SPS     908 | r_p0 +0.071 r_p1 +0.422 | clip_frac 0.049 | KL 0.0044 | H_fire 0.038 H_ang 4.92 H_ship 2.16 | V_loss 0.0247 | LR 0.000015 | early_stop=0 | fire[0]=0.09 fire[rest_max]=0.14 srcs_multi=0.63 ship0=0.00 meanshipbin=8.0 avgfleet=29.0 p90fleet=48.0
iter  1516 | steps  49,676,288 | SPS     908 | r_p0 +0.158 r_p1 +0.334 | clip_frac 0.049 | KL 0.0043 | H_fire 0.041 H_ang 4.92 H_ship 2.16 | V_loss 0.0250 | LR 0.000015 | early_stop=0 | fire[0]=0.09 fire[rest_max]=0.15 srcs_multi=0.66 ship0=0.00 meanshipbin=8.0 avgfleet=28.4 p90fleet=49.0
iter  1517 | steps  49,709,056 | SPS     908 | r_p0 +0.194 r_p1 +0.297 | clip_frac 0.048 | KL 0.0048 | H_fire 0.038 H_ang 4.92 H_ship 2.16 | V_loss 0.0263 | LR 0.000015 | early_stop=0 | fire[0]=0.09 fire[rest_max]=0.14 srcs_multi=0.65 ship0=0.00 meanshipbin=7.9 avgfleet=29.1 p90fleet=49.0
iter  1518 | steps  49,741,824 | SPS     908 | r_p0 +0.235 r_p1 +0.261 | clip_frac 0.048 | KL 0.0035 | H_fire 0.039 H_ang 4.92 H_ship 2.15 | V_loss 0.0281 | LR 0.000015 | early_stop=0 | fire[0]=0.10 fire[rest_max]=0.15 srcs_multi=0.69 ship0=0.00 meanshipbin=7.9 avgfleet=28.4 p90fleet=47.0
iter  1519 | steps  49,774,592 | SPS     908 | r_p0 +0.495 r_p1 -0.001 | clip_frac 0.048 | KL 0.0068 | H_fire 0.036 H_ang 4.92 H_ship 2.16 | V_loss 0.0240 | LR 0.000015 | early_stop=0 | fire[0]=0.08 fire[rest_max]=0.15 srcs_multi=0.62 ship0=0.00 meanshipbin=7.9 avgfleet=29.4 p90fleet=50.0
  pool snapshot @ step 49,774,592
  pool size=22  alpha=2.0
    self                 self_step_41648128             wr=0.44 (n=719)  pfsp_w=0.317
    self                 self_step_46727168             wr=0.45 (n=417)  pfsp_w=0.299
    self                 self_step_47742976             wr=0.46 (n=515)  pfsp_w=0.293
    self                 self_step_44695552             wr=0.47 (n=1016)  pfsp_w=0.284
    self                 self_step_37584896             wr=0.48 (n=1448)  pfsp_w=0.274
    self                 self_step_40632320             wr=0.49 (n=1082)  pfsp_w=0.264
    external_heuristic   candidate_zach_public          wr=0.49 (n=8932)  pfsp_w=0.258
    self                 self_step_30474240             wr=0.49 (n=3048)  pfsp_w=0.258
iter  1520 | steps  49,807,360 | SPS     908 | r_p0 +0.311 r_p1 +0.185 | clip_frac 0.048 | KL 0.0040 | H_fire 0.039 H_ang 4.92 H_ship 2.16 | V_loss 0.0262 | LR 0.000015 | early_stop=0 | fire[0]=0.10 fire[rest_max]=0.16 srcs_multi=0.69 ship0=0.00 meanshipbin=8.0 avgfleet=28.1 p90fleet=48.0
iter  1521 | steps  49,840,128 | SPS     909 | r_p0 +0.173 r_p1 +0.321 | clip_frac 0.048 | KL 0.0055 | H_fire 0.039 H_ang 4.92 H_ship 2.16 | V_loss 0.0231 | LR 0.000015 | early_stop=0 | fire[0]=0.09 fire[rest_max]=0.16 srcs_multi=0.67 ship0=0.00 meanshipbin=7.9 avgfleet=28.5 p90fleet=48.0
iter  1522 | steps  49,872,896 | SPS     909 | r_p0 +0.261 r_p1 +0.233 | clip_frac 0.048 | KL 0.0036 | H_fire 0.037 H_ang 4.92 H_ship 2.16 | V_loss 0.0274 | LR 0.000015 | early_stop=0 | fire[0]=0.09 fire[rest_max]=0.15 srcs_multi=0.61 ship0=0.00 meanshipbin=8.1 avgfleet=29.4 p90fleet=50.0
iter  1523 | steps  49,905,664 | SPS     909 | r_p0 +0.159 r_p1 +0.335 | clip_frac 0.048 | KL 0.0080 | H_fire 0.039 H_ang 4.92 H_ship 2.15 | V_loss 0.0245 | LR 0.000015 | early_stop=0 | fire[0]=0.09 fire[rest_max]=0.15 srcs_multi=0.66 ship0=0.00 meanshipbin=8.1 avgfleet=29.9 p90fleet=51.0
iter  1524 | steps  49,938,432 | SPS     909 | r_p0 +0.195 r_p1 +0.296 | clip_frac 0.049 | KL 0.0067 | H_fire 0.038 H_ang 4.92 H_ship 2.15 | V_loss 0.0288 | LR 0.000015 | early_stop=0 | fire[0]=0.10 fire[rest_max]=0.16 srcs_multi=0.72 ship0=0.00 meanshipbin=8.0 avgfleet=29.6 p90fleet=51.0
iter  1525 | steps  49,971,200 | SPS     909 | r_p0 +0.236 r_p1 +0.261 | clip_frac 0.048 | KL 0.0050 | H_fire 0.037 H_ang 4.92 H_ship 2.16 | V_loss 0.0225 | LR 0.000015 | early_stop=0 | fire[0]=0.09 fire[rest_max]=0.15 srcs_multi=0.68 ship0=0.00 meanshipbin=8.0 avgfleet=29.5 p90fleet=52.0
iter  1526 | steps  50,003,968 | SPS     909 | r_p0 +0.272 r_p1 +0.224 | clip_frac 0.048 | KL 0.0053 | H_fire 0.038 H_ang 4.92 H_ship 2.16 | V_loss 0.0233 | LR 0.000015 | early_stop=0 | fire[0]=0.09 fire[rest_max]=0.14 srcs_multi=0.65 ship0=0.00 meanshipbin=8.0 avgfleet=28.1 p90fleet=47.0
iter  1527 | steps  50,036,736 | SPS     909 | r_p0 +0.111 r_p1 +0.385 | clip_frac 0.048 | KL 0.0044 | H_fire 0.034 H_ang 4.92 H_ship 2.16 | V_loss 0.0256 | LR 0.000015 | early_stop=0 | fire[0]=0.09 fire[rest_max]=0.14 srcs_multi=0.61 ship0=0.00 meanshipbin=8.0 avgfleet=30.0 p90fleet=51.0
iter  1528 | steps  50,069,504 | SPS     909 | r_p0 +0.261 r_p1 +0.236 | clip_frac 0.048 | KL 0.0044 | H_fire 0.035 H_ang 4.92 H_ship 2.16 | V_loss 0.0241 | LR 0.000015 | early_stop=0 | fire[0]=0.09 fire[rest_max]=0.15 srcs_multi=0.65 ship0=0.00 meanshipbin=8.0 avgfleet=29.5 p90fleet=50.0
iter  1529 | steps  50,102,272 | SPS     909 | r_p0 +0.223 r_p1 +0.273 | clip_frac 0.048 | KL 0.0033 | H_fire 0.033 H_ang 4.92 H_ship 2.15 | V_loss 0.0255 | LR 0.000015 | early_stop=0 | fire[0]=0.09 fire[rest_max]=0.14 srcs_multi=0.66 ship0=0.00 meanshipbin=8.1 avgfleet=30.3 p90fleet=51.0
iter  1530 | steps  50,135,040 | SPS     909 | r_p0 +0.285 r_p1 +0.212 | clip_frac 0.048 | KL 0.0056 | H_fire 0.035 H_ang 4.92 H_ship 2.16 | V_loss 0.0250 | LR 0.000015 | early_stop=0 | fire[0]=0.09 fire[rest_max]=0.14 srcs_multi=0.66 ship0=0.00 meanshipbin=8.0 avgfleet=29.7 p90fleet=50.0
iter  1531 | steps  50,167,808 | SPS     909 | r_p0 +0.272 r_p1 +0.222 | clip_frac 0.048 | KL 0.0040 | H_fire 0.037 H_ang 4.92 H_ship 2.16 | V_loss 0.0252 | LR 0.000015 | early_stop=0 | fire[0]=0.09 fire[rest_max]=0.14 srcs_multi=0.67 ship0=0.00 meanshipbin=8.0 avgfleet=29.4 p90fleet=50.0
iter  1532 | steps  50,200,576 | SPS     909 | r_p0 +0.098 r_p1 +0.396 | clip_frac 0.048 | KL 0.0058 | H_fire 0.038 H_ang 4.92 H_ship 2.16 | V_loss 0.0280 | LR 0.000015 | early_stop=0 | fire[0]=0.09 fire[rest_max]=0.15 srcs_multi=0.69 ship0=0.00 meanshipbin=8.0 avgfleet=29.0 p90fleet=50.0
iter  1533 | steps  50,233,344 | SPS     909 | r_p0 +0.060 r_p1 +0.431 | clip_frac 0.048 | KL 0.0043 | H_fire 0.040 H_ang 4.92 H_ship 2.16 | V_loss 0.0262 | LR 0.000015 | early_stop=0 | fire[0]=0.10 fire[rest_max]=0.16 srcs_multi=0.70 ship0=0.00 meanshipbin=7.9 avgfleet=28.2 p90fleet=48.0
iter  1534 | steps  50,266,112 | SPS     909 | r_p0 -0.078 r_p1 +0.572 | clip_frac 0.048 | KL 0.0066 | H_fire 0.040 H_ang 4.92 H_ship 2.15 | V_loss 0.0268 | LR 0.000015 | early_stop=0 | fire[0]=0.10 fire[rest_max]=0.16 srcs_multi=0.71 ship0=0.00 meanshipbin=8.0 avgfleet=28.2 p90fleet=48.0
iter  1535 | steps  50,298,880 | SPS     909 | r_p0 -0.016 r_p1 +0.510 | clip_frac 0.048 | KL 0.0056 | H_fire 0.041 H_ang 4.92 H_ship 2.14 | V_loss 0.0299 | LR 0.000015 | early_stop=0 | fire[0]=0.10 fire[rest_max]=0.17 srcs_multi=0.78 ship0=0.00 meanshipbin=8.0 avgfleet=28.5 p90fleet=48.0
iter  1536 | steps  50,331,648 | SPS     909 | r_p0 -0.175 r_p1 +0.674 | clip_frac 0.048 | KL 0.0059 | H_fire 0.034 H_ang 4.93 H_ship 2.17 | V_loss 0.0225 | LR 0.000015 | early_stop=0 | fire[0]=0.09 fire[rest_max]=0.16 srcs_multi=0.64 ship0=0.00 meanshipbin=7.9 avgfleet=29.5 p90fleet=51.0
iter  1537 | steps  50,364,416 | SPS     909 | r_p0 +0.122 r_p1 +0.375 | clip_frac 0.048 | KL 0.0038 | H_fire 0.034 H_ang 4.93 H_ship 2.16 | V_loss 0.0260 | LR 0.000015 | early_stop=0 | fire[0]=0.09 fire[rest_max]=0.15 srcs_multi=0.65 ship0=0.00 meanshipbin=8.0 avgfleet=28.2 p90fleet=48.0
iter  1538 | steps  50,397,184 | SPS     909 | r_p0 +0.136 r_p1 +0.361 | clip_frac 0.048 | KL 0.0039 | H_fire 0.034 H_ang 4.92 H_ship 2.15 | V_loss 0.0291 | LR 0.000015 | early_stop=0 | fire[0]=0.09 fire[rest_max]=0.15 srcs_multi=0.66 ship0=0.00 meanshipbin=8.0 avgfleet=28.8 p90fleet=48.0
iter  1539 | steps  50,429,952 | SPS     910 | r_p0 +0.274 r_p1 +0.221 | clip_frac 0.048 | KL 0.0066 | H_fire 0.035 H_ang 4.92 H_ship 2.16 | V_loss 0.0252 | LR 0.000015 | early_stop=0 | fire[0]=0.09 fire[rest_max]=0.14 srcs_multi=0.62 ship0=0.00 meanshipbin=8.0 avgfleet=29.4 p90fleet=50.0
iter  1540 | steps  50,462,720 | SPS     910 | r_p0 +0.112 r_p1 +0.386 | clip_frac 0.048 | KL 0.0041 | H_fire 0.038 H_ang 4.92 H_ship 2.16 | V_loss 0.0260 | LR 0.000015 | early_stop=0 | fire[0]=0.09 fire[rest_max]=0.16 srcs_multi=0.66 ship0=0.00 meanshipbin=7.9 avgfleet=28.6 p90fleet=49.0
iter  1541 | steps  50,495,488 | SPS     910 | r_p0 +0.195 r_p1 +0.296 | clip_frac 0.048 | KL 0.0030 | H_fire 0.037 H_ang 4.92 H_ship 2.16 | V_loss 0.0289 | LR 0.000015 | early_stop=0 | fire[0]=0.09 fire[rest_max]=0.15 srcs_multi=0.63 ship0=0.00 meanshipbin=8.0 avgfleet=29.0 p90fleet=48.0
iter  1542 | steps  50,528,256 | SPS     910 | r_p0 +0.285 r_p1 +0.210 | clip_frac 0.048 | KL 0.0053 | H_fire 0.033 H_ang 4.92 H_ship 2.16 | V_loss 0.0258 | LR 0.000015 | early_stop=0 | fire[0]=0.09 fire[rest_max]=0.15 srcs_multi=0.66 ship0=0.00 meanshipbin=8.0 avgfleet=30.2 p90fleet=51.0
iter  1543 | steps  50,561,024 | SPS     910 | r_p0 +0.048 r_p1 +0.448 | clip_frac 0.048 | KL 0.0059 | H_fire 0.035 H_ang 4.92 H_ship 2.16 | V_loss 0.0266 | LR 0.000015 | early_stop=0 | fire[0]=0.09 fire[rest_max]=0.15 srcs_multi=0.68 ship0=0.00 meanshipbin=8.0 avgfleet=29.4 p90fleet=50.0
iter  1544 | steps  50,593,792 | SPS     910 | r_p0 +0.159 r_p1 +0.335 | clip_frac 0.048 | KL 0.0041 | H_fire 0.033 H_ang 4.92 H_ship 2.16 | V_loss 0.0294 | LR 0.000015 | early_stop=0 | fire[0]=0.09 fire[rest_max]=0.15 srcs_multi=0.65 ship0=0.00 meanshipbin=8.0 avgfleet=30.0 p90fleet=50.0
iter  1545 | steps  50,626,560 | SPS     910 | r_p0 +0.061 r_p1 +0.436 | clip_frac 0.048 | KL 0.0057 | H_fire 0.038 H_ang 4.93 H_ship 2.16 | V_loss 0.0237 | LR 0.000015 | early_stop=0 | fire[0]=0.09 fire[rest_max]=0.16 srcs_multi=0.71 ship0=0.00 meanshipbin=7.9 avgfleet=27.7 p90fleet=46.0
iter  1546 | steps  50,659,328 | SPS     910 | r_p0 +0.236 r_p1 +0.258 | clip_frac 0.048 | KL 0.0044 | H_fire 0.037 H_ang 4.93 H_ship 2.16 | V_loss 0.0298 | LR 0.000015 | early_stop=0 | fire[0]=0.09 fire[rest_max]=0.17 srcs_multi=0.68 ship0=0.00 meanshipbin=8.0 avgfleet=27.9 p90fleet=48.0
iter  1547 | steps  50,692,096 | SPS     910 | r_p0 +0.261 r_p1 +0.235 | clip_frac 0.047 | KL 0.0062 | H_fire 0.039 H_ang 4.92 H_ship 2.16 | V_loss 0.0260 | LR 0.000015 | early_stop=0 | fire[0]=0.09 fire[rest_max]=0.15 srcs_multi=0.69 ship0=0.00 meanshipbin=8.0 avgfleet=28.2 p90fleet=48.0
iter  1548 | steps  50,724,864 | SPS     910 | r_p0 +0.374 r_p1 +0.124 | clip_frac 0.047 | KL 0.0032 | H_fire 0.038 H_ang 4.92 H_ship 2.16 | V_loss 0.0244 | LR 0.000015 | early_stop=0 | fire[0]=0.09 fire[rest_max]=0.16 srcs_multi=0.67 ship0=0.00 meanshipbin=8.0 avgfleet=28.2 p90fleet=48.0
iter  1549 | steps  50,757,632 | SPS     910 | r_p0 +0.322 r_p1 +0.174 | clip_frac 0.047 | KL 0.0050 | H_fire 0.039 H_ang 4.92 H_ship 2.16 | V_loss 0.0251 | LR 0.000015 | early_stop=0 | fire[0]=0.09 fire[rest_max]=0.15 srcs_multi=0.64 ship0=0.00 meanshipbin=7.9 avgfleet=29.2 p90fleet=50.0
iter  1550 | steps  50,790,400 | SPS     910 | r_p0 +0.136 r_p1 +0.361 | clip_frac 0.047 | KL 0.0047 | H_fire 0.033 H_ang 4.93 H_ship 2.16 | V_loss 0.0249 | LR 0.000015 | early_stop=0 | fire[0]=0.09 fire[rest_max]=0.13 srcs_multi=0.59 ship0=0.00 meanshipbin=8.1 avgfleet=29.0 p90fleet=48.0
  pool snapshot @ step 50,790,400
  pool size=22  alpha=2.0
    self                 self_step_41648128             wr=0.43 (n=816)  pfsp_w=0.325
    self                 self_step_47742976             wr=0.46 (n=515)  pfsp_w=0.293
    self                 self_step_44695552             wr=0.47 (n=1016)  pfsp_w=0.284
    self                 self_step_37584896             wr=0.48 (n=1619)  pfsp_w=0.270
    self                 self_step_49774592             wr=0.48 (n=271)  pfsp_w=0.267
    self                 self_step_40632320             wr=0.49 (n=1161)  pfsp_w=0.264
    external_heuristic   candidate_zach_public          wr=0.49 (n=9109)  pfsp_w=0.256
    self                 self_step_46727168             wr=0.50 (n=764)  pfsp_w=0.250
iter  1551 | steps  50,823,168 | SPS     910 | r_p0 +0.158 r_p1 +0.335 | clip_frac 0.047 | KL 0.0047 | H_fire 0.035 H_ang 4.92 H_ship 2.15 | V_loss 0.0242 | LR 0.000015 | early_stop=0 | fire[0]=0.09 fire[rest_max]=0.15 srcs_multi=0.69 ship0=0.00 meanshipbin=8.0 avgfleet=27.6 p90fleet=48.0
iter  1552 | steps  50,855,936 | SPS     910 | r_p0 +0.171 r_p1 +0.324 | clip_frac 0.047 | KL 0.0061 | H_fire 0.041 H_ang 4.92 H_ship 2.16 | V_loss 0.0226 | LR 0.000015 | early_stop=0 | fire[0]=0.09 fire[rest_max]=0.16 srcs_multi=0.70 ship0=0.00 meanshipbin=8.0 avgfleet=28.8 p90fleet=50.0
iter  1553 | steps  50,888,704 | SPS     910 | r_p0 +0.074 r_p1 +0.423 | clip_frac 0.047 | KL 0.0052 | H_fire 0.044 H_ang 4.92 H_ship 2.15 | V_loss 0.0233 | LR 0.000015 | early_stop=0 | fire[0]=0.10 fire[rest_max]=0.16 srcs_multi=0.76 ship0=0.00 meanshipbin=7.9 avgfleet=30.1 p90fleet=52.0
iter  1554 | steps  50,921,472 | SPS     910 | r_p0 -0.101 r_p1 +0.597 | clip_frac 0.047 | KL 0.0047 | H_fire 0.040 H_ang 4.92 H_ship 2.17 | V_loss 0.0211 | LR 0.000015 | early_stop=0 | fire[0]=0.09 fire[rest_max]=0.14 srcs_multi=0.64 ship0=0.00 meanshipbin=7.9 avgfleet=29.9 p90fleet=51.0
iter  1555 | steps  50,954,240 | SPS     910 | r_p0 +0.084 r_p1 +0.410 | clip_frac 0.048 | KL 0.0058 | H_fire 0.049 H_ang 4.92 H_ship 2.16 | V_loss 0.0237 | LR 0.000015 | early_stop=0 | fire[0]=0.09 fire[rest_max]=0.16 srcs_multi=0.70 ship0=0.00 meanshipbin=7.9 avgfleet=27.7 p90fleet=49.0
iter  1556 | steps  50,987,008 | SPS     910 | r_p0 +0.309 r_p1 +0.188 | clip_frac 0.047 | KL 0.0038 | H_fire 0.040 H_ang 4.92 H_ship 2.16 | V_loss 0.0212 | LR 0.000015 | early_stop=0 | fire[0]=0.09 fire[rest_max]=0.14 srcs_multi=0.66 ship0=0.00 meanshipbin=7.9 avgfleet=27.7 p90fleet=47.0
iter  1557 | steps  51,019,776 | SPS     910 | r_p0 +0.185 r_p1 +0.309 | clip_frac 0.047 | KL 0.0061 | H_fire 0.044 H_ang 4.92 H_ship 2.16 | V_loss 0.0219 | LR 0.000015 | early_stop=0 | fire[0]=0.09 fire[rest_max]=0.14 srcs_multi=0.66 ship0=0.00 meanshipbin=7.9 avgfleet=28.1 p90fleet=50.0
iter  1558 | steps  51,052,544 | SPS     910 | r_p0 +0.107 r_p1 +0.384 | clip_frac 0.047 | KL 0.0040 | H_fire 0.040 H_ang 4.92 H_ship 2.16 | V_loss 0.0241 | LR 0.000014 | early_stop=0 | fire[0]=0.09 fire[rest_max]=0.15 srcs_multi=0.69 ship0=0.00 meanshipbin=7.9 avgfleet=28.4 p90fleet=49.0
iter  1559 | steps  51,085,312 | SPS     910 | r_p0 +0.056 r_p1 +0.434 | clip_frac 0.047 | KL 0.0039 | H_fire 0.039 H_ang 4.92 H_ship 2.16 | V_loss 0.0222 | LR 0.000014 | early_stop=0 | fire[0]=0.09 fire[rest_max]=0.16 srcs_multi=0.67 ship0=0.00 meanshipbin=7.9 avgfleet=27.6 p90fleet=47.0
iter  1560 | steps  51,118,080 | SPS     910 | r_p0 +0.172 r_p1 +0.321 | clip_frac 0.047 | KL 0.0036 | H_fire 0.039 H_ang 4.92 H_ship 2.16 | V_loss 0.0252 | LR 0.000014 | early_stop=0 | fire[0]=0.09 fire[rest_max]=0.16 srcs_multi=0.68 ship0=0.00 meanshipbin=7.9 avgfleet=27.8 p90fleet=48.0
iter  1561 | steps  51,150,848 | SPS     910 | r_p0 +0.287 r_p1 +0.210 | clip_frac 0.047 | KL 0.0044 | H_fire 0.035 H_ang 4.92 H_ship 2.15 | V_loss 0.0240 | LR 0.000014 | early_stop=0 | fire[0]=0.10 fire[rest_max]=0.15 srcs_multi=0.69 ship0=0.00 meanshipbin=8.0 avgfleet=28.9 p90fleet=48.0
iter  1562 | steps  51,183,616 | SPS     910 | r_p0 +0.286 r_p1 +0.211 | clip_frac 0.047 | KL 0.0054 | H_fire 0.037 H_ang 4.92 H_ship 2.15 | V_loss 0.0216 | LR 0.000014 | early_stop=0 | fire[0]=0.09 fire[rest_max]=0.15 srcs_multi=0.72 ship0=0.00 meanshipbin=7.9 avgfleet=28.5 p90fleet=48.0
iter  1563 | steps  51,216,384 | SPS     910 | r_p0 +0.483 r_p1 +0.010 | clip_frac 0.047 | KL 0.0039 | H_fire 0.040 H_ang 4.92 H_ship 2.16 | V_loss 0.0254 | LR 0.000014 | early_stop=0 | fire[0]=0.09 fire[rest_max]=0.16 srcs_multi=0.71 ship0=0.00 meanshipbin=7.8 avgfleet=27.5 p90fleet=45.0
iter  1564 | steps  51,249,152 | SPS     910 | r_p0 +0.260 r_p1 +0.235 | clip_frac 0.046 | KL 0.0040 | H_fire 0.039 H_ang 4.93 H_ship 2.17 | V_loss 0.0234 | LR 0.000014 | early_stop=0 | fire[0]=0.09 fire[rest_max]=0.16 srcs_multi=0.65 ship0=0.00 meanshipbin=7.8 avgfleet=28.2 p90fleet=48.0
  saved checkpoints/torch_step_51249152_20260525_184201.pt
  saved checkpoints/pool_step_51249152_20260525_184201.pt (22 members)
iter  1565 | steps  51,281,920 | SPS     910 | r_p0 +0.262 r_p1 +0.237 | clip_frac 0.046 | KL 0.0041 | H_fire 0.038 H_ang 4.92 H_ship 2.16 | V_loss 0.0224 | LR 0.000014 | early_stop=0 | fire[0]=0.09 fire[rest_max]=0.15 srcs_multi=0.66 ship0=0.00 meanshipbin=7.8 avgfleet=28.5 p90fleet=48.0
iter  1566 | steps  51,314,688 | SPS     910 | r_p0 +0.223 r_p1 +0.273 | clip_frac 0.046 | KL 0.0041 | H_fire 0.038 H_ang 4.92 H_ship 2.16 | V_loss 0.0239 | LR 0.000014 | early_stop=0 | fire[0]=0.09 fire[rest_max]=0.16 srcs_multi=0.66 ship0=0.00 meanshipbin=7.9 avgfleet=28.2 p90fleet=48.0
iter  1567 | steps  51,347,456 | SPS     911 | r_p0 +0.212 r_p1 +0.285 | clip_frac 0.046 | KL 0.0042 | H_fire 0.038 H_ang 4.92 H_ship 2.16 | V_loss 0.0232 | LR 0.000014 | early_stop=0 | fire[0]=0.09 fire[rest_max]=0.15 srcs_multi=0.70 ship0=0.00 meanshipbin=7.9 avgfleet=29.0 p90fleet=50.0
iter  1568 | steps  51,380,224 | SPS     911 | r_p0 +0.171 r_p1 +0.324 | clip_frac 0.047 | KL 0.0051 | H_fire 0.039 H_ang 4.92 H_ship 2.15 | V_loss 0.0277 | LR 0.000014 | early_stop=0 | fire[0]=0.10 fire[rest_max]=0.17 srcs_multi=0.75 ship0=0.00 meanshipbin=7.9 avgfleet=29.3 p90fleet=49.0
iter  1569 | steps  51,412,992 | SPS     911 | r_p0 +0.110 r_p1 +0.385 | clip_frac 0.046 | KL 0.0040 | H_fire 0.038 H_ang 4.92 H_ship 2.16 | V_loss 0.0218 | LR 0.000014 | early_stop=0 | fire[0]=0.10 fire[rest_max]=0.16 srcs_multi=0.73 ship0=0.00 meanshipbin=7.9 avgfleet=27.8 p90fleet=46.0
iter  1570 | steps  51,445,760 | SPS     911 | r_p0 +0.048 r_p1 +0.450 | clip_frac 0.047 | KL 0.0049 | H_fire 0.041 H_ang 4.92 H_ship 2.14 | V_loss 0.0245 | LR 0.000014 | early_stop=0 | fire[0]=0.10 fire[rest_max]=0.17 srcs_multi=0.78 ship0=0.00 meanshipbin=8.0 avgfleet=29.4 p90fleet=49.0
iter  1571 | steps  51,478,528 | SPS     911 | r_p0 -0.077 r_p1 +0.574 | clip_frac 0.046 | KL 0.0050 | H_fire 0.036 H_ang 4.93 H_ship 2.16 | V_loss 0.0242 | LR 0.000014 | early_stop=0 | fire[0]=0.09 fire[rest_max]=0.16 srcs_multi=0.64 ship0=0.00 meanshipbin=7.9 avgfleet=29.1 p90fleet=50.0
iter  1572 | steps  51,511,296 | SPS     911 | r_p0 -0.015 r_p1 +0.510 | clip_frac 0.046 | KL 0.0048 | H_fire 0.035 H_ang 4.92 H_ship 2.16 | V_loss 0.0262 | LR 0.000014 | early_stop=0 | fire[0]=0.09 fire[rest_max]=0.15 srcs_multi=0.66 ship0=0.00 meanshipbin=8.0 avgfleet=29.4 p90fleet=50.0
iter  1573 | steps  51,544,064 | SPS     911 | r_p0 +0.137 r_p1 +0.361 | clip_frac 0.046 | KL 0.0053 | H_fire 0.033 H_ang 4.93 H_ship 2.16 | V_loss 0.0232 | LR 0.000014 | early_stop=0 | fire[0]=0.09 fire[rest_max]=0.16 srcs_multi=0.69 ship0=0.00 meanshipbin=7.9 avgfleet=28.2 p90fleet=46.0
iter  1574 | steps  51,576,832 | SPS     911 | r_p0 +0.162 r_p1 +0.335 | clip_frac 0.046 | KL 0.0048 | H_fire 0.038 H_ang 4.92 H_ship 2.16 | V_loss 0.0260 | LR 0.000014 | early_stop=0 | fire[0]=0.09 fire[rest_max]=0.16 srcs_multi=0.70 ship0=0.00 meanshipbin=7.9 avgfleet=28.5 p90fleet=49.0
iter  1575 | steps  51,609,600 | SPS     911 | r_p0 +0.086 r_p1 +0.409 | clip_frac 0.046 | KL 0.0033 | H_fire 0.037 H_ang 4.92 H_ship 2.16 | V_loss 0.0233 | LR 0.000014 | early_stop=0 | fire[0]=0.09 fire[rest_max]=0.15 srcs_multi=0.68 ship0=0.00 meanshipbin=7.8 avgfleet=28.5 p90fleet=48.0
iter  1576 | steps  51,642,368 | SPS     911 | r_p0 +0.122 r_p1 +0.371 | clip_frac 0.046 | KL 0.0041 | H_fire 0.036 H_ang 4.92 H_ship 2.16 | V_loss 0.0243 | LR 0.000014 | early_stop=0 | fire[0]=0.09 fire[rest_max]=0.15 srcs_multi=0.66 ship0=0.00 meanshipbin=7.9 avgfleet=27.2 p90fleet=46.0
iter  1577 | steps  51,675,136 | SPS     911 | r_p0 +0.123 r_p1 +0.372 | clip_frac 0.045 | KL 0.0037 | H_fire 0.037 H_ang 4.92 H_ship 2.16 | V_loss 0.0233 | LR 0.000014 | early_stop=0 | fire[0]=0.09 fire[rest_max]=0.16 srcs_multi=0.70 ship0=0.00 meanshipbin=7.8 avgfleet=26.8 p90fleet=45.0
iter  1578 | steps  51,707,904 | SPS     911 | r_p0 +0.098 r_p1 +0.399 | clip_frac 0.046 | KL 0.0045 | H_fire 0.036 H_ang 4.92 H_ship 2.16 | V_loss 0.0230 | LR 0.000014 | early_stop=0 | fire[0]=0.09 fire[rest_max]=0.14 srcs_multi=0.67 ship0=0.00 meanshipbin=7.8 avgfleet=27.9 p90fleet=47.0
iter  1579 | steps  51,740,672 | SPS     911 | r_p0 +0.035 r_p1 +0.461 | clip_frac 0.046 | KL 0.0077 | H_fire 0.036 H_ang 4.92 H_ship 2.16 | V_loss 0.0216 | LR 0.000014 | early_stop=0 | fire[0]=0.09 fire[rest_max]=0.14 srcs_multi=0.70 ship0=0.00 meanshipbin=7.8 avgfleet=28.7 p90fleet=48.0
iter  1580 | steps  51,773,440 | SPS     911 | r_p0 -0.015 r_p1 +0.508 | clip_frac 0.046 | KL 0.0043 | H_fire 0.038 H_ang 4.92 H_ship 2.16 | V_loss 0.0237 | LR 0.000014 | early_stop=0 | fire[0]=0.09 fire[rest_max]=0.14 srcs_multi=0.68 ship0=0.00 meanshipbin=7.9 avgfleet=29.0 p90fleet=48.0
iter  1581 | steps  51,806,208 | SPS     911 | r_p0 -0.001 r_p1 +0.496 | clip_frac 0.046 | KL 0.0045 | H_fire 0.036 H_ang 4.92 H_ship 2.16 | V_loss 0.0209 | LR 0.000014 | early_stop=0 | fire[0]=0.08 fire[rest_max]=0.15 srcs_multi=0.64 ship0=0.00 meanshipbin=7.9 avgfleet=28.2 p90fleet=47.0
  pool snapshot @ step 51,806,208
  pool size=22  alpha=2.0
    self                 self_step_50790400             wr=0.39 (n=167)  pfsp_w=0.373
    self                 self_step_41648128             wr=0.45 (n=1066)  pfsp_w=0.302
    self                 self_step_44695552             wr=0.45 (n=1138)  pfsp_w=0.300
    self                 self_step_47742976             wr=0.48 (n=582)  pfsp_w=0.266
    self                 self_step_40632320             wr=0.49 (n=1161)  pfsp_w=0.264
    self                 self_step_37584896             wr=0.49 (n=1786)  pfsp_w=0.264
    self                 self_step_48758784             wr=0.49 (n=261)  pfsp_w=0.256
    external_heuristic   candidate_zach_public          wr=0.50 (n=9272)  pfsp_w=0.253
iter  1582 | steps  51,838,976 | SPS     911 | r_p0 +0.035 r_p1 +0.460 | clip_frac 0.046 | KL 0.0047 | H_fire 0.036 H_ang 4.92 H_ship 2.16 | V_loss 0.0234 | LR 0.000014 | early_stop=0 | fire[0]=0.09 fire[rest_max]=0.14 srcs_multi=0.66 ship0=0.00 meanshipbin=7.9 avgfleet=28.1 p90fleet=47.0
iter  1583 | steps  51,871,744 | SPS     911 | r_p0 +0.210 r_p1 +0.286 | clip_frac 0.046 | KL 0.0038 | H_fire 0.038 H_ang 4.92 H_ship 2.16 | V_loss 0.0236 | LR 0.000014 | early_stop=0 | fire[0]=0.09 fire[rest_max]=0.14 srcs_multi=0.65 ship0=0.00 meanshipbin=7.9 avgfleet=28.7 p90fleet=48.0
iter  1584 | steps  51,904,512 | SPS     911 | r_p0 +0.246 r_p1 +0.258 | clip_frac 0.046 | KL 0.0047 | H_fire 0.037 H_ang 4.92 H_ship 2.16 | V_loss 0.0256 | LR 0.000014 | early_stop=0 | fire[0]=0.09 fire[rest_max]=0.15 srcs_multi=0.67 ship0=0.00 meanshipbin=7.9 avgfleet=28.5 p90fleet=48.0
iter  1585 | steps  51,937,280 | SPS     912 | r_p0 +0.157 r_p1 +0.335 | clip_frac 0.045 | KL 0.0048 | H_fire 0.034 H_ang 4.92 H_ship 2.16 | V_loss 0.0252 | LR 0.000014 | early_stop=0 | fire[0]=0.09 fire[rest_max]=0.15 srcs_multi=0.66 ship0=0.00 meanshipbin=7.9 avgfleet=28.0 p90fleet=46.0
iter  1586 | steps  51,970,048 | SPS     911 | r_p0 +0.217 r_p1 +0.274 | clip_frac 0.045 | KL 0.0049 | H_fire 0.039 H_ang 4.92 H_ship 2.16 | V_loss 0.0258 | LR 0.000014 | early_stop=0 | fire[0]=0.09 fire[rest_max]=0.16 srcs_multi=0.70 ship0=0.00 meanshipbin=7.8 avgfleet=30.1 p90fleet=52.0
iter  1587 | steps  52,002,816 | SPS     911 | r_p0 +0.021 r_p1 +0.470 | clip_frac 0.045 | KL 0.0057 | H_fire 0.037 H_ang 4.93 H_ship 2.17 | V_loss 0.0186 | LR 0.000014 | early_stop=0 | fire[0]=0.09 fire[rest_max]=0.14 srcs_multi=0.63 ship0=0.00 meanshipbin=7.9 avgfleet=29.1 p90fleet=48.0
iter  1588 | steps  52,035,584 | SPS     911 | r_p0 +0.150 r_p1 +0.345 | clip_frac 0.046 | KL 0.0047 | H_fire 0.036 H_ang 4.92 H_ship 2.17 | V_loss 0.0245 | LR 0.000014 | early_stop=0 | fire[0]=0.09 fire[rest_max]=0.14 srcs_multi=0.65 ship0=0.00 meanshipbin=7.9 avgfleet=28.2 p90fleet=47.0
iter  1589 | steps  52,068,352 | SPS     911 | r_p0 +0.461 r_p1 +0.036 | clip_frac 0.045 | KL 0.0039 | H_fire 0.035 H_ang 4.92 H_ship 2.16 | V_loss 0.0234 | LR 0.000014 | early_stop=0 | fire[0]=0.09 fire[rest_max]=0.15 srcs_multi=0.68 ship0=0.00 meanshipbin=7.8 avgfleet=28.6 p90fleet=46.0
iter  1590 | steps  52,101,120 | SPS     911 | r_p0 +0.274 r_p1 +0.222 | clip_frac 0.046 | KL 0.0058 | H_fire 0.035 H_ang 4.92 H_ship 2.16 | V_loss 0.0241 | LR 0.000014 | early_stop=0 | fire[0]=0.09 fire[rest_max]=0.15 srcs_multi=0.69 ship0=0.00 meanshipbin=7.9 avgfleet=28.9 p90fleet=47.0
iter  1591 | steps  52,133,888 | SPS     911 | r_p0 +0.248 r_p1 +0.248 | clip_frac 0.046 | KL 0.0050 | H_fire 0.034 H_ang 4.92 H_ship 2.16 | V_loss 0.0238 | LR 0.000014 | early_stop=0 | fire[0]=0.09 fire[rest_max]=0.16 srcs_multi=0.68 ship0=0.00 meanshipbin=7.9 avgfleet=28.7 p90fleet=48.0
iter  1592 | steps  52,166,656 | SPS     911 | r_p0 +0.271 r_p1 +0.221 | clip_frac 0.046 | KL 0.0046 | H_fire 0.031 H_ang 4.92 H_ship 2.17 | V_loss 0.0236 | LR 0.000014 | early_stop=0 | fire[0]=0.08 fire[rest_max]=0.13 srcs_multi=0.61 ship0=0.00 meanshipbin=7.9 avgfleet=30.1 p90fleet=50.0
iter  1593 | steps  52,199,424 | SPS     911 | r_p0 +0.149 r_p1 +0.345 | clip_frac 0.046 | KL 0.0051 | H_fire 0.033 H_ang 4.92 H_ship 2.16 | V_loss 0.0233 | LR 0.000014 | early_stop=0 | fire[0]=0.09 fire[rest_max]=0.15 srcs_multi=0.66 ship0=0.00 meanshipbin=7.9 avgfleet=28.7 p90fleet=47.0
iter  1594 | steps  52,232,192 | SPS     911 | r_p0 +0.435 r_p1 +0.059 | clip_frac 0.046 | KL 0.0055 | H_fire 0.031 H_ang 4.92 H_ship 2.16 | V_loss 0.0274 | LR 0.000014 | early_stop=0 | fire[0]=0.09 fire[rest_max]=0.15 srcs_multi=0.68 ship0=0.00 meanshipbin=7.9 avgfleet=29.0 p90fleet=48.0
iter  1595 | steps  52,264,960 | SPS     911 | r_p0 +0.333 r_p1 +0.160 | clip_frac 0.046 | KL 0.0038 | H_fire 0.031 H_ang 4.92 H_ship 2.16 | V_loss 0.0238 | LR 0.000014 | early_stop=0 | fire[0]=0.09 fire[rest_max]=0.15 srcs_multi=0.65 ship0=0.00 meanshipbin=8.0 avgfleet=30.1 p90fleet=50.0
iter  1596 | steps  52,297,728 | SPS     911 | r_p0 +0.210 r_p1 +0.287 | clip_frac 0.046 | KL 0.0041 | H_fire 0.033 H_ang 4.92 H_ship 2.16 | V_loss 0.0238 | LR 0.000014 | early_stop=0 | fire[0]=0.09 fire[rest_max]=0.15 srcs_multi=0.67 ship0=0.00 meanshipbin=8.0 avgfleet=29.4 p90fleet=49.0
iter  1597 | steps  52,330,496 | SPS     911 | r_p0 +0.034 r_p1 +0.459 | clip_frac 0.045 | KL 0.0049 | H_fire 0.034 H_ang 4.92 H_ship 2.16 | V_loss 0.0262 | LR 0.000014 | early_stop=0 | fire[0]=0.09 fire[rest_max]=0.14 srcs_multi=0.68 ship0=0.00 meanshipbin=8.0 avgfleet=30.0 p90fleet=50.0
iter  1598 | steps  52,363,264 | SPS     911 | r_p0 +0.186 r_p1 +0.312 | clip_frac 0.045 | KL 0.0038 | H_fire 0.036 H_ang 4.92 H_ship 2.16 | V_loss 0.0224 | LR 0.000014 | early_stop=0 | fire[0]=0.09 fire[rest_max]=0.15 srcs_multi=0.69 ship0=0.00 meanshipbin=7.9 avgfleet=29.1 p90fleet=49.0
iter  1599 | steps  52,396,032 | SPS     911 | r_p0 -0.025 r_p1 +0.524 | clip_frac 0.045 | KL 0.0047 | H_fire 0.036 H_ang 4.92 H_ship 2.16 | V_loss 0.0229 | LR 0.000014 | early_stop=0 | fire[0]=0.09 fire[rest_max]=0.15 srcs_multi=0.67 ship0=0.00 meanshipbin=8.0 avgfleet=27.9 p90fleet=46.0
iter  1600 | steps  52,428,800 | SPS     912 | r_p0 +0.069 r_p1 +0.420 | clip_frac 0.046 | KL 0.0046 | H_fire 0.038 H_ang 4.92 H_ship 2.16 | V_loss 0.0234 | LR 0.000014 | early_stop=0 | fire[0]=0.09 fire[rest_max]=0.16 srcs_multi=0.71 ship0=0.00 meanshipbin=7.9 avgfleet=27.5 p90fleet=47.0
iter  1601 | steps  52,461,568 | SPS     911 | r_p0 +0.182 r_p1 +0.308 | clip_frac 0.046 | KL 0.0051 | H_fire 0.036 H_ang 4.92 H_ship 2.16 | V_loss 0.0261 | LR 0.000014 | early_stop=0 | fire[0]=0.09 fire[rest_max]=0.16 srcs_multi=0.72 ship0=0.00 meanshipbin=7.8 avgfleet=30.0 p90fleet=50.0
iter  1602 | steps  52,494,336 | SPS     911 | r_p0 +0.247 r_p1 +0.247 | clip_frac 0.046 | KL 0.0053 | H_fire 0.041 H_ang 4.92 H_ship 2.16 | V_loss 0.0200 | LR 0.000014 | early_stop=0 | fire[0]=0.10 fire[rest_max]=0.16 srcs_multi=0.79 ship0=0.00 meanshipbin=7.7 avgfleet=30.6 p90fleet=52.0
iter  1603 | steps  52,527,104 | SPS     911 | r_p0 +0.247 r_p1 +0.249 | clip_frac 0.045 | KL 0.0040 | H_fire 0.038 H_ang 4.92 H_ship 2.17 | V_loss 0.0226 | LR 0.000014 | early_stop=0 | fire[0]=0.09 fire[rest_max]=0.14 srcs_multi=0.64 ship0=0.00 meanshipbin=7.9 avgfleet=29.3 p90fleet=50.0
iter  1604 | steps  52,559,872 | SPS     911 | r_p0 +0.112 r_p1 +0.384 | clip_frac 0.045 | KL 0.0029 | H_fire 0.040 H_ang 4.92 H_ship 2.16 | V_loss 0.0204 | LR 0.000014 | early_stop=0 | fire[0]=0.09 fire[rest_max]=0.14 srcs_multi=0.67 ship0=0.00 meanshipbin=7.9 avgfleet=28.4 p90fleet=48.0
iter  1605 | steps  52,592,640 | SPS     911 | r_p0 +0.097 r_p1 +0.396 | clip_frac 0.045 | KL 0.0039 | H_fire 0.042 H_ang 4.92 H_ship 2.16 | V_loss 0.0220 | LR 0.000014 | early_stop=0 | fire[0]=0.09 fire[rest_max]=0.14 srcs_multi=0.71 ship0=0.00 meanshipbin=7.8 avgfleet=27.4 p90fleet=47.0
iter  1606 | steps  52,625,408 | SPS     911 | r_p0 +0.195 r_p1 +0.293 | clip_frac 0.045 | KL 0.0068 | H_fire 0.037 H_ang 4.92 H_ship 2.16 | V_loss 0.0238 | LR 0.000014 | early_stop=0 | fire[0]=0.09 fire[rest_max]=0.14 srcs_multi=0.67 ship0=0.00 meanshipbin=7.9 avgfleet=29.5 p90fleet=50.0
iter  1607 | steps  52,658,176 | SPS     911 | r_p0 +0.333 r_p1 +0.159 | clip_frac 0.045 | KL 0.0047 | H_fire 0.036 H_ang 4.92 H_ship 2.16 | V_loss 0.0216 | LR 0.000014 | early_stop=0 | fire[0]=0.09 fire[rest_max]=0.14 srcs_multi=0.66 ship0=0.00 meanshipbin=7.9 avgfleet=29.6 p90fleet=50.0
iter  1608 | steps  52,690,944 | SPS     911 | r_p0 +0.020 r_p1 +0.467 | clip_frac 0.045 | KL 0.0030 | H_fire 0.039 H_ang 4.92 H_ship 2.16 | V_loss 0.0220 | LR 0.000014 | early_stop=0 | fire[0]=0.09 fire[rest_max]=0.15 srcs_multi=0.67 ship0=0.00 meanshipbin=7.9 avgfleet=28.5 p90fleet=48.0
iter  1609 | steps  52,723,712 | SPS     911 | r_p0 +0.122 r_p1 +0.372 | clip_frac 0.045 | KL 0.0049 | H_fire 0.039 H_ang 4.92 H_ship 2.16 | V_loss 0.0268 | LR 0.000014 | early_stop=0 | fire[0]=0.09 fire[rest_max]=0.16 srcs_multi=0.70 ship0=0.00 meanshipbin=7.9 avgfleet=28.8 p90fleet=49.0
iter  1610 | steps  52,756,480 | SPS     911 | r_p0 +0.058 r_p1 +0.435 | clip_frac 0.045 | KL 0.0047 | H_fire 0.036 H_ang 4.92 H_ship 2.16 | V_loss 0.0231 | LR 0.000014 | early_stop=0 | fire[0]=0.09 fire[rest_max]=0.15 srcs_multi=0.67 ship0=0.00 meanshipbin=8.0 avgfleet=29.0 p90fleet=49.0
iter  1611 | steps  52,789,248 | SPS     911 | r_p0 +0.058 r_p1 +0.436 | clip_frac 0.045 | KL 0.0049 | H_fire 0.036 H_ang 4.92 H_ship 2.16 | V_loss 0.0244 | LR 0.000014 | early_stop=0 | fire[0]=0.09 fire[rest_max]=0.14 srcs_multi=0.68 ship0=0.00 meanshipbin=8.0 avgfleet=28.7 p90fleet=49.0
iter  1612 | steps  52,822,016 | SPS     911 | r_p0 -0.043 r_p1 +0.529 | clip_frac 0.045 | KL 0.0048 | H_fire 0.035 H_ang 4.92 H_ship 2.16 | V_loss 0.0231 | LR 0.000014 | early_stop=0 | fire[0]=0.09 fire[rest_max]=0.14 srcs_multi=0.67 ship0=0.00 meanshipbin=8.0 avgfleet=28.6 p90fleet=48.0
  pool snapshot @ step 52,822,016
  pool size=22  alpha=2.0
    self                 self_step_41648128             wr=0.45 (n=1223)  pfsp_w=0.298
    self                 self_step_44695552             wr=0.46 (n=1295)  pfsp_w=0.288
    self                 self_step_50790400             wr=0.47 (n=343)  pfsp_w=0.285
    self                 self_step_47742976             wr=0.48 (n=582)  pfsp_w=0.266
    self                 self_step_40632320             wr=0.49 (n=1161)  pfsp_w=0.264
    self                 self_step_37584896             wr=0.49 (n=1786)  pfsp_w=0.264
    self                 self_step_33521664             wr=0.50 (n=1486)  pfsp_w=0.255
    external_heuristic   candidate_zach_public          wr=0.50 (n=9351)  pfsp_w=0.253
iter  1613 | steps  52,854,784 | SPS     911 | r_p0 -0.015 r_p1 +0.508 | clip_frac 0.045 | KL 0.0040 | H_fire 0.036 H_ang 4.92 H_ship 2.16 | V_loss 0.0235 | LR 0.000014 | early_stop=0 | fire[0]=0.09 fire[rest_max]=0.14 srcs_multi=0.67 ship0=0.00 meanshipbin=8.0 avgfleet=28.8 p90fleet=48.0
iter  1614 | steps  52,887,552 | SPS     912 | r_p0 +0.011 r_p1 +0.484 | clip_frac 0.046 | KL 0.0048 | H_fire 0.038 H_ang 4.92 H_ship 2.17 | V_loss 0.0231 | LR 0.000014 | early_stop=0 | fire[0]=0.09 fire[rest_max]=0.15 srcs_multi=0.65 ship0=0.00 meanshipbin=7.9 avgfleet=28.1 p90fleet=46.0
iter  1615 | steps  52,920,320 | SPS     912 | r_p0 +0.211 r_p1 +0.286 | clip_frac 0.045 | KL 0.0032 | H_fire 0.038 H_ang 4.92 H_ship 2.16 | V_loss 0.0236 | LR 0.000014 | early_stop=0 | fire[0]=0.09 fire[rest_max]=0.15 srcs_multi=0.67 ship0=0.00 meanshipbin=8.0 avgfleet=28.3 p90fleet=48.0
iter  1616 | steps  52,953,088 | SPS     912 | r_p0 +0.197 r_p1 +0.299 | clip_frac 0.045 | KL 0.0050 | H_fire 0.035 H_ang 4.92 H_ship 2.17 | V_loss 0.0232 | LR 0.000014 | early_stop=0 | fire[0]=0.09 fire[rest_max]=0.15 srcs_multi=0.67 ship0=0.00 meanshipbin=7.9 avgfleet=28.3 p90fleet=48.0
iter  1617 | steps  52,985,856 | SPS     912 | r_p0 +0.183 r_p1 +0.311 | clip_frac 0.045 | KL 0.0038 | H_fire 0.034 H_ang 4.92 H_ship 2.16 | V_loss 0.0225 | LR 0.000014 | early_stop=0 | fire[0]=0.09 fire[rest_max]=0.14 srcs_multi=0.66 ship0=0.00 meanshipbin=7.9 avgfleet=27.5 p90fleet=46.0
iter  1618 | steps  53,018,624 | SPS     912 | r_p0 +0.235 r_p1 +0.261 | clip_frac 0.045 | KL 0.0045 | H_fire 0.033 H_ang 4.92 H_ship 2.16 | V_loss 0.0235 | LR 0.000014 | early_stop=0 | fire[0]=0.09 fire[rest_max]=0.14 srcs_multi=0.63 ship0=0.00 meanshipbin=8.0 avgfleet=29.7 p90fleet=49.0
iter  1619 | steps  53,051,392 | SPS     912 | r_p0 +0.371 r_p1 +0.122 | clip_frac 0.045 | KL 0.0053 | H_fire 0.034 H_ang 4.92 H_ship 2.16 | V_loss 0.0210 | LR 0.000014 | early_stop=0 | fire[0]=0.09 fire[rest_max]=0.14 srcs_multi=0.67 ship0=0.00 meanshipbin=8.0 avgfleet=29.1 p90fleet=50.0
iter  1620 | steps  53,084,160 | SPS     912 | r_p0 +0.171 r_p1 +0.324 | clip_frac 0.045 | KL 0.0046 | H_fire 0.034 H_ang 4.92 H_ship 2.16 | V_loss 0.0258 | LR 0.000014 | early_stop=0 | fire[0]=0.09 fire[rest_max]=0.15 srcs_multi=0.67 ship0=0.00 meanshipbin=8.0 avgfleet=29.0 p90fleet=50.0
iter  1621 | steps  53,116,928 | SPS     912 | r_p0 +0.270 r_p1 +0.225 | clip_frac 0.045 | KL 0.0049 | H_fire 0.035 H_ang 4.92 H_ship 2.17 | V_loss 0.0222 | LR 0.000014 | early_stop=0 | fire[0]=0.08 fire[rest_max]=0.13 srcs_multi=0.63 ship0=0.00 meanshipbin=8.0 avgfleet=29.9 p90fleet=50.0
iter  1622 | steps  53,149,696 | SPS     912 | r_p0 +0.284 r_p1 +0.211 | clip_frac 0.045 | KL 0.0041 | H_fire 0.039 H_ang 4.92 H_ship 2.16 | V_loss 0.0262 | LR 0.000014 | early_stop=0 | fire[0]=0.09 fire[rest_max]=0.15 srcs_multi=0.67 ship0=0.00 meanshipbin=7.9 avgfleet=28.4 p90fleet=48.0
iter  1623 | steps  53,182,464 | SPS     912 | r_p0 +0.269 r_p1 +0.223 | clip_frac 0.045 | KL 0.0055 | H_fire 0.036 H_ang 4.92 H_ship 2.17 | V_loss 0.0230 | LR 0.000013 | early_stop=0 | fire[0]=0.08 fire[rest_max]=0.14 srcs_multi=0.63 ship0=0.00 meanshipbin=8.0 avgfleet=29.6 p90fleet=50.0
iter  1624 | steps  53,215,232 | SPS     912 | r_p0 +0.183 r_p1 +0.307 | clip_frac 0.045 | KL 0.0036 | H_fire 0.039 H_ang 4.92 H_ship 2.16 | V_loss 0.0240 | LR 0.000013 | early_stop=0 | fire[0]=0.09 fire[rest_max]=0.14 srcs_multi=0.67 ship0=0.00 meanshipbin=8.0 avgfleet=28.1 p90fleet=47.0
iter  1625 | steps  53,248,000 | SPS     912 | r_p0 +0.221 r_p1 +0.271 | clip_frac 0.044 | KL 0.0041 | H_fire 0.032 H_ang 4.92 H_ship 2.16 | V_loss 0.0280 | LR 0.000013 | early_stop=0 | fire[0]=0.09 fire[rest_max]=0.14 srcs_multi=0.64 ship0=0.00 meanshipbin=8.0 avgfleet=29.6 p90fleet=50.0
iter  1626 | steps  53,280,768 | SPS     912 | r_p0 +0.209 r_p1 +0.282 | clip_frac 0.044 | KL 0.0041 | H_fire 0.035 H_ang 4.92 H_ship 2.16 | V_loss 0.0244 | LR 0.000013 | early_stop=0 | fire[0]=0.09 fire[rest_max]=0.15 srcs_multi=0.66 ship0=0.00 meanshipbin=8.0 avgfleet=28.7 p90fleet=48.0
iter  1627 | steps  53,313,536 | SPS     912 | r_p0 +0.135 r_p1 +0.359 | clip_frac 0.044 | KL 0.0036 | H_fire 0.037 H_ang 4.92 H_ship 2.16 | V_loss 0.0274 | LR 0.000013 | early_stop=0 | fire[0]=0.09 fire[rest_max]=0.16 srcs_multi=0.69 ship0=0.00 meanshipbin=8.0 avgfleet=28.4 p90fleet=48.0
iter  1628 | steps  53,346,304 | SPS     912 | r_p0 +0.212 r_p1 +0.285 | clip_frac 0.044 | KL 0.0036 | H_fire 0.033 H_ang 4.92 H_ship 2.15 | V_loss 0.0239 | LR 0.000013 | early_stop=0 | fire[0]=0.09 fire[rest_max]=0.15 srcs_multi=0.70 ship0=0.00 meanshipbin=8.0 avgfleet=27.6 p90fleet=46.0
iter  1629 | steps  53,379,072 | SPS     913 | r_p0 +0.296 r_p1 +0.198 | clip_frac 0.044 | KL 0.0040 | H_fire 0.032 H_ang 4.92 H_ship 2.15 | V_loss 0.0232 | LR 0.000013 | early_stop=0 | fire[0]=0.09 fire[rest_max]=0.15 srcs_multi=0.71 ship0=0.00 meanshipbin=8.0 avgfleet=28.2 p90fleet=46.0
iter  1630 | steps  53,411,840 | SPS     913 | r_p0 +0.397 r_p1 +0.097 | clip_frac 0.044 | KL 0.0030 | H_fire 0.033 H_ang 4.92 H_ship 2.15 | V_loss 0.0247 | LR 0.000013 | early_stop=0 | fire[0]=0.09 fire[rest_max]=0.15 srcs_multi=0.71 ship0=0.00 meanshipbin=8.0 avgfleet=28.9 p90fleet=48.0
iter  1631 | steps  53,444,608 | SPS     913 | r_p0 +0.248 r_p1 +0.248 | clip_frac 0.044 | KL 0.0058 | H_fire 0.031 H_ang 4.93 H_ship 2.16 | V_loss 0.0251 | LR 0.000013 | early_stop=0 | fire[0]=0.09 fire[rest_max]=0.14 srcs_multi=0.63 ship0=0.00 meanshipbin=8.0 avgfleet=30.7 p90fleet=51.0
iter  1632 | steps  53,477,376 | SPS     913 | r_p0 +0.246 r_p1 +0.247 | clip_frac 0.044 | KL 0.0052 | H_fire 0.033 H_ang 4.92 H_ship 2.16 | V_loss 0.0264 | LR 0.000013 | early_stop=0 | fire[0]=0.09 fire[rest_max]=0.14 srcs_multi=0.65 ship0=0.00 meanshipbin=8.0 avgfleet=29.9 p90fleet=50.0
iter  1633 | steps  53,510,144 | SPS     913 | r_p0 +0.262 r_p1 +0.237 | clip_frac 0.044 | KL 0.0038 | H_fire 0.040 H_ang 4.92 H_ship 2.16 | V_loss 0.0243 | LR 0.000013 | early_stop=0 | fire[0]=0.09 fire[rest_max]=0.16 srcs_multi=0.69 ship0=0.00 meanshipbin=7.9 avgfleet=27.4 p90fleet=45.0
iter  1634 | steps  53,542,912 | SPS     913 | r_p0 +0.283 r_p1 +0.209 | clip_frac 0.044 | KL 0.0044 | H_fire 0.039 H_ang 4.93 H_ship 2.16 | V_loss 0.0254 | LR 0.000013 | early_stop=0 | fire[0]=0.09 fire[rest_max]=0.15 srcs_multi=0.66 ship0=0.00 meanshipbin=7.9 avgfleet=27.0 p90fleet=45.0
iter  1635 | steps  53,575,680 | SPS     913 | r_p0 +0.245 r_p1 +0.248 | clip_frac 0.044 | KL 0.0052 | H_fire 0.040 H_ang 4.93 H_ship 2.16 | V_loss 0.0257 | LR 0.000013 | early_stop=0 | fire[0]=0.09 fire[rest_max]=0.15 srcs_multi=0.67 ship0=0.00 meanshipbin=7.9 avgfleet=27.6 p90fleet=47.0
iter  1636 | steps  53,608,448 | SPS     913 | r_p0 +0.135 r_p1 +0.361 | clip_frac 0.043 | KL 0.0036 | H_fire 0.037 H_ang 4.93 H_ship 2.16 | V_loss 0.0233 | LR 0.000013 | early_stop=0 | fire[0]=0.09 fire[rest_max]=0.14 srcs_multi=0.67 ship0=0.00 meanshipbin=8.0 avgfleet=28.8 p90fleet=48.0
iter  1637 | steps  53,641,216 | SPS     913 | r_p0 +0.037 r_p1 +0.460 | clip_frac 0.043 | KL 0.0048 | H_fire 0.031 H_ang 4.93 H_ship 2.16 | V_loss 0.0273 | LR 0.000013 | early_stop=0 | fire[0]=0.09 fire[rest_max]=0.15 srcs_multi=0.62 ship0=0.00 meanshipbin=8.1 avgfleet=29.3 p90fleet=48.0
iter  1638 | steps  53,673,984 | SPS     913 | r_p0 +0.046 r_p1 +0.448 | clip_frac 0.043 | KL 0.0034 | H_fire 0.041 H_ang 4.92 H_ship 2.16 | V_loss 0.0232 | LR 0.000013 | early_stop=0 | fire[0]=0.09 fire[rest_max]=0.16 srcs_multi=0.71 ship0=0.00 meanshipbin=8.0 avgfleet=27.9 p90fleet=47.0
iter  1639 | steps  53,706,752 | SPS     913 | r_p0 +0.161 r_p1 +0.334 | clip_frac 0.043 | KL 0.0049 | H_fire 0.036 H_ang 4.93 H_ship 2.16 | V_loss 0.0290 | LR 0.000013 | early_stop=0 | fire[0]=0.09 fire[rest_max]=0.15 srcs_multi=0.69 ship0=0.00 meanshipbin=8.0 avgfleet=27.8 p90fleet=46.0
iter  1640 | steps  53,739,520 | SPS     913 | r_p0 +0.237 r_p1 +0.261 | clip_frac 0.043 | KL 0.0038 | H_fire 0.040 H_ang 4.92 H_ship 2.16 | V_loss 0.0238 | LR 0.000013 | early_stop=0 | fire[0]=0.09 fire[rest_max]=0.15 srcs_multi=0.66 ship0=0.00 meanshipbin=8.0 avgfleet=28.2 p90fleet=47.0
iter  1641 | steps  53,772,288 | SPS     913 | r_p0 +0.259 r_p1 +0.236 | clip_frac 0.043 | KL 0.0035 | H_fire 0.039 H_ang 4.92 H_ship 2.16 | V_loss 0.0221 | LR 0.000013 | early_stop=0 | fire[0]=0.09 fire[rest_max]=0.15 srcs_multi=0.69 ship0=0.00 meanshipbin=8.0 avgfleet=28.2 p90fleet=47.0
iter  1642 | steps  53,805,056 | SPS     913 | r_p0 -0.030 r_p1 +0.525 | clip_frac 0.043 | KL 0.0049 | H_fire 0.038 H_ang 4.92 H_ship 2.16 | V_loss 0.0224 | LR 0.000013 | early_stop=0 | fire[0]=0.09 fire[rest_max]=0.15 srcs_multi=0.67 ship0=0.00 meanshipbin=8.0 avgfleet=28.5 p90fleet=48.0
iter  1643 | steps  53,837,824 | SPS     913 | r_p0 +0.135 r_p1 +0.358 | clip_frac 0.042 | KL 0.0044 | H_fire 0.038 H_ang 4.93 H_ship 2.16 | V_loss 0.0246 | LR 0.000013 | early_stop=0 | fire[0]=0.09 fire[rest_max]=0.14 srcs_multi=0.68 ship0=0.00 meanshipbin=8.0 avgfleet=27.5 p90fleet=45.0
  pool snapshot @ step 53,837,824
  pool size=22  alpha=2.0
    self                 self_step_41648128             wr=0.45 (n=1397)  pfsp_w=0.299
    self                 self_step_44695552             wr=0.46 (n=1455)  pfsp_w=0.292
    self                 self_step_47742976             wr=0.46 (n=741)  pfsp_w=0.290
    self                 self_step_50790400             wr=0.47 (n=420)  pfsp_w=0.277
    self                 self_step_51806208             wr=0.48 (n=252)  pfsp_w=0.274
    self                 self_step_40632320             wr=0.49 (n=1324)  pfsp_w=0.260
    external_heuristic   candidate_zach_public          wr=0.50 (n=9351)  pfsp_w=0.253
    self                 self_step_53837824             wr=0.50 (n=0)  pfsp_w=0.250
iter  1644 | steps  53,870,592 | SPS     913 | r_p0 +0.273 r_p1 +0.220 | clip_frac 0.042 | KL 0.0040 | H_fire 0.035 H_ang 4.92 H_ship 2.16 | V_loss 0.0273 | LR 0.000013 | early_stop=0 | fire[0]=0.09 fire[rest_max]=0.15 srcs_multi=0.69 ship0=0.00 meanshipbin=8.0 avgfleet=27.9 p90fleet=46.0
iter  1645 | steps  53,903,360 | SPS     914 | r_p0 +0.421 r_p1 +0.071 | clip_frac 0.042 | KL 0.0057 | H_fire 0.035 H_ang 4.92 H_ship 2.16 | V_loss 0.0234 | LR 0.000013 | early_stop=0 | fire[0]=0.09 fire[rest_max]=0.15 srcs_multi=0.69 ship0=0.00 meanshipbin=8.0 avgfleet=28.2 p90fleet=46.0
iter  1646 | steps  53,936,128 | SPS     914 | r_p0 +0.423 r_p1 +0.074 | clip_frac 0.042 | KL 0.0048 | H_fire 0.038 H_ang 4.92 H_ship 2.17 | V_loss 0.0251 | LR 0.000013 | early_stop=0 | fire[0]=0.09 fire[rest_max]=0.15 srcs_multi=0.67 ship0=0.00 meanshipbin=8.0 avgfleet=28.4 p90fleet=48.0
iter  1647 | steps  53,968,896 | SPS     914 | r_p0 +0.097 r_p1 +0.399 | clip_frac 0.042 | KL 0.0046 | H_fire 0.037 H_ang 4.92 H_ship 2.16 | V_loss 0.0257 | LR 0.000013 | early_stop=0 | fire[0]=0.09 fire[rest_max]=0.15 srcs_multi=0.66 ship0=0.00 meanshipbin=8.0 avgfleet=28.5 p90fleet=48.0
iter  1648 | steps  54,001,664 | SPS     913 | r_p0 +0.360 r_p1 +0.137 | clip_frac 0.042 | KL 0.0036 | H_fire 0.040 H_ang 4.92 H_ship 2.16 | V_loss 0.0246 | LR 0.000013 | early_stop=0 | fire[0]=0.09 fire[rest_max]=0.15 srcs_multi=0.72 ship0=0.00 meanshipbin=7.8 avgfleet=29.9 p90fleet=50.0
iter  1649 | steps  54,034,432 | SPS     913 | r_p0 +0.421 r_p1 +0.072 | clip_frac 0.042 | KL 0.0044 | H_fire 0.046 H_ang 4.92 H_ship 2.16 | V_loss 0.0199 | LR 0.000013 | early_stop=0 | fire[0]=0.09 fire[rest_max]=0.16 srcs_multi=0.76 ship0=0.00 meanshipbin=7.8 avgfleet=28.8 p90fleet=49.0
iter  1650 | steps  54,067,200 | SPS     913 | r_p0 +0.297 r_p1 +0.197 | clip_frac 0.042 | KL 0.0049 | H_fire 0.043 H_ang 4.93 H_ship 2.17 | V_loss 0.0211 | LR 0.000013 | early_stop=0 | fire[0]=0.09 fire[rest_max]=0.14 srcs_multi=0.65 ship0=0.00 meanshipbin=8.0 avgfleet=28.0 p90fleet=48.0
iter  1651 | steps  54,099,968 | SPS     913 | r_p0 +0.358 r_p1 +0.135 | clip_frac 0.042 | KL 0.0031 | H_fire 0.043 H_ang 4.92 H_ship 2.16 | V_loss 0.0217 | LR 0.000013 | early_stop=0 | fire[0]=0.09 fire[rest_max]=0.15 srcs_multi=0.68 ship0=0.00 meanshipbin=8.0 avgfleet=27.2 p90fleet=46.0
iter  1652 | steps  54,132,736 | SPS     913 | r_p0 +0.334 r_p1 +0.160 | clip_frac 0.042 | KL 0.0031 | H_fire 0.037 H_ang 4.93 H_ship 2.17 | V_loss 0.0242 | LR 0.000013 | early_stop=0 | fire[0]=0.09 fire[rest_max]=0.14 srcs_multi=0.62 ship0=0.00 meanshipbin=8.0 avgfleet=28.3 p90fleet=48.0
iter  1653 | steps  54,165,504 | SPS     913 | r_p0 +0.545 r_p1 -0.052 | clip_frac 0.042 | KL 0.0034 | H_fire 0.036 H_ang 4.92 H_ship 2.16 | V_loss 0.0269 | LR 0.000013 | early_stop=0 | fire[0]=0.09 fire[rest_max]=0.14 srcs_multi=0.69 ship0=0.00 meanshipbin=8.0 avgfleet=28.2 p90fleet=47.0
iter  1654 | steps  54,198,272 | SPS     913 | r_p0 +0.271 r_p1 +0.219 | clip_frac 0.042 | KL 0.0040 | H_fire 0.035 H_ang 4.92 H_ship 2.16 | V_loss 0.0266 | LR 0.000013 | early_stop=0 | fire[0]=0.09 fire[rest_max]=0.15 srcs_multi=0.67 ship0=0.00 meanshipbin=8.0 avgfleet=28.0 p90fleet=46.0
iter  1655 | steps  54,231,040 | SPS     913 | r_p0 +0.320 r_p1 +0.169 | clip_frac 0.042 | KL 0.0050 | H_fire 0.034 H_ang 4.92 H_ship 2.15 | V_loss 0.0299 | LR 0.000013 | early_stop=0 | fire[0]=0.09 fire[rest_max]=0.16 srcs_multi=0.72 ship0=0.00 meanshipbin=8.1 avgfleet=29.0 p90fleet=48.0
iter  1656 | steps  54,263,808 | SPS     913 | r_p0 +0.274 r_p1 +0.223 | clip_frac 0.041 | KL 0.0034 | H_fire 0.034 H_ang 4.93 H_ship 2.16 | V_loss 0.0238 | LR 0.000013 | early_stop=0 | fire[0]=0.09 fire[rest_max]=0.17 srcs_multi=0.69 ship0=0.00 meanshipbin=8.0 avgfleet=28.6 p90fleet=48.0
  saved checkpoints/torch_step_54263808_20260525_184201.pt
  saved checkpoints/pool_step_54263808_20260525_184201.pt (22 members)
iter  1657 | steps  54,296,576 | SPS     913 | r_p0 +0.111 r_p1 +0.387 | clip_frac 0.041 | KL 0.0046 | H_fire 0.033 H_ang 4.93 H_ship 2.16 | V_loss 0.0263 | LR 0.000013 | early_stop=0 | fire[0]=0.09 fire[rest_max]=0.15 srcs_multi=0.68 ship0=0.00 meanshipbin=8.0 avgfleet=28.0 p90fleet=46.0
iter  1658 | steps  54,329,344 | SPS     913 | r_p0 +0.174 r_p1 +0.323 | clip_frac 0.041 | KL 0.0044 | H_fire 0.034 H_ang 4.92 H_ship 2.15 | V_loss 0.0240 | LR 0.000013 | early_stop=0 | fire[0]=0.09 fire[rest_max]=0.14 srcs_multi=0.69 ship0=0.00 meanshipbin=8.0 avgfleet=28.5 p90fleet=47.0
iter  1659 | steps  54,362,112 | SPS     913 | r_p0 +0.349 r_p1 +0.147 | clip_frac 0.041 | KL 0.0043 | H_fire 0.034 H_ang 4.92 H_ship 2.16 | V_loss 0.0218 | LR 0.000013 | early_stop=0 | fire[0]=0.09 fire[rest_max]=0.15 srcs_multi=0.65 ship0=0.00 meanshipbin=8.0 avgfleet=28.4 p90fleet=48.0
iter  1660 | steps  54,394,880 | SPS     914 | r_p0 +0.086 r_p1 +0.409 | clip_frac 0.041 | KL 0.0041 | H_fire 0.035 H_ang 4.92 H_ship 2.15 | V_loss 0.0235 | LR 0.000013 | early_stop=0 | fire[0]=0.09 fire[rest_max]=0.15 srcs_multi=0.69 ship0=0.00 meanshipbin=8.0 avgfleet=28.8 p90fleet=48.0
iter  1661 | steps  54,427,648 | SPS     914 | r_p0 -0.067 r_p1 +0.560 | clip_frac 0.041 | KL 0.0044 | H_fire 0.038 H_ang 4.92 H_ship 2.15 | V_loss 0.0226 | LR 0.000013 | early_stop=0 | fire[0]=0.09 fire[rest_max]=0.15 srcs_multi=0.70 ship0=0.00 meanshipbin=8.0 avgfleet=29.1 p90fleet=48.0
iter  1662 | steps  54,460,416 | SPS     914 | r_p0 +0.172 r_p1 +0.324 | clip_frac 0.041 | KL 0.0040 | H_fire 0.036 H_ang 4.92 H_ship 2.16 | V_loss 0.0219 | LR 0.000013 | early_stop=0 | fire[0]=0.09 fire[rest_max]=0.15 srcs_multi=0.68 ship0=0.00 meanshipbin=8.0 avgfleet=27.8 p90fleet=46.0
iter  1663 | steps  54,493,184 | SPS     914 | r_p0 +0.260 r_p1 +0.235 | clip_frac 0.041 | KL 0.0041 | H_fire 0.035 H_ang 4.92 H_ship 2.16 | V_loss 0.0252 | LR 0.000013 | early_stop=0 | fire[0]=0.09 fire[rest_max]=0.14 srcs_multi=0.64 ship0=0.00 meanshipbin=8.0 avgfleet=30.1 p90fleet=50.0
iter  1664 | steps  54,525,952 | SPS     914 | r_p0 +0.235 r_p1 +0.260 | clip_frac 0.041 | KL 0.0044 | H_fire 0.036 H_ang 4.92 H_ship 2.16 | V_loss 0.0223 | LR 0.000013 | early_stop=0 | fire[0]=0.09 fire[rest_max]=0.14 srcs_multi=0.66 ship0=0.00 meanshipbin=8.0 avgfleet=28.9 p90fleet=48.0
iter  1665 | steps  54,558,720 | SPS     914 | r_p0 +0.246 r_p1 +0.246 | clip_frac 0.041 | KL 0.0040 | H_fire 0.037 H_ang 4.92 H_ship 2.16 | V_loss 0.0259 | LR 0.000013 | early_stop=0 | fire[0]=0.09 fire[rest_max]=0.14 srcs_multi=0.69 ship0=0.00 meanshipbin=8.0 avgfleet=28.1 p90fleet=46.0
iter  1666 | steps  54,591,488 | SPS     914 | r_p0 +0.309 r_p1 +0.185 | clip_frac 0.041 | KL 0.0024 | H_fire 0.038 H_ang 4.92 H_ship 2.15 | V_loss 0.0270 | LR 0.000013 | early_stop=0 | fire[0]=0.10 fire[rest_max]=0.16 srcs_multi=0.75 ship0=0.00 meanshipbin=8.0 avgfleet=28.6 p90fleet=47.0
iter  1667 | steps  54,624,256 | SPS     914 | r_p0 +0.361 r_p1 +0.136 | clip_frac 0.041 | KL 0.0041 | H_fire 0.037 H_ang 4.92 H_ship 2.16 | V_loss 0.0257 | LR 0.000013 | early_stop=0 | fire[0]=0.09 fire[rest_max]=0.16 srcs_multi=0.70 ship0=0.00 meanshipbin=7.9 avgfleet=27.2 p90fleet=45.0
iter  1668 | steps  54,657,024 | SPS     914 | r_p0 +0.371 r_p1 +0.123 | clip_frac 0.041 | KL 0.0030 | H_fire 0.034 H_ang 4.92 H_ship 2.17 | V_loss 0.0248 | LR 0.000013 | early_stop=0 | fire[0]=0.08 fire[rest_max]=0.14 srcs_multi=0.61 ship0=0.00 meanshipbin=8.0 avgfleet=28.7 p90fleet=48.0
iter  1669 | steps  54,689,792 | SPS     914 | r_p0 +0.273 r_p1 +0.222 | clip_frac 0.041 | KL 0.0035 | H_fire 0.036 H_ang 4.92 H_ship 2.16 | V_loss 0.0239 | LR 0.000013 | early_stop=0 | fire[0]=0.09 fire[rest_max]=0.15 srcs_multi=0.65 ship0=0.00 meanshipbin=8.0 avgfleet=27.9 p90fleet=46.0
iter  1670 | steps  54,722,560 | SPS     914 | r_p0 +0.171 r_p1 +0.321 | clip_frac 0.040 | KL 0.0038 | H_fire 0.036 H_ang 4.92 H_ship 2.16 | V_loss 0.0253 | LR 0.000013 | early_stop=0 | fire[0]=0.09 fire[rest_max]=0.14 srcs_multi=0.66 ship0=0.00 meanshipbin=7.9 avgfleet=28.7 p90fleet=48.0
iter  1671 | steps  54,755,328 | SPS     914 | r_p0 +0.124 r_p1 +0.371 | clip_frac 0.040 | KL 0.0036 | H_fire 0.034 H_ang 4.92 H_ship 2.16 | V_loss 0.0261 | LR 0.000013 | early_stop=0 | fire[0]=0.09 fire[rest_max]=0.15 srcs_multi=0.67 ship0=0.00 meanshipbin=7.9 avgfleet=28.7 p90fleet=47.0
iter  1672 | steps  54,788,096 | SPS     914 | r_p0 +0.349 r_p1 +0.149 | clip_frac 0.040 | KL 0.0041 | H_fire 0.030 H_ang 4.93 H_ship 2.17 | V_loss 0.0242 | LR 0.000013 | early_stop=0 | fire[0]=0.08 fire[rest_max]=0.14 srcs_multi=0.61 ship0=0.00 meanshipbin=8.0 avgfleet=29.6 p90fleet=49.0
iter  1673 | steps  54,820,864 | SPS     914 | r_p0 +0.212 r_p1 +0.285 | clip_frac 0.041 | KL 0.0050 | H_fire 0.033 H_ang 4.93 H_ship 2.17 | V_loss 0.0242 | LR 0.000013 | early_stop=0 | fire[0]=0.09 fire[rest_max]=0.15 srcs_multi=0.63 ship0=0.00 meanshipbin=8.0 avgfleet=29.2 p90fleet=48.0
iter  1674 | steps  54,853,632 | SPS     914 | r_p0 +0.361 r_p1 +0.135 | clip_frac 0.041 | KL 0.0044 | H_fire 0.035 H_ang 4.92 H_ship 2.16 | V_loss 0.0247 | LR 0.000013 | early_stop=0 | fire[0]=0.09 fire[rest_max]=0.14 srcs_multi=0.67 ship0=0.00 meanshipbin=8.0 avgfleet=28.5 p90fleet=47.0
  pool snapshot @ step 54,853,632
  pool size=22  alpha=2.0
    self                 self_step_47742976             wr=0.46 (n=741)  pfsp_w=0.290
    self                 self_step_44695552             wr=0.47 (n=1628)  pfsp_w=0.282
    self                 self_step_50790400             wr=0.47 (n=420)  pfsp_w=0.277
    self                 self_step_51806208             wr=0.48 (n=252)  pfsp_w=0.274
    self                 self_step_41648128             wr=0.48 (n=1729)  pfsp_w=0.273
    self                 self_step_52822016             wr=0.50 (n=351)  pfsp_w=0.254
    self                 self_step_48758784             wr=0.50 (n=587)  pfsp_w=0.254
    self                 self_step_40632320             wr=0.50 (n=1469)  pfsp_w=0.254
iter  1675 | steps  54,886,400 | SPS     914 | r_p0 +0.292 r_p1 +0.196 | clip_frac 0.041 | KL 0.0043 | H_fire 0.035 H_ang 4.92 H_ship 2.16 | V_loss 0.0259 | LR 0.000013 | early_stop=0 | fire[0]=0.09 fire[rest_max]=0.14 srcs_multi=0.65 ship0=0.00 meanshipbin=8.0 avgfleet=29.0 p90fleet=48.0
iter  1676 | steps  54,919,168 | SPS     914 | r_p0 +0.246 r_p1 +0.249 | clip_frac 0.041 | KL 0.0039 | H_fire 0.036 H_ang 4.92 H_ship 2.16 | V_loss 0.0224 | LR 0.000013 | early_stop=0 | fire[0]=0.09 fire[rest_max]=0.15 srcs_multi=0.69 ship0=0.00 meanshipbin=7.9 avgfleet=28.0 p90fleet=46.0
iter  1677 | steps  54,951,936 | SPS     915 | r_p0 +0.183 r_p1 +0.310 | clip_frac 0.041 | KL 0.0042 | H_fire 0.037 H_ang 4.92 H_ship 2.17 | V_loss 0.0271 | LR 0.000013 | early_stop=0 | fire[0]=0.09 fire[rest_max]=0.15 srcs_multi=0.65 ship0=0.00 meanshipbin=7.9 avgfleet=28.9 p90fleet=49.0
iter  1678 | steps  54,984,704 | SPS     914 | r_p0 +0.235 r_p1 +0.261 | clip_frac 0.041 | KL 0.0037 | H_fire 0.034 H_ang 4.92 H_ship 2.15 | V_loss 0.0282 | LR 0.000013 | early_stop=0 | fire[0]=0.09 fire[rest_max]=0.17 srcs_multi=0.75 ship0=0.00 meanshipbin=8.0 avgfleet=28.4 p90fleet=46.0
iter  1679 | steps  55,017,472 | SPS     915 | r_p0 +0.286 r_p1 +0.212 | clip_frac 0.041 | KL 0.0044 | H_fire 0.035 H_ang 4.92 H_ship 2.16 | V_loss 0.0221 | LR 0.000013 | early_stop=0 | fire[0]=0.09 fire[rest_max]=0.16 srcs_multi=0.73 ship0=0.00 meanshipbin=7.9 avgfleet=27.7 p90fleet=45.0
iter  1680 | steps  55,050,240 | SPS     915 | r_p0 +0.581 r_p1 -0.088 | clip_frac 0.041 | KL 0.0041 | H_fire 0.034 H_ang 4.92 H_ship 2.16 | V_loss 0.0242 | LR 0.000013 | early_stop=0 | fire[0]=0.09 fire[rest_max]=0.14 srcs_multi=0.68 ship0=0.00 meanshipbin=7.9 avgfleet=28.6 p90fleet=46.0
iter  1681 | steps  55,083,008 | SPS     915 | r_p0 +0.310 r_p1 +0.184 | clip_frac 0.041 | KL 0.0048 | H_fire 0.035 H_ang 4.92 H_ship 2.16 | V_loss 0.0228 | LR 0.000013 | early_stop=0 | fire[0]=0.09 fire[rest_max]=0.14 srcs_multi=0.68 ship0=0.00 meanshipbin=7.9 avgfleet=28.4 p90fleet=46.0
iter  1682 | steps  55,115,776 | SPS     915 | r_p0 +0.549 r_p1 -0.053 | clip_frac 0.041 | KL 0.0034 | H_fire 0.037 H_ang 4.92 H_ship 2.16 | V_loss 0.0232 | LR 0.000013 | early_stop=0 | fire[0]=0.09 fire[rest_max]=0.15 srcs_multi=0.68 ship0=0.00 meanshipbin=7.9 avgfleet=28.3 p90fleet=46.0
iter  1683 | steps  55,148,544 | SPS     915 | r_p0 +0.225 r_p1 +0.271 | clip_frac 0.041 | KL 0.0060 | H_fire 0.033 H_ang 4.92 H_ship 2.17 | V_loss 0.0244 | LR 0.000013 | early_stop=0 | fire[0]=0.08 fire[rest_max]=0.13 srcs_multi=0.60 ship0=0.00 meanshipbin=8.0 avgfleet=30.2 p90fleet=50.0
iter  1684 | steps  55,181,312 | SPS     915 | r_p0 +0.297 r_p1 +0.195 | clip_frac 0.041 | KL 0.0051 | H_fire 0.037 H_ang 4.92 H_ship 2.16 | V_loss 0.0261 | LR 0.000013 | early_stop=0 | fire[0]=0.09 fire[rest_max]=0.14 srcs_multi=0.67 ship0=0.00 meanshipbin=7.9 avgfleet=28.2 p90fleet=46.0
iter  1685 | steps  55,214,080 | SPS     915 | r_p0 +0.185 r_p1 +0.307 | clip_frac 0.041 | KL 0.0042 | H_fire 0.036 H_ang 4.92 H_ship 2.16 | V_loss 0.0246 | LR 0.000013 | early_stop=0 | fire[0]=0.09 fire[rest_max]=0.14 srcs_multi=0.70 ship0=0.00 meanshipbin=7.9 avgfleet=28.3 p90fleet=46.0
iter  1686 | steps  55,246,848 | SPS     915 | r_p0 +0.396 r_p1 +0.097 | clip_frac 0.041 | KL 0.0044 | H_fire 0.036 H_ang 4.92 H_ship 2.16 | V_loss 0.0240 | LR 0.000013 | early_stop=0 | fire[0]=0.09 fire[rest_max]=0.15 srcs_multi=0.71 ship0=0.00 meanshipbin=7.9 avgfleet=27.9 p90fleet=46.0
iter  1687 | steps  55,279,616 | SPS     914 | r_p0 +0.534 r_p1 -0.041 | clip_frac 0.041 | KL 0.0051 | H_fire 0.042 H_ang 4.92 H_ship 2.16 | V_loss 0.0270 | LR 0.000013 | early_stop=0 | fire[0]=0.09 fire[rest_max]=0.16 srcs_multi=0.75 ship0=0.00 meanshipbin=7.7 avgfleet=29.4 p90fleet=49.0
iter  1688 | steps  55,312,384 | SPS     914 | r_p0 +0.474 r_p1 +0.021 | clip_frac 0.041 | KL 0.0046 | H_fire 0.033 H_ang 4.93 H_ship 2.18 | V_loss 0.0198 | LR 0.000013 | early_stop=0 | fire[0]=0.08 fire[rest_max]=0.13 srcs_multi=0.60 ship0=0.00 meanshipbin=7.9 avgfleet=30.7 p90fleet=51.0
iter  1689 | steps  55,345,152 | SPS     914 | r_p0 +0.497 r_p1 -0.004 | clip_frac 0.041 | KL 0.0034 | H_fire 0.032 H_ang 4.92 H_ship 2.17 | V_loss 0.0238 | LR 0.000012 | early_stop=0 | fire[0]=0.08 fire[rest_max]=0.12 srcs_multi=0.59 ship0=0.00 meanshipbin=7.9 avgfleet=29.8 p90fleet=49.0
iter  1690 | steps  55,377,920 | SPS     914 | r_p0 +0.257 r_p1 +0.233 | clip_frac 0.041 | KL 0.0044 | H_fire 0.037 H_ang 4.92 H_ship 2.17 | V_loss 0.0233 | LR 0.000012 | early_stop=0 | fire[0]=0.09 fire[rest_max]=0.14 srcs_multi=0.64 ship0=0.00 meanshipbin=7.9 avgfleet=27.7 p90fleet=46.0
iter  1691 | steps  55,410,688 | SPS     914 | r_p0 +0.384 r_p1 +0.108 | clip_frac 0.041 | KL 0.0038 | H_fire 0.034 H_ang 4.92 H_ship 2.16 | V_loss 0.0255 | LR 0.000012 | early_stop=0 | fire[0]=0.09 fire[rest_max]=0.13 srcs_multi=0.64 ship0=0.00 meanshipbin=8.0 avgfleet=29.1 p90fleet=48.0
iter  1692 | steps  55,443,456 | SPS     914 | r_p0 +0.245 r_p1 +0.246 | clip_frac 0.041 | KL 0.0041 | H_fire 0.035 H_ang 4.92 H_ship 2.16 | V_loss 0.0240 | LR 0.000012 | early_stop=0 | fire[0]=0.09 fire[rest_max]=0.14 srcs_multi=0.69 ship0=0.00 meanshipbin=7.9 avgfleet=28.2 p90fleet=46.0
iter  1693 | steps  55,476,224 | SPS     915 | r_p0 +0.345 r_p1 +0.147 | clip_frac 0.041 | KL 0.0043 | H_fire 0.032 H_ang 4.92 H_ship 2.17 | V_loss 0.0256 | LR 0.000012 | early_stop=0 | fire[0]=0.08 fire[rest_max]=0.13 srcs_multi=0.62 ship0=0.00 meanshipbin=8.0 avgfleet=30.1 p90fleet=50.0
iter  1694 | steps  55,508,992 | SPS     915 | r_p0 +0.432 r_p1 +0.058 | clip_frac 0.041 | KL 0.0043 | H_fire 0.038 H_ang 4.92 H_ship 2.16 | V_loss 0.0223 | LR 0.000012 | early_stop=0 | fire[0]=0.09 fire[rest_max]=0.15 srcs_multi=0.70 ship0=0.00 meanshipbin=7.8 avgfleet=28.3 p90fleet=47.0
iter  1695 | steps  55,541,760 | SPS     915 | r_p0 +0.322 r_p1 +0.173 | clip_frac 0.041 | KL 0.0045 | H_fire 0.038 H_ang 4.92 H_ship 2.16 | V_loss 0.0260 | LR 0.000012 | early_stop=0 | fire[0]=0.09 fire[rest_max]=0.14 srcs_multi=0.68 ship0=0.00 meanshipbin=7.9 avgfleet=27.7 p90fleet=46.0
iter  1696 | steps  55,574,528 | SPS     915 | r_p0 +0.336 r_p1 +0.159 | clip_frac 0.041 | KL 0.0030 | H_fire 0.037 H_ang 4.92 H_ship 2.17 | V_loss 0.0228 | LR 0.000012 | early_stop=0 | fire[0]=0.09 fire[rest_max]=0.15 srcs_multi=0.66 ship0=0.00 meanshipbin=7.9 avgfleet=28.7 p90fleet=48.0
iter  1697 | steps  55,607,296 | SPS     915 | r_p0 +0.197 r_p1 +0.297 | clip_frac 0.041 | KL 0.0045 | H_fire 0.036 H_ang 4.92 H_ship 2.16 | V_loss 0.0246 | LR 0.000012 | early_stop=0 | fire[0]=0.09 fire[rest_max]=0.15 srcs_multi=0.67 ship0=0.00 meanshipbin=7.9 avgfleet=27.9 p90fleet=46.0
iter  1698 | steps  55,640,064 | SPS     915 | r_p0 +0.259 r_p1 +0.235 | clip_frac 0.041 | KL 0.0040 | H_fire 0.035 H_ang 4.92 H_ship 2.16 | V_loss 0.0223 | LR 0.000012 | early_stop=0 | fire[0]=0.09 fire[rest_max]=0.15 srcs_multi=0.67 ship0=0.00 meanshipbin=7.9 avgfleet=28.0 p90fleet=46.0
iter  1699 | steps  55,672,832 | SPS     915 | r_p0 +0.286 r_p1 +0.210 | clip_frac 0.041 | KL 0.0034 | H_fire 0.036 H_ang 4.92 H_ship 2.16 | V_loss 0.0205 | LR 0.000012 | early_stop=0 | fire[0]=0.09 fire[rest_max]=0.15 srcs_multi=0.70 ship0=0.00 meanshipbin=7.9 avgfleet=27.9 p90fleet=46.0
iter  1700 | steps  55,705,600 | SPS     915 | r_p0 +0.323 r_p1 +0.174 | clip_frac 0.041 | KL 0.0042 | H_fire 0.040 H_ang 4.92 H_ship 2.17 | V_loss 0.0238 | LR 0.000012 | early_stop=0 | fire[0]=0.09 fire[rest_max]=0.16 srcs_multi=0.68 ship0=0.00 meanshipbin=7.9 avgfleet=28.1 p90fleet=47.0
iter  1701 | steps  55,738,368 | SPS     915 | r_p0 +0.085 r_p1 +0.409 | clip_frac 0.041 | KL 0.0034 | H_fire 0.038 H_ang 4.92 H_ship 2.17 | V_loss 0.0249 | LR 0.000012 | early_stop=0 | fire[0]=0.09 fire[rest_max]=0.15 srcs_multi=0.67 ship0=0.00 meanshipbin=7.9 avgfleet=28.2 p90fleet=46.0
iter  1702 | steps  55,771,136 | SPS     915 | r_p0 +0.294 r_p1 +0.198 | clip_frac 0.041 | KL 0.0049 | H_fire 0.039 H_ang 4.92 H_ship 2.16 | V_loss 0.0225 | LR 0.000012 | early_stop=0 | fire[0]=0.09 fire[rest_max]=0.15 srcs_multi=0.70 ship0=0.00 meanshipbin=7.9 avgfleet=27.4 p90fleet=45.0
iter  1703 | steps  55,803,904 | SPS     915 | r_p0 +0.493 r_p1 -0.003 | clip_frac 0.041 | KL 0.0055 | H_fire 0.040 H_ang 4.92 H_ship 2.17 | V_loss 0.0237 | LR 0.000012 | early_stop=0 | fire[0]=0.09 fire[rest_max]=0.15 srcs_multi=0.64 ship0=0.00 meanshipbin=8.0 avgfleet=28.5 p90fleet=48.0
iter  1704 | steps  55,836,672 | SPS     915 | r_p0 +0.285 r_p1 +0.206 | clip_frac 0.041 | KL 0.0038 | H_fire 0.040 H_ang 4.92 H_ship 2.16 | V_loss 0.0222 | LR 0.000012 | early_stop=0 | fire[0]=0.09 fire[rest_max]=0.14 srcs_multi=0.68 ship0=0.00 meanshipbin=7.9 avgfleet=27.6 p90fleet=46.0
iter  1705 | steps  55,869,440 | SPS     915 | r_p0 +0.284 r_p1 +0.205 | clip_frac 0.041 | KL 0.0051 | H_fire 0.036 H_ang 4.92 H_ship 2.15 | V_loss 0.0254 | LR 0.000012 | early_stop=0 | fire[0]=0.09 fire[rest_max]=0.15 srcs_multi=0.73 ship0=0.00 meanshipbin=7.9 avgfleet=28.7 p90fleet=47.0
  pool snapshot @ step 55,869,440
  pool size=22  alpha=2.0
    self                 self_step_44695552             wr=0.47 (n=1805)  pfsp_w=0.278
    self                 self_step_51806208             wr=0.48 (n=252)  pfsp_w=0.274
    self                 self_step_41648128             wr=0.48 (n=2059)  pfsp_w=0.272
    self                 self_step_48758784             wr=0.48 (n=676)  pfsp_w=0.270
    self                 self_step_47742976             wr=0.49 (n=983)  pfsp_w=0.264
    self                 self_step_40632320             wr=0.49 (n=1712)  pfsp_w=0.257
    self                 self_step_52822016             wr=0.50 (n=351)  pfsp_w=0.254
    external_heuristic   candidate_zach_public          wr=0.50 (n=9690)  pfsp_w=0.253
iter  1706 | steps  55,902,208 | SPS     915 | r_p0 +0.359 r_p1 +0.136 | clip_frac 0.041 | KL 0.0046 | H_fire 0.038 H_ang 4.92 H_ship 2.17 | V_loss 0.0216 | LR 0.000012 | early_stop=0 | fire[0]=0.09 fire[rest_max]=0.15 srcs_multi=0.64 ship0=0.00 meanshipbin=7.9 avgfleet=29.7 p90fleet=50.0
iter  1707 | steps  55,934,976 | SPS     915 | r_p0 +0.384 r_p1 +0.112 | clip_frac 0.041 | KL 0.0042 | H_fire 0.040 H_ang 4.92 H_ship 2.16 | V_loss 0.0231 | LR 0.000012 | early_stop=0 | fire[0]=0.09 fire[rest_max]=0.15 srcs_multi=0.67 ship0=0.00 meanshipbin=7.9 avgfleet=27.4 p90fleet=45.0
iter  1708 | steps  55,967,744 | SPS     915 | r_p0 +0.393 r_p1 +0.097 | clip_frac 0.041 | KL 0.0041 | H_fire 0.040 H_ang 4.92 H_ship 2.16 | V_loss 0.0242 | LR 0.000012 | early_stop=0 | fire[0]=0.10 fire[rest_max]=0.15 srcs_multi=0.70 ship0=0.00 meanshipbin=7.9 avgfleet=26.9 p90fleet=44.0
iter  1709 | steps  56,000,512 | SPS     915 | r_p0 +0.297 r_p1 +0.195 | clip_frac 0.041 | KL 0.0038 | H_fire 0.036 H_ang 4.92 H_ship 2.16 | V_loss 0.0237 | LR 0.000012 | early_stop=0 | fire[0]=0.09 fire[rest_max]=0.14 srcs_multi=0.70 ship0=0.00 meanshipbin=7.9 avgfleet=27.7 p90fleet=46.0
iter  1710 | steps  56,033,280 | SPS     915 | r_p0 +0.095 r_p1 +0.397 | clip_frac 0.041 | KL 0.0039 | H_fire 0.038 H_ang 4.92 H_ship 2.16 | V_loss 0.0238 | LR 0.000012 | early_stop=0 | fire[0]=0.09 fire[rest_max]=0.15 srcs_multi=0.71 ship0=0.00 meanshipbin=7.9 avgfleet=27.0 p90fleet=45.0
iter  1711 | steps  56,066,048 | SPS     916 | r_p0 +0.308 r_p1 +0.180 | clip_frac 0.041 | KL 0.0053 | H_fire 0.035 H_ang 4.92 H_ship 2.17 | V_loss 0.0241 | LR 0.000012 | early_stop=0 | fire[0]=0.09 fire[rest_max]=0.15 srcs_multi=0.65 ship0=0.00 meanshipbin=8.0 avgfleet=28.5 p90fleet=47.0
iter  1712 | steps  56,098,816 | SPS     916 | r_p0 +0.385 r_p1 +0.108 | clip_frac 0.041 | KL 0.0051 | H_fire 0.036 H_ang 4.92 H_ship 2.16 | V_loss 0.0257 | LR 0.000012 | early_stop=0 | fire[0]=0.09 fire[rest_max]=0.15 srcs_multi=0.67 ship0=0.00 meanshipbin=8.0 avgfleet=27.8 p90fleet=46.0
iter  1713 | steps  56,131,584 | SPS     916 | r_p0 +0.322 r_p1 +0.172 | clip_frac 0.041 | KL 0.0041 | H_fire 0.039 H_ang 4.92 H_ship 2.16 | V_loss 0.0211 | LR 0.000012 | early_stop=0 | fire[0]=0.09 fire[rest_max]=0.16 srcs_multi=0.71 ship0=0.00 meanshipbin=7.9 avgfleet=26.8 p90fleet=45.0
iter  1714 | steps  56,164,352 | SPS     916 | r_p0 +0.420 r_p1 +0.073 | clip_frac 0.041 | KL 0.0037 | H_fire 0.039 H_ang 4.92 H_ship 2.17 | V_loss 0.0225 | LR 0.000012 | early_stop=0 | fire[0]=0.09 fire[rest_max]=0.15 srcs_multi=0.67 ship0=0.00 meanshipbin=8.0 avgfleet=27.4 p90fleet=47.0
iter  1715 | steps  56,197,120 | SPS     916 | r_p0 +0.359 r_p1 +0.134 | clip_frac 0.041 | KL 0.0052 | H_fire 0.039 H_ang 4.92 H_ship 2.17 | V_loss 0.0207 | LR 0.000012 | early_stop=0 | fire[0]=0.08 fire[rest_max]=0.15 srcs_multi=0.66 ship0=0.00 meanshipbin=8.0 avgfleet=28.1 p90fleet=48.0
iter  1716 | steps  56,229,888 | SPS     916 | r_p0 +0.109 r_p1 +0.385 | clip_frac 0.042 | KL 0.0043 | H_fire 0.043 H_ang 4.92 H_ship 2.16 | V_loss 0.0220 | LR 0.000012 | early_stop=0 | fire[0]=0.09 fire[rest_max]=0.16 srcs_multi=0.73 ship0=0.00 meanshipbin=8.0 avgfleet=26.3 p90fleet=44.0
iter  1717 | steps  56,262,656 | SPS     916 | r_p0 +0.249 r_p1 +0.248 | clip_frac 0.041 | KL 0.0038 | H_fire 0.040 H_ang 4.92 H_ship 2.16 | V_loss 0.0242 | LR 0.000012 | early_stop=0 | fire[0]=0.09 fire[rest_max]=0.15 srcs_multi=0.69 ship0=0.00 meanshipbin=7.9 avgfleet=27.3 p90fleet=45.0
iter  1718 | steps  56,295,424 | SPS     916 | r_p0 +0.383 r_p1 +0.111 | clip_frac 0.042 | KL 0.0050 | H_fire 0.040 H_ang 4.92 H_ship 2.16 | V_loss 0.0249 | LR 0.000012 | early_stop=0 | fire[0]=0.10 fire[rest_max]=0.17 srcs_multi=0.72 ship0=0.00 meanshipbin=7.9 avgfleet=27.2 p90fleet=46.0
iter  1719 | steps  56,328,192 | SPS     916 | r_p0 +0.396 r_p1 +0.096 | clip_frac 0.042 | KL 0.0041 | H_fire 0.038 H_ang 4.92 H_ship 2.15 | V_loss 0.0249 | LR 0.000012 | early_stop=0 | fire[0]=0.10 fire[rest_max]=0.15 srcs_multi=0.73 ship0=0.00 meanshipbin=8.0 avgfleet=27.2 p90fleet=45.0
iter  1720 | steps  56,360,960 | SPS     916 | r_p0 +0.369 r_p1 +0.125 | clip_frac 0.042 | KL 0.0030 | H_fire 0.037 H_ang 4.92 H_ship 2.17 | V_loss 0.0222 | LR 0.000012 | early_stop=0 | fire[0]=0.08 fire[rest_max]=0.15 srcs_multi=0.66 ship0=0.00 meanshipbin=7.9 avgfleet=28.5 p90fleet=48.0
iter  1721 | steps  56,393,728 | SPS     916 | r_p0 +0.262 r_p1 +0.236 | clip_frac 0.042 | KL 0.0043 | H_fire 0.036 H_ang 4.93 H_ship 2.17 | V_loss 0.0227 | LR 0.000012 | early_stop=0 | fire[0]=0.09 fire[rest_max]=0.16 srcs_multi=0.67 ship0=0.00 meanshipbin=8.0 avgfleet=28.1 p90fleet=47.0
iter  1722 | steps  56,426,496 | SPS     916 | r_p0 +0.235 r_p1 +0.258 | clip_frac 0.042 | KL 0.0039 | H_fire 0.036 H_ang 4.92 H_ship 2.16 | V_loss 0.0250 | LR 0.000012 | early_stop=0 | fire[0]=0.09 fire[rest_max]=0.15 srcs_multi=0.69 ship0=0.00 meanshipbin=8.0 avgfleet=27.8 p90fleet=46.0
iter  1723 | steps  56,459,264 | SPS     916 | r_p0 +0.274 r_p1 +0.222 | clip_frac 0.042 | KL 0.0043 | H_fire 0.038 H_ang 4.92 H_ship 2.17 | V_loss 0.0226 | LR 0.000012 | early_stop=0 | fire[0]=0.09 fire[rest_max]=0.15 srcs_multi=0.67 ship0=0.00 meanshipbin=8.0 avgfleet=28.3 p90fleet=47.0
iter  1724 | steps  56,492,032 | SPS     916 | r_p0 +0.185 r_p1 +0.309 | clip_frac 0.041 | KL 0.0028 | H_fire 0.040 H_ang 4.92 H_ship 2.17 | V_loss 0.0269 | LR 0.000012 | early_stop=0 | fire[0]=0.09 fire[rest_max]=0.16 srcs_multi=0.68 ship0=0.00 meanshipbin=8.0 avgfleet=28.3 p90fleet=48.0
iter  1725 | steps  56,524,800 | SPS     916 | r_p0 +0.307 r_p1 +0.187 | clip_frac 0.041 | KL 0.0043 | H_fire 0.039 H_ang 4.92 H_ship 2.16 | V_loss 0.0231 | LR 0.000012 | early_stop=0 | fire[0]=0.09 fire[rest_max]=0.16 srcs_multi=0.70 ship0=0.00 meanshipbin=8.0 avgfleet=27.7 p90fleet=47.0
iter  1726 | steps  56,557,568 | SPS     916 | r_p0 +0.198 r_p1 +0.295 | clip_frac 0.041 | KL 0.0045 | H_fire 0.042 H_ang 4.92 H_ship 2.16 | V_loss 0.0236 | LR 0.000012 | early_stop=0 | fire[0]=0.09 fire[rest_max]=0.16 srcs_multi=0.71 ship0=0.00 meanshipbin=8.0 avgfleet=27.9 p90fleet=47.0
iter  1727 | steps  56,590,336 | SPS     916 | r_p0 +0.073 r_p1 +0.422 | clip_frac 0.041 | KL 0.0043 | H_fire 0.044 H_ang 4.92 H_ship 2.16 | V_loss 0.0214 | LR 0.000012 | early_stop=0 | fire[0]=0.09 fire[rest_max]=0.17 srcs_multi=0.72 ship0=0.00 meanshipbin=8.0 avgfleet=27.3 p90fleet=46.0
iter  1728 | steps  56,623,104 | SPS     916 | r_p0 +0.336 r_p1 +0.161 | clip_frac 0.042 | KL 0.0046 | H_fire 0.043 H_ang 4.92 H_ship 2.17 | V_loss 0.0235 | LR 0.000012 | early_stop=0 | fire[0]=0.09 fire[rest_max]=0.16 srcs_multi=0.68 ship0=0.00 meanshipbin=7.9 avgfleet=26.4 p90fleet=45.0
iter  1729 | steps  56,655,872 | SPS     917 | r_p0 +0.082 r_p1 +0.409 | clip_frac 0.041 | KL 0.0038 | H_fire 0.037 H_ang 4.92 H_ship 2.16 | V_loss 0.0260 | LR 0.000012 | early_stop=0 | fire[0]=0.09 fire[rest_max]=0.14 srcs_multi=0.65 ship0=0.00 meanshipbin=8.0 avgfleet=27.4 p90fleet=46.0
iter  1730 | steps  56,688,640 | SPS     917 | r_p0 +0.347 r_p1 +0.148 | clip_frac 0.041 | KL 0.0023 | H_fire 0.037 H_ang 4.92 H_ship 2.16 | V_loss 0.0221 | LR 0.000012 | early_stop=0 | fire[0]=0.09 fire[rest_max]=0.15 srcs_multi=0.71 ship0=0.00 meanshipbin=7.9 avgfleet=27.3 p90fleet=45.0
iter  1731 | steps  56,721,408 | SPS     917 | r_p0 +0.187 r_p1 +0.308 | clip_frac 0.041 | KL 0.0035 | H_fire 0.040 H_ang 4.92 H_ship 2.17 | V_loss 0.0260 | LR 0.000012 | early_stop=0 | fire[0]=0.09 fire[rest_max]=0.15 srcs_multi=0.65 ship0=0.00 meanshipbin=8.0 avgfleet=28.5 p90fleet=47.0
iter  1732 | steps  56,754,176 | SPS     917 | r_p0 +0.037 r_p1 +0.458 | clip_frac 0.041 | KL 0.0040 | H_fire 0.040 H_ang 4.92 H_ship 2.17 | V_loss 0.0251 | LR 0.000012 | early_stop=0 | fire[0]=0.09 fire[rest_max]=0.16 srcs_multi=0.66 ship0=0.00 meanshipbin=8.0 avgfleet=28.2 p90fleet=48.0
iter  1733 | steps  56,786,944 | SPS     917 | r_p0 +0.035 r_p1 +0.459 | clip_frac 0.041 | KL 0.0040 | H_fire 0.040 H_ang 4.92 H_ship 2.17 | V_loss 0.0245 | LR 0.000012 | early_stop=0 | fire[0]=0.09 fire[rest_max]=0.16 srcs_multi=0.66 ship0=0.00 meanshipbin=8.0 avgfleet=28.3 p90fleet=48.0
iter  1734 | steps  56,819,712 | SPS     917 | r_p0 +0.008 r_p1 +0.483 | clip_frac 0.041 | KL 0.0054 | H_fire 0.039 H_ang 4.92 H_ship 2.16 | V_loss 0.0255 | LR 0.000012 | early_stop=0 | fire[0]=0.09 fire[rest_max]=0.15 srcs_multi=0.67 ship0=0.00 meanshipbin=8.0 avgfleet=27.3 p90fleet=46.0
iter  1735 | steps  56,852,480 | SPS     917 | r_p0 +0.147 r_p1 +0.345 | clip_frac 0.041 | KL 0.0042 | H_fire 0.039 H_ang 4.92 H_ship 2.16 | V_loss 0.0255 | LR 0.000012 | early_stop=0 | fire[0]=0.09 fire[rest_max]=0.16 srcs_multi=0.71 ship0=0.00 meanshipbin=8.0 avgfleet=26.8 p90fleet=45.0
iter  1736 | steps  56,885,248 | SPS     917 | r_p0 +0.234 r_p1 +0.273 | clip_frac 0.041 | KL 0.0050 | H_fire 0.037 H_ang 4.93 H_ship 2.17 | V_loss 0.0258 | LR 0.000012 | early_stop=0 | fire[0]=0.09 fire[rest_max]=0.16 srcs_multi=0.66 ship0=0.00 meanshipbin=8.0 avgfleet=28.5 p90fleet=48.0
  pool snapshot @ step 56,885,248
  pool size=22  alpha=2.0
    self                 self_step_53837824             wr=0.45 (n=427)  pfsp_w=0.305
    self                 self_step_41648128             wr=0.48 (n=2143)  pfsp_w=0.275
    self                 self_step_44695552             wr=0.48 (n=1990)  pfsp_w=0.274
    self                 self_step_47742976             wr=0.49 (n=983)  pfsp_w=0.264
    self                 self_step_48758784             wr=0.49 (n=778)  pfsp_w=0.260
    self                 self_step_42663936             wr=0.50 (n=1977)  pfsp_w=0.254
    external_heuristic   candidate_zach_public          wr=0.50 (n=9782)  pfsp_w=0.252
    self                 self_step_40632320             wr=0.50 (n=1859)  pfsp_w=0.251
iter  1737 | steps  56,918,016 | SPS     917 | r_p0 +0.270 r_p1 +0.222 | clip_frac 0.041 | KL 0.0037 | H_fire 0.037 H_ang 4.92 H_ship 2.16 | V_loss 0.0284 | LR 0.000012 | early_stop=0 | fire[0]=0.09 fire[rest_max]=0.16 srcs_multi=0.66 ship0=0.00 meanshipbin=8.1 avgfleet=28.8 p90fleet=49.0
iter  1738 | steps  56,950,784 | SPS     917 | r_p0 +0.098 r_p1 +0.399 | clip_frac 0.041 | KL 0.0041 | H_fire 0.034 H_ang 4.92 H_ship 2.16 | V_loss 0.0264 | LR 0.000012 | early_stop=0 | fire[0]=0.09 fire[rest_max]=0.16 srcs_multi=0.69 ship0=0.00 meanshipbin=8.0 avgfleet=27.8 p90fleet=46.0
iter  1739 | steps  56,983,552 | SPS     917 | r_p0 +0.148 r_p1 +0.348 | clip_frac 0.041 | KL 0.0033 | H_fire 0.036 H_ang 4.92 H_ship 2.17 | V_loss 0.0254 | LR 0.000012 | early_stop=0 | fire[0]=0.09 fire[rest_max]=0.15 srcs_multi=0.67 ship0=0.00 meanshipbin=8.0 avgfleet=28.3 p90fleet=47.0
iter  1740 | steps  57,016,320 | SPS     917 | r_p0 +0.124 r_p1 +0.372 | clip_frac 0.041 | KL 0.0034 | H_fire 0.037 H_ang 4.92 H_ship 2.16 | V_loss 0.0271 | LR 0.000012 | early_stop=0 | fire[0]=0.10 fire[rest_max]=0.16 srcs_multi=0.72 ship0=0.00 meanshipbin=8.0 avgfleet=27.8 p90fleet=46.0
iter  1741 | steps  57,049,088 | SPS     917 | r_p0 +0.210 r_p1 +0.286 | clip_frac 0.041 | KL 0.0034 | H_fire 0.037 H_ang 4.93 H_ship 2.17 | V_loss 0.0237 | LR 0.000012 | early_stop=0 | fire[0]=0.09 fire[rest_max]=0.16 srcs_multi=0.65 ship0=0.00 meanshipbin=8.1 avgfleet=29.9 p90fleet=50.0
iter  1742 | steps  57,081,856 | SPS     917 | r_p0 +0.324 r_p1 +0.175 | clip_frac 0.041 | KL 0.0034 | H_fire 0.037 H_ang 4.92 H_ship 2.16 | V_loss 0.0264 | LR 0.000012 | early_stop=0 | fire[0]=0.09 fire[rest_max]=0.16 srcs_multi=0.70 ship0=0.00 meanshipbin=7.9 avgfleet=28.0 p90fleet=46.0
iter  1743 | steps  57,114,624 | SPS     917 | r_p0 +0.223 r_p1 +0.268 | clip_frac 0.041 | KL 0.0044 | H_fire 0.037 H_ang 4.92 H_ship 2.17 | V_loss 0.0219 | LR 0.000012 | early_stop=0 | fire[0]=0.09 fire[rest_max]=0.16 srcs_multi=0.69 ship0=0.00 meanshipbin=7.9 avgfleet=28.3 p90fleet=46.0
iter  1744 | steps  57,147,392 | SPS     917 | r_p0 +0.162 r_p1 +0.333 | clip_frac 0.041 | KL 0.0044 | H_fire 0.035 H_ang 4.92 H_ship 2.16 | V_loss 0.0262 | LR 0.000012 | early_stop=0 | fire[0]=0.09 fire[rest_max]=0.15 srcs_multi=0.64 ship0=0.00 meanshipbin=8.1 avgfleet=29.2 p90fleet=49.0
iter  1745 | steps  57,180,160 | SPS     917 | r_p0 +0.099 r_p1 +0.398 | clip_frac 0.041 | KL 0.0033 | H_fire 0.038 H_ang 4.92 H_ship 2.16 | V_loss 0.0241 | LR 0.000012 | early_stop=0 | fire[0]=0.09 fire[rest_max]=0.16 srcs_multi=0.70 ship0=0.00 meanshipbin=8.0 avgfleet=26.9 p90fleet=45.0
iter  1746 | steps  57,212,928 | SPS     917 | r_p0 +0.260 r_p1 +0.236 | clip_frac 0.041 | KL 0.0037 | H_fire 0.036 H_ang 4.92 H_ship 2.15 | V_loss 0.0305 | LR 0.000012 | early_stop=0 | fire[0]=0.10 fire[rest_max]=0.17 srcs_multi=0.75 ship0=0.00 meanshipbin=8.0 avgfleet=27.9 p90fleet=46.0
iter  1747 | steps  57,245,696 | SPS     917 | r_p0 +0.348 r_p1 +0.149 | clip_frac 0.040 | KL 0.0044 | H_fire 0.033 H_ang 4.93 H_ship 2.17 | V_loss 0.0243 | LR 0.000012 | early_stop=0 | fire[0]=0.09 fire[rest_max]=0.16 srcs_multi=0.65 ship0=0.00 meanshipbin=8.0 avgfleet=28.9 p90fleet=49.0
iter  1748 | steps  57,278,464 | SPS     917 | r_p0 +0.297 r_p1 +0.197 | clip_frac 0.041 | KL 0.0049 | H_fire 0.036 H_ang 4.92 H_ship 2.16 | V_loss 0.0237 | LR 0.000012 | early_stop=0 | fire[0]=0.10 fire[rest_max]=0.16 srcs_multi=0.72 ship0=0.00 meanshipbin=8.0 avgfleet=27.1 p90fleet=45.0
  saved checkpoints/torch_step_57278464_20260525_184201.pt
  saved checkpoints/pool_step_57278464_20260525_184201.pt (22 members)
iter  1749 | steps  57,311,232 | SPS     917 | r_p0 +0.147 r_p1 +0.348 | clip_frac 0.041 | KL 0.0056 | H_fire 0.039 H_ang 4.92 H_ship 2.16 | V_loss 0.0263 | LR 0.000012 | early_stop=0 | fire[0]=0.10 fire[rest_max]=0.16 srcs_multi=0.73 ship0=0.00 meanshipbin=7.9 avgfleet=29.7 p90fleet=50.0
iter  1750 | steps  57,344,000 | SPS     917 | r_p0 +0.096 r_p1 +0.399 | clip_frac 0.041 | KL 0.0043 | H_fire 0.041 H_ang 4.92 H_ship 2.16 | V_loss 0.0203 | LR 0.000012 | early_stop=0 | fire[0]=0.09 fire[rest_max]=0.16 srcs_multi=0.76 ship0=0.00 meanshipbin=7.9 avgfleet=31.1 p90fleet=51.0
iter  1751 | steps  57,376,768 | SPS     917 | r_p0 +0.035 r_p1 +0.460 | clip_frac 0.041 | KL 0.0035 | H_fire 0.040 H_ang 4.92 H_ship 2.17 | V_loss 0.0204 | LR 0.000012 | early_stop=0 | fire[0]=0.09 fire[rest_max]=0.15 srcs_multi=0.65 ship0=0.00 meanshipbin=8.0 avgfleet=27.7 p90fleet=46.0
iter  1752 | steps  57,409,536 | SPS     917 | r_p0 +0.196 r_p1 +0.296 | clip_frac 0.041 | KL 0.0032 | H_fire 0.041 H_ang 4.92 H_ship 2.17 | V_loss 0.0240 | LR 0.000012 | early_stop=0 | fire[0]=0.09 fire[rest_max]=0.15 srcs_multi=0.66 ship0=0.00 meanshipbin=8.0 avgfleet=28.3 p90fleet=47.0
iter  1753 | steps  57,442,304 | SPS     917 | r_p0 +0.173 r_p1 +0.324 | clip_frac 0.040 | KL 0.0041 | H_fire 0.040 H_ang 4.92 H_ship 2.17 | V_loss 0.0226 | LR 0.000012 | early_stop=0 | fire[0]=0.09 fire[rest_max]=0.15 srcs_multi=0.67 ship0=0.00 meanshipbin=7.9 avgfleet=27.2 p90fleet=45.0
iter  1754 | steps  57,475,072 | SPS     916 | r_p0 +0.049 r_p1 +0.447 | clip_frac 0.041 | KL 0.0043 | H_fire 0.042 H_ang 4.92 H_ship 2.16 | V_loss 0.0245 | LR 0.000012 | early_stop=0 | fire[0]=0.10 fire[rest_max]=0.15 srcs_multi=0.70 ship0=0.00 meanshipbin=8.0 avgfleet=28.9 p90fleet=49.0
iter  1755 | steps  57,507,840 | SPS     916 | r_p0 +0.045 r_p1 +0.444 | clip_frac 0.040 | KL 0.0036 | H_fire 0.042 H_ang 4.92 H_ship 2.16 | V_loss 0.0216 | LR 0.000011 | early_stop=0 | fire[0]=0.09 fire[rest_max]=0.15 srcs_multi=0.72 ship0=0.00 meanshipbin=8.0 avgfleet=30.4 p90fleet=51.0
iter  1756 | steps  57,540,608 | SPS     916 | r_p0 +0.034 r_p1 +0.455 | clip_frac 0.040 | KL 0.0036 | H_fire 0.041 H_ang 4.92 H_ship 2.17 | V_loss 0.0246 | LR 0.000011 | early_stop=0 | fire[0]=0.09 fire[rest_max]=0.14 srcs_multi=0.65 ship0=0.00 meanshipbin=8.1 avgfleet=30.9 p90fleet=50.0
iter  1757 | steps  57,573,376 | SPS     916 | r_p0 +0.247 r_p1 +0.248 | clip_frac 0.040 | KL 0.0033 | H_fire 0.035 H_ang 4.92 H_ship 2.17 | V_loss 0.0230 | LR 0.000011 | early_stop=0 | fire[0]=0.09 fire[rest_max]=0.15 srcs_multi=0.62 ship0=0.00 meanshipbin=8.1 avgfleet=28.0 p90fleet=46.0
iter  1758 | steps  57,606,144 | SPS     916 | r_p0 +0.222 r_p1 +0.273 | clip_frac 0.040 | KL 0.0039 | H_fire 0.037 H_ang 4.92 H_ship 2.16 | V_loss 0.0240 | LR 0.000011 | early_stop=0 | fire[0]=0.09 fire[rest_max]=0.14 srcs_multi=0.67 ship0=0.00 meanshipbin=8.0 avgfleet=27.8 p90fleet=46.0
iter  1759 | steps  57,638,912 | SPS     916 | r_p0 +0.295 r_p1 +0.198 | clip_frac 0.040 | KL 0.0050 | H_fire 0.039 H_ang 4.92 H_ship 2.17 | V_loss 0.0248 | LR 0.000011 | early_stop=0 | fire[0]=0.09 fire[rest_max]=0.15 srcs_multi=0.67 ship0=0.00 meanshipbin=8.0 avgfleet=28.1 p90fleet=47.0
iter  1760 | steps  57,671,680 | SPS     916 | r_p0 -0.005 r_p1 +0.498 | clip_frac 0.040 | KL 0.0037 | H_fire 0.033 H_ang 4.92 H_ship 2.16 | V_loss 0.0273 | LR 0.000011 | early_stop=0 | fire[0]=0.10 fire[rest_max]=0.16 srcs_multi=0.71 ship0=0.00 meanshipbin=8.0 avgfleet=28.4 p90fleet=46.0
iter  1761 | steps  57,704,448 | SPS     916 | r_p0 +0.361 r_p1 +0.135 | clip_frac 0.040 | KL 0.0041 | H_fire 0.033 H_ang 4.93 H_ship 2.17 | V_loss 0.0245 | LR 0.000011 | early_stop=0 | fire[0]=0.09 fire[rest_max]=0.15 srcs_multi=0.64 ship0=0.00 meanshipbin=8.1 avgfleet=30.4 p90fleet=51.0
iter  1762 | steps  57,737,216 | SPS     916 | r_p0 +0.299 r_p1 +0.200 | clip_frac 0.040 | KL 0.0040 | H_fire 0.034 H_ang 4.92 H_ship 2.16 | V_loss 0.0241 | LR 0.000011 | early_stop=0 | fire[0]=0.09 fire[rest_max]=0.15 srcs_multi=0.69 ship0=0.00 meanshipbin=8.0 avgfleet=28.0 p90fleet=45.0
iter  1763 | steps  57,769,984 | SPS     916 | r_p0 +0.250 r_p1 +0.249 | clip_frac 0.040 | KL 0.0039 | H_fire 0.034 H_ang 4.92 H_ship 2.17 | V_loss 0.0269 | LR 0.000011 | early_stop=0 | fire[0]=0.09 fire[rest_max]=0.14 srcs_multi=0.65 ship0=0.00 meanshipbin=8.0 avgfleet=29.0 p90fleet=48.0
iter  1764 | steps  57,802,752 | SPS     916 | r_p0 +0.285 r_p1 +0.211 | clip_frac 0.039 | KL 0.0030 | H_fire 0.033 H_ang 4.92 H_ship 2.17 | V_loss 0.0250 | LR 0.000011 | early_stop=0 | fire[0]=0.09 fire[rest_max]=0.14 srcs_multi=0.62 ship0=0.00 meanshipbin=8.1 avgfleet=30.2 p90fleet=50.0
iter  1765 | steps  57,835,520 | SPS     917 | r_p0 +0.245 r_p1 +0.246 | clip_frac 0.039 | KL 0.0043 | H_fire 0.035 H_ang 4.92 H_ship 2.16 | V_loss 0.0251 | LR 0.000011 | early_stop=0 | fire[0]=0.09 fire[rest_max]=0.15 srcs_multi=0.67 ship0=0.00 meanshipbin=7.9 avgfleet=28.4 p90fleet=47.0
iter  1766 | steps  57,868,288 | SPS     917 | r_p0 +0.297 r_p1 +0.199 | clip_frac 0.039 | KL 0.0041 | H_fire 0.038 H_ang 4.92 H_ship 2.17 | V_loss 0.0260 | LR 0.000011 | early_stop=0 | fire[0]=0.09 fire[rest_max]=0.14 srcs_multi=0.66 ship0=0.00 meanshipbin=8.0 avgfleet=28.6 p90fleet=48.0
iter  1767 | steps  57,901,056 | SPS     917 | r_p0 +0.198 r_p1 +0.297 | clip_frac 0.039 | KL 0.0039 | H_fire 0.038 H_ang 4.92 H_ship 2.17 | V_loss 0.0248 | LR 0.000011 | early_stop=0 | fire[0]=0.09 fire[rest_max]=0.15 srcs_multi=0.67 ship0=0.00 meanshipbin=8.0 avgfleet=28.3 p90fleet=47.0
  pool snapshot @ step 57,901,056
  pool size=22  alpha=2.0
    self                 self_step_56885248             wr=0.46 (n=364)  pfsp_w=0.293
    self                 self_step_44695552             wr=0.47 (n=2259)  pfsp_w=0.278
    self                 self_step_41648128             wr=0.48 (n=2223)  pfsp_w=0.272
    self                 self_step_53837824             wr=0.49 (n=815)  pfsp_w=0.262
    self                 self_step_48758784             wr=0.49 (n=778)  pfsp_w=0.260
    self                 self_step_47742976             wr=0.49 (n=1070)  pfsp_w=0.260
    external_heuristic   candidate_zach_public          wr=0.50 (n=10043)  pfsp_w=0.253
    self                 self_step_40632320             wr=0.50 (n=1859)  pfsp_w=0.251
iter  1768 | steps  57,933,824 | SPS     917 | r_p0 +0.157 r_p1 +0.335 | clip_frac 0.039 | KL 0.0039 | H_fire 0.036 H_ang 4.92 H_ship 2.17 | V_loss 0.0262 | LR 0.000011 | early_stop=0 | fire[0]=0.09 fire[rest_max]=0.15 srcs_multi=0.68 ship0=0.00 meanshipbin=8.0 avgfleet=28.5 p90fleet=47.0
iter  1769 | steps  57,966,592 | SPS     917 | r_p0 +0.306 r_p1 +0.186 | clip_frac 0.039 | KL 0.0041 | H_fire 0.033 H_ang 4.92 H_ship 2.16 | V_loss 0.0250 | LR 0.000011 | early_stop=0 | fire[0]=0.09 fire[rest_max]=0.15 srcs_multi=0.69 ship0=0.00 meanshipbin=7.9 avgfleet=27.8 p90fleet=45.0
iter  1770 | steps  57,999,360 | SPS     917 | r_p0 +0.348 r_p1 +0.147 | clip_frac 0.039 | KL 0.0033 | H_fire 0.035 H_ang 4.92 H_ship 2.17 | V_loss 0.0231 | LR 0.000011 | early_stop=0 | fire[0]=0.09 fire[rest_max]=0.15 srcs_multi=0.68 ship0=0.00 meanshipbin=7.9 avgfleet=27.6 p90fleet=45.0
iter  1771 | steps  58,032,128 | SPS     917 | r_p0 +0.349 r_p1 +0.148 | clip_frac 0.039 | KL 0.0034 | H_fire 0.036 H_ang 4.92 H_ship 2.16 | V_loss 0.0274 | LR 0.000011 | early_stop=0 | fire[0]=0.10 fire[rest_max]=0.15 srcs_multi=0.69 ship0=0.00 meanshipbin=8.1 avgfleet=29.7 p90fleet=49.0
iter  1772 | steps  58,064,896 | SPS     917 | r_p0 +0.136 r_p1 +0.362 | clip_frac 0.039 | KL 0.0033 | H_fire 0.038 H_ang 4.92 H_ship 2.16 | V_loss 0.0229 | LR 0.000011 | early_stop=0 | fire[0]=0.10 fire[rest_max]=0.16 srcs_multi=0.73 ship0=0.00 meanshipbin=8.0 avgfleet=27.8 p90fleet=46.0
iter  1773 | steps  58,097,664 | SPS     917 | r_p0 -0.026 r_p1 +0.521 | clip_frac 0.039 | KL 0.0049 | H_fire 0.036 H_ang 4.92 H_ship 2.17 | V_loss 0.0261 | LR 0.000011 | early_stop=0 | fire[0]=0.09 fire[rest_max]=0.16 srcs_multi=0.71 ship0=0.00 meanshipbin=8.0 avgfleet=28.5 p90fleet=47.0
iter  1774 | steps  58,130,432 | SPS     917 | r_p0 +0.244 r_p1 +0.249 | clip_frac 0.039 | KL 0.0044 | H_fire 0.033 H_ang 4.92 H_ship 2.16 | V_loss 0.0275 | LR 0.000011 | early_stop=0 | fire[0]=0.10 fire[rest_max]=0.15 srcs_multi=0.70 ship0=0.00 meanshipbin=7.9 avgfleet=28.4 p90fleet=47.0
iter  1775 | steps  58,163,200 | SPS     917 | r_p0 +0.186 r_p1 +0.312 | clip_frac 0.039 | KL 0.0040 | H_fire 0.033 H_ang 4.93 H_ship 2.17 | V_loss 0.0234 | LR 0.000011 | early_stop=0 | fire[0]=0.10 fire[rest_max]=0.16 srcs_multi=0.68 ship0=0.00 meanshipbin=8.0 avgfleet=28.3 p90fleet=47.0
iter  1776 | steps  58,195,968 | SPS     917 | r_p0 +0.221 r_p1 +0.274 | clip_frac 0.039 | KL 0.0039 | H_fire 0.031 H_ang 4.93 H_ship 2.17 | V_loss 0.0263 | LR 0.000011 | early_stop=0 | fire[0]=0.09 fire[rest_max]=0.15 srcs_multi=0.67 ship0=0.00 meanshipbin=8.0 avgfleet=28.8 p90fleet=48.0
iter  1777 | steps  58,228,736 | SPS     917 | r_p0 +0.287 r_p1 +0.210 | clip_frac 0.039 | KL 0.0038 | H_fire 0.032 H_ang 4.92 H_ship 2.17 | V_loss 0.0238 | LR 0.000011 | early_stop=0 | fire[0]=0.09 fire[rest_max]=0.15 srcs_multi=0.68 ship0=0.00 meanshipbin=7.9 avgfleet=28.3 p90fleet=46.0
iter  1778 | steps  58,261,504 | SPS     917 | r_p0 +0.162 r_p1 +0.333 | clip_frac 0.039 | KL 0.0045 | H_fire 0.035 H_ang 4.92 H_ship 2.17 | V_loss 0.0206 | LR 0.000011 | early_stop=0 | fire[0]=0.09 fire[rest_max]=0.14 srcs_multi=0.68 ship0=0.00 meanshipbin=8.0 avgfleet=28.9 p90fleet=47.0
iter  1779 | steps  58,294,272 | SPS     917 | r_p0 +0.160 r_p1 +0.336 | clip_frac 0.039 | KL 0.0047 | H_fire 0.032 H_ang 4.92 H_ship 2.17 | V_loss 0.0226 | LR 0.000011 | early_stop=0 | fire[0]=0.09 fire[rest_max]=0.14 srcs_multi=0.64 ship0=0.00 meanshipbin=8.0 avgfleet=28.5 p90fleet=46.0
iter  1780 | steps  58,327,040 | SPS     917 | r_p0 +0.099 r_p1 +0.399 | clip_frac 0.039 | KL 0.0034 | H_fire 0.034 H_ang 4.92 H_ship 2.17 | V_loss 0.0259 | LR 0.000011 | early_stop=0 | fire[0]=0.09 fire[rest_max]=0.15 srcs_multi=0.68 ship0=0.00 meanshipbin=7.9 avgfleet=27.9 p90fleet=46.0
iter  1781 | steps  58,359,808 | SPS     917 | r_p0 +0.061 r_p1 +0.434 | clip_frac 0.039 | KL 0.0044 | H_fire 0.037 H_ang 4.92 H_ship 2.17 | V_loss 0.0256 | LR 0.000011 | early_stop=0 | fire[0]=0.09 fire[rest_max]=0.15 srcs_multi=0.68 ship0=0.00 meanshipbin=7.9 avgfleet=27.7 p90fleet=46.0
iter  1782 | steps  58,392,576 | SPS     917 | r_p0 +0.161 r_p1 +0.334 | clip_frac 0.039 | KL 0.0051 | H_fire 0.034 H_ang 4.92 H_ship 2.17 | V_loss 0.0274 | LR 0.000011 | early_stop=0 | fire[0]=0.09 fire[rest_max]=0.14 srcs_multi=0.65 ship0=0.00 meanshipbin=7.9 avgfleet=28.0 p90fleet=46.0
iter  1783 | steps  58,425,344 | SPS     917 | r_p0 +0.322 r_p1 +0.172 | clip_frac 0.039 | KL 0.0046 | H_fire 0.032 H_ang 4.92 H_ship 2.17 | V_loss 0.0276 | LR 0.000011 | early_stop=0 | fire[0]=0.09 fire[rest_max]=0.14 srcs_multi=0.65 ship0=0.00 meanshipbin=8.0 avgfleet=29.5 p90fleet=48.0
iter  1784 | steps  58,458,112 | SPS     917 | r_p0 +0.185 r_p1 +0.309 | clip_frac 0.038 | KL 0.0035 | H_fire 0.031 H_ang 4.92 H_ship 2.16 | V_loss 0.0253 | LR 0.000011 | early_stop=0 | fire[0]=0.09 fire[rest_max]=0.16 srcs_multi=0.68 ship0=0.00 meanshipbin=8.0 avgfleet=28.0 p90fleet=46.0
iter  1785 | steps  58,490,880 | SPS     918 | r_p0 +0.235 r_p1 +0.259 | clip_frac 0.038 | KL 0.0025 | H_fire 0.034 H_ang 4.92 H_ship 2.16 | V_loss 0.0236 | LR 0.000011 | early_stop=0 | fire[0]=0.10 fire[rest_max]=0.16 srcs_multi=0.73 ship0=0.00 meanshipbin=8.0 avgfleet=27.5 p90fleet=45.0
iter  1786 | steps  58,523,648 | SPS     918 | r_p0 +0.381 r_p1 +0.111 | clip_frac 0.038 | KL 0.0037 | H_fire 0.031 H_ang 4.92 H_ship 2.16 | V_loss 0.0260 | LR 0.000011 | early_stop=0 | fire[0]=0.09 fire[rest_max]=0.15 srcs_multi=0.68 ship0=0.00 meanshipbin=8.0 avgfleet=28.3 p90fleet=45.0
iter  1787 | steps  58,556,416 | SPS     918 | r_p0 +0.286 r_p1 +0.209 | clip_frac 0.038 | KL 0.0043 | H_fire 0.032 H_ang 4.92 H_ship 2.17 | V_loss 0.0231 | LR 0.000011 | early_stop=0 | fire[0]=0.09 fire[rest_max]=0.15 srcs_multi=0.65 ship0=0.00 meanshipbin=8.0 avgfleet=29.0 p90fleet=48.0
iter  1788 | steps  58,589,184 | SPS     918 | r_p0 +0.349 r_p1 +0.161 | clip_frac 0.038 | KL 0.0032 | H_fire 0.034 H_ang 4.92 H_ship 2.18 | V_loss 0.0239 | LR 0.000011 | early_stop=0 | fire[0]=0.09 fire[rest_max]=0.15 srcs_multi=0.65 ship0=0.00 meanshipbin=7.9 avgfleet=29.0 p90fleet=48.0
iter  1789 | steps  58,621,952 | SPS     918 | r_p0 +0.286 r_p1 +0.211 | clip_frac 0.038 | KL 0.0038 | H_fire 0.034 H_ang 4.92 H_ship 2.17 | V_loss 0.0253 | LR 0.000011 | early_stop=0 | fire[0]=0.09 fire[rest_max]=0.15 srcs_multi=0.66 ship0=0.00 meanshipbin=7.9 avgfleet=27.8 p90fleet=46.0
iter  1790 | steps  58,654,720 | SPS     918 | r_p0 +0.210 r_p1 +0.285 | clip_frac 0.038 | KL 0.0041 | H_fire 0.037 H_ang 4.92 H_ship 2.16 | V_loss 0.0233 | LR 0.000011 | early_stop=0 | fire[0]=0.09 fire[rest_max]=0.15 srcs_multi=0.69 ship0=0.00 meanshipbin=7.9 avgfleet=27.7 p90fleet=46.0
iter  1791 | steps  58,687,488 | SPS     918 | r_p0 +0.109 r_p1 +0.396 | clip_frac 0.038 | KL 0.0047 | H_fire 0.034 H_ang 4.92 H_ship 2.17 | V_loss 0.0260 | LR 0.000011 | early_stop=0 | fire[0]=0.09 fire[rest_max]=0.15 srcs_multi=0.65 ship0=0.00 meanshipbin=8.0 avgfleet=28.1 p90fleet=46.0
iter  1792 | steps  58,720,256 | SPS     918 | r_p0 -0.016 r_p1 +0.509 | clip_frac 0.038 | KL 0.0041 | H_fire 0.036 H_ang 4.92 H_ship 2.17 | V_loss 0.0242 | LR 0.000011 | early_stop=0 | fire[0]=0.09 fire[rest_max]=0.15 srcs_multi=0.67 ship0=0.00 meanshipbin=8.0 avgfleet=28.9 p90fleet=48.0
iter  1793 | steps  58,753,024 | SPS     918 | r_p0 +0.024 r_p1 +0.473 | clip_frac 0.038 | KL 0.0037 | H_fire 0.036 H_ang 4.92 H_ship 2.17 | V_loss 0.0234 | LR 0.000011 | early_stop=0 | fire[0]=0.10 fire[rest_max]=0.15 srcs_multi=0.68 ship0=0.00 meanshipbin=8.0 avgfleet=28.6 p90fleet=48.0
iter  1794 | steps  58,785,792 | SPS     918 | r_p0 +0.148 r_p1 +0.349 | clip_frac 0.038 | KL 0.0041 | H_fire 0.033 H_ang 4.92 H_ship 2.16 | V_loss 0.0259 | LR 0.000011 | early_stop=0 | fire[0]=0.09 fire[rest_max]=0.15 srcs_multi=0.70 ship0=0.00 meanshipbin=7.9 avgfleet=28.4 p90fleet=46.0
iter  1795 | steps  58,818,560 | SPS     918 | r_p0 +0.232 r_p1 +0.272 | clip_frac 0.038 | KL 0.0030 | H_fire 0.034 H_ang 4.92 H_ship 2.17 | V_loss 0.0243 | LR 0.000011 | early_stop=0 | fire[0]=0.09 fire[rest_max]=0.15 srcs_multi=0.68 ship0=0.00 meanshipbin=8.0 avgfleet=29.0 p90fleet=48.0
iter  1796 | steps  58,851,328 | SPS     918 | r_p0 +0.121 r_p1 +0.384 | clip_frac 0.038 | KL 0.0036 | H_fire 0.034 H_ang 4.92 H_ship 2.17 | V_loss 0.0223 | LR 0.000011 | early_stop=0 | fire[0]=0.09 fire[rest_max]=0.15 srcs_multi=0.68 ship0=0.00 meanshipbin=7.9 avgfleet=28.7 p90fleet=48.0
iter  1797 | steps  58,884,096 | SPS     918 | r_p0 +0.260 r_p1 +0.232 | clip_frac 0.038 | KL 0.0025 | H_fire 0.034 H_ang 4.92 H_ship 2.17 | V_loss 0.0233 | LR 0.000011 | early_stop=0 | fire[0]=0.09 fire[rest_max]=0.15 srcs_multi=0.67 ship0=0.00 meanshipbin=7.9 avgfleet=27.4 p90fleet=45.0
iter  1798 | steps  58,916,864 | SPS     918 | r_p0 +0.071 r_p1 +0.422 | clip_frac 0.038 | KL 0.0044 | H_fire 0.036 H_ang 4.92 H_ship 2.17 | V_loss 0.0253 | LR 0.000011 | early_stop=0 | fire[0]=0.10 fire[rest_max]=0.15 srcs_multi=0.68 ship0=0.00 meanshipbin=8.0 avgfleet=28.6 p90fleet=47.0
  pool snapshot @ step 58,916,864
  pool size=22  alpha=2.0
    self                 self_step_56885248             wr=0.46 (n=550)  pfsp_w=0.296
    self                 self_step_44695552             wr=0.47 (n=2259)  pfsp_w=0.278
    self                 self_step_41648128             wr=0.48 (n=2319)  pfsp_w=0.274
    self                 self_step_53837824             wr=0.49 (n=984)  pfsp_w=0.264
    self                 self_step_55869440             wr=0.49 (n=272)  pfsp_w=0.257
    self                 self_step_54853632             wr=0.49 (n=275)  pfsp_w=0.255
    external_heuristic   candidate_zach_public          wr=0.50 (n=10135)  pfsp_w=0.254
    self                 self_step_42663936             wr=0.50 (n=2126)  pfsp_w=0.250
iter  1799 | steps  58,949,632 | SPS     918 | r_p0 +0.186 r_p1 +0.312 | clip_frac 0.038 | KL 0.0043 | H_fire 0.036 H_ang 4.92 H_ship 2.17 | V_loss 0.0257 | LR 0.000011 | early_stop=0 | fire[0]=0.10 fire[rest_max]=0.15 srcs_multi=0.69 ship0=0.00 meanshipbin=8.0 avgfleet=28.4 p90fleet=48.0
iter  1800 | steps  58,982,400 | SPS     918 | r_p0 +0.222 r_p1 +0.274 | clip_frac 0.038 | KL 0.0036 | H_fire 0.034 H_ang 4.92 H_ship 2.17 | V_loss 0.0252 | LR 0.000011 | early_stop=0 | fire[0]=0.09 fire[rest_max]=0.15 srcs_multi=0.68 ship0=0.00 meanshipbin=8.0 avgfleet=28.4 p90fleet=46.0
iter  1801 | steps  59,015,168 | SPS     918 | r_p0 +0.207 r_p1 +0.297 | clip_frac 0.038 | KL 0.0046 | H_fire 0.035 H_ang 4.92 H_ship 2.17 | V_loss 0.0250 | LR 0.000011 | early_stop=0 | fire[0]=0.09 fire[rest_max]=0.15 srcs_multi=0.67 ship0=0.00 meanshipbin=8.0 avgfleet=29.0 p90fleet=48.0
iter  1802 | steps  59,047,936 | SPS     918 | r_p0 +0.234 r_p1 +0.261 | clip_frac 0.038 | KL 0.0046 | H_fire 0.035 H_ang 4.92 H_ship 2.16 | V_loss 0.0271 | LR 0.000011 | early_stop=0 | fire[0]=0.10 fire[rest_max]=0.15 srcs_multi=0.71 ship0=0.00 meanshipbin=7.9 avgfleet=27.8 p90fleet=45.0
iter  1803 | steps  59,080,704 | SPS     919 | r_p0 +0.333 r_p1 +0.162 | clip_frac 0.038 | KL 0.0045 | H_fire 0.036 H_ang 4.92 H_ship 2.16 | V_loss 0.0245 | LR 0.000011 | early_stop=0 | fire[0]=0.09 fire[rest_max]=0.15 srcs_multi=0.70 ship0=0.00 meanshipbin=7.9 avgfleet=27.5 p90fleet=45.0
iter  1804 | steps  59,113,472 | SPS     919 | r_p0 +0.275 r_p1 +0.223 | clip_frac 0.038 | KL 0.0031 | H_fire 0.034 H_ang 4.92 H_ship 2.17 | V_loss 0.0233 | LR 0.000011 | early_stop=0 | fire[0]=0.09 fire[rest_max]=0.15 srcs_multi=0.68 ship0=0.00 meanshipbin=8.0 avgfleet=28.9 p90fleet=48.0
iter  1805 | steps  59,146,240 | SPS     919 | r_p0 +0.299 r_p1 +0.195 | clip_frac 0.038 | KL 0.0035 | H_fire 0.033 H_ang 4.92 H_ship 2.17 | V_loss 0.0260 | LR 0.000011 | early_stop=0 | fire[0]=0.09 fire[rest_max]=0.15 srcs_multi=0.66 ship0=0.00 meanshipbin=8.0 avgfleet=29.1 p90fleet=48.0
iter  1806 | steps  59,179,008 | SPS     919 | r_p0 +0.221 r_p1 +0.273 | clip_frac 0.038 | KL 0.0038 | H_fire 0.035 H_ang 4.92 H_ship 2.17 | V_loss 0.0250 | LR 0.000011 | early_stop=0 | fire[0]=0.09 fire[rest_max]=0.15 srcs_multi=0.69 ship0=0.00 meanshipbin=8.1 avgfleet=28.5 p90fleet=47.0
iter  1807 | steps  59,211,776 | SPS     919 | r_p0 +0.262 r_p1 +0.235 | clip_frac 0.038 | KL 0.0036 | H_fire 0.036 H_ang 4.92 H_ship 2.17 | V_loss 0.0256 | LR 0.000011 | early_stop=0 | fire[0]=0.09 fire[rest_max]=0.15 srcs_multi=0.65 ship0=0.00 meanshipbin=8.1 avgfleet=28.2 p90fleet=46.0
iter  1808 | steps  59,244,544 | SPS     919 | r_p0 +0.211 r_p1 +0.284 | clip_frac 0.038 | KL 0.0046 | H_fire 0.035 H_ang 4.92 H_ship 2.17 | V_loss 0.0238 | LR 0.000011 | early_stop=0 | fire[0]=0.09 fire[rest_max]=0.15 srcs_multi=0.67 ship0=0.00 meanshipbin=8.0 avgfleet=28.6 p90fleet=47.7
iter  1809 | steps  59,277,312 | SPS     919 | r_p0 +0.236 r_p1 +0.259 | clip_frac 0.038 | KL 0.0034 | H_fire 0.036 H_ang 4.92 H_ship 2.16 | V_loss 0.0259 | LR 0.000011 | early_stop=0 | fire[0]=0.09 fire[rest_max]=0.16 srcs_multi=0.72 ship0=0.00 meanshipbin=8.0 avgfleet=27.1 p90fleet=45.0
iter  1810 | steps  59,310,080 | SPS     919 | r_p0 +0.332 r_p1 +0.161 | clip_frac 0.038 | KL 0.0042 | H_fire 0.036 H_ang 4.92 H_ship 2.15 | V_loss 0.0295 | LR 0.000011 | early_stop=0 | fire[0]=0.10 fire[rest_max]=0.18 srcs_multi=0.79 ship0=0.00 meanshipbin=8.0 avgfleet=27.1 p90fleet=45.0
iter  1811 | steps  59,342,848 | SPS     918 | r_p0 +0.361 r_p1 +0.132 | clip_frac 0.038 | KL 0.0037 | H_fire 0.038 H_ang 4.92 H_ship 2.16 | V_loss 0.0269 | LR 0.000011 | early_stop=0 | fire[0]=0.10 fire[rest_max]=0.17 srcs_multi=0.78 ship0=0.00 meanshipbin=7.8 avgfleet=28.1 p90fleet=47.0
iter  1812 | steps  59,375,616 | SPS     918 | r_p0 +0.524 r_p1 -0.027 | clip_frac 0.038 | KL 0.0044 | H_fire 0.043 H_ang 4.92 H_ship 2.16 | V_loss 0.0206 | LR 0.000011 | early_stop=0 | fire[0]=0.10 fire[rest_max]=0.17 srcs_multi=0.82 ship0=0.00 meanshipbin=7.8 avgfleet=30.9 p90fleet=51.0
iter  1813 | steps  59,408,384 | SPS     918 | r_p0 +0.608 r_p1 -0.114 | clip_frac 0.038 | KL 0.0043 | H_fire 0.035 H_ang 4.92 H_ship 2.17 | V_loss 0.0234 | LR 0.000011 | early_stop=0 | fire[0]=0.09 fire[rest_max]=0.14 srcs_multi=0.63 ship0=0.00 meanshipbin=8.1 avgfleet=28.8 p90fleet=48.0
iter  1814 | steps  59,441,152 | SPS     918 | r_p0 +0.521 r_p1 -0.028 | clip_frac 0.038 | KL 0.0050 | H_fire 0.038 H_ang 4.92 H_ship 2.16 | V_loss 0.0229 | LR 0.000011 | early_stop=0 | fire[0]=0.10 fire[rest_max]=0.15 srcs_multi=0.71 ship0=0.00 meanshipbin=8.0 avgfleet=27.5 p90fleet=45.0
iter  1815 | steps  59,473,920 | SPS     918 | r_p0 +0.331 r_p1 +0.161 | clip_frac 0.038 | KL 0.0041 | H_fire 0.035 H_ang 4.92 H_ship 2.17 | V_loss 0.0263 | LR 0.000011 | early_stop=0 | fire[0]=0.09 fire[rest_max]=0.15 srcs_multi=0.65 ship0=0.00 meanshipbin=8.0 avgfleet=28.3 p90fleet=47.0
iter  1816 | steps  59,506,688 | SPS     918 | r_p0 +0.361 r_p1 +0.135 | clip_frac 0.038 | KL 0.0038 | H_fire 0.032 H_ang 4.92 H_ship 2.17 | V_loss 0.0254 | LR 0.000011 | early_stop=0 | fire[0]=0.09 fire[rest_max]=0.14 srcs_multi=0.65 ship0=0.00 meanshipbin=8.0 avgfleet=28.1 p90fleet=46.0
iter  1817 | steps  59,539,456 | SPS     918 | r_p0 +0.157 r_p1 +0.333 | clip_frac 0.038 | KL 0.0042 | H_fire 0.034 H_ang 4.92 H_ship 2.17 | V_loss 0.0270 | LR 0.000011 | early_stop=0 | fire[0]=0.09 fire[rest_max]=0.15 srcs_multi=0.66 ship0=0.00 meanshipbin=8.1 avgfleet=28.4 p90fleet=47.0
iter  1818 | steps  59,572,224 | SPS     918 | r_p0 +0.210 r_p1 +0.287 | clip_frac 0.038 | KL 0.0046 | H_fire 0.032 H_ang 4.92 H_ship 2.16 | V_loss 0.0242 | LR 0.000011 | early_stop=0 | fire[0]=0.09 fire[rest_max]=0.15 srcs_multi=0.68 ship0=0.00 meanshipbin=8.0 avgfleet=27.9 p90fleet=46.0
iter  1819 | steps  59,604,992 | SPS     919 | r_p0 +0.136 r_p1 +0.359 | clip_frac 0.038 | KL 0.0041 | H_fire 0.032 H_ang 4.92 H_ship 2.17 | V_loss 0.0259 | LR 0.000011 | early_stop=0 | fire[0]=0.09 fire[rest_max]=0.15 srcs_multi=0.67 ship0=0.00 meanshipbin=8.1 avgfleet=28.8 p90fleet=47.0
iter  1820 | steps  59,637,760 | SPS     919 | r_p0 +0.311 r_p1 +0.183 | clip_frac 0.038 | KL 0.0029 | H_fire 0.032 H_ang 4.92 H_ship 2.17 | V_loss 0.0268 | LR 0.000011 | early_stop=0 | fire[0]=0.09 fire[rest_max]=0.15 srcs_multi=0.67 ship0=0.00 meanshipbin=8.0 avgfleet=28.8 p90fleet=48.0
iter  1821 | steps  59,670,528 | SPS     919 | r_p0 +0.161 r_p1 +0.333 | clip_frac 0.038 | KL 0.0033 | H_fire 0.033 H_ang 4.92 H_ship 2.17 | V_loss 0.0225 | LR 0.000011 | early_stop=0 | fire[0]=0.09 fire[rest_max]=0.15 srcs_multi=0.66 ship0=0.00 meanshipbin=8.0 avgfleet=28.0 p90fleet=46.0
iter  1822 | steps  59,703,296 | SPS     919 | r_p0 +0.036 r_p1 +0.460 | clip_frac 0.038 | KL 0.0031 | H_fire 0.034 H_ang 4.92 H_ship 2.17 | V_loss 0.0260 | LR 0.000010 | early_stop=0 | fire[0]=0.09 fire[rest_max]=0.14 srcs_multi=0.66 ship0=0.00 meanshipbin=8.1 avgfleet=28.6 p90fleet=47.0
iter  1823 | steps  59,736,064 | SPS     919 | r_p0 +0.187 r_p1 +0.309 | clip_frac 0.038 | KL 0.0043 | H_fire 0.032 H_ang 4.92 H_ship 2.17 | V_loss 0.0248 | LR 0.000010 | early_stop=0 | fire[0]=0.09 fire[rest_max]=0.15 srcs_multi=0.66 ship0=0.00 meanshipbin=8.0 avgfleet=28.8 p90fleet=48.0
iter  1824 | steps  59,768,832 | SPS     919 | r_p0 +0.209 r_p1 +0.282 | clip_frac 0.038 | KL 0.0046 | H_fire 0.031 H_ang 4.92 H_ship 2.16 | V_loss 0.0271 | LR 0.000010 | early_stop=0 | fire[0]=0.09 fire[rest_max]=0.15 srcs_multi=0.67 ship0=0.00 meanshipbin=8.0 avgfleet=28.6 p90fleet=47.0
iter  1825 | steps  59,801,600 | SPS     919 | r_p0 +0.185 r_p1 +0.310 | clip_frac 0.038 | KL 0.0036 | H_fire 0.033 H_ang 4.92 H_ship 2.16 | V_loss 0.0288 | LR 0.000010 | early_stop=0 | fire[0]=0.09 fire[rest_max]=0.16 srcs_multi=0.72 ship0=0.00 meanshipbin=8.1 avgfleet=30.0 p90fleet=49.0
iter  1826 | steps  59,834,368 | SPS     919 | r_p0 +0.134 r_p1 +0.360 | clip_frac 0.038 | KL 0.0060 | H_fire 0.033 H_ang 4.92 H_ship 2.17 | V_loss 0.0229 | LR 0.000010 | early_stop=0 | fire[0]=0.09 fire[rest_max]=0.15 srcs_multi=0.71 ship0=0.00 meanshipbin=8.1 avgfleet=28.5 p90fleet=46.0
iter  1827 | steps  59,867,136 | SPS     919 | r_p0 +0.047 r_p1 +0.448 | clip_frac 0.038 | KL 0.0034 | H_fire 0.033 H_ang 4.92 H_ship 2.17 | V_loss 0.0269 | LR 0.000010 | early_stop=0 | fire[0]=0.09 fire[rest_max]=0.15 srcs_multi=0.68 ship0=0.00 meanshipbin=8.1 avgfleet=28.9 p90fleet=48.0
iter  1828 | steps  59,899,904 | SPS     919 | r_p0 +0.222 r_p1 +0.273 | clip_frac 0.038 | KL 0.0035 | H_fire 0.033 H_ang 4.92 H_ship 2.16 | V_loss 0.0282 | LR 0.000010 | early_stop=0 | fire[0]=0.09 fire[rest_max]=0.15 srcs_multi=0.68 ship0=0.00 meanshipbin=8.1 avgfleet=27.4 p90fleet=45.0
iter  1829 | steps  59,932,672 | SPS     919 | r_p0 +0.321 r_p1 +0.174 | clip_frac 0.038 | KL 0.0037 | H_fire 0.033 H_ang 4.92 H_ship 2.16 | V_loss 0.0257 | LR 0.000010 | early_stop=0 | fire[0]=0.09 fire[rest_max]=0.15 srcs_multi=0.68 ship0=0.00 meanshipbin=8.1 avgfleet=27.5 p90fleet=45.0
  pool snapshot @ step 59,932,672
  pool size=22  alpha=2.0
    self                 self_step_58916864             wr=0.46 (n=262)  pfsp_w=0.290
    self                 self_step_56885248             wr=0.47 (n=637)  pfsp_w=0.282
    self                 self_step_44695552             wr=0.47 (n=2259)  pfsp_w=0.278
    self                 self_step_53837824             wr=0.49 (n=1153)  pfsp_w=0.265
    self                 self_step_52822016             wr=0.49 (n=1131)  pfsp_w=0.258
    self                 self_step_41648128             wr=0.49 (n=2709)  pfsp_w=0.255
    external_heuristic   candidate_zach_public          wr=0.50 (n=10295)  pfsp_w=0.253
    self                 self_step_42663936             wr=0.50 (n=2197)  pfsp_w=0.253
iter  1830 | steps  59,965,440 | SPS     919 | r_p0 +0.248 r_p1 +0.248 | clip_frac 0.038 | KL 0.0041 | H_fire 0.034 H_ang 4.92 H_ship 2.16 | V_loss 0.0261 | LR 0.000010 | early_stop=0 | fire[0]=0.09 fire[rest_max]=0.15 srcs_multi=0.68 ship0=0.00 meanshipbin=8.1 avgfleet=28.0 p90fleet=46.0
iter  1831 | steps  59,998,208 | SPS     919 | r_p0 +0.298 r_p1 +0.199 | clip_frac 0.038 | KL 0.0051 | H_fire 0.034 H_ang 4.92 H_ship 2.15 | V_loss 0.0255 | LR 0.000010 | early_stop=0 | fire[0]=0.10 fire[rest_max]=0.15 srcs_multi=0.71 ship0=0.00 meanshipbin=8.1 avgfleet=27.7 p90fleet=46.0
iter  1832 | steps  60,030,976 | SPS     919 | r_p0 +0.323 r_p1 +0.173 | clip_frac 0.038 | KL 0.0032 | H_fire 0.033 H_ang 4.92 H_ship 2.15 | V_loss 0.0274 | LR 0.000010 | early_stop=0 | fire[0]=0.10 fire[rest_max]=0.16 srcs_multi=0.71 ship0=0.00 meanshipbin=8.1 avgfleet=28.4 p90fleet=46.0
iter  1833 | steps  60,063,744 | SPS     919 | r_p0 +0.137 r_p1 +0.359 | clip_frac 0.038 | KL 0.0033 | H_fire 0.035 H_ang 4.92 H_ship 2.15 | V_loss 0.0247 | LR 0.000010 | early_stop=0 | fire[0]=0.10 fire[rest_max]=0.15 srcs_multi=0.71 ship0=0.00 meanshipbin=8.1 avgfleet=27.8 p90fleet=45.0
iter  1834 | steps  60,096,512 | SPS     919 | r_p0 +0.248 r_p1 +0.248 | clip_frac 0.038 | KL 0.0033 | H_fire 0.033 H_ang 4.92 H_ship 2.16 | V_loss 0.0232 | LR 0.000010 | early_stop=0 | fire[0]=0.09 fire[rest_max]=0.14 srcs_multi=0.65 ship0=0.00 meanshipbin=8.1 avgfleet=29.1 p90fleet=48.0
iter  1835 | steps  60,129,280 | SPS     919 | r_p0 +0.286 r_p1 +0.212 | clip_frac 0.038 | KL 0.0034 | H_fire 0.032 H_ang 4.92 H_ship 2.16 | V_loss 0.0261 | LR 0.000010 | early_stop=0 | fire[0]=0.09 fire[rest_max]=0.14 srcs_multi=0.64 ship0=0.00 meanshipbin=8.1 avgfleet=30.1 p90fleet=49.0
iter  1836 | steps  60,162,048 | SPS     919 | r_p0 +0.135 r_p1 +0.361 | clip_frac 0.038 | KL 0.0040 | H_fire 0.034 H_ang 4.92 H_ship 2.16 | V_loss 0.0251 | LR 0.000010 | early_stop=0 | fire[0]=0.09 fire[rest_max]=0.14 srcs_multi=0.66 ship0=0.00 meanshipbin=8.1 avgfleet=29.3 p90fleet=48.0
iter  1837 | steps  60,194,816 | SPS     919 | r_p0 +0.121 r_p1 +0.374 | clip_frac 0.038 | KL 0.0035 | H_fire 0.036 H_ang 4.92 H_ship 2.15 | V_loss 0.0273 | LR 0.000010 | early_stop=0 | fire[0]=0.10 fire[rest_max]=0.16 srcs_multi=0.72 ship0=0.00 meanshipbin=8.2 avgfleet=30.9 p90fleet=51.0
iter  1838 | steps  60,227,584 | SPS     919 | r_p0 +0.010 r_p1 +0.482 | clip_frac 0.038 | KL 0.0041 | H_fire 0.034 H_ang 4.92 H_ship 2.16 | V_loss 0.0243 | LR 0.000010 | early_stop=0 | fire[0]=0.09 fire[rest_max]=0.14 srcs_multi=0.63 ship0=0.00 meanshipbin=8.2 avgfleet=29.1 p90fleet=48.0
iter  1839 | steps  60,260,352 | SPS     919 | r_p0 +0.171 r_p1 +0.322 | clip_frac 0.038 | KL 0.0038 | H_fire 0.032 H_ang 4.92 H_ship 2.15 | V_loss 0.0285 | LR 0.000010 | early_stop=0 | fire[0]=0.10 fire[rest_max]=0.16 srcs_multi=0.69 ship0=0.00 meanshipbin=8.2 avgfleet=29.7 p90fleet=48.0
iter  1840 | steps  60,293,120 | SPS     919 | r_p0 +0.036 r_p1 +0.461 | clip_frac 0.038 | KL 0.0033 | H_fire 0.036 H_ang 4.92 H_ship 2.15 | V_loss 0.0257 | LR 0.000010 | early_stop=0 | fire[0]=0.10 fire[rest_max]=0.16 srcs_multi=0.73 ship0=0.00 meanshipbin=8.1 avgfleet=28.6 p90fleet=46.0
  saved checkpoints/torch_step_60293120_20260525_184201.pt
  saved checkpoints/pool_step_60293120_20260525_184201.pt (22 members)
iter  1841 | steps  60,325,888 | SPS     919 | r_p0 +0.096 r_p1 +0.398 | clip_frac 0.038 | KL 0.0048 | H_fire 0.036 H_ang 4.92 H_ship 2.16 | V_loss 0.0245 | LR 0.000010 | early_stop=0 | fire[0]=0.09 fire[rest_max]=0.15 srcs_multi=0.69 ship0=0.00 meanshipbin=8.1 avgfleet=28.6 p90fleet=47.0
iter  1842 | steps  60,358,656 | SPS     919 | r_p0 +0.299 r_p1 +0.197 | clip_frac 0.038 | KL 0.0035 | H_fire 0.037 H_ang 4.92 H_ship 2.16 | V_loss 0.0267 | LR 0.000010 | early_stop=0 | fire[0]=0.10 fire[rest_max]=0.16 srcs_multi=0.72 ship0=0.00 meanshipbin=8.0 avgfleet=30.8 p90fleet=51.0
iter  1843 | steps  60,391,424 | SPS     919 | r_p0 -0.075 r_p1 +0.573 | clip_frac 0.038 | KL 0.0033 | H_fire 0.035 H_ang 4.92 H_ship 2.16 | V_loss 0.0191 | LR 0.000010 | early_stop=0 | fire[0]=0.09 fire[rest_max]=0.14 srcs_multi=0.64 ship0=0.00 meanshipbin=8.2 avgfleet=29.9 p90fleet=49.0
iter  1844 | steps  60,424,192 | SPS     919 | r_p0 +0.112 r_p1 +0.383 | clip_frac 0.038 | KL 0.0027 | H_fire 0.038 H_ang 4.92 H_ship 2.16 | V_loss 0.0224 | LR 0.000010 | early_stop=0 | fire[0]=0.09 fire[rest_max]=0.13 srcs_multi=0.64 ship0=0.00 meanshipbin=8.1 avgfleet=28.8 p90fleet=48.0
iter  1845 | steps  60,456,960 | SPS     919 | r_p0 +0.211 r_p1 +0.282 | clip_frac 0.038 | KL 0.0033 | H_fire 0.037 H_ang 4.92 H_ship 2.16 | V_loss 0.0209 | LR 0.000010 | early_stop=0 | fire[0]=0.09 fire[rest_max]=0.14 srcs_multi=0.65 ship0=0.00 meanshipbin=8.1 avgfleet=29.4 p90fleet=48.0
iter  1846 | steps  60,489,728 | SPS     919 | r_p0 +0.321 r_p1 +0.172 | clip_frac 0.038 | KL 0.0051 | H_fire 0.035 H_ang 4.92 H_ship 2.16 | V_loss 0.0251 | LR 0.000010 | early_stop=0 | fire[0]=0.09 fire[rest_max]=0.14 srcs_multi=0.66 ship0=0.00 meanshipbin=8.1 avgfleet=28.7 p90fleet=47.0
iter  1847 | steps  60,522,496 | SPS     919 | r_p0 +0.361 r_p1 +0.136 | clip_frac 0.038 | KL 0.0043 | H_fire 0.031 H_ang 4.92 H_ship 2.16 | V_loss 0.0230 | LR 0.000010 | early_stop=0 | fire[0]=0.08 fire[rest_max]=0.13 srcs_multi=0.63 ship0=0.00 meanshipbin=8.1 avgfleet=30.4 p90fleet=50.0
iter  1848 | steps  60,555,264 | SPS     919 | r_p0 +0.312 r_p1 +0.183 | clip_frac 0.038 | KL 0.0036 | H_fire 0.032 H_ang 4.92 H_ship 2.17 | V_loss 0.0215 | LR 0.000010 | early_stop=0 | fire[0]=0.08 fire[rest_max]=0.14 srcs_multi=0.62 ship0=0.00 meanshipbin=8.1 avgfleet=29.9 p90fleet=49.0
iter  1849 | steps  60,588,032 | SPS     919 | r_p0 +0.248 r_p1 +0.244 | clip_frac 0.038 | KL 0.0029 | H_fire 0.030 H_ang 4.92 H_ship 2.17 | V_loss 0.0275 | LR 0.000010 | early_stop=0 | fire[0]=0.09 fire[rest_max]=0.14 srcs_multi=0.61 ship0=0.00 meanshipbin=8.1 avgfleet=30.1 p90fleet=50.0
iter  1850 | steps  60,620,800 | SPS     919 | r_p0 +0.196 r_p1 +0.299 | clip_frac 0.038 | KL 0.0041 | H_fire 0.032 H_ang 4.92 H_ship 2.16 | V_loss 0.0263 | LR 0.000010 | early_stop=0 | fire[0]=0.09 fire[rest_max]=0.15 srcs_multi=0.66 ship0=0.00 meanshipbin=8.0 avgfleet=28.5 p90fleet=46.0
iter  1851 | steps  60,653,568 | SPS     919 | r_p0 +0.231 r_p1 +0.261 | clip_frac 0.038 | KL 0.0044 | H_fire 0.031 H_ang 4.92 H_ship 2.17 | V_loss 0.0270 | LR 0.000010 | early_stop=0 | fire[0]=0.09 fire[rest_max]=0.14 srcs_multi=0.64 ship0=0.00 meanshipbin=8.0 avgfleet=29.6 p90fleet=48.0
iter  1852 | steps  60,686,336 | SPS     919 | r_p0 +0.236 r_p1 +0.261 | clip_frac 0.038 | KL 0.0038 | H_fire 0.032 H_ang 4.92 H_ship 2.16 | V_loss 0.0274 | LR 0.000010 | early_stop=0 | fire[0]=0.09 fire[rest_max]=0.15 srcs_multi=0.67 ship0=0.00 meanshipbin=8.1 avgfleet=28.2 p90fleet=46.0
iter  1853 | steps  60,719,104 | SPS     919 | r_p0 +0.124 r_p1 +0.372 | clip_frac 0.037 | KL 0.0039 | H_fire 0.030 H_ang 4.92 H_ship 2.16 | V_loss 0.0249 | LR 0.000010 | early_stop=0 | fire[0]=0.09 fire[rest_max]=0.14 srcs_multi=0.65 ship0=0.00 meanshipbin=8.1 avgfleet=29.1 p90fleet=47.0
iter  1854 | steps  60,751,872 | SPS     919 | r_p0 +0.287 r_p1 +0.207 | clip_frac 0.038 | KL 0.0039 | H_fire 0.034 H_ang 4.92 H_ship 2.16 | V_loss 0.0244 | LR 0.000010 | early_stop=0 | fire[0]=0.10 fire[rest_max]=0.16 srcs_multi=0.68 ship0=0.00 meanshipbin=8.0 avgfleet=27.2 p90fleet=44.3
iter  1855 | steps  60,784,640 | SPS     919 | r_p0 +0.396 r_p1 +0.108 | clip_frac 0.037 | KL 0.0033 | H_fire 0.032 H_ang 4.92 H_ship 2.17 | V_loss 0.0250 | LR 0.000010 | early_stop=0 | fire[0]=0.09 fire[rest_max]=0.15 srcs_multi=0.62 ship0=0.00 meanshipbin=8.1 avgfleet=28.3 p90fleet=46.0
iter  1856 | steps  60,817,408 | SPS     919 | r_p0 +0.361 r_p1 +0.136 | clip_frac 0.037 | KL 0.0044 | H_fire 0.032 H_ang 4.92 H_ship 2.15 | V_loss 0.0300 | LR 0.000010 | early_stop=0 | fire[0]=0.10 fire[rest_max]=0.15 srcs_multi=0.71 ship0=0.00 meanshipbin=8.1 avgfleet=29.4 p90fleet=48.0
iter  1857 | steps  60,850,176 | SPS     919 | r_p0 +0.024 r_p1 +0.474 | clip_frac 0.037 | KL 0.0037 | H_fire 0.033 H_ang 4.92 H_ship 2.16 | V_loss 0.0248 | LR 0.000010 | early_stop=0 | fire[0]=0.10 fire[rest_max]=0.15 srcs_multi=0.70 ship0=0.00 meanshipbin=8.0 avgfleet=28.6 p90fleet=46.0
iter  1858 | steps  60,882,944 | SPS     920 | r_p0 +0.147 r_p1 +0.348 | clip_frac 0.037 | KL 0.0026 | H_fire 0.031 H_ang 4.92 H_ship 2.16 | V_loss 0.0255 | LR 0.000010 | early_stop=0 | fire[0]=0.09 fire[rest_max]=0.15 srcs_multi=0.68 ship0=0.00 meanshipbin=8.0 avgfleet=28.9 p90fleet=47.0
iter  1859 | steps  60,915,712 | SPS     920 | r_p0 +0.235 r_p1 +0.260 | clip_frac 0.037 | KL 0.0035 | H_fire 0.033 H_ang 4.92 H_ship 2.16 | V_loss 0.0263 | LR 0.000010 | early_stop=0 | fire[0]=0.09 fire[rest_max]=0.16 srcs_multi=0.70 ship0=0.00 meanshipbin=8.0 avgfleet=28.1 p90fleet=46.0
iter  1860 | steps  60,948,480 | SPS     920 | r_p0 +0.349 r_p1 +0.150 | clip_frac 0.037 | KL 0.0033 | H_fire 0.035 H_ang 4.92 H_ship 2.16 | V_loss 0.0235 | LR 0.000010 | early_stop=0 | fire[0]=0.10 fire[rest_max]=0.15 srcs_multi=0.71 ship0=0.00 meanshipbin=8.0 avgfleet=28.0 p90fleet=46.0
  pool snapshot @ step 60,948,480
  pool size=22  alpha=2.0
    self                 self_step_58916864             wr=0.46 (n=262)  pfsp_w=0.290
    self                 self_step_56885248             wr=0.47 (n=637)  pfsp_w=0.282
    self                 self_step_44695552             wr=0.47 (n=2442)  pfsp_w=0.276
    self                 self_step_53837824             wr=0.48 (n=1275)  pfsp_w=0.274
    self                 self_step_52822016             wr=0.49 (n=1131)  pfsp_w=0.258
    self                 self_step_41648128             wr=0.49 (n=2709)  pfsp_w=0.255
    external_heuristic   candidate_zach_public          wr=0.50 (n=10513)  pfsp_w=0.252
    self                 self_step_42663936             wr=0.50 (n=2363)  pfsp_w=0.250
iter  1861 | steps  60,981,248 | SPS     920 | r_p0 +0.260 r_p1 +0.236 | clip_frac 0.037 | KL 0.0028 | H_fire 0.037 H_ang 4.92 H_ship 2.16 | V_loss 0.0244 | LR 0.000010 | early_stop=0 | fire[0]=0.10 fire[rest_max]=0.16 srcs_multi=0.71 ship0=0.00 meanshipbin=8.0 avgfleet=27.3 p90fleet=46.0
iter  1862 | steps  61,014,016 | SPS     920 | r_p0 +0.123 r_p1 +0.375 | clip_frac 0.037 | KL 0.0035 | H_fire 0.034 H_ang 4.92 H_ship 2.16 | V_loss 0.0252 | LR 0.000010 | early_stop=0 | fire[0]=0.09 fire[rest_max]=0.15 srcs_multi=0.69 ship0=0.00 meanshipbin=8.0 avgfleet=27.6 p90fleet=45.0
iter  1863 | steps  61,046,784 | SPS     920 | r_p0 +0.173 r_p1 +0.321 | clip_frac 0.037 | KL 0.0034 | H_fire 0.033 H_ang 4.92 H_ship 2.16 | V_loss 0.0268 | LR 0.000010 | early_stop=0 | fire[0]=0.10 fire[rest_max]=0.16 srcs_multi=0.71 ship0=0.00 meanshipbin=7.9 avgfleet=27.5 p90fleet=45.0
iter  1864 | steps  61,079,552 | SPS     920 | r_p0 +0.485 r_p1 +0.011 | clip_frac 0.037 | KL 0.0033 | H_fire 0.034 H_ang 4.92 H_ship 2.16 | V_loss 0.0242 | LR 0.000010 | early_stop=0 | fire[0]=0.09 fire[rest_max]=0.15 srcs_multi=0.71 ship0=0.00 meanshipbin=7.9 avgfleet=27.9 p90fleet=46.0
iter  1865 | steps  61,112,320 | SPS     920 | r_p0 +0.286 r_p1 +0.207 | clip_frac 0.036 | KL 0.0035 | H_fire 0.031 H_ang 4.92 H_ship 2.17 | V_loss 0.0248 | LR 0.000010 | early_stop=0 | fire[0]=0.09 fire[rest_max]=0.15 srcs_multi=0.67 ship0=0.00 meanshipbin=8.0 avgfleet=28.7 p90fleet=47.0
iter  1866 | steps  61,145,088 | SPS     920 | r_p0 +0.122 r_p1 +0.374 | clip_frac 0.037 | KL 0.0035 | H_fire 0.034 H_ang 4.92 H_ship 2.15 | V_loss 0.0249 | LR 0.000010 | early_stop=0 | fire[0]=0.10 fire[rest_max]=0.15 srcs_multi=0.74 ship0=0.00 meanshipbin=8.0 avgfleet=27.9 p90fleet=45.8
iter  1867 | steps  61,177,856 | SPS     920 | r_p0 +0.385 r_p1 +0.112 | clip_frac 0.036 | KL 0.0022 | H_fire 0.030 H_ang 4.92 H_ship 2.17 | V_loss 0.0221 | LR 0.000010 | early_stop=0 | fire[0]=0.09 fire[rest_max]=0.15 srcs_multi=0.67 ship0=0.00 meanshipbin=8.0 avgfleet=28.8 p90fleet=48.0
iter  1868 | steps  61,210,624 | SPS     920 | r_p0 +0.423 r_p1 +0.074 | clip_frac 0.036 | KL 0.0029 | H_fire 0.034 H_ang 4.92 H_ship 2.15 | V_loss 0.0239 | LR 0.000010 | early_stop=0 | fire[0]=0.10 fire[rest_max]=0.15 srcs_multi=0.72 ship0=0.00 meanshipbin=8.0 avgfleet=27.6 p90fleet=45.0
iter  1869 | steps  61,243,392 | SPS     920 | r_p0 +0.448 r_p1 +0.048 | clip_frac 0.036 | KL 0.0045 | H_fire 0.033 H_ang 4.92 H_ship 2.16 | V_loss 0.0251 | LR 0.000010 | early_stop=0 | fire[0]=0.10 fire[rest_max]=0.15 srcs_multi=0.72 ship0=0.00 meanshipbin=7.9 avgfleet=27.6 p90fleet=46.0
iter  1870 | steps  61,276,160 | SPS     920 | r_p0 +0.386 r_p1 +0.111 | clip_frac 0.036 | KL 0.0029 | H_fire 0.031 H_ang 4.92 H_ship 2.16 | V_loss 0.0276 | LR 0.000010 | early_stop=0 | fire[0]=0.10 fire[rest_max]=0.17 srcs_multi=0.73 ship0=0.00 meanshipbin=8.0 avgfleet=29.2 p90fleet=48.0
iter  1871 | steps  61,308,928 | SPS     920 | r_p0 +0.173 r_p1 +0.324 | clip_frac 0.036 | KL 0.0044 | H_fire 0.031 H_ang 4.92 H_ship 2.16 | V_loss 0.0246 | LR 0.000010 | early_stop=0 | fire[0]=0.09 fire[rest_max]=0.16 srcs_multi=0.68 ship0=0.00 meanshipbin=8.0 avgfleet=29.5 p90fleet=48.0
iter  1872 | steps  61,341,696 | SPS     919 | r_p0 +0.135 r_p1 +0.362 | clip_frac 0.036 | KL 0.0033 | H_fire 0.036 H_ang 4.92 H_ship 2.17 | V_loss 0.0256 | LR 0.000010 | early_stop=0 | fire[0]=0.10 fire[rest_max]=0.16 srcs_multi=0.71 ship0=0.00 meanshipbin=7.9 avgfleet=32.0 p90fleet=54.0
iter  1873 | steps  61,374,464 | SPS     919 | r_p0 -0.003 r_p1 +0.496 | clip_frac 0.036 | KL 0.0029 | H_fire 0.033 H_ang 4.92 H_ship 2.17 | V_loss 0.0200 | LR 0.000010 | early_stop=0 | fire[0]=0.09 fire[rest_max]=0.14 srcs_multi=0.64 ship0=0.00 meanshipbin=8.0 avgfleet=29.2 p90fleet=48.0
iter  1874 | steps  61,407,232 | SPS     919 | r_p0 +0.136 r_p1 +0.358 | clip_frac 0.036 | KL 0.0043 | H_fire 0.033 H_ang 4.92 H_ship 2.17 | V_loss 0.0216 | LR 0.000010 | early_stop=0 | fire[0]=0.09 fire[rest_max]=0.14 srcs_multi=0.66 ship0=0.00 meanshipbin=8.0 avgfleet=29.3 p90fleet=48.0
iter  1875 | steps  61,440,000 | SPS     919 | r_p0 +0.211 r_p1 +0.287 | clip_frac 0.036 | KL 0.0041 | H_fire 0.035 H_ang 4.92 H_ship 2.18 | V_loss 0.0220 | LR 0.000010 | early_stop=0 | fire[0]=0.09 fire[rest_max]=0.15 srcs_multi=0.65 ship0=0.00 meanshipbin=7.9 avgfleet=28.5 p90fleet=47.3
iter  1876 | steps  61,472,768 | SPS     920 | r_p0 +0.337 r_p1 +0.161 | clip_frac 0.036 | KL 0.0026 | H_fire 0.032 H_ang 4.92 H_ship 2.16 | V_loss 0.0246 | LR 0.000010 | early_stop=0 | fire[0]=0.09 fire[rest_max]=0.14 srcs_multi=0.65 ship0=0.00 meanshipbin=8.0 avgfleet=27.8 p90fleet=46.0
iter  1877 | steps  61,505,536 | SPS     920 | r_p0 +0.222 r_p1 +0.273 | clip_frac 0.035 | KL 0.0022 | H_fire 0.030 H_ang 4.92 H_ship 2.17 | V_loss 0.0228 | LR 0.000010 | early_stop=0 | fire[0]=0.09 fire[rest_max]=0.13 srcs_multi=0.64 ship0=0.00 meanshipbin=8.0 avgfleet=28.8 p90fleet=47.0
iter  1878 | steps  61,538,304 | SPS     920 | r_p0 +0.358 r_p1 +0.133 | clip_frac 0.035 | KL 0.0047 | H_fire 0.031 H_ang 4.92 H_ship 2.16 | V_loss 0.0256 | LR 0.000010 | early_stop=0 | fire[0]=0.09 fire[rest_max]=0.14 srcs_multi=0.67 ship0=0.00 meanshipbin=8.0 avgfleet=28.2 p90fleet=46.0
iter  1879 | steps  61,571,072 | SPS     920 | r_p0 +0.210 r_p1 +0.285 | clip_frac 0.035 | KL 0.0034 | H_fire 0.033 H_ang 4.92 H_ship 2.16 | V_loss 0.0261 | LR 0.000010 | early_stop=0 | fire[0]=0.10 fire[rest_max]=0.15 srcs_multi=0.69 ship0=0.00 meanshipbin=8.0 avgfleet=28.0 p90fleet=46.0
iter  1880 | steps  61,603,840 | SPS     920 | r_p0 +0.249 r_p1 +0.248 | clip_frac 0.035 | KL 0.0028 | H_fire 0.035 H_ang 4.92 H_ship 2.16 | V_loss 0.0223 | LR 0.000010 | early_stop=0 | fire[0]=0.10 fire[rest_max]=0.15 srcs_multi=0.72 ship0=0.00 meanshipbin=7.9 avgfleet=27.9 p90fleet=46.0
iter  1881 | steps  61,636,608 | SPS     920 | r_p0 +0.296 r_p1 +0.198 | clip_frac 0.035 | KL 0.0031 | H_fire 0.035 H_ang 4.92 H_ship 2.16 | V_loss 0.0266 | LR 0.000010 | early_stop=0 | fire[0]=0.09 fire[rest_max]=0.14 srcs_multi=0.68 ship0=0.00 meanshipbin=8.0 avgfleet=27.9 p90fleet=45.0
iter  1882 | steps  61,669,376 | SPS     920 | r_p0 +0.274 r_p1 +0.221 | clip_frac 0.035 | KL 0.0047 | H_fire 0.034 H_ang 4.92 H_ship 2.17 | V_loss 0.0231 | LR 0.000010 | early_stop=0 | fire[0]=0.09 fire[rest_max]=0.14 srcs_multi=0.67 ship0=0.00 meanshipbin=8.0 avgfleet=28.6 p90fleet=48.0
iter  1883 | steps  61,702,144 | SPS     920 | r_p0 +0.175 r_p1 +0.321 | clip_frac 0.035 | KL 0.0032 | H_fire 0.033 H_ang 4.92 H_ship 2.17 | V_loss 0.0257 | LR 0.000010 | early_stop=0 | fire[0]=0.09 fire[rest_max]=0.13 srcs_multi=0.64 ship0=0.00 meanshipbin=8.0 avgfleet=29.5 p90fleet=48.0
iter  1884 | steps  61,734,912 | SPS     920 | r_p0 +0.324 r_p1 +0.174 | clip_frac 0.035 | KL 0.0039 | H_fire 0.034 H_ang 4.92 H_ship 2.17 | V_loss 0.0220 | LR 0.000010 | early_stop=0 | fire[0]=0.09 fire[rest_max]=0.14 srcs_multi=0.66 ship0=0.00 meanshipbin=8.0 avgfleet=29.0 p90fleet=48.0
iter  1885 | steps  61,767,680 | SPS     920 | r_p0 +0.311 r_p1 +0.183 | clip_frac 0.035 | KL 0.0033 | H_fire 0.036 H_ang 4.92 H_ship 2.17 | V_loss 0.0234 | LR 0.000010 | early_stop=0 | fire[0]=0.09 fire[rest_max]=0.15 srcs_multi=0.67 ship0=0.00 meanshipbin=7.9 avgfleet=28.2 p90fleet=47.0
iter  1886 | steps  61,800,448 | SPS     920 | r_p0 +0.273 r_p1 +0.222 | clip_frac 0.035 | KL 0.0044 | H_fire 0.034 H_ang 4.92 H_ship 2.16 | V_loss 0.0254 | LR 0.000010 | early_stop=0 | fire[0]=0.09 fire[rest_max]=0.15 srcs_multi=0.66 ship0=0.00 meanshipbin=8.0 avgfleet=28.1 p90fleet=46.0
iter  1887 | steps  61,833,216 | SPS     920 | r_p0 +0.311 r_p1 +0.183 | clip_frac 0.035 | KL 0.0026 | H_fire 0.030 H_ang 4.92 H_ship 2.17 | V_loss 0.0283 | LR 0.000010 | early_stop=0 | fire[0]=0.09 fire[rest_max]=0.14 srcs_multi=0.61 ship0=0.00 meanshipbin=8.1 avgfleet=29.3 p90fleet=48.0
iter  1888 | steps  61,865,984 | SPS     920 | r_p0 +0.310 r_p1 +0.187 | clip_frac 0.035 | KL 0.0037 | H_fire 0.035 H_ang 4.92 H_ship 2.17 | V_loss 0.0229 | LR 0.000010 | early_stop=0 | fire[0]=0.09 fire[rest_max]=0.15 srcs_multi=0.67 ship0=0.00 meanshipbin=7.9 avgfleet=28.9 p90fleet=48.0
iter  1889 | steps  61,898,752 | SPS     920 | r_p0 +0.235 r_p1 +0.261 | clip_frac 0.035 | KL 0.0034 | H_fire 0.033 H_ang 4.92 H_ship 2.16 | V_loss 0.0224 | LR 0.000010 | early_stop=0 | fire[0]=0.09 fire[rest_max]=0.15 srcs_multi=0.66 ship0=0.00 meanshipbin=8.0 avgfleet=28.2 p90fleet=46.0
iter  1890 | steps  61,931,520 | SPS     920 | r_p0 +0.109 r_p1 +0.384 | clip_frac 0.034 | KL 0.0031 | H_fire 0.033 H_ang 4.92 H_ship 2.17 | V_loss 0.0255 | LR 0.000010 | early_stop=0 | fire[0]=0.09 fire[rest_max]=0.14 srcs_multi=0.65 ship0=0.00 meanshipbin=8.0 avgfleet=29.3 p90fleet=49.0
iter  1891 | steps  61,964,288 | SPS     920 | r_p0 +0.135 r_p1 +0.359 | clip_frac 0.034 | KL 0.0032 | H_fire 0.032 H_ang 4.92 H_ship 2.16 | V_loss 0.0238 | LR 0.000009 | early_stop=0 | fire[0]=0.09 fire[rest_max]=0.15 srcs_multi=0.67 ship0=0.00 meanshipbin=7.9 avgfleet=28.7 p90fleet=48.0
  pool snapshot @ step 61,964,288
  pool size=22  alpha=2.0
    self                 self_step_60948480             wr=0.46 (n=268)  pfsp_w=0.297
    self                 self_step_58916864             wr=0.47 (n=364)  pfsp_w=0.281
    self                 self_step_44695552             wr=0.47 (n=2442)  pfsp_w=0.276
    self                 self_step_56885248             wr=0.48 (n=904)  pfsp_w=0.273
    self                 self_step_53837824             wr=0.49 (n=1539)  pfsp_w=0.258
    external_heuristic   candidate_zach_public          wr=0.50 (n=10683)  pfsp_w=0.253
    self                 self_step_42663936             wr=0.50 (n=2441)  pfsp_w=0.252
    self                 self_step_52822016             wr=0.50 (n=1208)  pfsp_w=0.250
iter  1892 | steps  61,997,056 | SPS     920 | r_p0 +0.112 r_p1 +0.385 | clip_frac 0.034 | KL 0.0029 | H_fire 0.034 H_ang 4.92 H_ship 2.16 | V_loss 0.0232 | LR 0.000009 | early_stop=0 | fire[0]=0.09 fire[rest_max]=0.14 srcs_multi=0.67 ship0=0.00 meanshipbin=8.0 avgfleet=28.8 p90fleet=47.0
iter  1893 | steps  62,029,824 | SPS     920 | r_p0 +0.172 r_p1 +0.321 | clip_frac 0.034 | KL 0.0031 | H_fire 0.035 H_ang 4.92 H_ship 2.16 | V_loss 0.0271 | LR 0.000009 | early_stop=0 | fire[0]=0.09 fire[rest_max]=0.14 srcs_multi=0.65 ship0=0.00 meanshipbin=8.0 avgfleet=28.4 p90fleet=47.0
iter  1894 | steps  62,062,592 | SPS     920 | r_p0 +0.385 r_p1 +0.110 | clip_frac 0.035 | KL 0.0054 | H_fire 0.031 H_ang 4.92 H_ship 2.17 | V_loss 0.0239 | LR 0.000009 | early_stop=0 | fire[0]=0.09 fire[rest_max]=0.14 srcs_multi=0.63 ship0=0.00 meanshipbin=8.0 avgfleet=28.9 p90fleet=47.0
iter  1895 | steps  62,095,360 | SPS     921 | r_p0 +0.185 r_p1 +0.306 | clip_frac 0.035 | KL 0.0045 | H_fire 0.032 H_ang 4.92 H_ship 2.15 | V_loss 0.0268 | LR 0.000009 | early_stop=0 | fire[0]=0.09 fire[rest_max]=0.14 srcs_multi=0.65 ship0=0.00 meanshipbin=8.1 avgfleet=28.8 p90fleet=48.0
iter  1896 | steps  62,128,128 | SPS     921 | r_p0 +0.285 r_p1 +0.210 | clip_frac 0.034 | KL 0.0038 | H_fire 0.033 H_ang 4.92 H_ship 2.16 | V_loss 0.0240 | LR 0.000009 | early_stop=0 | fire[0]=0.09 fire[rest_max]=0.15 srcs_multi=0.68 ship0=0.00 meanshipbin=8.0 avgfleet=28.7 p90fleet=48.0
iter  1897 | steps  62,160,896 | SPS     921 | r_p0 +0.300 r_p1 +0.195 | clip_frac 0.034 | KL 0.0028 | H_fire 0.035 H_ang 4.92 H_ship 2.15 | V_loss 0.0232 | LR 0.000009 | early_stop=0 | fire[0]=0.09 fire[rest_max]=0.15 srcs_multi=0.69 ship0=0.00 meanshipbin=8.0 avgfleet=28.1 p90fleet=47.0
iter  1898 | steps  62,193,664 | SPS     921 | r_p0 +0.224 r_p1 +0.271 | clip_frac 0.034 | KL 0.0024 | H_fire 0.033 H_ang 4.92 H_ship 2.15 | V_loss 0.0249 | LR 0.000009 | early_stop=0 | fire[0]=0.09 fire[rest_max]=0.14 srcs_multi=0.66 ship0=0.00 meanshipbin=8.0 avgfleet=28.9 p90fleet=48.0
iter  1899 | steps  62,226,432 | SPS     921 | r_p0 +0.296 r_p1 +0.198 | clip_frac 0.034 | KL 0.0029 | H_fire 0.035 H_ang 4.92 H_ship 2.16 | V_loss 0.0238 | LR 0.000009 | early_stop=0 | fire[0]=0.09 fire[rest_max]=0.15 srcs_multi=0.63 ship0=0.00 meanshipbin=8.0 avgfleet=28.8 p90fleet=48.0
iter  1900 | steps  62,259,200 | SPS     921 | r_p0 +0.349 r_p1 +0.146 | clip_frac 0.034 | KL 0.0031 | H_fire 0.034 H_ang 4.92 H_ship 2.15 | V_loss 0.0271 | LR 0.000009 | early_stop=0 | fire[0]=0.09 fire[rest_max]=0.14 srcs_multi=0.66 ship0=0.00 meanshipbin=8.0 avgfleet=28.2 p90fleet=47.0
iter  1901 | steps  62,291,968 | SPS     921 | r_p0 +0.307 r_p1 +0.183 | clip_frac 0.034 | KL 0.0035 | H_fire 0.033 H_ang 4.92 H_ship 2.15 | V_loss 0.0255 | LR 0.000009 | early_stop=0 | fire[0]=0.09 fire[rest_max]=0.13 srcs_multi=0.65 ship0=0.00 meanshipbin=8.0 avgfleet=28.4 p90fleet=47.0
iter  1902 | steps  62,324,736 | SPS     921 | r_p0 +0.385 r_p1 +0.111 | clip_frac 0.034 | KL 0.0031 | H_fire 0.029 H_ang 4.92 H_ship 2.16 | V_loss 0.0281 | LR 0.000009 | early_stop=0 | fire[0]=0.09 fire[rest_max]=0.13 srcs_multi=0.62 ship0=0.00 meanshipbin=8.0 avgfleet=30.3 p90fleet=49.0
iter  1903 | steps  62,357,504 | SPS     921 | r_p0 +0.259 r_p1 +0.236 | clip_frac 0.034 | KL 0.0035 | H_fire 0.030 H_ang 4.92 H_ship 2.15 | V_loss 0.0248 | LR 0.000009 | early_stop=0 | fire[0]=0.09 fire[rest_max]=0.14 srcs_multi=0.67 ship0=0.00 meanshipbin=8.0 avgfleet=28.7 p90fleet=47.0
iter  1904 | steps  62,390,272 | SPS     921 | r_p0 +0.186 r_p1 +0.309 | clip_frac 0.034 | KL 0.0033 | H_fire 0.032 H_ang 4.92 H_ship 2.15 | V_loss 0.0257 | LR 0.000009 | early_stop=0 | fire[0]=0.09 fire[rest_max]=0.14 srcs_multi=0.68 ship0=0.00 meanshipbin=8.0 avgfleet=28.3 p90fleet=47.0
iter  1905 | steps  62,423,040 | SPS     921 | r_p0 +0.247 r_p1 +0.248 | clip_frac 0.034 | KL 0.0028 | H_fire 0.034 H_ang 4.92 H_ship 2.15 | V_loss 0.0255 | LR 0.000009 | early_stop=0 | fire[0]=0.10 fire[rest_max]=0.15 srcs_multi=0.67 ship0=0.00 meanshipbin=8.0 avgfleet=28.1 p90fleet=47.0
