Loading environment cabt failed: dlopen(/Users/saheb/home/kaggle-orbit-wars/orbit_wars_rl/.venv/lib/python3.14/site-packages/kaggle_environments/envs/cabt/cg/libcg.so, 0x0006): tried: '/Users/saheb/home/kaggle-orbit-wars/orbit_wars_rl/.venv/lib/python3.14/site-packages/kaggle_environments/envs/cabt/cg/libcg.so' (slice is not valid mach-o file), '/System/Volumes/Preboot/Cryptexes/OS/Users/saheb/home/kaggle-orbit-wars/orbit_wars_rl/.venv/lib/python3.14/site-packages/kaggle_environments/envs/cabt/cg/libcg.so' (no such file), '/Users/saheb/home/kaggle-orbit-wars/orbit_wars_rl/.venv/lib/python3.14/site-packages/kaggle_environments/envs/cabt/cg/libcg.so' (slice is not valid mach-o file)
[kaggle_environments.envs.open_spiel_env.open_spiel_env] INFO: Successfully loaded OpenSpiel environments: 23.
[kaggle_environments.envs.open_spiel_env.open_spiel_env] INFO:    open_spiel_amazons
[kaggle_environments.envs.open_spiel_env.open_spiel_env] INFO:    open_spiel_backgammon
[kaggle_environments.envs.open_spiel_env.open_spiel_env] INFO:    open_spiel_checkers
[kaggle_environments.envs.open_spiel_env.open_spiel_env] INFO:    open_spiel_chess
[kaggle_environments.envs.open_spiel_env.open_spiel_env] INFO:    open_spiel_clobber
[kaggle_environments.envs.open_spiel_env.open_spiel_env] INFO:    open_spiel_coin_game
[kaggle_environments.envs.open_spiel_env.open_spiel_env] INFO:    open_spiel_connect_four
[kaggle_environments.envs.open_spiel_env.open_spiel_env] INFO:    open_spiel_dark_hex
[kaggle_environments.envs.open_spiel_env.open_spiel_env] INFO:    open_spiel_gin_rummy
[kaggle_environments.envs.open_spiel_env.open_spiel_env] INFO:    open_spiel_go
[kaggle_environments.envs.open_spiel_env.open_spiel_env] INFO:    open_spiel_goofspiel
[kaggle_environments.envs.open_spiel_env.open_spiel_env] INFO:    open_spiel_hearts
[kaggle_environments.envs.open_spiel_env.open_spiel_env] INFO:    open_spiel_hex
[kaggle_environments.envs.open_spiel_env.open_spiel_env] INFO:    open_spiel_lines_of_action
[kaggle_environments.envs.open_spiel_env.open_spiel_env] INFO:    open_spiel_matching_pennies_3p
[kaggle_environments.envs.open_spiel_env.open_spiel_env] INFO:    open_spiel_oshi_zumo
[kaggle_environments.envs.open_spiel_env.open_spiel_env] INFO:    open_spiel_othello
[kaggle_environments.envs.open_spiel_env.open_spiel_env] INFO:    open_spiel_repeated_game
[kaggle_environments.envs.open_spiel_env.open_spiel_env] INFO:    open_spiel_tic_tac_toe
[kaggle_environments.envs.open_spiel_env.open_spiel_env] INFO:    open_spiel_y
[kaggle_environments.envs.open_spiel_env.open_spiel_env] INFO:    open_spiel_universal_poker
[kaggle_environments.envs.open_spiel_env.open_spiel_env] INFO:    open_spiel_repeated_poker
[kaggle_environments.envs.open_spiel_env.open_spiel_env] INFO:    open_spiel_python_repeated_pokerkit
[kaggle_environments.envs.open_spiel_env.open_spiel_env] INFO: OpenSpiel games skipped: 1.
[kaggle_environments.envs.open_spiel_env.open_spiel_env] INFO:    snake
Opponent agent loaded from: ../candidate_suneet_lb1200.py
Training on device: mps
Model params: 307,482
Resumed model weights from checkpoints/bc_warmstart_v2.pt
Collecting 12 teacher games for PPO BC regularization...
BC regularization samples: 448

Starting training: 3,000,000 env steps
Batch size: 2048, Minibatches: 4
Self-play pool: 8 snapshots
Shaping coef: 0.02
Parallel envs: 1
Opponent policy: <function agent at 0x11a458a90>
Env backend: fast
Rollout inference device: cpu
Uniform exploration epsilon: 0.1 -> 0.02
BC regularization: coef=0.01 samples=448 agent=../main.py

Episode    15 | Steps      2,128 | SPS      51 | Reward  -1.00 | Clip 0.058 | KL 0.1503 | V_loss 0.0641 | LR 0.000000 | BC 4.9833
Episode    30 | Steps      4,193 | SPS      51 | Reward  -1.00 | Clip 0.059 | KL 0.1588 | V_loss 0.0667 | LR 0.000000 | BC 4.9883
Episode    45 | Steps      6,370 | SPS      50 | Reward  -1.00 | Clip 0.055 | KL 0.1607 | V_loss 0.0634 | LR 0.000001 | BC 4.9858
Episode    60 | Steps      8,477 | SPS      52 | Reward  -1.00 | Clip 0.055 | KL 0.1605 | V_loss 0.0648 | LR 0.000001 | BC 4.8431
  ★ Best checkpoint updated: reward=-1.0000 @ 8,477 steps
Episode    75 | Steps     10,550 | SPS      53 | Reward  -1.00 | Clip 0.056 | KL 0.1631 | V_loss 0.0655 | LR 0.000001 | BC 4.9306
Episode    91 | Steps     12,702 | SPS      54 | Reward  -1.00 | Clip 0.057 | KL 0.1553 | V_loss 0.0658 | LR 0.000001 | BC 5.0436
Episode   106 | Steps     14,881 | SPS      54 | Reward  -1.00 | Clip 0.057 | KL 0.1845 | V_loss 0.0625 | LR 0.000002 | BC 5.0301
Episode   121 | Steps     16,943 | SPS      55 | Reward  -1.00 | Clip 0.057 | KL 0.2031 | V_loss 0.0664 | LR 0.000002 | BC 4.8343
Episode   136 | Steps     19,075 | SPS      56 | Reward  -1.00 | Clip 0.057 | KL 0.1852 | V_loss 0.0647 | LR 0.000002 | BC 4.8239
Episode   151 | Steps     21,130 | SPS      56 | Reward  -1.00 | Clip 0.057 | KL 0.1584 | V_loss 0.0658 | LR 0.000002 | BC 4.9596
Episode   166 | Steps     23,300 | SPS      57 | Reward  -1.00 | Clip 0.056 | KL 0.0986 | V_loss 0.0624 | LR 0.000003 | BC 5.3655
Episode   181 | Steps     25,411 | SPS      57 | Reward  -1.00 | Clip 0.056 | KL 0.1636 | V_loss 0.0622 | LR 0.000003 | BC 5.4615
Episode   196 | Steps     27,478 | SPS      58 | Reward  -1.00 | Clip 0.056 | KL 0.1616 | V_loss 0.0647 | LR 0.000003 | BC 4.8071
Episode   211 | Steps     29,569 | SPS      58 | Reward  -1.00 | Clip 0.056 | KL 0.1556 | V_loss 0.0632 | LR 0.000003 | BC 5.0872
Episode   227 | Steps     31,726 | SPS      58 | Reward  -1.00 | Clip 0.056 | KL 0.1889 | V_loss 0.0645 | LR 0.000004 | BC 5.1038
Episode   242 | Steps     33,855 | SPS      59 | Reward  -1.00 | Clip 0.056 | KL 0.1324 | V_loss 0.0608 | LR 0.000004 | BC 4.8611
Episode   257 | Steps     35,975 | SPS      59 | Reward  -1.00 | Clip 0.056 | KL 0.1593 | V_loss 0.0600 | LR 0.000004 | BC 4.8605
Episode   273 | Steps     38,143 | SPS      59 | Reward  -1.00 | Clip 0.056 | KL 0.1767 | V_loss 0.0614 | LR 0.000004 | BC 4.9619
Episode   289 | Steps     40,327 | SPS      60 | Reward  -1.00 | Clip 0.057 | KL 0.1414 | V_loss 0.0614 | LR 0.000005 | BC 4.8060
Episode   305 | Steps     42,420 | SPS      60 | Reward  -1.00 | Clip 0.056 | KL 0.1297 | V_loss 0.0633 | LR 0.000005 | BC 4.9023
Episode   320 | Steps     44,476 | SPS      60 | Reward  -1.00 | Clip 0.056 | KL 0.1395 | V_loss 0.0605 | LR 0.000005 | BC 4.9490
Episode   336 | Steps     46,663 | SPS      61 | Reward  -1.00 | Clip 0.056 | KL 0.1180 | V_loss 0.0602 | LR 0.000005 | BC 5.3565
Episode   351 | Steps     48,728 | SPS      61 | Reward  -1.00 | Clip 0.056 | KL 0.1169 | V_loss 0.0583 | LR 0.000006 | BC 5.0592
Episode   367 | Steps     50,888 | SPS      61 | Reward  -1.00 | Clip 0.055 | KL 0.1540 | V_loss 0.0576 | LR 0.000006 | BC 4.9491
Episode   382 | Steps     52,962 | SPS      62 | Reward  -1.00 | Clip 0.056 | KL 0.1801 | V_loss 0.0570 | LR 0.000006 | BC 5.3018
Episode   398 | Steps     55,121 | SPS      62 | Reward  -1.00 | Clip 0.055 | KL 0.1611 | V_loss 0.0589 | LR 0.000006 | BC 5.3630
Episode   414 | Steps     57,282 | SPS      62 | Reward  -1.00 | Clip 0.055 | KL 0.1440 | V_loss 0.0559 | LR 0.000006 | BC 5.3476
Episode   430 | Steps     59,443 | SPS      61 | Reward  -1.00 | Clip 0.055 | KL 0.1751 | V_loss 0.0552 | LR 0.000007 | BC 5.2270
Episode   445 | Steps     61,526 | SPS      61 | Reward  -1.00 | Clip 0.055 | KL 0.1518 | V_loss 0.0540 | LR 0.000007 | BC 5.4345
Episode   460 | Steps     63,639 | SPS      61 | Reward  -1.00 | Clip 0.055 | KL 0.1619 | V_loss 0.0519 | LR 0.000007 | BC 5.1259
Episode   476 | Steps     65,783 | SPS      61 | Reward  -1.00 | Clip 0.055 | KL 0.1525 | V_loss 0.0538 | LR 0.000007 | BC 4.9841
Episode   491 | Steps     67,877 | SPS      61 | Reward  -1.00 | Clip 0.055 | KL 0.1500 | V_loss 0.0499 | LR 0.000008 | BC 4.9311
Episode   507 | Steps     70,009 | SPS      61 | Reward  -1.00 | Clip 0.055 | KL 0.1408 | V_loss 0.0517 | LR 0.000008 | BC 5.2133
Episode   522 | Steps     72,064 | SPS      61 | Reward  -1.00 | Clip 0.055 | KL 0.1725 | V_loss 0.0495 | LR 0.000008 | BC 4.9401
Episode   538 | Steps     74,131 | SPS      61 | Reward  -1.00 | Clip 0.055 | KL 0.1829 | V_loss 0.0534 | LR 0.000008 | BC 5.0865
Episode   553 | Steps     76,196 | SPS      61 | Reward  -1.00 | Clip 0.055 | KL 0.1962 | V_loss 0.0474 | LR 0.000009 | BC 4.6539
Episode   568 | Steps     78,253 | SPS      61 | Reward  -1.00 | Clip 0.055 | KL 0.1511 | V_loss 0.0471 | LR 0.000009 | BC 4.8459
Episode   584 | Steps     80,406 | SPS      61 | Reward  -1.00 | Clip 0.055 | KL 0.1728 | V_loss 0.0473 | LR 0.000009 | BC 5.1482
Episode   600 | Steps     82,482 | SPS      61 | Reward  -1.00 | Clip 0.055 | KL 0.1610 | V_loss 0.0493 | LR 0.000009 | BC 4.9647
Episode   608 | Steps     84,850 | SPS      62 | Reward  -0.94 | Clip 0.056 | KL 1.4514 | V_loss 0.0444 | LR 0.000010 | BC 4.9630
  ★ Best checkpoint updated: reward=-0.9400 @ 84,850 steps
Episode   619 | Steps     87,039 | SPS      62 | Reward  -0.90 | Clip 0.056 | KL 0.8081 | V_loss 0.0512 | LR 0.000010 | BC 4.8655
  ★ Best checkpoint updated: reward=-0.9000 @ 87,039 steps
Episode   628 | Steps     89,111 | SPS      63 | Reward  -0.88 | Clip 0.057 | KL 0.7979 | V_loss 0.0336 | LR 0.000010 | BC 4.9789
Episode   640 | Steps     91,170 | SPS      63 | Reward  -0.88 | Clip 0.057 | KL 0.4788 | V_loss 0.0358 | LR 0.000010 | BC 4.8426
Episode   649 | Steps     93,514 | SPS      63 | Reward  -0.86 | Clip 0.058 | KL 1.0610 | V_loss 0.0342 | LR 0.000011 | BC 4.9804
  ★ Best checkpoint updated: reward=-0.8600 @ 93,514 steps
Episode   662 | Steps     95,712 | SPS      63 | Reward  -0.84 | Clip 0.058 | KL 0.5732 | V_loss 0.0400 | LR 0.000011 | BC 4.9827
Episode   677 | Steps     97,824 | SPS      63 | Reward  -0.84 | Clip 0.058 | KL 0.1740 | V_loss 0.0392 | LR 0.000011 | BC 4.7379
Episode   689 | Steps    100,283 | SPS      63 | Reward  -0.82 | Clip 0.058 | KL 0.5112 | V_loss 0.0328 | LR 0.000011 | BC 5.2128
  ★ Best checkpoint updated: reward=-0.8200 @ 100,283 steps
Episode   700 | Steps    102,515 | SPS      64 | Reward  -0.80 | Clip 0.058 | KL 0.7630 | V_loss 0.0372 | LR 0.000012 | BC 4.9321
Episode   710 | Steps    104,897 | SPS      64 | Reward  -0.86 | Clip 0.059 | KL 0.6899 | V_loss 0.0309 | LR 0.000012 | BC 4.8458
Episode   719 | Steps    107,248 | SPS      64 | Reward  -0.86 | Clip 0.059 | KL 0.8275 | V_loss 0.0350 | LR 0.000012 | BC 4.8949
Episode   727 | Steps    109,365 | SPS      65 | Reward  -0.86 | Clip 0.059 | KL 0.8295 | V_loss 0.0354 | LR 0.000012 | BC 5.4382
Episode   739 | Steps    111,692 | SPS      65 | Reward  -0.84 | Clip 0.060 | KL 0.6889 | V_loss 0.0392 | LR 0.000012 | BC 5.0216
Episode   749 | Steps    113,785 | SPS      65 | Reward  -0.84 | Clip 0.060 | KL 0.7874 | V_loss 0.0345 | LR 0.000013 | BC 4.8411
Episode   758 | Steps    116,250 | SPS      65 | Reward  -0.82 | Clip 0.061 | KL 1.3860 | V_loss 0.0367 | LR 0.000013 | BC 5.3113
Episode   767 | Steps    118,415 | SPS      66 | Reward  -0.80 | Clip 0.061 | KL 0.6477 | V_loss 0.0306 | LR 0.000013 | BC 4.9109
Episode   774 | Steps    120,814 | SPS      66 | Reward  -0.78 | Clip 0.061 | KL 0.9413 | V_loss 0.0271 | LR 0.000013 | BC 5.2147
  ★ Best checkpoint updated: reward=-0.7800 @ 120,814 steps
Episode   786 | Steps    122,875 | SPS      66 | Reward  -0.78 | Clip 0.061 | KL 0.5952 | V_loss 0.0344 | LR 0.000014 | BC 5.2698
Episode   793 | Steps    124,925 | SPS      67 | Reward  -0.76 | Clip 0.062 | KL 0.9066 | V_loss 0.0308 | LR 0.000014 | BC 4.9740
Episode   801 | Steps    127,090 | SPS      67 | Reward  -0.78 | Clip 0.062 | KL 0.4985 | V_loss 0.0231 | LR 0.000014 | BC 4.8639
Episode   813 | Steps    129,224 | SPS      67 | Reward  -0.80 | Clip 0.062 | KL 0.4374 | V_loss 0.0348 | LR 0.000014 | BC 4.7381
Episode   821 | Steps    131,387 | SPS      67 | Reward  -0.74 | Clip 0.062 | KL 1.4351 | V_loss 0.0434 | LR 0.000015 | BC 4.8044
  ★ Best checkpoint updated: reward=-0.7400 @ 131,387 steps
Episode   828 | Steps    133,450 | SPS      67 | Reward  -0.74 | Clip 0.063 | KL 0.8631 | V_loss 0.0259 | LR 0.000015 | BC 4.9307
Episode   836 | Steps    135,613 | SPS      67 | Reward  -0.72 | Clip 0.063 | KL 0.8428 | V_loss 0.0280 | LR 0.000015 | BC 5.1867
Episode   847 | Steps    137,876 | SPS      68 | Reward  -0.74 | Clip 0.063 | KL 0.3874 | V_loss 0.0311 | LR 0.000015 | BC 4.7901
Episode   860 | Steps    140,007 | SPS      68 | Reward  -0.78 | Clip 0.063 | KL 0.5938 | V_loss 0.0418 | LR 0.000016 | BC 4.8394
Episode   867 | Steps    142,057 | SPS      68 | Reward  -0.76 | Clip 0.063 | KL 0.7291 | V_loss 0.0227 | LR 0.000016 | BC 4.7766
Episode   877 | Steps    144,481 | SPS      68 | Reward  -0.76 | Clip 0.063 | KL 0.6738 | V_loss 0.0300 | LR 0.000016 | BC 5.3173
Episode   887 | Steps    146,870 | SPS      68 | Reward  -0.76 | Clip 0.064 | KL 0.7611 | V_loss 0.0277 | LR 0.000016 | BC 4.9784
Episode   896 | Steps    149,159 | SPS      69 | Reward  -0.74 | Clip 0.064 | KL 1.1913 | V_loss 0.0358 | LR 0.000017 | BC 5.1464
Episode   904 | Steps    151,364 | SPS      69 | Reward  -0.72 | Clip 0.064 | KL 0.8091 | V_loss 0.0270 | LR 0.000017 | BC 5.2896
Episode   914 | Steps    153,748 | SPS      69 | Reward  -0.74 | Clip 0.064 | KL 0.5458 | V_loss 0.0296 | LR 0.000017 | BC 5.0174
Episode   919 | Steps    156,189 | SPS      70 | Reward  -0.78 | Clip 0.065 | KL 0.9717 | V_loss 0.0148 | LR 0.000017 | BC 4.8323
Episode   929 | Steps    158,329 | SPS      70 | Reward  -0.80 | Clip 0.065 | KL 0.3271 | V_loss 0.0250 | LR 0.000018 | BC 4.9529
Episode   941 | Steps    160,382 | SPS      70 | Reward  -0.82 | Clip 0.065 | KL 0.2963 | V_loss 0.0275 | LR 0.000018 | BC 5.0468
Episode   947 | Steps    162,624 | SPS      70 | Reward  -0.82 | Clip 0.065 | KL 0.9968 | V_loss 0.0221 | LR 0.000018 | BC 4.9702
Episode   959 | Steps    164,720 | SPS      70 | Reward  -0.82 | Clip 0.065 | KL 0.4998 | V_loss 0.0366 | LR 0.000018 | BC 4.9935
Episode   969 | Steps    166,780 | SPS      70 | Reward  -0.82 | Clip 0.065 | KL 0.7914 | V_loss 0.0349 | LR 0.000018 | BC 4.8340
Episode   978 | Steps    168,915 | SPS      70 | Reward  -0.80 | Clip 0.065 | KL 0.8209 | V_loss 0.0369 | LR 0.000019 | BC 4.9360
Episode   987 | Steps    171,092 | SPS      70 | Reward  -0.76 | Clip 0.065 | KL 1.0604 | V_loss 0.0431 | LR 0.000019 | BC 4.8369
Episode   999 | Steps    173,227 | SPS      70 | Reward  -0.76 | Clip 0.065 | KL 0.5523 | V_loss 0.0412 | LR 0.000019 | BC 4.8409
Episode  1008 | Steps    175,557 | SPS      70 | Reward  -0.76 | Clip 0.066 | KL 0.9742 | V_loss 0.0290 | LR 0.000019 | BC 4.8920
Episode  1016 | Steps    178,008 | SPS      71 | Reward  -0.74 | Clip 0.066 | KL 1.1961 | V_loss 0.0280 | LR 0.000020 | BC 5.0732
Episode  1028 | Steps    180,440 | SPS      70 | Reward  -0.72 | Clip 0.066 | KL 0.6083 | V_loss 0.0274 | LR 0.000020 | BC 5.2961
Episode  1035 | Steps    182,490 | SPS      71 | Reward  -0.70 | Clip 0.066 | KL 0.8363 | V_loss 0.0234 | LR 0.000020 | BC 5.4788
  ★ Best checkpoint updated: reward=-0.7000 @ 182,490 steps
Episode  1045 | Steps    184,960 | SPS      71 | Reward  -0.66 | Clip 0.067 | KL 0.7492 | V_loss 0.0338 | LR 0.000020 | BC 5.3436
  ★ Best checkpoint updated: reward=-0.6600 @ 184,960 steps
Episode  1054 | Steps    187,029 | SPS      71 | Reward  -0.66 | Clip 0.067 | KL 0.7884 | V_loss 0.0273 | LR 0.000021 | BC 4.8463
Episode  1061 | Steps    189,128 | SPS      71 | Reward  -0.68 | Clip 0.067 | KL 1.0839 | V_loss 0.0287 | LR 0.000021 | BC 5.2829
Episode  1071 | Steps    191,195 | SPS      71 | Reward  -0.66 | Clip 0.067 | KL 0.7915 | V_loss 0.0300 | LR 0.000021 | BC 5.0566
Episode  1078 | Steps    193,654 | SPS      71 | Reward  -0.64 | Clip 0.067 | KL 1.2793 | V_loss 0.0364 | LR 0.000021 | BC 4.9654
Episode  1086 | Steps    195,704 | SPS      71 | Reward  -0.66 | Clip 0.067 | KL 0.7782 | V_loss 0.0318 | LR 0.000022 | BC 4.9072
Episode  1096 | Steps    197,796 | SPS      71 | Reward  -0.64 | Clip 0.068 | KL 1.1362 | V_loss 0.0342 | LR 0.000022 | BC 4.8204
Episode  1103 | Steps    200,136 | SPS      71 | Reward  -0.62 | Clip 0.068 | KL 0.9449 | V_loss 0.0332 | LR 0.000022 | BC 5.2693
  ★ Best checkpoint updated: reward=-0.6200 @ 200,136 steps
Episode  1113 | Steps    202,266 | SPS      71 | Reward  -0.66 | Clip 0.068 | KL 0.5538 | V_loss 0.0277 | LR 0.000022 | BC 4.8408
Episode  1125 | Steps    204,396 | SPS      71 | Reward  -0.68 | Clip 0.068 | KL 0.1978 | V_loss 0.0243 | LR 0.000023 | BC 4.9024
Episode  1139 | Steps    206,774 | SPS      71 | Reward  -0.68 | Clip 0.068 | KL 0.5942 | V_loss 0.0306 | LR 0.000023 | BC 4.9068
Episode  1149 | Steps    209,283 | SPS      71 | Reward  -0.72 | Clip 0.068 | KL 0.6007 | V_loss 0.0291 | LR 0.000023 | BC 4.8437
Episode  1158 | Steps    211,641 | SPS      71 | Reward  -0.74 | Clip 0.068 | KL 0.7486 | V_loss 0.0176 | LR 0.000023 | BC 5.2295
Episode  1169 | Steps    213,738 | SPS      70 | Reward  -0.74 | Clip 0.068 | KL 0.5850 | V_loss 0.0269 | LR 0.000024 | BC 5.4402
Episode  1177 | Steps    216,014 | SPS      71 | Reward  -0.76 | Clip 0.068 | KL 0.7385 | V_loss 0.0245 | LR 0.000024 | BC 5.2721
Episode  1186 | Steps    218,411 | SPS      71 | Reward  -0.76 | Clip 0.068 | KL 1.0244 | V_loss 0.0360 | LR 0.000024 | BC 5.1899
Episode  1196 | Steps    220,666 | SPS      71 | Reward  -0.76 | Clip 0.068 | KL 0.9745 | V_loss 0.0298 | LR 0.000024 | BC 5.2225
Episode  1206 | Steps    222,964 | SPS      71 | Reward  -0.80 | Clip 0.069 | KL 0.9863 | V_loss 0.0258 | LR 0.000024 | BC 4.9861
Episode  1219 | Steps    225,146 | SPS      71 | Reward  -0.78 | Clip 0.069 | KL 0.6010 | V_loss 0.0290 | LR 0.000025 | BC 5.3491
Episode  1226 | Steps    227,260 | SPS      71 | Reward  -0.76 | Clip 0.069 | KL 0.9692 | V_loss 0.0247 | LR 0.000025 | BC 5.0325
Episode  1234 | Steps    229,423 | SPS      71 | Reward  -0.74 | Clip 0.069 | KL 0.9205 | V_loss 0.0314 | LR 0.000025 | BC 5.5329
Episode  1244 | Steps    231,528 | SPS      71 | Reward  -0.74 | Clip 0.069 | KL 0.4332 | V_loss 0.0189 | LR 0.000025 | BC 5.4276
Episode  1256 | Steps    233,942 | SPS      71 | Reward  -0.76 | Clip 0.069 | KL 0.8940 | V_loss 0.0219 | LR 0.000026 | BC 5.5869
Episode  1267 | Steps    236,304 | SPS      71 | Reward  -0.76 | Clip 0.070 | KL 0.3581 | V_loss 0.0183 | LR 0.000026 | BC 4.9002
Episode  1277 | Steps    238,417 | SPS      71 | Reward  -0.82 | Clip 0.070 | KL 0.3786 | V_loss 0.0169 | LR 0.000026 | BC 4.8698
Episode  1289 | Steps    240,484 | SPS      71 | Reward  -0.86 | Clip 0.070 | KL 0.6551 | V_loss 0.0225 | LR 0.000026 | BC 5.2611
Episode  1298 | Steps    242,897 | SPS      71 | Reward  -0.88 | Clip 0.070 | KL 0.6476 | V_loss 0.0164 | LR 0.000027 | BC 5.5276
Episode  1309 | Steps    245,046 | SPS      71 | Reward  -0.90 | Clip 0.070 | KL 0.2623 | V_loss 0.0173 | LR 0.000027 | BC 5.1774
Episode  1321 | Steps    247,167 | SPS      71 | Reward  -0.90 | Clip 0.070 | KL 0.5182 | V_loss 0.0256 | LR 0.000027 | BC 4.9588
Episode  1329 | Steps    249,338 | SPS      71 | Reward  -0.90 | Clip 0.071 | KL 0.8506 | V_loss 0.0214 | LR 0.000027 | BC 5.0437
Episode  1336 | Steps    251,422 | SPS      71 | Reward  -0.92 | Clip 0.071 | KL 0.8618 | V_loss 0.0239 | LR 0.000028 | BC 4.8439
Episode  1344 | Steps    253,518 | SPS      71 | Reward  -0.90 | Clip 0.072 | KL 0.7870 | V_loss 0.0223 | LR 0.000028 | BC 5.3607
Episode  1349 | Steps    255,872 | SPS      71 | Reward  -0.84 | Clip 0.072 | KL 1.2417 | V_loss 0.0362 | LR 0.000028 | BC 4.8980
Episode  1360 | Steps    257,990 | SPS      71 | Reward  -0.84 | Clip 0.072 | KL 0.3825 | V_loss 0.0140 | LR 0.000028 | BC 4.8167
Episode  1373 | Steps    260,139 | SPS      71 | Reward  -0.80 | Clip 0.072 | KL 0.2814 | V_loss 0.0280 | LR 0.000029 | BC 5.0057
Episode  1383 | Steps    262,604 | SPS      71 | Reward  -0.78 | Clip 0.072 | KL 0.7870 | V_loss 0.0175 | LR 0.000029 | BC 4.8795
Episode  1391 | Steps    264,927 | SPS      72 | Reward  -0.76 | Clip 0.073 | KL 0.6303 | V_loss 0.0253 | LR 0.000029 | BC 5.1226
Episode  1397 | Steps    267,230 | SPS      72 | Reward  -0.76 | Clip 0.073 | KL 0.7773 | V_loss 0.0126 | LR 0.000029 | BC 5.3196
Episode  1407 | Steps    269,615 | SPS      72 | Reward  -0.74 | Clip 0.073 | KL 0.5763 | V_loss 0.0229 | LR 0.000030 | BC 5.0187
Episode  1414 | Steps    271,667 | SPS      72 | Reward  -0.72 | Clip 0.074 | KL 0.7090 | V_loss 0.0209 | LR 0.000030 | BC 5.5694
Episode  1424 | Steps    274,181 | SPS      72 | Reward  -0.72 | Clip 0.074 | KL 0.9086 | V_loss 0.0215 | LR 0.000030 | BC 4.9972
Episode  1432 | Steps    276,291 | SPS      72 | Reward  -0.70 | Clip 0.074 | KL 0.4519 | V_loss 0.0183 | LR 0.000030 | BC 4.9722
Episode  1438 | Steps    278,587 | SPS      73 | Reward  -0.70 | Clip 0.074 | KL 0.5856 | V_loss 0.0199 | LR 0.000030 | BC 5.0023
Episode  1447 | Steps    280,679 | SPS      73 | Reward  -0.74 | Clip 0.075 | KL 0.3308 | V_loss 0.0147 | LR 0.000031 | BC 5.3139
Episode  1452 | Steps    282,833 | SPS      73 | Reward  -0.78 | Clip 0.075 | KL 0.3830 | V_loss 0.0109 | LR 0.000031 | BC 4.9381
Episode  1459 | Steps    284,942 | SPS      73 | Reward  -0.76 | Clip 0.075 | KL 0.4065 | V_loss 0.0158 | LR 0.000031 | BC 4.9995
Episode  1467 | Steps    287,046 | SPS      73 | Reward  -0.80 | Clip 0.075 | KL 0.3475 | V_loss 0.0115 | LR 0.000031 | BC 5.3389
Episode  1476 | Steps    289,103 | SPS      73 | Reward  -0.76 | Clip 0.076 | KL 0.7613 | V_loss 0.0310 | LR 0.000032 | BC 5.0790
Episode  1488 | Steps    291,307 | SPS      73 | Reward  -0.74 | Clip 0.076 | KL 0.4384 | V_loss 0.0241 | LR 0.000032 | BC 5.1296
Episode  1496 | Steps    293,559 | SPS      73 | Reward  -0.76 | Clip 0.076 | KL 0.6776 | V_loss 0.0209 | LR 0.000032 | BC 5.0523
Episode  1503 | Steps    295,624 | SPS      73 | Reward  -0.74 | Clip 0.077 | KL 0.5660 | V_loss 0.0201 | LR 0.000032 | BC 5.3723
Episode  1509 | Steps    297,897 | SPS      73 | Reward  -0.74 | Clip 0.077 | KL 0.7588 | V_loss 0.0177 | LR 0.000033 | BC 4.9880
Episode  1516 | Steps    299,994 | SPS      73 | Reward  -0.74 | Clip 0.077 | KL 0.6034 | V_loss 0.0190 | LR 0.000033 | BC 4.8954
Episode  1524 | Steps    302,538 | SPS      72 | Reward  -0.74 | Clip 0.078 | KL 0.7772 | V_loss 0.0261 | LR 0.000033 | BC 5.2372
Episode  1535 | Steps    305,027 | SPS      71 | Reward  -0.72 | Clip 0.078 | KL 0.6285 | V_loss 0.0275 | LR 0.000033 | BC 5.0012
Episode  1545 | Steps    307,552 | SPS      71 | Reward  -0.72 | Clip 0.078 | KL 0.3689 | V_loss 0.0132 | LR 0.000034 | BC 4.9576
Episode  1551 | Steps    309,698 | SPS      71 | Reward  -0.68 | Clip 0.078 | KL 0.7503 | V_loss 0.0214 | LR 0.000034 | BC 4.9056
Episode  1561 | Steps    311,889 | SPS      70 | Reward  -0.68 | Clip 0.078 | KL 0.7204 | V_loss 0.0218 | LR 0.000034 | BC 5.0681
Episode  1573 | Steps    313,956 | SPS      70 | Reward  -0.70 | Clip 0.078 | KL 0.2618 | V_loss 0.0213 | LR 0.000034 | BC 5.1692
Episode  1583 | Steps    316,159 | SPS      69 | Reward  -0.72 | Clip 0.078 | KL 0.6130 | V_loss 0.0225 | LR 0.000035 | BC 4.8708
Episode  1592 | Steps    318,470 | SPS      69 | Reward  -0.68 | Clip 0.078 | KL 0.6890 | V_loss 0.0235 | LR 0.000035 | BC 5.3548
Episode  1601 | Steps    320,631 | SPS      69 | Reward  -0.72 | Clip 0.078 | KL 0.4037 | V_loss 0.0118 | LR 0.000035 | BC 5.0944
Episode  1610 | Steps    322,696 | SPS      69 | Reward  -0.74 | Clip 0.078 | KL 0.3365 | V_loss 0.0148 | LR 0.000035 | BC 5.2114
Episode  1617 | Steps    324,771 | SPS      69 | Reward  -0.74 | Clip 0.078 | KL 0.5707 | V_loss 0.0146 | LR 0.000036 | BC 5.0671
Episode  1624 | Steps    326,862 | SPS      68 | Reward  -0.78 | Clip 0.078 | KL 0.6759 | V_loss 0.0127 | LR 0.000036 | BC 5.1350
Episode  1631 | Steps    329,007 | SPS      68 | Reward  -0.76 | Clip 0.078 | KL 0.7504 | V_loss 0.0320 | LR 0.000036 | BC 5.3924
Episode  1639 | Steps    331,387 | SPS      68 | Reward  -0.70 | Clip 0.079 | KL 0.9935 | V_loss 0.0336 | LR 0.000036 | BC 5.3814
Episode  1645 | Steps    333,708 | SPS      67 | Reward  -0.64 | Clip 0.079 | KL 1.0409 | V_loss 0.0292 | LR 0.000036 | BC 5.2036
Episode  1655 | Steps    336,243 | SPS      67 | Reward  -0.66 | Clip 0.079 | KL 0.7461 | V_loss 0.0271 | LR 0.000037 | BC 4.9546
Episode  1667 | Steps    338,414 | SPS      67 | Reward  -0.66 | Clip 0.079 | KL 0.1491 | V_loss 0.0144 | LR 0.000037 | BC 5.3883
Episode  1676 | Steps    340,476 | SPS      67 | Reward  -0.64 | Clip 0.079 | KL 0.6559 | V_loss 0.0255 | LR 0.000037 | BC 4.9758
Episode  1685 | Steps    342,551 | SPS      66 | Reward  -0.66 | Clip 0.079 | KL 0.5391 | V_loss 0.0165 | LR 0.000037 | BC 5.1282
Episode  1694 | Steps    344,662 | SPS      66 | Reward  -0.66 | Clip 0.079 | KL 0.4694 | V_loss 0.0186 | LR 0.000038 | BC 5.1433
Episode  1702 | Steps    346,851 | SPS      66 | Reward  -0.66 | Clip 0.079 | KL 0.3674 | V_loss 0.0109 | LR 0.000038 | BC 5.0797
Episode  1710 | Steps    348,968 | SPS      65 | Reward  -0.66 | Clip 0.079 | KL 0.3696 | V_loss 0.0098 | LR 0.000038 | BC 5.0484
Episode  1716 | Steps    351,139 | SPS      65 | Reward  -0.66 | Clip 0.079 | KL 0.7746 | V_loss 0.0176 | LR 0.000038 | BC 5.1800
Episode  1724 | Steps    353,469 | SPS      65 | Reward  -0.62 | Clip 0.079 | KL 0.5769 | V_loss 0.0198 | LR 0.000039 | BC 5.0132
Episode  1733 | Steps    355,524 | SPS      64 | Reward  -0.64 | Clip 0.079 | KL 0.7551 | V_loss 0.0215 | LR 0.000039 | BC 5.0073
Episode  1739 | Steps    357,866 | SPS      64 | Reward  -0.68 | Clip 0.079 | KL 1.1493 | V_loss 0.0256 | LR 0.000039 | BC 5.3728
Episode  1747 | Steps    360,262 | SPS      64 | Reward  -0.64 | Clip 0.080 | KL 1.1243 | V_loss 0.0350 | LR 0.000039 | BC 4.9750
Episode  1761 | Steps    362,366 | SPS      64 | Reward  -0.68 | Clip 0.080 | KL 0.1071 | V_loss 0.0113 | LR 0.000040 | BC 5.5158
Episode  1768 | Steps    364,416 | SPS      64 | Reward  -0.64 | Clip 0.081 | KL 0.9373 | V_loss 0.0291 | LR 0.000040 | BC 5.2851
Episode  1775 | Steps    366,521 | SPS      64 | Reward  -0.64 | Clip 0.081 | KL 0.7477 | V_loss 0.0184 | LR 0.000040 | BC 5.4353
Episode  1784 | Steps    368,640 | SPS      63 | Reward  -0.60 | Clip 0.081 | KL 0.7727 | V_loss 0.0266 | LR 0.000040 | BC 5.0242
Episode  1794 | Steps    370,789 | SPS      63 | Reward  -0.58 | Clip 0.081 | KL 0.5628 | V_loss 0.0214 | LR 0.000041 | BC 4.9101
  ★ Best checkpoint updated: reward=-0.5800 @ 370,789 steps
Episode  1801 | Steps    372,892 | SPS      63 | Reward  -0.56 | Clip 0.081 | KL 0.4000 | V_loss 0.0150 | LR 0.000041 | BC 4.9052
Episode  1813 | Steps    374,971 | SPS      63 | Reward  -0.54 | Clip 0.081 | KL 0.3785 | V_loss 0.0166 | LR 0.000041 | BC 5.1554
  ★ Best checkpoint updated: reward=-0.5400 @ 374,971 steps
Episode  1825 | Steps    377,160 | SPS      63 | Reward  -0.60 | Clip 0.080 | KL 0.1795 | V_loss 0.0111 | LR 0.000041 | BC 4.9209
Episode  1833 | Steps    379,430 | SPS      63 | Reward  -0.56 | Clip 0.081 | KL 0.7818 | V_loss 0.0290 | LR 0.000042 | BC 5.0778
Episode  1841 | Steps    381,542 | SPS      63 | Reward  -0.56 | Clip 0.081 | KL 0.9364 | V_loss 0.0224 | LR 0.000042 | BC 5.1754
Episode  1852 | Steps    383,650 | SPS      63 | Reward  -0.60 | Clip 0.081 | KL 0.5112 | V_loss 0.0206 | LR 0.000042 | BC 5.2600
Episode  1863 | Steps    386,112 | SPS      63 | Reward  -0.56 | Clip 0.081 | KL 0.6031 | V_loss 0.0235 | LR 0.000042 | BC 5.2521
Episode  1873 | Steps    388,658 | SPS      62 | Reward  -0.56 | Clip 0.081 | KL 0.7647 | V_loss 0.0192 | LR 0.000042 | BC 5.0021
Episode  1883 | Steps    390,892 | SPS      62 | Reward  -0.62 | Clip 0.081 | KL 0.5134 | V_loss 0.0152 | LR 0.000043 | BC 4.9952
Episode  1893 | Steps    393,061 | SPS      62 | Reward  -0.62 | Clip 0.081 | KL 0.6309 | V_loss 0.0202 | LR 0.000043 | BC 5.4872
Episode  1900 | Steps    395,111 | SPS      62 | Reward  -0.62 | Clip 0.081 | KL 0.5499 | V_loss 0.0164 | LR 0.000043 | BC 5.1156
Episode  1911 | Steps    397,223 | SPS      62 | Reward  -0.60 | Clip 0.081 | KL 0.5446 | V_loss 0.0180 | LR 0.000043 | BC 5.1183
Episode  1920 | Steps    399,272 | SPS      62 | Reward  -0.56 | Clip 0.081 | KL 0.7048 | V_loss 0.0203 | LR 0.000044 | BC 5.2882
Episode  1929 | Steps    401,653 | SPS      62 | Reward  -0.60 | Clip 0.081 | KL 0.6037 | V_loss 0.0149 | LR 0.000044 | BC 5.2464
Episode  1935 | Steps    403,816 | SPS      62 | Reward  -0.58 | Clip 0.081 | KL 0.7310 | V_loss 0.0172 | LR 0.000044 | BC 5.1346
Episode  1944 | Steps    406,294 | SPS      61 | Reward  -0.60 | Clip 0.081 | KL 0.5811 | V_loss 0.0170 | LR 0.000044 | BC 5.1716
Episode  1956 | Steps    408,407 | SPS      61 | Reward  -0.66 | Clip 0.081 | KL 0.2030 | V_loss 0.0109 | LR 0.000045 | BC 5.0713
Episode  1965 | Steps    410,842 | SPS      61 | Reward  -0.68 | Clip 0.081 | KL 0.4063 | V_loss 0.0117 | LR 0.000045 | BC 4.9671
Episode  1978 | Steps    413,181 | SPS      60 | Reward  -0.72 | Clip 0.081 | KL 0.1987 | V_loss 0.0107 | LR 0.000045 | BC 5.4231
Episode  1984 | Steps    415,287 | SPS      60 | Reward  -0.66 | Clip 0.081 | KL 0.9371 | V_loss 0.0233 | LR 0.000045 | BC 5.4055
Episode  1990 | Steps    417,596 | SPS      60 | Reward  -0.66 | Clip 0.082 | KL 0.4887 | V_loss 0.0152 | LR 0.000046 | BC 5.0155
Episode  1997 | Steps    419,654 | SPS      60 | Reward  -0.68 | Clip 0.082 | KL 0.4491 | V_loss 0.0151 | LR 0.000046 | BC 4.9428
Episode  2004 | Steps    421,745 | SPS      60 | Reward  -0.70 | Clip 0.082 | KL 0.4732 | V_loss 0.0169 | LR 0.000046 | BC 4.9959
Episode  2017 | Steps    424,021 | SPS      59 | Reward  -0.72 | Clip 0.082 | KL 0.4135 | V_loss 0.0167 | LR 0.000046 | BC 5.5440
Episode  2026 | Steps    426,071 | SPS      59 | Reward  -0.74 | Clip 0.082 | KL 0.2463 | V_loss 0.0106 | LR 0.000047 | BC 5.1874
Episode  2036 | Steps    428,380 | SPS      59 | Reward  -0.78 | Clip 0.083 | KL 0.3195 | V_loss 0.0112 | LR 0.000047 | BC 4.9455
Episode  2041 | Steps    430,481 | SPS      58 | Reward  -0.76 | Clip 0.083 | KL 1.0627 | V_loss 0.0268 | LR 0.000047 | BC 5.4948
Episode  2049 | Steps    432,577 | SPS      58 | Reward  -0.74 | Clip 0.083 | KL 0.4118 | V_loss 0.0133 | LR 0.000047 | BC 5.1252
Episode  2057 | Steps    435,068 | SPS      58 | Reward  -0.70 | Clip 0.084 | KL 0.5244 | V_loss 0.0174 | LR 0.000048 | BC 4.9549
Episode  2064 | Steps    437,522 | SPS      58 | Reward  -0.68 | Clip 0.084 | KL 0.5773 | V_loss 0.0140 | LR 0.000048 | BC 5.2465
Episode  2073 | Steps    439,680 | SPS      58 | Reward  -0.66 | Clip 0.084 | KL 0.5598 | V_loss 0.0156 | LR 0.000048 | BC 5.0731
Episode  2083 | Steps    441,892 | SPS      58 | Reward  -0.70 | Clip 0.084 | KL 0.4020 | V_loss 0.0117 | LR 0.000048 | BC 5.0161
Episode  2091 | Steps    444,152 | SPS      58 | Reward  -0.70 | Clip 0.084 | KL 0.6602 | V_loss 0.0176 | LR 0.000048 | BC 5.4500
Episode  2099 | Steps    446,217 | SPS      59 | Reward  -0.68 | Clip 0.084 | KL 0.6091 | V_loss 0.0174 | LR 0.000049 | BC 5.1770
Episode  2108 | Steps    448,393 | SPS      59 | Reward  -0.70 | Clip 0.085 | KL 0.3202 | V_loss 0.0124 | LR 0.000049 | BC 5.2504
Episode  2121 | Steps    450,760 | SPS      59 | Reward  -0.70 | Clip 0.085 | KL 0.3523 | V_loss 0.0109 | LR 0.000049 | BC 5.3586
Episode  2131 | Steps    452,894 | SPS      59 | Reward  -0.70 | Clip 0.085 | KL 0.1616 | V_loss 0.0143 | LR 0.000049 | BC 5.0225
Episode  2139 | Steps    455,031 | SPS      59 | Reward  -0.74 | Clip 0.085 | KL 0.4096 | V_loss 0.0174 | LR 0.000050 | BC 5.4019
Episode  2147 | Steps    457,205 | SPS      59 | Reward  -0.76 | Clip 0.085 | KL 0.5003 | V_loss 0.0131 | LR 0.000050 | BC 4.9386
Episode  2158 | Steps    459,288 | SPS      58 | Reward  -0.80 | Clip 0.085 | KL 0.3581 | V_loss 0.0126 | LR 0.000050 | BC 5.4378
Episode  2165 | Steps    461,341 | SPS      58 | Reward  -0.82 | Clip 0.085 | KL 0.3619 | V_loss 0.0129 | LR 0.000050 | BC 5.3841
Episode  2176 | Steps    463,755 | SPS      58 | Reward  -0.80 | Clip 0.085 | KL 0.4795 | V_loss 0.0158 | LR 0.000051 | BC 5.5291
Episode  2186 | Steps    465,913 | SPS      58 | Reward  -0.82 | Clip 0.086 | KL 0.3381 | V_loss 0.0160 | LR 0.000051 | BC 5.5225
Episode  2195 | Steps    467,966 | SPS      58 | Reward  -0.82 | Clip 0.086 | KL 0.6796 | V_loss 0.0151 | LR 0.000051 | BC 5.6156
Episode  2206 | Steps    470,290 | SPS      58 | Reward  -0.82 | Clip 0.086 | KL 0.3890 | V_loss 0.0099 | LR 0.000051 | BC 5.2525
Episode  2216 | Steps    472,375 | SPS      57 | Reward  -0.80 | Clip 0.086 | KL 0.5448 | V_loss 0.0112 | LR 0.000052 | BC 5.4537
Episode  2224 | Steps    474,782 | SPS      57 | Reward  -0.80 | Clip 0.086 | KL 0.5155 | V_loss 0.0186 | LR 0.000052 | BC 5.1458
Episode  2234 | Steps    477,206 | SPS      57 | Reward  -0.80 | Clip 0.086 | KL 0.3041 | V_loss 0.0086 | LR 0.000052 | BC 5.0624
Episode  2244 | Steps    479,391 | SPS      57 | Reward  -0.82 | Clip 0.086 | KL 0.3043 | V_loss 0.0120 | LR 0.000052 | BC 5.5287
Episode  2252 | Steps    481,443 | SPS      57 | Reward  -0.80 | Clip 0.086 | KL 0.5986 | V_loss 0.0122 | LR 0.000053 | BC 5.3092
Episode  2264 | Steps    483,613 | SPS      57 | Reward  -0.80 | Clip 0.087 | KL 0.3005 | V_loss 0.0094 | LR 0.000053 | BC 5.3668
Episode  2272 | Steps    485,798 | SPS      57 | Reward  -0.80 | Clip 0.087 | KL 0.4367 | V_loss 0.0148 | LR 0.000053 | BC 4.9614
Episode  2281 | Steps    487,944 | SPS      57 | Reward  -0.80 | Clip 0.087 | KL 0.4153 | V_loss 0.0129 | LR 0.000053 | BC 5.0004
Episode  2290 | Steps    490,162 | SPS      56 | Reward  -0.82 | Clip 0.087 | KL 0.3922 | V_loss 0.0151 | LR 0.000054 | BC 5.1495
Episode  2299 | Steps    492,222 | SPS      56 | Reward  -0.86 | Clip 0.087 | KL 0.3783 | V_loss 0.0139 | LR 0.000054 | BC 5.3583
Episode  2307 | Steps    494,493 | SPS      56 | Reward  -0.86 | Clip 0.087 | KL 0.6908 | V_loss 0.0166 | LR 0.000054 | BC 4.9992
Episode  2316 | Steps    496,568 | SPS      56 | Reward  -0.84 | Clip 0.087 | KL 0.6120 | V_loss 0.0159 | LR 0.000054 | BC 5.2474
Episode  2323 | Steps    498,686 | SPS      56 | Reward  -0.82 | Clip 0.088 | KL 0.6481 | V_loss 0.0177 | LR 0.000054 | BC 5.1292
Episode  2330 | Steps    500,772 | SPS      56 | Reward  -0.78 | Clip 0.088 | KL 0.6431 | V_loss 0.0128 | LR 0.000055 | BC 5.0216
Checkpoint saved at checkpoints/step_500772
Episode  2339 | Steps    503,169 | SPS      55 | Reward  -0.76 | Clip 0.089 | KL 0.6824 | V_loss 0.0172 | LR 0.000055 | BC 4.8746
Episode  2347 | Steps    505,395 | SPS      55 | Reward  -0.74 | Clip 0.089 | KL 0.6217 | V_loss 0.0165 | LR 0.000055 | BC 4.7831
Episode  2356 | Steps    507,595 | SPS      55 | Reward  -0.74 | Clip 0.090 | KL 0.4042 | V_loss 0.0194 | LR 0.000055 | BC 5.0282
Episode  2365 | Steps    509,724 | SPS      55 | Reward  -0.72 | Clip 0.089 | KL 0.3359 | V_loss 0.0138 | LR 0.000056 | BC 5.3112
Episode  2374 | Steps    511,777 | SPS      55 | Reward  -0.74 | Clip 0.089 | KL 0.2591 | V_loss 0.0100 | LR 0.000056 | BC 5.0838
Episode  2383 | Steps    514,178 | SPS      55 | Reward  -0.72 | Clip 0.090 | KL 0.5207 | V_loss 0.0158 | LR 0.000056 | BC 5.1256
Episode  2394 | Steps    516,612 | SPS      55 | Reward  -0.70 | Clip 0.091 | KL 0.4100 | V_loss 0.0123 | LR 0.000056 | BC 5.0232
Episode  2405 | Steps    519,002 | SPS      54 | Reward  -0.70 | Clip 0.091 | KL 0.3186 | V_loss 0.0096 | LR 0.000057 | BC 5.4191
Episode  2415 | Steps    521,101 | SPS      54 | Reward  -0.72 | Clip 0.091 | KL 0.2992 | V_loss 0.0137 | LR 0.000057 | BC 5.3146
Episode  2427 | Steps    523,586 | SPS      54 | Reward  -0.78 | Clip 0.091 | KL 0.3292 | V_loss 0.0100 | LR 0.000057 | BC 4.9212
Episode  2434 | Steps    525,651 | SPS      54 | Reward  -0.76 | Clip 0.091 | KL 0.5396 | V_loss 0.0134 | LR 0.000057 | BC 4.9788
Episode  2443 | Steps    527,699 | SPS      54 | Reward  -0.78 | Clip 0.092 | KL 0.3837 | V_loss 0.0120 | LR 0.000058 | BC 5.3409
Episode  2453 | Steps    530,048 | SPS      54 | Reward  -0.76 | Clip 0.092 | KL 0.4801 | V_loss 0.0152 | LR 0.000058 | BC 5.5409
Episode  2460 | Steps    532,197 | SPS      54 | Reward  -0.74 | Clip 0.092 | KL 0.5084 | V_loss 0.0247 | LR 0.000058 | BC 5.2980
Episode  2470 | Steps    534,371 | SPS      54 | Reward  -0.74 | Clip 0.092 | KL 0.4171 | V_loss 0.0145 | LR 0.000058 | BC 4.8838
Episode  2477 | Steps    536,489 | SPS      54 | Reward  -0.72 | Clip 0.093 | KL 0.5678 | V_loss 0.0143 | LR 0.000059 | BC 5.1640
Episode  2485 | Steps    538,762 | SPS      54 | Reward  -0.72 | Clip 0.093 | KL 0.5595 | V_loss 0.0142 | LR 0.000059 | BC 5.3098
Episode  2491 | Steps    541,030 | SPS      54 | Reward  -0.68 | Clip 0.093 | KL 0.8111 | V_loss 0.0199 | LR 0.000059 | BC 5.0637
Episode  2501 | Steps    543,169 | SPS      55 | Reward  -0.68 | Clip 0.093 | KL 0.3369 | V_loss 0.0154 | LR 0.000059 | BC 4.9799
Episode  2507 | Steps    545,471 | SPS      55 | Reward  -0.66 | Clip 0.094 | KL 0.7085 | V_loss 0.0248 | LR 0.000060 | BC 5.4381
Episode  2514 | Steps    547,591 | SPS      55 | Reward  -0.66 | Clip 0.094 | KL 0.6052 | V_loss 0.0310 | LR 0.000060 | BC 5.2587
Episode  2521 | Steps    549,709 | SPS      55 | Reward  -0.66 | Clip 0.094 | KL 0.3232 | V_loss 0.0200 | LR 0.000060 | BC 5.4862
Episode  2529 | Steps    551,913 | SPS      55 | Reward  -0.68 | Clip 0.094 | KL 0.5259 | V_loss 0.0166 | LR 0.000060 | BC 5.2332
Episode  2537 | Steps    554,007 | SPS      55 | Reward  -0.70 | Clip 0.094 | KL 0.4543 | V_loss 0.0114 | LR 0.000060 | BC 5.4270
Episode  2546 | Steps    556,194 | SPS      55 | Reward  -0.72 | Clip 0.094 | KL 0.4963 | V_loss 0.0243 | LR 0.000061 | BC 5.1484
Episode  2555 | Steps    558,621 | SPS      55 | Reward  -0.74 | Clip 0.095 | KL 0.5234 | V_loss 0.0220 | LR 0.000061 | BC 5.1585
Episode  2562 | Steps    560,779 | SPS      54 | Reward  -0.72 | Clip 0.095 | KL 0.5883 | V_loss 0.0339 | LR 0.000061 | BC 5.2480
Episode  2572 | Steps    563,245 | SPS      54 | Reward  -0.72 | Clip 0.095 | KL 0.4403 | V_loss 0.0170 | LR 0.000061 | BC 5.0580
Episode  2580 | Steps    565,504 | SPS      54 | Reward  -0.72 | Clip 0.095 | KL 0.4722 | V_loss 0.0147 | LR 0.000062 | BC 5.0731
Episode  2588 | Steps    567,819 | SPS      54 | Reward  -0.76 | Clip 0.096 | KL 0.5264 | V_loss 0.0212 | LR 0.000062 | BC 5.1108
Episode  2596 | Steps    570,075 | SPS      54 | Reward  -0.80 | Clip 0.096 | KL 0.2958 | V_loss 0.0180 | LR 0.000062 | BC 5.5014
Episode  2602 | Steps    572,340 | SPS      54 | Reward  -0.80 | Clip 0.097 | KL 0.7006 | V_loss 0.0214 | LR 0.000062 | BC 5.1329
Episode  2612 | Steps    574,782 | SPS      54 | Reward  -0.82 | Clip 0.096 | KL 0.4126 | V_loss 0.0161 | LR 0.000063 | BC 5.0576
Episode  2617 | Steps    576,839 | SPS      54 | Reward  -0.76 | Clip 0.098 | KL 0.9183 | V_loss 0.0185 | LR 0.000063 | BC 5.0714
Episode  2625 | Steps    579,074 | SPS      54 | Reward  -0.78 | Clip 0.098 | KL 0.4968 | V_loss 0.0339 | LR 0.000063 | BC 5.2368
Episode  2639 | Steps    581,617 | SPS      54 | Reward  -0.80 | Clip 0.096 | KL 0.1992 | V_loss 0.0117 | LR 0.000063 | BC 5.3224
Episode  2645 | Steps    583,774 | SPS      54 | Reward  -0.78 | Clip 0.098 | KL 0.6598 | V_loss 0.0302 | LR 0.000064 | BC 5.4291
Episode  2655 | Steps    586,257 | SPS      54 | Reward  -0.80 | Clip 0.097 | KL 0.7253 | V_loss 0.0182 | LR 0.000064 | BC 4.8607
Episode  2664 | Steps    588,680 | SPS      54 | Reward  -0.82 | Clip 0.098 | KL 0.4228 | V_loss 0.0162 | LR 0.000064 | BC 5.0825
Episode  2673 | Steps    590,745 | SPS      54 | Reward  -0.80 | Clip 0.098 | KL 0.6342 | V_loss 0.0202 | LR 0.000064 | BC 5.0640
Episode  2680 | Steps    592,882 | SPS      54 | Reward  -0.84 | Clip 0.098 | KL 0.4292 | V_loss 0.0155 | LR 0.000065 | BC 5.1672
Episode  2685 | Steps    595,012 | SPS      54 | Reward  -0.80 | Clip 0.099 | KL 0.8915 | V_loss 0.0312 | LR 0.000065 | BC 5.0146
Episode  2692 | Steps    597,125 | SPS      54 | Reward  -0.78 | Clip 0.099 | KL 0.7459 | V_loss 0.0415 | LR 0.000065 | BC 5.4181
Episode  2699 | Steps    599,573 | SPS      54 | Reward  -0.78 | Clip 0.100 | KL 0.7308 | V_loss 0.0234 | LR 0.000065 | BC 5.1931
Episode  2705 | Steps    601,875 | SPS      54 | Reward  -0.72 | Clip 0.099 | KL 0.8240 | V_loss 0.0168 | LR 0.000066 | BC 5.5573
Episode  2717 | Steps    604,268 | SPS      54 | Reward  -0.78 | Clip 0.099 | KL 0.3097 | V_loss 0.0158 | LR 0.000066 | BC 5.2472
Episode  2729 | Steps    606,439 | SPS      53 | Reward  -0.78 | Clip 0.099 | KL 0.1670 | V_loss 0.0154 | LR 0.000066 | BC 5.2136
Episode  2738 | Steps    608,522 | SPS      53 | Reward  -0.74 | Clip 0.099 | KL 0.8181 | V_loss 0.0176 | LR 0.000066 | BC 5.3647
Episode  2750 | Steps    610,587 | SPS      53 | Reward  -0.78 | Clip 0.099 | KL 0.2523 | V_loss 0.0120 | LR 0.000066 | BC 5.4644
Episode  2758 | Steps    612,919 | SPS      53 | Reward  -0.70 | Clip 0.099 | KL 0.7541 | V_loss 0.0209 | LR 0.000067 | BC 5.6318
Episode  2765 | Steps    615,034 | SPS      53 | Reward  -0.66 | Clip 0.100 | KL 0.6236 | V_loss 0.0255 | LR 0.000067 | BC 5.4347
Episode  2774 | Steps    617,217 | SPS      53 | Reward  -0.66 | Clip 0.100 | KL 0.5310 | V_loss 0.0171 | LR 0.000067 | BC 5.6617
Episode  2781 | Steps    619,290 | SPS      53 | Reward  -0.64 | Clip 0.100 | KL 0.7666 | V_loss 0.0275 | LR 0.000067 | BC 5.0498
Episode  2794 | Steps    621,445 | SPS      53 | Reward  -0.66 | Clip 0.100 | KL 0.3687 | V_loss 0.0139 | LR 0.000068 | BC 5.0391
Episode  2804 | Steps    623,588 | SPS      53 | Reward  -0.66 | Clip 0.101 | KL 0.5032 | V_loss 0.0177 | LR 0.000068 | BC 4.9611
Episode  2813 | Steps    625,918 | SPS      53 | Reward  -0.60 | Clip 0.101 | KL 0.8072 | V_loss 0.0192 | LR 0.000068 | BC 5.5150
Episode  2824 | Steps    628,066 | SPS      53 | Reward  -0.60 | Clip 0.100 | KL 0.2118 | V_loss 0.0136 | LR 0.000068 | BC 5.7519
Episode  2837 | Steps    630,513 | SPS      53 | Reward  -0.60 | Clip 0.100 | KL 0.3769 | V_loss 0.0143 | LR 0.000069 | BC 4.8725
Episode  2846 | Steps    632,576 | SPS      52 | Reward  -0.56 | Clip 0.100 | KL 0.5546 | V_loss 0.0184 | LR 0.000069 | BC 5.1723
Episode  2856 | Steps    634,768 | SPS      52 | Reward  -0.56 | Clip 0.100 | KL 0.6664 | V_loss 0.0191 | LR 0.000069 | BC 4.9876
Episode  2864 | Steps    636,864 | SPS      52 | Reward  -0.58 | Clip 0.100 | KL 0.4028 | V_loss 0.0260 | LR 0.000069 | BC 5.1870
Episode  2872 | Steps    639,145 | SPS      52 | Reward  -0.56 | Clip 0.100 | KL 0.7021 | V_loss 0.0276 | LR 0.000070 | BC 5.1944
Episode  2881 | Steps    641,560 | SPS      52 | Reward  -0.58 | Clip 0.100 | KL 0.6206 | V_loss 0.0256 | LR 0.000070 | BC 5.0779
Episode  2890 | Steps    643,631 | SPS      52 | Reward  -0.58 | Clip 0.100 | KL 0.4971 | V_loss 0.0191 | LR 0.000070 | BC 5.2178
Episode  2899 | Steps    646,050 | SPS      52 | Reward  -0.58 | Clip 0.100 | KL 0.6337 | V_loss 0.0227 | LR 0.000070 | BC 5.3104
Episode  2906 | Steps    648,188 | SPS      52 | Reward  -0.60 | Clip 0.101 | KL 0.4627 | V_loss 0.0168 | LR 0.000071 | BC 5.0762
Episode  2914 | Steps    650,719 | SPS      52 | Reward  -0.60 | Clip 0.101 | KL 0.9278 | V_loss 0.0277 | LR 0.000071 | BC 5.4959
Episode  2923 | Steps    653,153 | SPS      52 | Reward  -0.60 | Clip 0.101 | KL 0.4096 | V_loss 0.0207 | LR 0.000071 | BC 5.1868
Episode  2931 | Steps    655,303 | SPS      52 | Reward  -0.60 | Clip 0.101 | KL 0.6235 | V_loss 0.0270 | LR 0.000071 | BC 5.3094
Episode  2940 | Steps    657,408 | SPS      52 | Reward  -0.56 | Clip 0.100 | KL 0.8436 | V_loss 0.0213 | LR 0.000072 | BC 5.0238
Episode  2949 | Steps    659,830 | SPS      52 | Reward  -0.60 | Clip 0.101 | KL 0.5134 | V_loss 0.0229 | LR 0.000072 | BC 4.8815
Episode  2958 | Steps    662,210 | SPS      51 | Reward  -0.62 | Clip 0.101 | KL 0.5819 | V_loss 0.0177 | LR 0.000072 | BC 5.3786
Episode  2973 | Steps    664,380 | SPS      51 | Reward  -0.68 | Clip 0.100 | KL 0.1336 | V_loss 0.0119 | LR 0.000072 | BC 5.0907
Episode  2982 | Steps    666,698 | SPS      51 | Reward  -0.70 | Clip 0.100 | KL 0.6132 | V_loss 0.0236 | LR 0.000072 | BC 5.3345
Episode  2994 | Steps    668,863 | SPS      51 | Reward  -0.70 | Clip 0.100 | KL 0.2547 | V_loss 0.0142 | LR 0.000073 | BC 5.1556
Episode  3000 | Steps    670,993 | SPS      51 | Reward  -0.66 | Clip 0.100 | KL 0.8949 | V_loss 0.0260 | LR 0.000073 | BC 5.3795
Episode  3009 | Steps    673,085 | SPS      51 | Reward  -0.70 | Clip 0.100 | KL 0.6255 | V_loss 0.0310 | LR 0.000073 | BC 4.8152
Episode  3020 | Steps    675,482 | SPS      51 | Reward  -0.72 | Clip 0.100 | KL 0.3729 | V_loss 0.0327 | LR 0.000073 | BC 5.1368
Episode  3030 | Steps    677,602 | SPS      51 | Reward  -0.72 | Clip 0.100 | KL 0.5080 | V_loss 0.0128 | LR 0.000074 | BC 4.9878
Episode  3039 | Steps    679,710 | SPS      51 | Reward  -0.74 | Clip 0.100 | KL 0.5155 | V_loss 0.0277 | LR 0.000074 | BC 4.9255
Episode  3046 | Steps    681,911 | SPS      51 | Reward  -0.68 | Clip 0.100 | KL 0.7157 | V_loss 0.0219 | LR 0.000074 | BC 5.2259
Episode  3056 | Steps    684,174 | SPS      50 | Reward  -0.72 | Clip 0.100 | KL 0.4010 | V_loss 0.0155 | LR 0.000074 | BC 5.2062
Episode  3063 | Steps    686,323 | SPS      50 | Reward  -0.72 | Clip 0.100 | KL 0.5268 | V_loss 0.0224 | LR 0.000075 | BC 5.2621
Episode  3073 | Steps    688,434 | SPS      50 | Reward  -0.70 | Clip 0.100 | KL 0.4659 | V_loss 0.0174 | LR 0.000075 | BC 4.8955
Episode  3084 | Steps    690,958 | SPS      50 | Reward  -0.68 | Clip 0.100 | KL 0.5514 | V_loss 0.0157 | LR 0.000075 | BC 4.9412
Episode  3095 | Steps    693,087 | SPS      50 | Reward  -0.68 | Clip 0.099 | KL 0.2638 | V_loss 0.0135 | LR 0.000075 | BC 5.3625
Episode  3105 | Steps    695,229 | SPS      50 | Reward  -0.70 | Clip 0.100 | KL 0.6814 | V_loss 0.0111 | LR 0.000076 | BC 5.5401
Episode  3113 | Steps    697,333 | SPS      50 | Reward  -0.70 | Clip 0.099 | KL 0.4628 | V_loss 0.0129 | LR 0.000076 | BC 5.6221
Episode  3122 | Steps    699,454 | SPS      50 | Reward  -0.70 | Clip 0.099 | KL 0.3853 | V_loss 0.0236 | LR 0.000076 | BC 5.0605
Episode  3129 | Steps    701,526 | SPS      50 | Reward  -0.64 | Clip 0.099 | KL 0.7688 | V_loss 0.0163 | LR 0.000076 | BC 5.0896
Episode  3136 | Steps    703,690 | SPS      50 | Reward  -0.66 | Clip 0.098 | KL 0.7762 | V_loss 0.0236 | LR 0.000077 | BC 4.9297
Episode  3143 | Steps    705,811 | SPS      50 | Reward  -0.64 | Clip 0.098 | KL 0.5753 | V_loss 0.0159 | LR 0.000077 | BC 4.9079
Episode  3151 | Steps    708,163 | SPS      50 | Reward  -0.64 | Clip 0.098 | KL 0.6993 | V_loss 0.0356 | LR 0.000077 | BC 4.8356
Episode  3161 | Steps    710,367 | SPS      50 | Reward  -0.60 | Clip 0.098 | KL 0.6630 | V_loss 0.0162 | LR 0.000077 | BC 4.9719
Episode  3170 | Steps    712,800 | SPS      50 | Reward  -0.58 | Clip 0.098 | KL 0.5858 | V_loss 0.0172 | LR 0.000078 | BC 5.1599
Episode  3182 | Steps    715,102 | SPS      50 | Reward  -0.58 | Clip 0.097 | KL 0.3382 | V_loss 0.0111 | LR 0.000078 | BC 4.9458
Episode  3191 | Steps    717,169 | SPS      50 | Reward  -0.60 | Clip 0.097 | KL 0.5161 | V_loss 0.0267 | LR 0.000078 | BC 5.0284
Episode  3200 | Steps    719,524 | SPS      50 | Reward  -0.60 | Clip 0.097 | KL 0.4874 | V_loss 0.0279 | LR 0.000078 | BC 5.8227
Episode  3211 | Steps    721,598 | SPS      49 | Reward  -0.64 | Clip 0.097 | KL 0.3856 | V_loss 0.0109 | LR 0.000078 | BC 5.2377
Episode  3220 | Steps    723,687 | SPS      49 | Reward  -0.60 | Clip 0.096 | KL 0.5767 | V_loss 0.0170 | LR 0.000079 | BC 5.0458
Episode  3229 | Steps    725,807 | SPS      49 | Reward  -0.62 | Clip 0.095 | KL 0.5358 | V_loss 0.0130 | LR 0.000079 | BC 4.8792
Episode  3241 | Steps    728,315 | SPS      50 | Reward  -0.68 | Clip 0.095 | KL 0.2534 | V_loss 0.0336 | LR 0.000079 | BC 5.1650
Episode  3253 | Steps    730,420 | SPS      50 | Reward  -0.74 | Clip 0.094 | KL 0.2382 | V_loss 0.0171 | LR 0.000079 | BC 5.5666
Episode  3265 | Steps    732,888 | SPS      50 | Reward  -0.80 | Clip 0.094 | KL 0.6989 | V_loss 0.0229 | LR 0.000080 | BC 4.9871
Episode  3272 | Steps    735,240 | SPS      50 | Reward  -0.78 | Clip 0.094 | KL 0.9738 | V_loss 0.0245 | LR 0.000080 | BC 5.0032
Episode  3281 | Steps    737,339 | SPS      50 | Reward  -0.78 | Clip 0.093 | KL 0.3972 | V_loss 0.0169 | LR 0.000080 | BC 5.0786
Episode  3290 | Steps    739,400 | SPS      50 | Reward  -0.78 | Clip 0.093 | KL 0.5831 | V_loss 0.0188 | LR 0.000080 | BC 5.1704
Episode  3296 | Steps    741,687 | SPS      50 | Reward  -0.74 | Clip 0.092 | KL 0.6127 | V_loss 0.0386 | LR 0.000081 | BC 5.1912
Episode  3305 | Steps    744,073 | SPS      50 | Reward  -0.74 | Clip 0.092 | KL 0.4245 | V_loss 0.0149 | LR 0.000081 | BC 5.0953
Episode  3316 | Steps    746,411 | SPS      50 | Reward  -0.78 | Clip 0.092 | KL 0.3945 | V_loss 0.0111 | LR 0.000081 | BC 5.1957
Episode  3322 | Steps    748,710 | SPS      50 | Reward  -0.74 | Clip 0.092 | KL 0.7890 | V_loss 0.0294 | LR 0.000081 | BC 5.1237
Episode  3327 | Steps    750,868 | SPS      50 | Reward  -0.74 | Clip 0.091 | KL 0.9084 | V_loss 0.0338 | LR 0.000082 | BC 5.2676
Episode  3335 | Steps    753,138 | SPS      50 | Reward  -0.70 | Clip 0.092 | KL 0.6056 | V_loss 0.0192 | LR 0.000082 | BC 5.0012
Episode  3345 | Steps    755,662 | SPS      50 | Reward  -0.66 | Clip 0.091 | KL 0.6535 | V_loss 0.0171 | LR 0.000082 | BC 4.8573
Episode  3350 | Steps    757,773 | SPS      50 | Reward  -0.62 | Clip 0.091 | KL 0.9099 | V_loss 0.0208 | LR 0.000082 | BC 5.3222
Episode  3358 | Steps    759,914 | SPS      50 | Reward  -0.58 | Clip 0.091 | KL 0.6560 | V_loss 0.0200 | LR 0.000083 | BC 5.4635
Episode  3365 | Steps    762,007 | SPS      50 | Reward  -0.58 | Clip 0.091 | KL 0.7546 | V_loss 0.0216 | LR 0.000083 | BC 5.1471
Episode  3375 | Steps    764,128 | SPS      50 | Reward  -0.64 | Clip 0.090 | KL 0.4393 | V_loss 0.0213 | LR 0.000083 | BC 4.8862
Episode  3381 | Steps    766,434 | SPS      50 | Reward  -0.64 | Clip 0.091 | KL 0.6555 | V_loss 0.0323 | LR 0.000083 | BC 4.8770
Episode  3389 | Steps    768,721 | SPS      50 | Reward  -0.62 | Clip 0.090 | KL 0.5342 | V_loss 0.0132 | LR 0.000084 | BC 4.9663
Episode  3397 | Steps    771,072 | SPS      51 | Reward  -0.64 | Clip 0.090 | KL 0.6415 | V_loss 0.0292 | LR 0.000084 | BC 5.2282
Episode  3404 | Steps    773,164 | SPS      51 | Reward  -0.62 | Clip 0.089 | KL 0.6854 | V_loss 0.0160 | LR 0.000084 | BC 4.9183
Episode  3414 | Steps    775,286 | SPS      51 | Reward  -0.62 | Clip 0.089 | KL 0.2667 | V_loss 0.0187 | LR 0.000084 | BC 5.0480
Episode  3425 | Steps    777,338 | SPS      51 | Reward  -0.68 | Clip 0.089 | KL 0.2881 | V_loss 0.0071 | LR 0.000084 | BC 4.9270
Episode  3433 | Steps    779,884 | SPS      51 | Reward  -0.68 | Clip 0.089 | KL 0.7161 | V_loss 0.0172 | LR 0.000085 | BC 5.3379
Episode  3442 | Steps    781,933 | SPS      51 | Reward  -0.70 | Clip 0.088 | KL 0.6623 | V_loss 0.0105 | LR 0.000085 | BC 4.9143
Episode  3453 | Steps    784,035 | SPS      51 | Reward  -0.74 | Clip 0.088 | KL 0.1187 | V_loss 0.0123 | LR 0.000085 | BC 4.7456
Episode  3461 | Steps    786,226 | SPS      51 | Reward  -0.74 | Clip 0.088 | KL 0.6018 | V_loss 0.0147 | LR 0.000085 | BC 5.1399
Episode  3468 | Steps    788,392 | SPS      51 | Reward  -0.70 | Clip 0.088 | KL 0.9507 | V_loss 0.0139 | LR 0.000086 | BC 5.2284
Episode  3475 | Steps    790,525 | SPS      51 | Reward  -0.66 | Clip 0.087 | KL 0.6934 | V_loss 0.0251 | LR 0.000086 | BC 4.9941
Episode  3487 | Steps    793,047 | SPS      51 | Reward  -0.66 | Clip 0.087 | KL 0.5791 | V_loss 0.0145 | LR 0.000086 | BC 5.3243
Episode  3492 | Steps    795,207 | SPS      51 | Reward  -0.66 | Clip 0.087 | KL 0.8256 | V_loss 0.0245 | LR 0.000086 | BC 5.2267
Episode  3499 | Steps    797,668 | SPS      51 | Reward  -0.68 | Clip 0.087 | KL 0.4064 | V_loss 0.0387 | LR 0.000087 | BC 5.0868
Episode  3508 | Steps    799,823 | SPS      51 | Reward  -0.66 | Clip 0.085 | KL 0.6939 | V_loss 0.0106 | LR 0.000087 | BC 5.3611
Episode  3519 | Steps    802,073 | SPS      51 | Reward  -0.64 | Clip 0.085 | KL 0.4769 | V_loss 0.0124 | LR 0.000087 | BC 5.6209
Episode  3526 | Steps    804,145 | SPS      51 | Reward  -0.58 | Clip 0.086 | KL 0.8834 | V_loss 0.0162 | LR 0.000087 | BC 4.9312
Episode  3533 | Steps    806,204 | SPS      51 | Reward  -0.58 | Clip 0.084 | KL 0.7078 | V_loss 0.0244 | LR 0.000088 | BC 5.0479
Episode  3545 | Steps    808,389 | SPS      51 | Reward  -0.60 | Clip 0.084 | KL 0.2704 | V_loss 0.0089 | LR 0.000088 | BC 5.0431
Episode  3554 | Steps    810,510 | SPS      51 | Reward  -0.60 | Clip 0.084 | KL 0.5141 | V_loss 0.0211 | LR 0.000088 | BC 4.8811
Episode  3559 | Steps    812,665 | SPS      51 | Reward  -0.58 | Clip 0.083 | KL 0.7875 | V_loss 0.0343 | LR 0.000088 | BC 4.8301
Episode  3566 | Steps    814,753 | SPS      51 | Reward  -0.54 | Clip 0.083 | KL 0.7647 | V_loss 0.0168 | LR 0.000089 | BC 5.0203
Episode  3573 | Steps    816,900 | SPS      52 | Reward  -0.58 | Clip 0.083 | KL 0.7094 | V_loss 0.0213 | LR 0.000089 | BC 4.9656
Episode  3580 | Steps    819,271 | SPS      52 | Reward  -0.56 | Clip 0.083 | KL 0.8032 | V_loss 0.0236 | LR 0.000089 | BC 5.1785
Episode  3590 | Steps    821,807 | SPS      52 | Reward  -0.54 | Clip 0.082 | KL 0.4838 | V_loss 0.0176 | LR 0.000089 | BC 4.9625
Episode  3601 | Steps    823,880 | SPS      52 | Reward  -0.56 | Clip 0.082 | KL 0.2735 | V_loss 0.0134 | LR 0.000090 | BC 4.9838
Episode  3608 | Steps    825,994 | SPS      52 | Reward  -0.60 | Clip 0.082 | KL 0.3480 | V_loss 0.0213 | LR 0.000090 | BC 4.9109
Episode  3617 | Steps    828,490 | SPS      52 | Reward  -0.58 | Clip 0.082 | KL 0.4411 | V_loss 0.0118 | LR 0.000090 | BC 5.0437
Episode  3624 | Steps    830,593 | SPS      52 | Reward  -0.60 | Clip 0.082 | KL 0.5474 | V_loss 0.0131 | LR 0.000090 | BC 4.9212
Episode  3634 | Steps    832,697 | SPS      52 | Reward  -0.64 | Clip 0.082 | KL 0.5007 | V_loss 0.0144 | LR 0.000090 | BC 5.1001
Episode  3642 | Steps    834,962 | SPS      52 | Reward  -0.58 | Clip 0.082 | KL 0.7413 | V_loss 0.0177 | LR 0.000091 | BC 5.2674
Episode  3653 | Steps    837,456 | SPS      52 | Reward  -0.58 | Clip 0.081 | KL 0.5319 | V_loss 0.0273 | LR 0.000091 | BC 5.0707
Episode  3660 | Steps    839,561 | SPS      52 | Reward  -0.62 | Clip 0.081 | KL 0.6857 | V_loss 0.0172 | LR 0.000091 | BC 4.9893
Episode  3667 | Steps    841,942 | SPS      52 | Reward  -0.62 | Clip 0.081 | KL 0.5347 | V_loss 0.0190 | LR 0.000091 | BC 5.0871
Episode  3677 | Steps    844,135 | SPS      52 | Reward  -0.66 | Clip 0.081 | KL 0.2995 | V_loss 0.0218 | LR 0.000092 | BC 4.8099
Episode  3686 | Steps    846,307 | SPS      52 | Reward  -0.70 | Clip 0.080 | KL 0.6223 | V_loss 0.0305 | LR 0.000092 | BC 5.1022
Episode  3693 | Steps    848,629 | SPS      52 | Reward  -0.72 | Clip 0.080 | KL 0.6982 | V_loss 0.0383 | LR 0.000092 | BC 4.7726
Episode  3699 | Steps    850,838 | SPS      53 | Reward  -0.66 | Clip 0.080 | KL 0.7849 | V_loss 0.0212 | LR 0.000092 | BC 4.8952
Episode  3711 | Steps    853,310 | SPS      53 | Reward  -0.66 | Clip 0.081 | KL 0.5446 | V_loss 0.0126 | LR 0.000093 | BC 4.9963
Episode  3723 | Steps    855,522 | SPS      53 | Reward  -0.70 | Clip 0.080 | KL 0.3225 | V_loss 0.0118 | LR 0.000093 | BC 4.6697
Episode  3731 | Steps    857,752 | SPS      53 | Reward  -0.72 | Clip 0.080 | KL 0.4223 | V_loss 0.0191 | LR 0.000093 | BC 4.6856
Episode  3741 | Steps    859,901 | SPS      53 | Reward  -0.78 | Clip 0.081 | KL 0.3758 | V_loss 0.0161 | LR 0.000093 | BC 4.7905
Episode  3749 | Steps    862,078 | SPS      53 | Reward  -0.80 | Clip 0.080 | KL 0.4372 | V_loss 0.0221 | LR 0.000094 | BC 5.4177
Episode  3757 | Steps    864,215 | SPS      53 | Reward  -0.78 | Clip 0.079 | KL 0.7271 | V_loss 0.0135 | LR 0.000094 | BC 4.9485
Episode  3766 | Steps    866,267 | SPS      53 | Reward  -0.84 | Clip 0.079 | KL 0.4774 | V_loss 0.0280 | LR 0.000094 | BC 5.1648
Episode  3773 | Steps    868,333 | SPS      53 | Reward  -0.82 | Clip 0.080 | KL 0.3524 | V_loss 0.0153 | LR 0.000094 | BC 5.5025
Episode  3783 | Steps    870,499 | SPS      53 | Reward  -0.84 | Clip 0.079 | KL 0.4417 | V_loss 0.0162 | LR 0.000095 | BC 4.9002
Episode  3790 | Steps    872,921 | SPS      53 | Reward  -0.84 | Clip 0.079 | KL 0.5385 | V_loss 0.0172 | LR 0.000095 | BC 5.0535
Episode  3801 | Steps    875,219 | SPS      53 | Reward  -0.88 | Clip 0.079 | KL 0.3971 | V_loss 0.0135 | LR 0.000095 | BC 5.0281
Episode  3810 | Steps    877,309 | SPS      54 | Reward  -0.88 | Clip 0.078 | KL 0.4555 | V_loss 0.0152 | LR 0.000095 | BC 4.8634
Episode  3818 | Steps    879,560 | SPS      54 | Reward  -0.86 | Clip 0.078 | KL 0.6549 | V_loss 0.0170 | LR 0.000096 | BC 5.1006
Episode  3826 | Steps    881,627 | SPS      54 | Reward  -0.84 | Clip 0.078 | KL 0.4398 | V_loss 0.0097 | LR 0.000096 | BC 4.8393
Episode  3835 | Steps    883,680 | SPS      54 | Reward  -0.82 | Clip 0.078 | KL 0.4167 | V_loss 0.0162 | LR 0.000096 | BC 4.9363
Episode  3849 | Steps    885,811 | SPS      54 | Reward  -0.82 | Clip 0.078 | KL 0.1237 | V_loss 0.0047 | LR 0.000096 | BC 4.9865
Episode  3858 | Steps    888,315 | SPS      54 | Reward  -0.84 | Clip 0.078 | KL 0.5659 | V_loss 0.0131 | LR 0.000096 | BC 5.2750
Episode  3865 | Steps    890,473 | SPS      54 | Reward  -0.82 | Clip 0.078 | KL 0.6008 | V_loss 0.0185 | LR 0.000097 | BC 5.2182
Episode  3872 | Steps    892,957 | SPS      54 | Reward  -0.78 | Clip 0.078 | KL 0.7181 | V_loss 0.0148 | LR 0.000097 | BC 4.8916
Episode  3883 | Steps    895,407 | SPS      54 | Reward  -0.78 | Clip 0.078 | KL 0.2276 | V_loss 0.0111 | LR 0.000097 | BC 4.6580
Episode  3892 | Steps    897,839 | SPS      54 | Reward  -0.76 | Clip 0.078 | KL 0.4348 | V_loss 0.0157 | LR 0.000097 | BC 5.3902
Episode  3900 | Steps    900,078 | SPS      54 | Reward  -0.74 | Clip 0.078 | KL 0.5921 | V_loss 0.0169 | LR 0.000098 | BC 4.7923
Episode  3909 | Steps    902,133 | SPS      54 | Reward  -0.74 | Clip 0.078 | KL 0.3698 | V_loss 0.0106 | LR 0.000098 | BC 4.8852
Episode  3919 | Steps    904,511 | SPS      55 | Reward  -0.78 | Clip 0.077 | KL 0.2755 | V_loss 0.0197 | LR 0.000098 | BC 4.8848
Episode  3926 | Steps    906,660 | SPS      55 | Reward  -0.78 | Clip 0.077 | KL 0.5063 | V_loss 0.0182 | LR 0.000098 | BC 4.8415
Episode  3934 | Steps    908,969 | SPS      55 | Reward  -0.80 | Clip 0.077 | KL 0.2661 | V_loss 0.0171 | LR 0.000099 | BC 4.8270
Episode  3942 | Steps    911,265 | SPS      55 | Reward  -0.78 | Clip 0.077 | KL 0.5995 | V_loss 0.0177 | LR 0.000099 | BC 4.8341
Episode  3951 | Steps    913,411 | SPS      55 | Reward  -0.76 | Clip 0.077 | KL 0.5953 | V_loss 0.0139 | LR 0.000099 | BC 4.9475
Episode  3958 | Steps    915,599 | SPS      55 | Reward  -0.72 | Clip 0.077 | KL 0.5068 | V_loss 0.0112 | LR 0.000099 | BC 5.1412
Episode  3965 | Steps    917,775 | SPS      55 | Reward  -0.70 | Clip 0.077 | KL 0.7386 | V_loss 0.0136 | LR 0.000100 | BC 4.6623
Episode  3972 | Steps    919,925 | SPS      55 | Reward  -0.76 | Clip 0.077 | KL 0.2646 | V_loss 0.0190 | LR 0.000100 | BC 5.2280
Episode  3983 | Steps    922,358 | SPS      55 | Reward  -0.72 | Clip 0.078 | KL 0.6497 | V_loss 0.0108 | LR 0.000100 | BC 4.8854
Episode  3988 | Steps    924,530 | SPS      55 | Reward  -0.68 | Clip 0.078 | KL 0.9141 | V_loss 0.0278 | LR 0.000100 | BC 4.9796
Episode  3996 | Steps    926,826 | SPS      55 | Reward  -0.68 | Clip 0.077 | KL 0.5402 | V_loss 0.0140 | LR 0.000101 | BC 5.0598
Episode  4006 | Steps    928,927 | SPS      55 | Reward  -0.72 | Clip 0.077 | KL 0.3968 | V_loss 0.0253 | LR 0.000101 | BC 5.1750
Episode  4013 | Steps    931,421 | SPS      56 | Reward  -0.72 | Clip 0.077 | KL 0.3350 | V_loss 0.0258 | LR 0.000101 | BC 4.8155
Episode  4020 | Steps    933,577 | SPS      56 | Reward  -0.70 | Clip 0.077 | KL 0.4773 | V_loss 0.0212 | LR 0.000101 | BC 5.2854
Episode  4027 | Steps    935,683 | SPS      56 | Reward  -0.68 | Clip 0.077 | KL 0.6133 | V_loss 0.0204 | LR 0.000102 | BC 4.7318
Episode  4037 | Steps    937,819 | SPS      56 | Reward  -0.66 | Clip 0.077 | KL 0.6287 | V_loss 0.0111 | LR 0.000102 | BC 5.3648
Episode  4049 | Steps    939,968 | SPS      56 | Reward  -0.70 | Clip 0.077 | KL 0.3157 | V_loss 0.0160 | LR 0.000102 | BC 4.9189
Episode  4059 | Steps    942,064 | SPS      56 | Reward  -0.74 | Clip 0.077 | KL 0.2548 | V_loss 0.0120 | LR 0.000102 | BC 4.8447
Episode  4069 | Steps    944,137 | SPS      56 | Reward  -0.78 | Clip 0.077 | KL 0.3293 | V_loss 0.0179 | LR 0.000102 | BC 5.2751
Episode  4075 | Steps    946,460 | SPS      56 | Reward  -0.76 | Clip 0.077 | KL 0.5160 | V_loss 0.0200 | LR 0.000103 | BC 4.6732
Episode  4085 | Steps    948,567 | SPS      56 | Reward  -0.76 | Clip 0.077 | KL 0.4583 | V_loss 0.0126 | LR 0.000103 | BC 5.3592
Episode  4091 | Steps    950,923 | SPS      56 | Reward  -0.80 | Clip 0.077 | KL 0.6644 | V_loss 0.0223 | LR 0.000103 | BC 4.8306
Episode  4098 | Steps    953,025 | SPS      56 | Reward  -0.78 | Clip 0.078 | KL 0.6135 | V_loss 0.0133 | LR 0.000103 | BC 4.8150
Episode  4106 | Steps    955,198 | SPS      56 | Reward  -0.76 | Clip 0.078 | KL 0.5067 | V_loss 0.0207 | LR 0.000104 | BC 5.2570
Episode  4118 | Steps    957,382 | SPS      56 | Reward  -0.76 | Clip 0.078 | KL 0.1267 | V_loss 0.0072 | LR 0.000104 | BC 4.7392
Episode  4123 | Steps    959,549 | SPS      56 | Reward  -0.76 | Clip 0.078 | KL 0.6582 | V_loss 0.0246 | LR 0.000104 | BC 4.6310
Episode  4132 | Steps    961,956 | SPS      56 | Reward  -0.82 | Clip 0.078 | KL 0.2465 | V_loss 0.0178 | LR 0.000104 | BC 5.0758
Episode  4140 | Steps    964,006 | SPS      57 | Reward  -0.78 | Clip 0.078 | KL 0.5057 | V_loss 0.0111 | LR 0.000105 | BC 5.1680
Episode  4149 | Steps    966,531 | SPS      57 | Reward  -0.76 | Clip 0.078 | KL 0.5041 | V_loss 0.0181 | LR 0.000105 | BC 4.8768
Episode  4156 | Steps    968,719 | SPS      57 | Reward  -0.70 | Clip 0.079 | KL 0.5310 | V_loss 0.0159 | LR 0.000105 | BC 4.9862
Episode  4168 | Steps    970,838 | SPS      57 | Reward  -0.68 | Clip 0.079 | KL 0.1567 | V_loss 0.0055 | LR 0.000105 | BC 4.8380
Episode  4177 | Steps    973,036 | SPS      57 | Reward  -0.68 | Clip 0.078 | KL 0.3378 | V_loss 0.0110 | LR 0.000106 | BC 4.8888
Episode  4182 | Steps    975,199 | SPS      57 | Reward  -0.64 | Clip 0.078 | KL 0.6396 | V_loss 0.0166 | LR 0.000106 | BC 4.8704
Episode  4187 | Steps    977,364 | SPS      57 | Reward  -0.62 | Clip 0.078 | KL 0.7196 | V_loss 0.0209 | LR 0.000106 | BC 4.8598
Episode  4197 | Steps    979,594 | SPS      57 | Reward  -0.64 | Clip 0.078 | KL 0.4611 | V_loss 0.0165 | LR 0.000106 | BC 4.8311
Episode  4204 | Steps    981,788 | SPS      57 | Reward  -0.64 | Clip 0.078 | KL 0.4242 | V_loss 0.0281 | LR 0.000107 | BC 5.1991
Episode  4213 | Steps    983,998 | SPS      57 | Reward  -0.64 | Clip 0.078 | KL 0.3841 | V_loss 0.0165 | LR 0.000107 | BC 5.2881
Episode  4222 | Steps    986,147 | SPS      57 | Reward  -0.66 | Clip 0.079 | KL 0.2934 | V_loss 0.0131 | LR 0.000107 | BC 4.7932
Episode  4233 | Steps    988,359 | SPS      57 | Reward  -0.70 | Clip 0.078 | KL 0.1949 | V_loss 0.0083 | LR 0.000107 | BC 4.8579
Episode  4241 | Steps    990,463 | SPS      57 | Reward  -0.72 | Clip 0.078 | KL 0.2949 | V_loss 0.0182 | LR 0.000108 | BC 5.2098
Episode  4252 | Steps    992,663 | SPS      57 | Reward  -0.78 | Clip 0.078 | KL 0.3403 | V_loss 0.0101 | LR 0.000108 | BC 4.5610
Episode  4260 | Steps    994,741 | SPS      57 | Reward  -0.76 | Clip 0.078 | KL 0.4528 | V_loss 0.0147 | LR 0.000108 | BC 4.5028
Episode  4267 | Steps    996,848 | SPS      57 | Reward  -0.74 | Clip 0.078 | KL 0.6610 | V_loss 0.0230 | LR 0.000108 | BC 4.7261
Episode  4274 | Steps    999,038 | SPS      57 | Reward  -0.76 | Clip 0.078 | KL 0.2641 | V_loss 0.0182 | LR 0.000108 | BC 5.1341
Episode  4283 | Steps  1,001,215 | SPS      57 | Reward  -0.80 | Clip 0.078 | KL 0.4192 | V_loss 0.0153 | LR 0.000109 | BC 4.6867
Checkpoint saved at checkpoints/step_1001215
Episode  4290 | Steps  1,003,379 | SPS      58 | Reward  -0.82 | Clip 0.078 | KL 0.3126 | V_loss 0.0143 | LR 0.000109 | BC 5.0369
Episode  4295 | Steps  1,005,543 | SPS      58 | Reward  -0.78 | Clip 0.078 | KL 0.6926 | V_loss 0.0187 | LR 0.000109 | BC 4.7721
Episode  4303 | Steps  1,007,861 | SPS      58 | Reward  -0.80 | Clip 0.078 | KL 0.5266 | V_loss 0.0215 | LR 0.000109 | BC 4.8677
Episode  4312 | Steps  1,009,983 | SPS      58 | Reward  -0.80 | Clip 0.078 | KL 0.1355 | V_loss 0.0107 | LR 0.000110 | BC 4.8087
Episode  4321 | Steps  1,012,174 | SPS      58 | Reward  -0.78 | Clip 0.078 | KL 0.4285 | V_loss 0.0189 | LR 0.000110 | BC 5.3414
Episode  4330 | Steps  1,014,306 | SPS      58 | Reward  -0.78 | Clip 0.077 | KL 0.2009 | V_loss 0.0109 | LR 0.000110 | BC 5.0276
Episode  4339 | Steps  1,016,443 | SPS      58 | Reward  -0.74 | Clip 0.077 | KL 0.6451 | V_loss 0.0168 | LR 0.000110 | BC 4.9516
Episode  4346 | Steps  1,018,918 | SPS      58 | Reward  -0.74 | Clip 0.077 | KL 0.2215 | V_loss 0.0127 | LR 0.000111 | BC 4.7210
Episode  4353 | Steps  1,021,404 | SPS      58 | Reward  -0.72 | Clip 0.078 | KL 0.6690 | V_loss 0.0195 | LR 0.000111 | BC 5.2509
Episode  4361 | Steps  1,023,466 | SPS      58 | Reward  -0.76 | Clip 0.077 | KL 0.3087 | V_loss 0.0156 | LR 0.000111 | BC 4.7718
Episode  4370 | Steps  1,025,662 | SPS      58 | Reward  -0.78 | Clip 0.077 | KL 0.2254 | V_loss 0.0112 | LR 0.000111 | BC 5.1911
Episode  4379 | Steps  1,027,796 | SPS      58 | Reward  -0.78 | Clip 0.077 | KL 0.4700 | V_loss 0.0134 | LR 0.000112 | BC 5.0024
Episode  4388 | Steps  1,029,956 | SPS      58 | Reward  -0.78 | Clip 0.077 | KL 0.4037 | V_loss 0.0089 | LR 0.000112 | BC 4.6713
Episode  4395 | Steps  1,032,107 | SPS      58 | Reward  -0.80 | Clip 0.077 | KL 0.5647 | V_loss 0.0108 | LR 0.000112 | BC 4.8350
Episode  4402 | Steps  1,034,220 | SPS      58 | Reward  -0.78 | Clip 0.077 | KL 0.5391 | V_loss 0.0155 | LR 0.000112 | BC 4.9282
Episode  4409 | Steps  1,036,335 | SPS      58 | Reward  -0.78 | Clip 0.077 | KL 0.4073 | V_loss 0.0173 | LR 0.000113 | BC 4.8223
Episode  4417 | Steps  1,038,618 | SPS      59 | Reward  -0.76 | Clip 0.077 | KL 0.4208 | V_loss 0.0115 | LR 0.000113 | BC 5.1188
Episode  4425 | Steps  1,040,947 | SPS      59 | Reward  -0.78 | Clip 0.077 | KL 0.2873 | V_loss 0.0135 | LR 0.000113 | BC 5.2838
Episode  4434 | Steps  1,043,132 | SPS      59 | Reward  -0.82 | Clip 0.077 | KL 0.2854 | V_loss 0.0091 | LR 0.000113 | BC 5.1536
Episode  4443 | Steps  1,045,306 | SPS      59 | Reward  -0.82 | Clip 0.077 | KL 0.2720 | V_loss 0.0198 | LR 0.000114 | BC 4.9364
Episode  4449 | Steps  1,047,450 | SPS      59 | Reward  -0.82 | Clip 0.077 | KL 0.5469 | V_loss 0.0170 | LR 0.000114 | BC 5.2365
Episode  4458 | Steps  1,049,562 | SPS      59 | Reward  -0.82 | Clip 0.077 | KL 0.5437 | V_loss 0.0118 | LR 0.000114 | BC 4.6960
Episode  4465 | Steps  1,051,723 | SPS      59 | Reward  -0.80 | Clip 0.077 | KL 0.3997 | V_loss 0.0154 | LR 0.000114 | BC 5.1261
Episode  4472 | Steps  1,054,190 | SPS      59 | Reward  -0.78 | Clip 0.077 | KL 0.8558 | V_loss 0.0245 | LR 0.000114 | BC 4.9340
Episode  4481 | Steps  1,056,584 | SPS      59 | Reward  -0.76 | Clip 0.077 | KL 0.2895 | V_loss 0.0147 | LR 0.000115 | BC 4.9094
Episode  4488 | Steps  1,058,669 | SPS      59 | Reward  -0.74 | Clip 0.078 | KL 0.6858 | V_loss 0.0187 | LR 0.000115 | BC 4.9716
Episode  4497 | Steps  1,060,988 | SPS      59 | Reward  -0.76 | Clip 0.077 | KL 0.4973 | V_loss 0.0160 | LR 0.000115 | BC 4.9323
Episode  4505 | Steps  1,063,243 | SPS      59 | Reward  -0.78 | Clip 0.077 | KL 0.5466 | V_loss 0.0163 | LR 0.000115 | BC 4.7529
Episode  4516 | Steps  1,065,431 | SPS      59 | Reward  -0.78 | Clip 0.077 | KL 0.3258 | V_loss 0.0106 | LR 0.000116 | BC 4.6376
Episode  4528 | Steps  1,067,839 | SPS      59 | Reward  -0.78 | Clip 0.077 | KL 0.3548 | V_loss 0.0182 | LR 0.000116 | BC 4.4414
Episode  4538 | Steps  1,069,946 | SPS      59 | Reward  -0.76 | Clip 0.076 | KL 0.5737 | V_loss 0.0233 | LR 0.000116 | BC 4.9902
Episode  4546 | Steps  1,072,118 | SPS      59 | Reward  -0.70 | Clip 0.076 | KL 0.9294 | V_loss 0.0186 | LR 0.000116 | BC 4.7278
Episode  4553 | Steps  1,074,230 | SPS      59 | Reward  -0.74 | Clip 0.076 | KL 0.3822 | V_loss 0.0212 | LR 0.000117 | BC 4.7370
Episode  4565 | Steps  1,076,401 | SPS      60 | Reward  -0.74 | Clip 0.076 | KL 0.3547 | V_loss 0.0165 | LR 0.000117 | BC 5.1698
Episode  4574 | Steps  1,078,613 | SPS      60 | Reward  -0.76 | Clip 0.076 | KL 0.4355 | V_loss 0.0136 | LR 0.000117 | BC 4.9332
Episode  4581 | Steps  1,080,809 | SPS      60 | Reward  -0.74 | Clip 0.076 | KL 0.6989 | V_loss 0.0173 | LR 0.000117 | BC 4.8814
Episode  4592 | Steps  1,082,899 | SPS      60 | Reward  -0.78 | Clip 0.076 | KL 0.3605 | V_loss 0.0098 | LR 0.000118 | BC 4.7117
Episode  4601 | Steps  1,084,985 | SPS      60 | Reward  -0.74 | Clip 0.076 | KL 0.7215 | V_loss 0.0160 | LR 0.000118 | BC 4.9828
Episode  4609 | Steps  1,087,294 | SPS      60 | Reward  -0.74 | Clip 0.076 | KL 0.5890 | V_loss 0.0214 | LR 0.000118 | BC 4.5154
Episode  4621 | Steps  1,089,355 | SPS      60 | Reward  -0.76 | Clip 0.076 | KL 0.1231 | V_loss 0.0055 | LR 0.000118 | BC 4.7223
Episode  4630 | Steps  1,091,802 | SPS      60 | Reward  -0.74 | Clip 0.075 | KL 0.5210 | V_loss 0.0244 | LR 0.000119 | BC 4.8295
Episode  4640 | Steps  1,093,863 | SPS      60 | Reward  -0.76 | Clip 0.075 | KL 0.2008 | V_loss 0.0090 | LR 0.000119 | BC 4.8808
Episode  4648 | Steps  1,095,961 | SPS      60 | Reward  -0.78 | Clip 0.075 | KL 0.3892 | V_loss 0.0236 | LR 0.000119 | BC 5.1023
Episode  4655 | Steps  1,098,451 | SPS      60 | Reward  -0.74 | Clip 0.075 | KL 0.6572 | V_loss 0.0201 | LR 0.000119 | BC 5.3019
Episode  4664 | Steps  1,100,579 | SPS      60 | Reward  -0.74 | Clip 0.075 | KL 0.4865 | V_loss 0.0127 | LR 0.000120 | BC 4.7926
Episode  4674 | Steps  1,102,919 | SPS      60 | Reward  -0.74 | Clip 0.076 | KL 0.6641 | V_loss 0.0266 | LR 0.000120 | BC 4.5586
Episode  4681 | Steps  1,105,096 | SPS      60 | Reward  -0.72 | Clip 0.075 | KL 0.6820 | V_loss 0.0150 | LR 0.000120 | BC 4.8776
Episode  4688 | Steps  1,107,241 | SPS      60 | Reward  -0.70 | Clip 0.076 | KL 0.7284 | V_loss 0.0182 | LR 0.000120 | BC 4.7479
Episode  4696 | Steps  1,109,333 | SPS      60 | Reward  -0.70 | Clip 0.076 | KL 0.5159 | V_loss 0.0166 | LR 0.000120 | BC 5.0894
Episode  4703 | Steps  1,111,467 | SPS      60 | Reward  -0.72 | Clip 0.075 | KL 0.4074 | V_loss 0.0182 | LR 0.000121 | BC 5.2118
Episode  4715 | Steps  1,113,525 | SPS      60 | Reward  -0.72 | Clip 0.075 | KL 0.1298 | V_loss 0.0072 | LR 0.000121 | BC 4.9541
Episode  4724 | Steps  1,115,625 | SPS      61 | Reward  -0.72 | Clip 0.075 | KL 0.2036 | V_loss 0.0121 | LR 0.000121 | BC 4.9865
Episode  4731 | Steps  1,117,819 | SPS      61 | Reward  -0.74 | Clip 0.075 | KL 0.3346 | V_loss 0.0183 | LR 0.000121 | BC 4.7095
Episode  4740 | Steps  1,120,301 | SPS      61 | Reward  -0.76 | Clip 0.075 | KL 0.2400 | V_loss 0.0112 | LR 0.000122 | BC 4.7294
Episode  4749 | Steps  1,122,631 | SPS      61 | Reward  -0.74 | Clip 0.075 | KL 0.3600 | V_loss 0.0180 | LR 0.000122 | BC 5.3973
Episode  4758 | Steps  1,124,944 | SPS      61 | Reward  -0.76 | Clip 0.075 | KL 0.4220 | V_loss 0.0145 | LR 0.000122 | BC 5.0290
Episode  4766 | Steps  1,126,999 | SPS      61 | Reward  -0.78 | Clip 0.074 | KL 0.2220 | V_loss 0.0126 | LR 0.000122 | BC 5.1282
Episode  4774 | Steps  1,129,294 | SPS      61 | Reward  -0.80 | Clip 0.074 | KL 0.3808 | V_loss 0.0232 | LR 0.000123 | BC 5.0145
Episode  4781 | Steps  1,131,686 | SPS      61 | Reward  -0.86 | Clip 0.074 | KL 0.2131 | V_loss 0.0132 | LR 0.000123 | BC 4.8466
Episode  4789 | Steps  1,133,767 | SPS      61 | Reward  -0.90 | Clip 0.074 | KL 0.1878 | V_loss 0.0174 | LR 0.000123 | BC 4.9860
Episode  4796 | Steps  1,135,933 | SPS      61 | Reward  -0.90 | Clip 0.074 | KL 0.2216 | V_loss 0.0133 | LR 0.000123 | BC 5.1806
Episode  4805 | Steps  1,138,032 | SPS      61 | Reward  -0.90 | Clip 0.074 | KL 0.4172 | V_loss 0.0189 | LR 0.000124 | BC 4.8653
Episode  4817 | Steps  1,140,216 | SPS      61 | Reward  -0.90 | Clip 0.073 | KL 0.2120 | V_loss 0.0109 | LR 0.000124 | BC 5.2539
Episode  4825 | Steps  1,142,501 | SPS      61 | Reward  -0.90 | Clip 0.073 | KL 0.3565 | V_loss 0.0192 | LR 0.000124 | BC 5.1632
Episode  4834 | Steps  1,144,992 | SPS      61 | Reward  -0.88 | Clip 0.073 | KL 0.3451 | V_loss 0.0117 | LR 0.000124 | BC 4.8889
Episode  4847 | Steps  1,147,141 | SPS      61 | Reward  -0.90 | Clip 0.073 | KL 0.1779 | V_loss 0.0052 | LR 0.000125 | BC 4.8124
Episode  4853 | Steps  1,149,261 | SPS      61 | Reward  -0.92 | Clip 0.074 | KL 0.5284 | V_loss 0.0252 | LR 0.000125 | BC 4.8234
Episode  4859 | Steps  1,151,313 | SPS      62 | Reward  -0.92 | Clip 0.074 | KL 0.4577 | V_loss 0.0290 | LR 0.000125 | BC 5.3121
Episode  4867 | Steps  1,153,448 | SPS      62 | Reward  -0.92 | Clip 0.073 | KL 0.1381 | V_loss 0.0096 | LR 0.000125 | BC 4.7766
Episode  4876 | Steps  1,155,647 | SPS      62 | Reward  -0.92 | Clip 0.074 | KL 0.1824 | V_loss 0.0072 | LR 0.000126 | BC 4.9061
Episode  4884 | Steps  1,157,712 | SPS      62 | Reward  -0.92 | Clip 0.074 | KL 0.2438 | V_loss 0.0091 | LR 0.000126 | BC 4.7155
Episode  4891 | Steps  1,159,899 | SPS      62 | Reward  -0.88 | Clip 0.074 | KL 0.6361 | V_loss 0.0136 | LR 0.000126 | BC 4.5718
Episode  4898 | Steps  1,162,068 | SPS      62 | Reward  -0.88 | Clip 0.074 | KL 0.4221 | V_loss 0.0101 | LR 0.000126 | BC 5.4083
Episode  4907 | Steps  1,164,586 | SPS      62 | Reward  -0.86 | Clip 0.074 | KL 0.4324 | V_loss 0.0150 | LR 0.000126 | BC 4.9650
Episode  4916 | Steps  1,166,821 | SPS      62 | Reward  -0.86 | Clip 0.074 | KL 0.2603 | V_loss 0.0109 | LR 0.000127 | BC 4.5741
Episode  4927 | Steps  1,169,005 | SPS      62 | Reward  -0.86 | Clip 0.073 | KL 0.2428 | V_loss 0.0123 | LR 0.000127 | BC 4.9950
Episode  4936 | Steps  1,171,262 | SPS      62 | Reward  -0.88 | Clip 0.073 | KL 0.3774 | V_loss 0.0194 | LR 0.000127 | BC 4.6878
Episode  4943 | Steps  1,173,412 | SPS      62 | Reward  -0.88 | Clip 0.073 | KL 0.3243 | V_loss 0.0156 | LR 0.000127 | BC 4.5755
Episode  4952 | Steps  1,175,586 | SPS      62 | Reward  -0.88 | Clip 0.073 | KL 0.1948 | V_loss 0.0098 | LR 0.000128 | BC 4.7124
Episode  4960 | Steps  1,177,912 | SPS      62 | Reward  -0.84 | Clip 0.073 | KL 0.7028 | V_loss 0.0136 | LR 0.000128 | BC 4.5620
Episode  4971 | Steps  1,180,408 | SPS      62 | Reward  -0.84 | Clip 0.073 | KL 0.3074 | V_loss 0.0184 | LR 0.000128 | BC 4.5257
Episode  4976 | Steps  1,182,558 | SPS      62 | Reward  -0.80 | Clip 0.073 | KL 0.8916 | V_loss 0.0271 | LR 0.000128 | BC 4.5608
Episode  4988 | Steps  1,184,811 | SPS      62 | Reward  -0.82 | Clip 0.073 | KL 0.1739 | V_loss 0.0165 | LR 0.000129 | BC 4.5517
Episode  4994 | Steps  1,186,859 | SPS      62 | Reward  -0.84 | Clip 0.073 | KL 0.3098 | V_loss 0.0143 | LR 0.000129 | BC 4.5284
Episode  5002 | Steps  1,188,952 | SPS      63 | Reward  -0.86 | Clip 0.072 | KL 0.4050 | V_loss 0.0164 | LR 0.000129 | BC 4.6690
Episode  5008 | Steps  1,191,294 | SPS      63 | Reward  -0.86 | Clip 0.072 | KL 0.5323 | V_loss 0.0161 | LR 0.000129 | BC 4.7062
Episode  5017 | Steps  1,193,522 | SPS      63 | Reward  -0.86 | Clip 0.072 | KL 0.3051 | V_loss 0.0143 | LR 0.000130 | BC 4.6787
Episode  5024 | Steps  1,195,680 | SPS      63 | Reward  -0.84 | Clip 0.071 | KL 0.3025 | V_loss 0.0126 | LR 0.000130 | BC 4.4321
Episode  5032 | Steps  1,198,142 | SPS      63 | Reward  -0.82 | Clip 0.071 | KL 0.5622 | V_loss 0.0152 | LR 0.000130 | BC 4.7825
Episode  5041 | Steps  1,200,276 | SPS      63 | Reward  -0.82 | Clip 0.072 | KL 0.3410 | V_loss 0.0115 | LR 0.000130 | BC 4.9053
Episode  5050 | Steps  1,202,411 | SPS      63 | Reward  -0.82 | Clip 0.071 | KL 0.3911 | V_loss 0.0113 | LR 0.000131 | BC 4.4432
Episode  5057 | Steps  1,204,633 | SPS      63 | Reward  -0.80 | Clip 0.071 | KL 0.5290 | V_loss 0.0152 | LR 0.000131 | BC 4.9009
Episode  5064 | Steps  1,206,831 | SPS      63 | Reward  -0.84 | Clip 0.071 | KL 0.3471 | V_loss 0.0117 | LR 0.000131 | BC 4.7062
Episode  5072 | Steps  1,208,978 | SPS      63 | Reward  -0.86 | Clip 0.071 | KL 0.3209 | V_loss 0.0110 | LR 0.000131 | BC 4.5290
Episode  5081 | Steps  1,211,484 | SPS      63 | Reward  -0.88 | Clip 0.072 | KL 0.2647 | V_loss 0.0072 | LR 0.000132 | BC 4.4284
Episode  5089 | Steps  1,213,845 | SPS      63 | Reward  -0.86 | Clip 0.072 | KL 0.4332 | V_loss 0.0157 | LR 0.000132 | BC 4.5875
Episode  5097 | Steps  1,216,197 | SPS      63 | Reward  -0.86 | Clip 0.072 | KL 0.5174 | V_loss 0.0184 | LR 0.000132 | BC 4.8844
Episode  5106 | Steps  1,218,359 | SPS      63 | Reward  -0.88 | Clip 0.072 | KL 0.1718 | V_loss 0.0081 | LR 0.000132 | BC 4.4229
Episode  5115 | Steps  1,220,597 | SPS      63 | Reward  -0.88 | Clip 0.072 | KL 0.5307 | V_loss 0.0132 | LR 0.000132 | BC 4.6951
Episode  5124 | Steps  1,223,014 | SPS      63 | Reward  -0.88 | Clip 0.072 | KL 0.4700 | V_loss 0.0156 | LR 0.000133 | BC 4.6198
Episode  5133 | Steps  1,225,114 | SPS      63 | Reward  -0.88 | Clip 0.072 | KL 0.3168 | V_loss 0.0083 | LR 0.000133 | BC 4.8546
Episode  5142 | Steps  1,227,251 | SPS      64 | Reward  -0.88 | Clip 0.073 | KL 0.3499 | V_loss 0.0147 | LR 0.000133 | BC 4.6809
Episode  5147 | Steps  1,229,404 | SPS      64 | Reward  -0.88 | Clip 0.073 | KL 0.8526 | V_loss 0.0332 | LR 0.000133 | BC 4.8284
Episode  5156 | Steps  1,231,552 | SPS      64 | Reward  -0.88 | Clip 0.073 | KL 0.4478 | V_loss 0.0119 | LR 0.000134 | BC 4.6606
Episode  5163 | Steps  1,234,043 | SPS      64 | Reward  -0.84 | Clip 0.074 | KL 0.6981 | V_loss 0.0246 | LR 0.000134 | BC 4.5778
Episode  5174 | Steps  1,236,424 | SPS      64 | Reward  -0.82 | Clip 0.074 | KL 0.2750 | V_loss 0.0119 | LR 0.000134 | BC 4.4134
Episode  5183 | Steps  1,238,576 | SPS      64 | Reward  -0.80 | Clip 0.074 | KL 0.3038 | V_loss 0.0110 | LR 0.000134 | BC 4.8418
Episode  5192 | Steps  1,240,762 | SPS      64 | Reward  -0.80 | Clip 0.074 | KL 0.4632 | V_loss 0.0142 | LR 0.000135 | BC 4.6999
Episode  5201 | Steps  1,242,924 | SPS      64 | Reward  -0.80 | Clip 0.074 | KL 0.1786 | V_loss 0.0081 | LR 0.000135 | BC 4.4019
Episode  5208 | Steps  1,245,377 | SPS      64 | Reward  -0.80 | Clip 0.074 | KL 0.2540 | V_loss 0.0106 | LR 0.000135 | BC 4.7666
Episode  5217 | Steps  1,247,572 | SPS      64 | Reward  -0.84 | Clip 0.074 | KL 0.3504 | V_loss 0.0151 | LR 0.000135 | BC 4.5854
Episode  5222 | Steps  1,249,737 | SPS      64 | Reward  -0.82 | Clip 0.074 | KL 0.4935 | V_loss 0.0183 | LR 0.000136 | BC 4.4242
Episode  5231 | Steps  1,251,914 | SPS      64 | Reward  -0.82 | Clip 0.074 | KL 0.3177 | V_loss 0.0100 | LR 0.000136 | BC 4.4692
Episode  5236 | Steps  1,254,126 | SPS      64 | Reward  -0.82 | Clip 0.074 | KL 0.4969 | V_loss 0.0202 | LR 0.000136 | BC 5.1254
Episode  5243 | Steps  1,256,275 | SPS      64 | Reward  -0.80 | Clip 0.074 | KL 0.4848 | V_loss 0.0201 | LR 0.000136 | BC 4.6994
Episode  5249 | Steps  1,258,597 | SPS      64 | Reward  -0.82 | Clip 0.074 | KL 0.4263 | V_loss 0.0294 | LR 0.000137 | BC 4.5809
Episode  5255 | Steps  1,260,947 | SPS      64 | Reward  -0.80 | Clip 0.073 | KL 0.4921 | V_loss 0.0120 | LR 0.000137 | BC 4.9846
Episode  5262 | Steps  1,263,113 | SPS      65 | Reward  -0.84 | Clip 0.073 | KL 0.5788 | V_loss 0.0179 | LR 0.000137 | BC 4.5687
Episode  5271 | Steps  1,265,346 | SPS      65 | Reward  -0.84 | Clip 0.074 | KL 0.2124 | V_loss 0.0136 | LR 0.000137 | BC 5.1291
Episode  5278 | Steps  1,267,800 | SPS      65 | Reward  -0.86 | Clip 0.074 | KL 0.3188 | V_loss 0.0149 | LR 0.000138 | BC 4.5503
Episode  5286 | Steps  1,269,870 | SPS      65 | Reward  -0.86 | Clip 0.074 | KL 0.2283 | V_loss 0.0119 | LR 0.000138 | BC 4.9724
Episode  5291 | Steps  1,272,037 | SPS      65 | Reward  -0.86 | Clip 0.074 | KL 0.4613 | V_loss 0.0141 | LR 0.000138 | BC 4.6645
Episode  5297 | Steps  1,274,086 | SPS      65 | Reward  -0.84 | Clip 0.074 | KL 0.4553 | V_loss 0.0132 | LR 0.000138 | BC 4.5166
Episode  5304 | Steps  1,276,614 | SPS      65 | Reward  -0.80 | Clip 0.074 | KL 0.6021 | V_loss 0.0208 | LR 0.000138 | BC 5.0815
Episode  5313 | Steps  1,278,733 | SPS      65 | Reward  -0.80 | Clip 0.074 | KL 0.2203 | V_loss 0.0096 | LR 0.000139 | BC 4.5024
Episode  5320 | Steps  1,280,911 | SPS      65 | Reward  -0.78 | Clip 0.074 | KL 0.6187 | V_loss 0.0125 | LR 0.000139 | BC 4.8181
Episode  5330 | Steps  1,283,194 | SPS      65 | Reward  -0.76 | Clip 0.074 | KL 0.3529 | V_loss 0.0105 | LR 0.000139 | BC 4.9086
Episode  5337 | Steps  1,285,301 | SPS      65 | Reward  -0.76 | Clip 0.074 | KL 0.5126 | V_loss 0.0176 | LR 0.000139 | BC 4.9579
Episode  5348 | Steps  1,287,742 | SPS      65 | Reward  -0.78 | Clip 0.074 | KL 0.5304 | V_loss 0.0155 | LR 0.000140 | BC 5.0345
Episode  5359 | Steps  1,289,850 | SPS      65 | Reward  -0.80 | Clip 0.074 | KL 0.1393 | V_loss 0.0103 | LR 0.000140 | BC 4.8103
Episode  5366 | Steps  1,292,011 | SPS      65 | Reward  -0.80 | Clip 0.074 | KL 0.3812 | V_loss 0.0245 | LR 0.000140 | BC 5.2650
Episode  5374 | Steps  1,294,380 | SPS      65 | Reward  -0.76 | Clip 0.074 | KL 0.6226 | V_loss 0.0124 | LR 0.000140 | BC 4.7147
Episode  5381 | Steps  1,296,497 | SPS      65 | Reward  -0.78 | Clip 0.074 | KL 0.2435 | V_loss 0.0125 | LR 0.000141 | BC 5.0974
Episode  5388 | Steps  1,298,638 | SPS      66 | Reward  -0.78 | Clip 0.074 | KL 0.4314 | V_loss 0.0236 | LR 0.000141 | BC 5.0418
Episode  5396 | Steps  1,300,991 | SPS      66 | Reward  -0.76 | Clip 0.074 | KL 0.5096 | V_loss 0.0266 | LR 0.000141 | BC 4.4962
Episode  5407 | Steps  1,303,040 | SPS      66 | Reward  -0.80 | Clip 0.074 | KL 0.4624 | V_loss 0.0110 | LR 0.000141 | BC 4.9003
Episode  5415 | Steps  1,305,327 | SPS      66 | Reward  -0.78 | Clip 0.074 | KL 0.2961 | V_loss 0.0161 | LR 0.000142 | BC 4.8345
Episode  5423 | Steps  1,307,542 | SPS      66 | Reward  -0.82 | Clip 0.074 | KL 0.3181 | V_loss 0.0129 | LR 0.000142 | BC 4.8719
Episode  5436 | Steps  1,309,735 | SPS      66 | Reward  -0.86 | Clip 0.074 | KL 0.5183 | V_loss 0.0109 | LR 0.000142 | BC 4.6895
Episode  5445 | Steps  1,311,813 | SPS      66 | Reward  -0.86 | Clip 0.074 | KL 0.2588 | V_loss 0.0076 | LR 0.000142 | BC 5.0638
Episode  5454 | Steps  1,313,871 | SPS      66 | Reward  -0.88 | Clip 0.074 | KL 0.4455 | V_loss 0.0179 | LR 0.000143 | BC 4.8370
Episode  5464 | Steps  1,316,009 | SPS      66 | Reward  -0.88 | Clip 0.074 | KL 0.1690 | V_loss 0.0080 | LR 0.000143 | BC 5.1395
Episode  5469 | Steps  1,318,175 | SPS      66 | Reward  -0.88 | Clip 0.074 | KL 0.4659 | V_loss 0.0242 | LR 0.000143 | BC 5.0464
Episode  5479 | Steps  1,320,256 | SPS      66 | Reward  -0.92 | Clip 0.074 | KL 0.3265 | V_loss 0.0153 | LR 0.000143 | BC 4.5595
Episode  5489 | Steps  1,322,446 | SPS      66 | Reward  -0.92 | Clip 0.074 | KL 0.4960 | V_loss 0.0123 | LR 0.000144 | BC 4.5479
Episode  5500 | Steps  1,324,844 | SPS      66 | Reward  -0.96 | Clip 0.073 | KL 0.1878 | V_loss 0.0115 | LR 0.000144 | BC 4.4431
Episode  5512 | Steps  1,327,026 | SPS      66 | Reward  -0.96 | Clip 0.073 | KL 0.1265 | V_loss 0.0052 | LR 0.000144 | BC 4.5824
Episode  5519 | Steps  1,329,551 | SPS      66 | Reward  -0.98 | Clip 0.073 | KL 0.3270 | V_loss 0.0143 | LR 0.000144 | BC 5.0628
Episode  5525 | Steps  1,331,877 | SPS      66 | Reward  -0.96 | Clip 0.073 | KL 0.4235 | V_loss 0.0171 | LR 0.000144 | BC 4.8888
Episode  5535 | Steps  1,334,201 | SPS      66 | Reward  -0.96 | Clip 0.073 | KL 0.1258 | V_loss 0.0067 | LR 0.000145 | BC 4.5421
Episode  5547 | Steps  1,336,406 | SPS      66 | Reward  -0.94 | Clip 0.073 | KL 0.3117 | V_loss 0.0081 | LR 0.000145 | BC 4.9522
Episode  5556 | Steps  1,338,505 | SPS      66 | Reward  -0.94 | Clip 0.073 | KL 0.2621 | V_loss 0.0216 | LR 0.000145 | BC 4.7441
Episode  5566 | Steps  1,340,710 | SPS      67 | Reward  -0.92 | Clip 0.074 | KL 0.2406 | V_loss 0.0119 | LR 0.000145 | BC 4.5135
Episode  5575 | Steps  1,342,810 | SPS      67 | Reward  -0.92 | Clip 0.073 | KL 0.1260 | V_loss 0.0091 | LR 0.000146 | BC 4.5951
Episode  5585 | Steps  1,345,075 | SPS      67 | Reward  -0.94 | Clip 0.074 | KL 0.3914 | V_loss 0.0129 | LR 0.000146 | BC 4.9511
Episode  5592 | Steps  1,347,212 | SPS      67 | Reward  -0.92 | Clip 0.074 | KL 0.3727 | V_loss 0.0078 | LR 0.000146 | BC 4.9918
Episode  5602 | Steps  1,349,266 | SPS      67 | Reward  -0.92 | Clip 0.074 | KL 0.2221 | V_loss 0.0098 | LR 0.000146 | BC 4.7186
Episode  5609 | Steps  1,351,343 | SPS      67 | Reward  -0.92 | Clip 0.074 | KL 0.2425 | V_loss 0.0094 | LR 0.000147 | BC 4.8806
Episode  5618 | Steps  1,353,752 | SPS      67 | Reward  -0.92 | Clip 0.073 | KL 0.2228 | V_loss 0.0069 | LR 0.000147 | BC 5.0409
Episode  5628 | Steps  1,356,063 | SPS      67 | Reward  -0.94 | Clip 0.073 | KL 0.1862 | V_loss 0.0059 | LR 0.000147 | BC 4.6865
Episode  5637 | Steps  1,358,500 | SPS      67 | Reward  -0.92 | Clip 0.074 | KL 0.5845 | V_loss 0.0236 | LR 0.000147 | BC 5.1051
Episode  5646 | Steps  1,361,004 | SPS      67 | Reward  -0.92 | Clip 0.074 | KL 0.2382 | V_loss 0.0089 | LR 0.000148 | BC 5.2373
Episode  5655 | Steps  1,363,229 | SPS      67 | Reward  -0.92 | Clip 0.074 | KL 0.3892 | V_loss 0.0078 | LR 0.000148 | BC 4.7798
Episode  5667 | Steps  1,365,383 | SPS      67 | Reward  -0.94 | Clip 0.074 | KL 0.1886 | V_loss 0.0059 | LR 0.000148 | BC 5.1470
Episode  5677 | Steps  1,367,775 | SPS      67 | Reward  -0.94 | Clip 0.073 | KL 0.2157 | V_loss 0.0101 | LR 0.000148 | BC 4.5836
Episode  5686 | Steps  1,369,942 | SPS      67 | Reward  -0.94 | Clip 0.073 | KL 0.2240 | V_loss 0.0069 | LR 0.000149 | BC 4.5090
Episode  5696 | Steps  1,372,002 | SPS      67 | Reward  -0.96 | Clip 0.073 | KL 0.2272 | V_loss 0.0042 | LR 0.000149 | BC 4.7966
Episode  5705 | Steps  1,374,115 | SPS      67 | Reward  -0.94 | Clip 0.073 | KL 0.3848 | V_loss 0.0147 | LR 0.000149 | BC 4.9000
Episode  5716 | Steps  1,376,529 | SPS      67 | Reward  -0.94 | Clip 0.073 | KL 0.2156 | V_loss 0.0079 | LR 0.000149 | BC 4.6470
Episode  5726 | Steps  1,378,892 | SPS      68 | Reward  -0.94 | Clip 0.073 | KL 0.1695 | V_loss 0.0072 | LR 0.000150 | BC 4.6721
Episode  5734 | Steps  1,381,286 | SPS      68 | Reward  -0.94 | Clip 0.073 | KL 0.3331 | V_loss 0.0121 | LR 0.000150 | BC 4.7594
Episode  5743 | Steps  1,383,442 | SPS      68 | Reward  -0.94 | Clip 0.072 | KL 0.3835 | V_loss 0.0175 | LR 0.000150 | BC 5.0639
Episode  5752 | Steps  1,385,637 | SPS      68 | Reward  -0.92 | Clip 0.073 | KL 0.4107 | V_loss 0.0117 | LR 0.000150 | BC 4.7191
Episode  5761 | Steps  1,387,845 | SPS      68 | Reward  -0.90 | Clip 0.073 | KL 0.5459 | V_loss 0.0104 | LR 0.000150 | BC 4.3745
Episode  5770 | Steps  1,390,383 | SPS      68 | Reward  -0.90 | Clip 0.073 | KL 0.2528 | V_loss 0.0103 | LR 0.000151 | BC 5.1614
Episode  5780 | Steps  1,392,456 | SPS      68 | Reward  -0.90 | Clip 0.074 | KL 0.2445 | V_loss 0.0082 | LR 0.000151 | BC 4.5984
Episode  5789 | Steps  1,394,629 | SPS      68 | Reward  -0.86 | Clip 0.073 | KL 0.5026 | V_loss 0.0095 | LR 0.000151 | BC 4.4900
Episode  5795 | Steps  1,396,981 | SPS      68 | Reward  -0.80 | Clip 0.074 | KL 0.6101 | V_loss 0.0145 | LR 0.000151 | BC 4.3966
Episode  5800 | Steps  1,399,148 | SPS      68 | Reward  -0.78 | Clip 0.074 | KL 0.3812 | V_loss 0.0214 | LR 0.000152 | BC 4.8566
Episode  5809 | Steps  1,401,607 | SPS      68 | Reward  -0.78 | Clip 0.074 | KL 0.3484 | V_loss 0.0108 | LR 0.000152 | BC 4.6567
Episode  5816 | Steps  1,403,714 | SPS      68 | Reward  -0.74 | Clip 0.074 | KL 0.6548 | V_loss 0.0130 | LR 0.000152 | BC 4.6986
Episode  5823 | Steps  1,406,252 | SPS      68 | Reward  -0.72 | Clip 0.074 | KL 0.4601 | V_loss 0.0168 | LR 0.000152 | BC 5.0335
Episode  5832 | Steps  1,408,535 | SPS      68 | Reward  -0.68 | Clip 0.074 | KL 0.3749 | V_loss 0.0077 | LR 0.000153 | BC 4.7533
Episode  5838 | Steps  1,410,660 | SPS      68 | Reward  -0.64 | Clip 0.074 | KL 0.5533 | V_loss 0.0156 | LR 0.000153 | BC 4.6648
Episode  5847 | Steps  1,413,108 | SPS      68 | Reward  -0.68 | Clip 0.074 | KL 0.2755 | V_loss 0.0255 | LR 0.000153 | BC 5.0411
Episode  5854 | Steps  1,415,262 | SPS      68 | Reward  -0.70 | Clip 0.075 | KL 0.4775 | V_loss 0.0206 | LR 0.000153 | BC 4.9989
Episode  5863 | Steps  1,417,495 | SPS      69 | Reward  -0.68 | Clip 0.075 | KL 0.3359 | V_loss 0.0086 | LR 0.000154 | BC 4.8438
Episode  5871 | Steps  1,419,574 | SPS      69 | Reward  -0.66 | Clip 0.075 | KL 0.4593 | V_loss 0.0114 | LR 0.000154 | BC 4.7407
Episode  5879 | Steps  1,421,684 | SPS      69 | Reward  -0.62 | Clip 0.075 | KL 0.5188 | V_loss 0.0101 | LR 0.000154 | BC 4.6444
Episode  5887 | Steps  1,424,110 | SPS      69 | Reward  -0.64 | Clip 0.075 | KL 0.3419 | V_loss 0.0172 | LR 0.000154 | BC 4.7219
Episode  5897 | Steps  1,426,559 | SPS      69 | Reward  -0.68 | Clip 0.075 | KL 0.2562 | V_loss 0.0061 | LR 0.000155 | BC 4.7587
Episode  5906 | Steps  1,428,744 | SPS      69 | Reward  -0.68 | Clip 0.075 | KL 0.3253 | V_loss 0.0095 | LR 0.000155 | BC 4.6876
Episode  5919 | Steps  1,430,887 | SPS      69 | Reward  -0.76 | Clip 0.075 | KL 0.0926 | V_loss 0.0023 | LR 0.000155 | BC 4.4416
Episode  5930 | Steps  1,433,073 | SPS      69 | Reward  -0.78 | Clip 0.074 | KL 0.1397 | V_loss 0.0140 | LR 0.000155 | BC 4.7648
Episode  5939 | Steps  1,435,287 | SPS      69 | Reward  -0.84 | Clip 0.074 | KL 0.3297 | V_loss 0.0172 | LR 0.000156 | BC 4.5050
Episode  5949 | Steps  1,437,377 | SPS      69 | Reward  -0.84 | Clip 0.074 | KL 0.1691 | V_loss 0.0049 | LR 0.000156 | BC 4.8965
Episode  5959 | Steps  1,439,429 | SPS      69 | Reward  -0.82 | Clip 0.074 | KL 0.1829 | V_loss 0.0053 | LR 0.000156 | BC 4.5445
Episode  5964 | Steps  1,441,605 | SPS      69 | Reward  -0.84 | Clip 0.074 | KL 0.2640 | V_loss 0.0236 | LR 0.000156 | BC 4.9582
Episode  5975 | Steps  1,443,702 | SPS      69 | Reward  -0.88 | Clip 0.074 | KL 0.1747 | V_loss 0.0091 | LR 0.000156 | BC 4.8918
Episode  5984 | Steps  1,445,875 | SPS      69 | Reward  -0.86 | Clip 0.074 | KL 0.5300 | V_loss 0.0107 | LR 0.000157 | BC 4.5058
Episode  5993 | Steps  1,448,398 | SPS      69 | Reward  -0.88 | Clip 0.074 | KL 0.4004 | V_loss 0.0094 | LR 0.000157 | BC 4.5799
Episode  6002 | Steps  1,450,584 | SPS      69 | Reward  -0.86 | Clip 0.073 | KL 0.3792 | V_loss 0.0105 | LR 0.000157 | BC 5.2259
Episode  6010 | Steps  1,452,635 | SPS      69 | Reward  -0.84 | Clip 0.073 | KL 0.3810 | V_loss 0.0082 | LR 0.000157 | BC 4.6907
Episode  6017 | Steps  1,454,786 | SPS      69 | Reward  -0.82 | Clip 0.073 | KL 0.2024 | V_loss 0.0175 | LR 0.000158 | BC 4.6547
Episode  6023 | Steps  1,456,863 | SPS      69 | Reward  -0.80 | Clip 0.072 | KL 0.4468 | V_loss 0.0131 | LR 0.000158 | BC 5.1711
Episode  6029 | Steps  1,459,266 | SPS      69 | Reward  -0.78 | Clip 0.073 | KL 0.6337 | V_loss 0.0265 | LR 0.000158 | BC 4.9253
Episode  6041 | Steps  1,461,370 | SPS      69 | Reward  -0.78 | Clip 0.072 | KL 0.1048 | V_loss 0.0030 | LR 0.000158 | BC 4.7006
Episode  6048 | Steps  1,463,557 | SPS      70 | Reward  -0.78 | Clip 0.072 | KL 0.1477 | V_loss 0.0073 | LR 0.000159 | BC 4.9391
Episode  6056 | Steps  1,465,656 | SPS      70 | Reward  -0.78 | Clip 0.072 | KL 0.1697 | V_loss 0.0078 | LR 0.000159 | BC 4.4513
Episode  6064 | Steps  1,467,750 | SPS      70 | Reward  -0.78 | Clip 0.072 | KL 0.2810 | V_loss 0.0078 | LR 0.000159 | BC 4.6532
Episode  6070 | Steps  1,470,075 | SPS      70 | Reward  -0.76 | Clip 0.072 | KL 0.3344 | V_loss 0.0102 | LR 0.000159 | BC 4.4800
Episode  6079 | Steps  1,472,580 | SPS      70 | Reward  -0.78 | Clip 0.072 | KL 0.3826 | V_loss 0.0128 | LR 0.000160 | BC 4.4156
Episode  6084 | Steps  1,474,740 | SPS      70 | Reward  -0.74 | Clip 0.072 | KL 0.4316 | V_loss 0.0192 | LR 0.000160 | BC 4.4905
Episode  6090 | Steps  1,477,132 | SPS      70 | Reward  -0.72 | Clip 0.072 | KL 0.3940 | V_loss 0.0143 | LR 0.000160 | BC 4.5986
Episode  6099 | Steps  1,479,580 | SPS      70 | Reward  -0.74 | Clip 0.072 | KL 0.1626 | V_loss 0.0094 | LR 0.000160 | BC 4.5658
Episode  6106 | Steps  1,481,759 | SPS      70 | Reward  -0.76 | Clip 0.072 | KL 0.2786 | V_loss 0.0140 | LR 0.000161 | BC 4.7262
Episode  6115 | Steps  1,484,202 | SPS      70 | Reward  -0.78 | Clip 0.072 | KL 0.2235 | V_loss 0.0089 | LR 0.000161 | BC 5.1302
Episode  6123 | Steps  1,486,593 | SPS      70 | Reward  -0.76 | Clip 0.071 | KL 0.3613 | V_loss 0.0174 | LR 0.000161 | BC 4.5892
Episode  6133 | Steps  1,489,058 | SPS      70 | Reward  -0.78 | Clip 0.071 | KL 0.1616 | V_loss 0.0055 | LR 0.000161 | BC 4.7644
Episode  6143 | Steps  1,491,577 | SPS      70 | Reward  -0.76 | Clip 0.071 | KL 0.1757 | V_loss 0.0074 | LR 0.000162 | BC 4.5775
Episode  6151 | Steps  1,493,960 | SPS      70 | Reward  -0.74 | Clip 0.071 | KL 0.3836 | V_loss 0.0078 | LR 0.000162 | BC 5.0000
Episode  6160 | Steps  1,496,462 | SPS      70 | Reward  -0.72 | Clip 0.071 | KL 0.2510 | V_loss 0.0142 | LR 0.000162 | BC 5.1512
Episode  6167 | Steps  1,498,666 | SPS      70 | Reward  -0.72 | Clip 0.071 | KL 0.2545 | V_loss 0.0124 | LR 0.000162 | BC 4.7374
Episode  6177 | Steps  1,500,763 | SPS      70 | Reward  -0.74 | Clip 0.070 | KL 0.1696 | V_loss 0.0145 | LR 0.000162 | BC 5.2489
Checkpoint saved at checkpoints/step_1500763
Episode  6186 | Steps  1,503,304 | SPS      71 | Reward  -0.76 | Clip 0.071 | KL 0.3936 | V_loss 0.0093 | LR 0.000163 | BC 4.5646
Episode  6197 | Steps  1,505,540 | SPS      71 | Reward  -0.76 | Clip 0.071 | KL 0.1837 | V_loss 0.0057 | LR 0.000163 | BC 4.9434
Episode  6204 | Steps  1,507,703 | SPS      71 | Reward  -0.76 | Clip 0.071 | KL 0.2992 | V_loss 0.0115 | LR 0.000163 | BC 4.7362
Episode  6214 | Steps  1,509,905 | SPS      71 | Reward  -0.76 | Clip 0.072 | KL 0.4304 | V_loss 0.0105 | LR 0.000163 | BC 4.8309
Episode  6225 | Steps  1,512,420 | SPS      71 | Reward  -0.78 | Clip 0.072 | KL 0.3835 | V_loss 0.0105 | LR 0.000164 | BC 4.7972
Episode  6233 | Steps  1,514,764 | SPS      71 | Reward  -0.74 | Clip 0.073 | KL 0.3599 | V_loss 0.0083 | LR 0.000164 | BC 5.0503
Episode  6241 | Steps  1,516,917 | SPS      71 | Reward  -0.72 | Clip 0.072 | KL 0.1949 | V_loss 0.0177 | LR 0.000164 | BC 4.9782
Episode  6250 | Steps  1,519,139 | SPS      71 | Reward  -0.74 | Clip 0.073 | KL 0.2471 | V_loss 0.0139 | LR 0.000164 | BC 4.5958
Episode  6261 | Steps  1,521,292 | SPS      71 | Reward  -0.76 | Clip 0.073 | KL 0.3329 | V_loss 0.0066 | LR 0.000165 | BC 4.8905
Episode  6266 | Steps  1,523,436 | SPS      71 | Reward  -0.72 | Clip 0.073 | KL 0.5914 | V_loss 0.0162 | LR 0.000165 | BC 4.6553
Episode  6272 | Steps  1,525,500 | SPS      71 | Reward  -0.70 | Clip 0.073 | KL 0.3582 | V_loss 0.0182 | LR 0.000165 | BC 4.8678
Episode  6280 | Steps  1,527,849 | SPS      71 | Reward  -0.64 | Clip 0.073 | KL 0.5659 | V_loss 0.0113 | LR 0.000165 | BC 4.6733
Episode  6288 | Steps  1,529,946 | SPS      71 | Reward  -0.66 | Clip 0.073 | KL 0.2603 | V_loss 0.0149 | LR 0.000166 | BC 4.5126
Episode  6297 | Steps  1,532,157 | SPS      71 | Reward  -0.64 | Clip 0.074 | KL 0.5957 | V_loss 0.0098 | LR 0.000166 | BC 4.9180
Episode  6307 | Steps  1,534,297 | SPS      71 | Reward  -0.64 | Clip 0.074 | KL 0.1056 | V_loss 0.0055 | LR 0.000166 | BC 5.0136
Episode  6315 | Steps  1,536,397 | SPS      71 | Reward  -0.62 | Clip 0.074 | KL 0.2921 | V_loss 0.0090 | LR 0.000166 | BC 4.9798
Episode  6325 | Steps  1,538,534 | SPS      71 | Reward  -0.64 | Clip 0.074 | KL 0.0744 | V_loss 0.0037 | LR 0.000167 | BC 4.6354
Episode  6332 | Steps  1,540,706 | SPS      71 | Reward  -0.60 | Clip 0.074 | KL 0.4841 | V_loss 0.0130 | LR 0.000167 | BC 4.7843
Episode  6339 | Steps  1,542,869 | SPS      71 | Reward  -0.62 | Clip 0.074 | KL 0.4583 | V_loss 0.0231 | LR 0.000167 | BC 4.6986
Episode  6347 | Steps  1,545,241 | SPS      71 | Reward  -0.58 | Clip 0.075 | KL 0.3854 | V_loss 0.0120 | LR 0.000167 | BC 4.7592
Episode  6357 | Steps  1,547,661 | SPS      71 | Reward  -0.60 | Clip 0.075 | KL 0.2148 | V_loss 0.0088 | LR 0.000168 | BC 4.6642
Episode  6366 | Steps  1,549,861 | SPS      71 | Reward  -0.64 | Clip 0.075 | KL 0.3344 | V_loss 0.0131 | LR 0.000168 | BC 4.6992
Episode  6374 | Steps  1,551,932 | SPS      71 | Reward  -0.62 | Clip 0.075 | KL 0.4174 | V_loss 0.0112 | LR 0.000168 | BC 5.1290
Episode  6382 | Steps  1,554,020 | SPS      71 | Reward  -0.66 | Clip 0.075 | KL 0.4283 | V_loss 0.0085 | LR 0.000168 | BC 4.8468
Episode  6391 | Steps  1,556,547 | SPS      71 | Reward  -0.66 | Clip 0.076 | KL 0.3977 | V_loss 0.0150 | LR 0.000168 | BC 4.9237
Episode  6401 | Steps  1,558,706 | SPS      71 | Reward  -0.64 | Clip 0.076 | KL 0.3024 | V_loss 0.0071 | LR 0.000169 | BC 4.5690
Episode  6409 | Steps  1,561,077 | SPS      72 | Reward  -0.62 | Clip 0.076 | KL 0.5544 | V_loss 0.0141 | LR 0.000169 | BC 5.1269
Episode  6418 | Steps  1,563,336 | SPS      72 | Reward  -0.62 | Clip 0.076 | KL 0.4582 | V_loss 0.0097 | LR 0.000169 | BC 4.6232
Episode  6427 | Steps  1,565,560 | SPS      72 | Reward  -0.62 | Clip 0.076 | KL 0.3179 | V_loss 0.0131 | LR 0.000169 | BC 5.1286
Episode  6434 | Steps  1,567,732 | SPS      72 | Reward  -0.64 | Clip 0.076 | KL 0.3549 | V_loss 0.0136 | LR 0.000170 | BC 5.1683
Episode  6442 | Steps  1,569,784 | SPS      72 | Reward  -0.68 | Clip 0.076 | KL 0.3090 | V_loss 0.0183 | LR 0.000170 | BC 4.6260
Episode  6451 | Steps  1,572,328 | SPS      72 | Reward  -0.68 | Clip 0.076 | KL 0.2734 | V_loss 0.0140 | LR 0.000170 | BC 4.6272
Episode  6462 | Steps  1,574,514 | SPS      72 | Reward  -0.68 | Clip 0.076 | KL 0.1534 | V_loss 0.0121 | LR 0.000170 | BC 4.7089
Episode  6469 | Steps  1,576,710 | SPS      72 | Reward  -0.70 | Clip 0.076 | KL 0.4754 | V_loss 0.0229 | LR 0.000171 | BC 4.7662
Episode  6478 | Steps  1,578,869 | SPS      72 | Reward  -0.72 | Clip 0.077 | KL 0.4166 | V_loss 0.0119 | LR 0.000171 | BC 5.3904
Episode  6487 | Steps  1,581,056 | SPS      72 | Reward  -0.74 | Clip 0.077 | KL 0.2359 | V_loss 0.0175 | LR 0.000171 | BC 4.8523
Episode  6496 | Steps  1,583,582 | SPS      72 | Reward  -0.74 | Clip 0.078 | KL 0.4078 | V_loss 0.0125 | LR 0.000171 | BC 5.3843
Episode  6504 | Steps  1,585,773 | SPS      72 | Reward  -0.74 | Clip 0.077 | KL 0.2327 | V_loss 0.0140 | LR 0.000172 | BC 4.9917
Episode  6509 | Steps  1,587,948 | SPS      72 | Reward  -0.70 | Clip 0.078 | KL 0.6262 | V_loss 0.0205 | LR 0.000172 | BC 5.2140
Episode  6518 | Steps  1,590,140 | SPS      72 | Reward  -0.72 | Clip 0.078 | KL 0.3455 | V_loss 0.0121 | LR 0.000172 | BC 4.7464
Episode  6530 | Steps  1,592,333 | SPS      72 | Reward  -0.76 | Clip 0.078 | KL 0.1126 | V_loss 0.0037 | LR 0.000172 | BC 4.9910
Episode  6537 | Steps  1,594,493 | SPS      72 | Reward  -0.72 | Clip 0.079 | KL 0.6005 | V_loss 0.0139 | LR 0.000173 | BC 5.0131
Episode  6545 | Steps  1,596,815 | SPS      72 | Reward  -0.68 | Clip 0.079 | KL 0.3983 | V_loss 0.0120 | LR 0.000173 | BC 4.8940
Episode  6552 | Steps  1,598,871 | SPS      72 | Reward  -0.66 | Clip 0.079 | KL 0.3784 | V_loss 0.0169 | LR 0.000173 | BC 4.6246
Episode  6559 | Steps  1,601,313 | SPS      72 | Reward  -0.58 | Clip 0.080 | KL 0.6452 | V_loss 0.0141 | LR 0.000173 | BC 4.8671
Episode  6568 | Steps  1,603,371 | SPS      72 | Reward  -0.58 | Clip 0.080 | KL 0.4256 | V_loss 0.0116 | LR 0.000174 | BC 5.1993
Episode  6575 | Steps  1,605,827 | SPS      73 | Reward  -0.52 | Clip 0.080 | KL 0.5291 | V_loss 0.0099 | LR 0.000174 | BC 5.2359
Episode  6584 | Steps  1,608,323 | SPS      73 | Reward  -0.50 | Clip 0.080 | KL 0.5124 | V_loss 0.0113 | LR 0.000174 | BC 5.0092
  ★ Best checkpoint updated: reward=-0.5000 @ 1,608,323 steps
Episode  6594 | Steps  1,610,842 | SPS      73 | Reward  -0.52 | Clip 0.081 | KL 0.4609 | V_loss 0.0141 | LR 0.000174 | BC 5.2397
Episode  6601 | Steps  1,613,014 | SPS      73 | Reward  -0.46 | Clip 0.081 | KL 0.5259 | V_loss 0.0090 | LR 0.000174 | BC 5.1625
  ★ Best checkpoint updated: reward=-0.4600 @ 1,613,014 steps
Episode  6609 | Steps  1,615,375 | SPS      73 | Reward  -0.50 | Clip 0.082 | KL 0.5613 | V_loss 0.0133 | LR 0.000175 | BC 4.9317
Episode  6619 | Steps  1,617,590 | SPS      73 | Reward  -0.52 | Clip 0.081 | KL 0.1976 | V_loss 0.0137 | LR 0.000175 | BC 4.8866
Episode  6625 | Steps  1,619,952 | SPS      73 | Reward  -0.46 | Clip 0.082 | KL 0.5273 | V_loss 0.0191 | LR 0.000175 | BC 5.3832
Episode  6631 | Steps  1,622,293 | SPS      73 | Reward  -0.42 | Clip 0.082 | KL 0.5077 | V_loss 0.0119 | LR 0.000175 | BC 4.8117
  ★ Best checkpoint updated: reward=-0.4200 @ 1,622,293 steps
Episode  6640 | Steps  1,624,741 | SPS      73 | Reward  -0.40 | Clip 0.082 | KL 0.4332 | V_loss 0.0069 | LR 0.000176 | BC 4.7573
Episode  6650 | Steps  1,627,272 | SPS      73 | Reward  -0.42 | Clip 0.082 | KL 0.3684 | V_loss 0.0127 | LR 0.000176 | BC 4.7440
Episode  6657 | Steps  1,629,374 | SPS      73 | Reward  -0.44 | Clip 0.082 | KL 0.5110 | V_loss 0.0102 | LR 0.000176 | BC 5.0669
Episode  6666 | Steps  1,631,843 | SPS      73 | Reward  -0.46 | Clip 0.082 | KL 0.4361 | V_loss 0.0130 | LR 0.000176 | BC 5.0746
Episode  6673 | Steps  1,634,040 | SPS      73 | Reward  -0.44 | Clip 0.083 | KL 0.5551 | V_loss 0.0100 | LR 0.000177 | BC 5.1454
Episode  6681 | Steps  1,636,162 | SPS      73 | Reward  -0.44 | Clip 0.082 | KL 0.4339 | V_loss 0.0071 | LR 0.000177 | BC 4.8736
Episode  6688 | Steps  1,638,267 | SPS      73 | Reward  -0.42 | Clip 0.083 | KL 0.5889 | V_loss 0.0115 | LR 0.000177 | BC 4.7544
Episode  6697 | Steps  1,640,415 | SPS      73 | Reward  -0.44 | Clip 0.083 | KL 0.2770 | V_loss 0.0071 | LR 0.000177 | BC 4.6232
Episode  6704 | Steps  1,642,495 | SPS      73 | Reward  -0.44 | Clip 0.083 | KL 0.5267 | V_loss 0.0099 | LR 0.000178 | BC 4.8865
Episode  6714 | Steps  1,644,547 | SPS      73 | Reward  -0.46 | Clip 0.083 | KL 0.1817 | V_loss 0.0104 | LR 0.000178 | BC 5.0448
Episode  6723 | Steps  1,647,023 | SPS      73 | Reward  -0.48 | Clip 0.082 | KL 0.3203 | V_loss 0.0141 | LR 0.000178 | BC 5.2702
Episode  6730 | Steps  1,649,161 | SPS      73 | Reward  -0.50 | Clip 0.083 | KL 0.6105 | V_loss 0.0130 | LR 0.000178 | BC 5.2734
Episode  6739 | Steps  1,651,380 | SPS      73 | Reward  -0.56 | Clip 0.082 | KL 0.1353 | V_loss 0.0071 | LR 0.000179 | BC 4.8224
Episode  6748 | Steps  1,653,923 | SPS      74 | Reward  -0.56 | Clip 0.082 | KL 0.3913 | V_loss 0.0128 | LR 0.000179 | BC 4.6165
Episode  6757 | Steps  1,656,115 | SPS      74 | Reward  -0.60 | Clip 0.082 | KL 0.2865 | V_loss 0.0072 | LR 0.000179 | BC 5.0542
Episode  6765 | Steps  1,658,351 | SPS      74 | Reward  -0.58 | Clip 0.082 | KL 0.3706 | V_loss 0.0102 | LR 0.000179 | BC 5.0534
Episode  6773 | Steps  1,660,496 | SPS      74 | Reward  -0.64 | Clip 0.082 | KL 0.1905 | V_loss 0.0071 | LR 0.000180 | BC 4.7905
Episode  6780 | Steps  1,662,603 | SPS      74 | Reward  -0.64 | Clip 0.082 | KL 0.3688 | V_loss 0.0090 | LR 0.000180 | BC 4.9768
Episode  6786 | Steps  1,664,652 | SPS      74 | Reward  -0.62 | Clip 0.082 | KL 0.4330 | V_loss 0.0145 | LR 0.000180 | BC 4.7686
Episode  6791 | Steps  1,666,841 | SPS      74 | Reward  -0.66 | Clip 0.082 | KL 0.3551 | V_loss 0.0173 | LR 0.000180 | BC 4.8254
Episode  6798 | Steps  1,669,050 | SPS      74 | Reward  -0.62 | Clip 0.082 | KL 0.6073 | V_loss 0.0124 | LR 0.000180 | BC 4.9020
Episode  6805 | Steps  1,671,210 | SPS      74 | Reward  -0.64 | Clip 0.082 | KL 0.3201 | V_loss 0.0117 | LR 0.000181 | BC 5.0178
Episode  6810 | Steps  1,673,408 | SPS      74 | Reward  -0.56 | Clip 0.081 | KL 0.4355 | V_loss 0.0100 | LR 0.000181 | BC 4.7854
Episode  6817 | Steps  1,675,577 | SPS      74 | Reward  -0.54 | Clip 0.081 | KL 0.4711 | V_loss 0.0130 | LR 0.000181 | BC 4.8652
Episode  6823 | Steps  1,677,895 | SPS      74 | Reward  -0.54 | Clip 0.081 | KL 0.2955 | V_loss 0.0103 | LR 0.000181 | BC 4.7281
Episode  6830 | Steps  1,680,000 | SPS      74 | Reward  -0.54 | Clip 0.081 | KL 0.4237 | V_loss 0.0064 | LR 0.000182 | BC 4.7907
Episode  6839 | Steps  1,682,162 | SPS      74 | Reward  -0.50 | Clip 0.081 | KL 0.2854 | V_loss 0.0072 | LR 0.000182 | BC 4.9631
Episode  6846 | Steps  1,684,294 | SPS      74 | Reward  -0.46 | Clip 0.081 | KL 0.4507 | V_loss 0.0071 | LR 0.000182 | BC 4.7010
Episode  6853 | Steps  1,686,494 | SPS      74 | Reward  -0.46 | Clip 0.081 | KL 0.4417 | V_loss 0.0088 | LR 0.000182 | BC 4.8130
Episode  6860 | Steps  1,688,673 | SPS      74 | Reward  -0.44 | Clip 0.080 | KL 0.3916 | V_loss 0.0160 | LR 0.000183 | BC 4.8035
Episode  6867 | Steps  1,690,858 | SPS      74 | Reward  -0.40 | Clip 0.081 | KL 0.4309 | V_loss 0.0081 | LR 0.000183 | BC 4.5850
Episode  6876 | Steps  1,692,970 | SPS      74 | Reward  -0.38 | Clip 0.081 | KL 0.3597 | V_loss 0.0091 | LR 0.000183 | BC 4.8119
  ★ Best checkpoint updated: reward=-0.3800 @ 1,692,970 steps
Episode  6882 | Steps  1,695,271 | SPS      74 | Reward  -0.38 | Clip 0.080 | KL 0.4068 | V_loss 0.0147 | LR 0.000183 | BC 4.5417
Episode  6889 | Steps  1,697,422 | SPS      74 | Reward  -0.36 | Clip 0.080 | KL 0.4830 | V_loss 0.0082 | LR 0.000184 | BC 4.7220
Episode  6899 | Steps  1,699,495 | SPS      75 | Reward  -0.42 | Clip 0.080 | KL 0.2415 | V_loss 0.0052 | LR 0.000184 | BC 4.6746
Episode  6906 | Steps  1,701,673 | SPS      75 | Reward  -0.40 | Clip 0.080 | KL 0.4027 | V_loss 0.0061 | LR 0.000184 | BC 5.1042
Episode  6917 | Steps  1,703,886 | SPS      75 | Reward  -0.46 | Clip 0.080 | KL 0.2076 | V_loss 0.0062 | LR 0.000184 | BC 5.4546
Episode  6924 | Steps  1,706,103 | SPS      75 | Reward  -0.44 | Clip 0.080 | KL 0.4944 | V_loss 0.0066 | LR 0.000185 | BC 5.0677
Episode  6934 | Steps  1,708,321 | SPS      75 | Reward  -0.46 | Clip 0.081 | KL 0.1043 | V_loss 0.0074 | LR 0.000185 | BC 4.8110
Episode  6942 | Steps  1,710,737 | SPS      75 | Reward  -0.46 | Clip 0.081 | KL 0.4066 | V_loss 0.0109 | LR 0.000185 | BC 4.7786
Episode  6950 | Steps  1,712,863 | SPS      75 | Reward  -0.48 | Clip 0.082 | KL 0.4809 | V_loss 0.0057 | LR 0.000185 | BC 4.8027
Episode  6957 | Steps  1,715,041 | SPS      75 | Reward  -0.48 | Clip 0.082 | KL 0.5226 | V_loss 0.0058 | LR 0.000186 | BC 4.7577
Episode  6965 | Steps  1,717,166 | SPS      75 | Reward  -0.48 | Clip 0.082 | KL 0.4493 | V_loss 0.0069 | LR 0.000186 | BC 4.6578
Episode  6973 | Steps  1,719,282 | SPS      75 | Reward  -0.48 | Clip 0.081 | KL 0.4699 | V_loss 0.0066 | LR 0.000186 | BC 4.7554
Episode  6984 | Steps  1,721,588 | SPS      75 | Reward  -0.54 | Clip 0.081 | KL 0.2449 | V_loss 0.0076 | LR 0.000186 | BC 5.0150
Episode  6993 | Steps  1,723,773 | SPS      75 | Reward  -0.54 | Clip 0.082 | KL 0.4794 | V_loss 0.0080 | LR 0.000186 | BC 4.8496
Episode  7001 | Steps  1,726,172 | SPS      75 | Reward  -0.52 | Clip 0.082 | KL 0.5279 | V_loss 0.0073 | LR 0.000187 | BC 5.0637
Episode  7010 | Steps  1,728,367 | SPS      75 | Reward  -0.52 | Clip 0.082 | KL 0.4628 | V_loss 0.0074 | LR 0.000187 | BC 4.7990
Episode  7016 | Steps  1,730,439 | SPS      75 | Reward  -0.48 | Clip 0.082 | KL 0.5837 | V_loss 0.0056 | LR 0.000187 | BC 4.6193
Episode  7024 | Steps  1,732,889 | SPS      75 | Reward  -0.48 | Clip 0.082 | KL 0.6843 | V_loss 0.0104 | LR 0.000187 | BC 5.2324
Episode  7034 | Steps  1,735,073 | SPS      75 | Reward  -0.46 | Clip 0.081 | KL 0.2106 | V_loss 0.0070 | LR 0.000188 | BC 5.1799
Episode  7044 | Steps  1,737,208 | SPS      75 | Reward  -0.50 | Clip 0.081 | KL 0.1721 | V_loss 0.0064 | LR 0.000188 | BC 5.0531
Episode  7052 | Steps  1,739,329 | SPS      75 | Reward  -0.50 | Clip 0.081 | KL 0.3743 | V_loss 0.0063 | LR 0.000188 | BC 4.6625
Episode  7062 | Steps  1,741,465 | SPS      75 | Reward  -0.58 | Clip 0.081 | KL 0.2435 | V_loss 0.0056 | LR 0.000188 | BC 4.7389
Episode  7069 | Steps  1,743,681 | SPS      75 | Reward  -0.54 | Clip 0.081 | KL 0.5274 | V_loss 0.0071 | LR 0.000189 | BC 4.5602
Episode  7076 | Steps  1,745,892 | SPS      75 | Reward  -0.50 | Clip 0.080 | KL 0.4454 | V_loss 0.0058 | LR 0.000189 | BC 4.6876
Episode  7082 | Steps  1,747,954 | SPS      75 | Reward  -0.44 | Clip 0.080 | KL 0.6989 | V_loss 0.0090 | LR 0.000189 | BC 4.6697
Episode  7090 | Steps  1,750,100 | SPS      75 | Reward  -0.46 | Clip 0.080 | KL 0.1982 | V_loss 0.0094 | LR 0.000189 | BC 4.7051
Episode  7096 | Steps  1,752,250 | SPS      75 | Reward  -0.46 | Clip 0.080 | KL 0.3382 | V_loss 0.0155 | LR 0.000190 | BC 4.4582
Episode  7103 | Steps  1,754,505 | SPS      75 | Reward  -0.46 | Clip 0.080 | KL 0.5318 | V_loss 0.0068 | LR 0.000190 | BC 4.7163
Episode  7111 | Steps  1,756,878 | SPS      75 | Reward  -0.42 | Clip 0.080 | KL 0.3657 | V_loss 0.0060 | LR 0.000190 | BC 4.6673
Episode  7119 | Steps  1,759,305 | SPS      76 | Reward  -0.44 | Clip 0.080 | KL 0.4635 | V_loss 0.0064 | LR 0.000190 | BC 4.7005
Episode  7127 | Steps  1,761,367 | SPS      76 | Reward  -0.46 | Clip 0.081 | KL 0.5396 | V_loss 0.0060 | LR 0.000191 | BC 4.5764
Episode  7136 | Steps  1,763,544 | SPS      76 | Reward  -0.42 | Clip 0.081 | KL 0.3628 | V_loss 0.0051 | LR 0.000191 | BC 5.0350
Episode  7143 | Steps  1,765,767 | SPS      76 | Reward  -0.38 | Clip 0.081 | KL 0.4300 | V_loss 0.0066 | LR 0.000191 | BC 4.9316
Episode  7152 | Steps  1,768,302 | SPS      76 | Reward  -0.36 | Clip 0.080 | KL 0.3781 | V_loss 0.0053 | LR 0.000191 | BC 4.7443
Episode  7162 | Steps  1,770,415 | SPS      76 | Reward  -0.36 | Clip 0.079 | KL 0.3020 | V_loss 0.0056 | LR 0.000192 | BC 4.5954
Episode  7168 | Steps  1,772,482 | SPS      76 | Reward  -0.36 | Clip 0.079 | KL 0.4445 | V_loss 0.0089 | LR 0.000192 | BC 4.7384
Episode  7176 | Steps  1,774,551 | SPS      76 | Reward  -0.38 | Clip 0.079 | KL 0.3981 | V_loss 0.0061 | LR 0.000192 | BC 4.7815
Episode  7186 | Steps  1,776,700 | SPS      76 | Reward  -0.42 | Clip 0.079 | KL 0.1453 | V_loss 0.0046 | LR 0.000192 | BC 4.5199
Episode  7192 | Steps  1,778,760 | SPS      76 | Reward  -0.42 | Clip 0.079 | KL 0.2806 | V_loss 0.0101 | LR 0.000192 | BC 4.5059
Episode  7200 | Steps  1,781,179 | SPS      76 | Reward  -0.40 | Clip 0.079 | KL 0.5040 | V_loss 0.0062 | LR 0.000193 | BC 4.6249
Episode  7207 | Steps  1,783,366 | SPS      76 | Reward  -0.38 | Clip 0.079 | KL 0.4613 | V_loss 0.0059 | LR 0.000193 | BC 4.6641
Episode  7215 | Steps  1,785,471 | SPS      76 | Reward  -0.42 | Clip 0.079 | KL 0.4169 | V_loss 0.0062 | LR 0.000193 | BC 4.6943
Episode  7221 | Steps  1,787,553 | SPS      76 | Reward  -0.40 | Clip 0.079 | KL 0.4391 | V_loss 0.0150 | LR 0.000193 | BC 4.6945
Episode  7230 | Steps  1,789,959 | SPS      76 | Reward  -0.42 | Clip 0.079 | KL 0.3955 | V_loss 0.0065 | LR 0.000194 | BC 4.6785
Episode  7238 | Steps  1,792,109 | SPS      76 | Reward  -0.44 | Clip 0.079 | KL 0.4604 | V_loss 0.0069 | LR 0.000194 | BC 4.3804
Episode  7244 | Steps  1,794,166 | SPS      76 | Reward  -0.40 | Clip 0.078 | KL 0.5397 | V_loss 0.0063 | LR 0.000194 | BC 4.8280
Episode  7252 | Steps  1,796,565 | SPS      76 | Reward  -0.40 | Clip 0.079 | KL 0.6841 | V_loss 0.0070 | LR 0.000194 | BC 4.8310
Episode  7262 | Steps  1,798,746 | SPS      76 | Reward  -0.42 | Clip 0.078 | KL 0.1180 | V_loss 0.0092 | LR 0.000195 | BC 4.5415
Episode  7274 | Steps  1,801,274 | SPS      76 | Reward  -0.50 | Clip 0.078 | KL 0.2686 | V_loss 0.0047 | LR 0.000195 | BC 4.4528
Episode  7281 | Steps  1,803,808 | SPS      76 | Reward  -0.46 | Clip 0.078 | KL 0.6076 | V_loss 0.0083 | LR 0.000195 | BC 4.7856
Episode  7289 | Steps  1,805,879 | SPS      76 | Reward  -0.46 | Clip 0.077 | KL 0.3361 | V_loss 0.0080 | LR 0.000195 | BC 4.8865
Episode  7298 | Steps  1,808,368 | SPS      76 | Reward  -0.46 | Clip 0.078 | KL 0.4853 | V_loss 0.0090 | LR 0.000196 | BC 4.8980
Episode  7306 | Steps  1,810,445 | SPS      76 | Reward  -0.50 | Clip 0.078 | KL 0.2965 | V_loss 0.0087 | LR 0.000196 | BC 4.6265
Episode  7314 | Steps  1,812,509 | SPS      76 | Reward  -0.52 | Clip 0.077 | KL 0.4832 | V_loss 0.0049 | LR 0.000196 | BC 4.8220
Episode  7322 | Steps  1,814,582 | SPS      76 | Reward  -0.54 | Clip 0.077 | KL 0.3165 | V_loss 0.0050 | LR 0.000196 | BC 4.6347
Episode  7330 | Steps  1,816,958 | SPS      76 | Reward  -0.52 | Clip 0.077 | KL 0.4600 | V_loss 0.0053 | LR 0.000197 | BC 4.6011
Episode  7338 | Steps  1,819,075 | SPS      76 | Reward  -0.52 | Clip 0.077 | KL 0.3767 | V_loss 0.0067 | LR 0.000197 | BC 4.9478
Episode  7346 | Steps  1,821,234 | SPS      77 | Reward  -0.54 | Clip 0.076 | KL 0.3073 | V_loss 0.0047 | LR 0.000197 | BC 4.5605
Episode  7354 | Steps  1,823,308 | SPS      77 | Reward  -0.56 | Clip 0.076 | KL 0.4078 | V_loss 0.0054 | LR 0.000197 | BC 4.5739
Episode  7362 | Steps  1,825,405 | SPS      77 | Reward  -0.52 | Clip 0.076 | KL 0.2841 | V_loss 0.0054 | LR 0.000198 | BC 4.5150
Episode  7370 | Steps  1,827,512 | SPS      77 | Reward  -0.48 | Clip 0.075 | KL 0.3983 | V_loss 0.0056 | LR 0.000198 | BC 4.9132
Episode  7378 | Steps  1,829,577 | SPS      77 | Reward  -0.50 | Clip 0.075 | KL 0.3634 | V_loss 0.0058 | LR 0.000198 | BC 4.7982
Episode  7389 | Steps  1,831,662 | SPS      77 | Reward  -0.54 | Clip 0.075 | KL 0.1097 | V_loss 0.0026 | LR 0.000198 | BC 4.7856
Episode  7396 | Steps  1,833,888 | SPS      77 | Reward  -0.50 | Clip 0.074 | KL 0.5726 | V_loss 0.0062 | LR 0.000198 | BC 4.9635
Episode  7403 | Steps  1,836,127 | SPS      77 | Reward  -0.50 | Clip 0.073 | KL 0.4891 | V_loss 0.0064 | LR 0.000199 | BC 4.5733
Episode  7410 | Steps  1,838,317 | SPS      77 | Reward  -0.50 | Clip 0.073 | KL 0.4160 | V_loss 0.0110 | LR 0.000199 | BC 4.6213
Episode  7417 | Steps  1,840,524 | SPS      77 | Reward  -0.46 | Clip 0.073 | KL 0.5205 | V_loss 0.0080 | LR 0.000199 | BC 5.1796
Episode  7425 | Steps  1,842,669 | SPS      77 | Reward  -0.44 | Clip 0.072 | KL 0.3516 | V_loss 0.0051 | LR 0.000199 | BC 4.8393
Episode  7435 | Steps  1,844,724 | SPS      77 | Reward  -0.50 | Clip 0.072 | KL 0.1992 | V_loss 0.0046 | LR 0.000200 | BC 4.9837
Episode  7443 | Steps  1,847,094 | SPS      77 | Reward  -0.48 | Clip 0.072 | KL 0.5258 | V_loss 0.0068 | LR 0.000200 | BC 4.5247
Episode  7452 | Steps  1,849,489 | SPS      77 | Reward  -0.50 | Clip 0.072 | KL 0.3394 | V_loss 0.0053 | LR 0.000200 | BC 4.5700
Episode  7461 | Steps  1,851,689 | SPS      77 | Reward  -0.50 | Clip 0.072 | KL 0.3276 | V_loss 0.0062 | LR 0.000200 | BC 4.9079
Episode  7467 | Steps  1,853,761 | SPS      77 | Reward  -0.44 | Clip 0.071 | KL 0.5005 | V_loss 0.0044 | LR 0.000201 | BC 4.8866
Episode  7477 | Steps  1,855,924 | SPS      77 | Reward  -0.48 | Clip 0.071 | KL 0.1496 | V_loss 0.0050 | LR 0.000201 | BC 4.4674
Episode  7485 | Steps  1,858,059 | SPS      77 | Reward  -0.46 | Clip 0.071 | KL 0.2596 | V_loss 0.0062 | LR 0.000201 | BC 4.7549
Episode  7493 | Steps  1,860,115 | SPS      77 | Reward  -0.46 | Clip 0.071 | KL 0.3223 | V_loss 0.0056 | LR 0.000201 | BC 4.9500
Episode  7501 | Steps  1,862,255 | SPS      77 | Reward  -0.48 | Clip 0.071 | KL 0.2835 | V_loss 0.0048 | LR 0.000202 | BC 4.6842
Episode  7511 | Steps  1,864,493 | SPS      77 | Reward  -0.52 | Clip 0.071 | KL 0.2069 | V_loss 0.0046 | LR 0.000202 | BC 5.1166
Episode  7519 | Steps  1,866,683 | SPS      77 | Reward  -0.54 | Clip 0.072 | KL 0.4069 | V_loss 0.0059 | LR 0.000202 | BC 4.7801
Episode  7526 | Steps  1,868,945 | SPS      77 | Reward  -0.52 | Clip 0.072 | KL 0.4872 | V_loss 0.0095 | LR 0.000202 | BC 4.9203
Episode  7534 | Steps  1,871,055 | SPS      77 | Reward  -0.48 | Clip 0.072 | KL 0.3696 | V_loss 0.0066 | LR 0.000203 | BC 5.1279
Episode  7540 | Steps  1,873,143 | SPS      77 | Reward  -0.48 | Clip 0.073 | KL 0.6170 | V_loss 0.0058 | LR 0.000203 | BC 5.1531
Episode  7548 | Steps  1,875,226 | SPS      77 | Reward  -0.46 | Clip 0.073 | KL 0.3045 | V_loss 0.0040 | LR 0.000203 | BC 4.9474
Episode  7554 | Steps  1,877,327 | SPS      77 | Reward  -0.46 | Clip 0.073 | KL 0.5298 | V_loss 0.0043 | LR 0.000203 | BC 4.7611
Episode  7563 | Steps  1,879,614 | SPS      77 | Reward  -0.48 | Clip 0.074 | KL 0.1902 | V_loss 0.0036 | LR 0.000204 | BC 4.8008
Episode  7573 | Steps  1,881,725 | SPS      77 | Reward  -0.48 | Clip 0.074 | KL 0.2868 | V_loss 0.0039 | LR 0.000204 | BC 4.5513
Episode  7581 | Steps  1,884,162 | SPS      77 | Reward  -0.46 | Clip 0.074 | KL 0.2947 | V_loss 0.0053 | LR 0.000204 | BC 4.6683
Episode  7589 | Steps  1,886,309 | SPS      77 | Reward  -0.50 | Clip 0.073 | KL 0.2281 | V_loss 0.0137 | LR 0.000204 | BC 4.8905
Episode  7596 | Steps  1,888,545 | SPS      77 | Reward  -0.44 | Clip 0.074 | KL 0.4680 | V_loss 0.0047 | LR 0.000204 | BC 4.5474
Episode  7604 | Steps  1,890,646 | SPS      77 | Reward  -0.44 | Clip 0.074 | KL 0.3926 | V_loss 0.0048 | LR 0.000205 | BC 4.3997
Episode  7612 | Steps  1,892,827 | SPS      77 | Reward  -0.44 | Clip 0.074 | KL 0.2794 | V_loss 0.0057 | LR 0.000205 | BC 4.9805
Episode  7618 | Steps  1,894,881 | SPS      77 | Reward  -0.40 | Clip 0.075 | KL 0.5892 | V_loss 0.0053 | LR 0.000205 | BC 4.5515
Episode  7624 | Steps  1,896,960 | SPS      77 | Reward  -0.38 | Clip 0.076 | KL 0.6582 | V_loss 0.0044 | LR 0.000205 | BC 4.4715
Episode  7631 | Steps  1,899,228 | SPS      77 | Reward  -0.38 | Clip 0.076 | KL 0.3501 | V_loss 0.0142 | LR 0.000206 | BC 4.7333
Episode  7637 | Steps  1,901,619 | SPS      77 | Reward  -0.38 | Clip 0.076 | KL 0.3030 | V_loss 0.0147 | LR 0.000206 | BC 4.9222
Episode  7643 | Steps  1,903,737 | SPS      77 | Reward  -0.40 | Clip 0.076 | KL 0.4033 | V_loss 0.0041 | LR 0.000206 | BC 4.3964
Episode  7651 | Steps  1,905,888 | SPS      77 | Reward  -0.42 | Clip 0.076 | KL 0.3776 | V_loss 0.0059 | LR 0.000206 | BC 4.7681
Episode  7659 | Steps  1,908,037 | SPS      77 | Reward  -0.42 | Clip 0.076 | KL 0.3171 | V_loss 0.0045 | LR 0.000207 | BC 4.6776
Episode  7668 | Steps  1,910,094 | SPS      77 | Reward  -0.44 | Clip 0.076 | KL 0.1708 | V_loss 0.0032 | LR 0.000207 | BC 4.8747
Episode  7676 | Steps  1,912,505 | SPS      77 | Reward  -0.42 | Clip 0.076 | KL 0.4290 | V_loss 0.0045 | LR 0.000207 | BC 4.8150
Episode  7684 | Steps  1,914,620 | SPS      77 | Reward  -0.40 | Clip 0.076 | KL 0.4317 | V_loss 0.0037 | LR 0.000207 | BC 4.9905
Episode  7693 | Steps  1,916,951 | SPS      77 | Reward  -0.42 | Clip 0.076 | KL 0.2343 | V_loss 0.0052 | LR 0.000208 | BC 4.5362
Episode  7700 | Steps  1,919,250 | SPS      77 | Reward  -0.40 | Clip 0.076 | KL 0.2930 | V_loss 0.0100 | LR 0.000208 | BC 4.6223
Episode  7708 | Steps  1,921,382 | SPS      77 | Reward  -0.40 | Clip 0.077 | KL 0.3567 | V_loss 0.0037 | LR 0.000208 | BC 4.7949
Episode  7716 | Steps  1,923,556 | SPS      77 | Reward  -0.44 | Clip 0.077 | KL 0.2301 | V_loss 0.0050 | LR 0.000208 | BC 4.5565
Episode  7725 | Steps  1,925,613 | SPS      77 | Reward  -0.50 | Clip 0.077 | KL 0.2129 | V_loss 0.0029 | LR 0.000209 | BC 5.0926
Episode  7733 | Steps  1,927,768 | SPS      77 | Reward  -0.50 | Clip 0.077 | KL 0.3750 | V_loss 0.0037 | LR 0.000209 | BC 4.9208
Episode  7741 | Steps  1,929,873 | SPS      77 | Reward  -0.56 | Clip 0.077 | KL 0.3085 | V_loss 0.0044 | LR 0.000209 | BC 4.7504
Episode  7747 | Steps  1,932,280 | SPS      78 | Reward  -0.48 | Clip 0.077 | KL 0.5288 | V_loss 0.0057 | LR 0.000209 | BC 4.9358
Episode  7758 | Steps  1,934,709 | SPS      78 | Reward  -0.52 | Clip 0.077 | KL 0.1727 | V_loss 0.0025 | LR 0.000210 | BC 4.5800
Episode  7765 | Steps  1,936,996 | SPS      78 | Reward  -0.48 | Clip 0.077 | KL 0.4057 | V_loss 0.0055 | LR 0.000210 | BC 5.1653
Episode  7772 | Steps  1,939,262 | SPS      78 | Reward  -0.46 | Clip 0.078 | KL 0.5184 | V_loss 0.0036 | LR 0.000210 | BC 5.0339
Episode  7780 | Steps  1,941,385 | SPS      78 | Reward  -0.46 | Clip 0.078 | KL 0.4359 | V_loss 0.0043 | LR 0.000210 | BC 4.3564
Episode  7788 | Steps  1,943,527 | SPS      78 | Reward  -0.44 | Clip 0.078 | KL 0.3123 | V_loss 0.0031 | LR 0.000210 | BC 5.2728
Episode  7798 | Steps  1,945,702 | SPS      78 | Reward  -0.48 | Clip 0.078 | KL 0.2104 | V_loss 0.0026 | LR 0.000211 | BC 4.7360
Episode  7807 | Steps  1,947,789 | SPS      78 | Reward  -0.52 | Clip 0.079 | KL 0.2200 | V_loss 0.0030 | LR 0.000211 | BC 5.0413
Episode  7815 | Steps  1,950,276 | SPS      78 | Reward  -0.50 | Clip 0.080 | KL 0.3729 | V_loss 0.0059 | LR 0.000211 | BC 5.0221
Episode  7822 | Steps  1,952,554 | SPS      78 | Reward  -0.44 | Clip 0.079 | KL 0.4057 | V_loss 0.0047 | LR 0.000211 | BC 4.6756
Episode  7830 | Steps  1,954,691 | SPS      78 | Reward  -0.44 | Clip 0.079 | KL 0.3727 | V_loss 0.0042 | LR 0.000212 | BC 4.9139
Episode  7838 | Steps  1,957,190 | SPS      78 | Reward  -0.42 | Clip 0.079 | KL 0.3218 | V_loss 0.0046 | LR 0.000212 | BC 4.5598
Episode  7846 | Steps  1,959,355 | SPS      78 | Reward  -0.46 | Clip 0.079 | KL 0.3236 | V_loss 0.0053 | LR 0.000212 | BC 4.6786
Episode  7854 | Steps  1,961,459 | SPS      78 | Reward  -0.44 | Clip 0.079 | KL 0.3955 | V_loss 0.0051 | LR 0.000212 | BC 4.6508
Episode  7862 | Steps  1,963,632 | SPS      78 | Reward  -0.46 | Clip 0.081 | KL 0.4215 | V_loss 0.0043 | LR 0.000213 | BC 4.7235
Episode  7870 | Steps  1,966,133 | SPS      78 | Reward  -0.46 | Clip 0.081 | KL 0.4819 | V_loss 0.0041 | LR 0.000213 | BC 4.7599
Episode  7880 | Steps  1,968,302 | SPS      78 | Reward  -0.50 | Clip 0.080 | KL 0.2145 | V_loss 0.0037 | LR 0.000213 | BC 4.4863
Episode  7888 | Steps  1,970,453 | SPS      78 | Reward  -0.50 | Clip 0.081 | KL 0.2399 | V_loss 0.0045 | LR 0.000213 | BC 5.2540
Episode  7893 | Steps  1,972,625 | SPS      78 | Reward  -0.42 | Clip 0.081 | KL 0.5583 | V_loss 0.0102 | LR 0.000214 | BC 4.9898
Episode  7901 | Steps  1,975,062 | SPS      78 | Reward  -0.38 | Clip 0.081 | KL 0.4089 | V_loss 0.0044 | LR 0.000214 | BC 4.7067
Episode  7909 | Steps  1,977,241 | SPS      78 | Reward  -0.38 | Clip 0.081 | KL 0.3287 | V_loss 0.0039 | LR 0.000214 | BC 4.5797
Episode  7915 | Steps  1,979,292 | SPS      78 | Reward  -0.36 | Clip 0.081 | KL 0.3571 | V_loss 0.0047 | LR 0.000214 | BC 4.6495
Episode  7921 | Steps  1,981,353 | SPS      78 | Reward  -0.34 | Clip 0.081 | KL 0.4342 | V_loss 0.0053 | LR 0.000215 | BC 4.8306
  ★ Best checkpoint updated: reward=-0.3400 @ 1,981,353 steps
Episode  7931 | Steps  1,983,868 | SPS      78 | Reward  -0.36 | Clip 0.082 | KL 0.4340 | V_loss 0.0048 | LR 0.000215 | BC 4.6005
Episode  7936 | Steps  1,986,363 | SPS      78 | Reward  -0.30 | Clip 0.082 | KL 0.7478 | V_loss 0.0081 | LR 0.000215 | BC 5.0748
  ★ Best checkpoint updated: reward=-0.3000 @ 1,986,363 steps
Episode  7943 | Steps  1,988,627 | SPS      78 | Reward  -0.30 | Clip 0.084 | KL 0.4008 | V_loss 0.0051 | LR 0.000215 | BC 5.1682
Episode  7951 | Steps  1,990,786 | SPS      78 | Reward  -0.28 | Clip 0.084 | KL 0.5005 | V_loss 0.0040 | LR 0.000216 | BC 4.6290
Episode  7958 | Steps  1,993,058 | SPS      78 | Reward  -0.28 | Clip 0.084 | KL 0.5110 | V_loss 0.0054 | LR 0.000216 | BC 5.0128
Episode  7966 | Steps  1,995,216 | SPS      79 | Reward  -0.26 | Clip 0.085 | KL 0.2207 | V_loss 0.0041 | LR 0.000216 | BC 4.7350
  ★ Best checkpoint updated: reward=-0.2600 @ 1,995,216 steps
Episode  7972 | Steps  1,997,289 | SPS      79 | Reward  -0.24 | Clip 0.085 | KL 0.4330 | V_loss 0.0048 | LR 0.000216 | BC 4.5937
  ★ Best checkpoint updated: reward=-0.2400 @ 1,997,289 steps
Episode  7980 | Steps  1,999,423 | SPS      79 | Reward  -0.22 | Clip 0.086 | KL 0.4397 | V_loss 0.0044 | LR 0.000216 | BC 4.6859
Episode  7987 | Steps  2,001,644 | SPS      79 | Reward  -0.20 | Clip 0.086 | KL 0.4939 | V_loss 0.0053 | LR 0.000217 | BC 4.8261
  ★ Best checkpoint updated: reward=-0.2000 @ 2,001,644 steps
Checkpoint saved at checkpoints/step_2001644
Episode  7995 | Steps  2,003,780 | SPS      79 | Reward  -0.26 | Clip 0.086 | KL 0.4026 | V_loss 0.0045 | LR 0.000217 | BC 4.7108
Episode  8003 | Steps  2,005,900 | SPS      79 | Reward  -0.26 | Clip 0.087 | KL 0.3640 | V_loss 0.0052 | LR 0.000217 | BC 5.0821
Episode  8013 | Steps  2,008,366 | SPS      79 | Reward  -0.30 | Clip 0.087 | KL 0.2775 | V_loss 0.0040 | LR 0.000217 | BC 4.7683
Episode  8021 | Steps  2,010,419 | SPS      79 | Reward  -0.34 | Clip 0.087 | KL 0.4260 | V_loss 0.0042 | LR 0.000218 | BC 4.7830
Episode  8031 | Steps  2,012,899 | SPS      79 | Reward  -0.34 | Clip 0.088 | KL 0.3077 | V_loss 0.0041 | LR 0.000218 | BC 4.6086
Episode  8039 | Steps  2,015,018 | SPS      79 | Reward  -0.44 | Clip 0.088 | KL 0.4575 | V_loss 0.0055 | LR 0.000218 | BC 4.6986
Episode  8048 | Steps  2,017,233 | SPS      79 | Reward  -0.46 | Clip 0.088 | KL 0.3493 | V_loss 0.0047 | LR 0.000218 | BC 4.5762
Episode  8060 | Steps  2,019,595 | SPS      79 | Reward  -0.50 | Clip 0.089 | KL 0.2608 | V_loss 0.0037 | LR 0.000219 | BC 4.8582
Episode  8068 | Steps  2,021,667 | SPS      79 | Reward  -0.52 | Clip 0.089 | KL 0.4151 | V_loss 0.0077 | LR 0.000219 | BC 4.8268
Episode  8075 | Steps  2,023,944 | SPS      79 | Reward  -0.50 | Clip 0.089 | KL 0.6065 | V_loss 0.0048 | LR 0.000219 | BC 4.9495
Episode  8085 | Steps  2,026,320 | SPS      79 | Reward  -0.56 | Clip 0.090 | KL 0.3989 | V_loss 0.0049 | LR 0.000219 | BC 4.6756
Episode  8094 | Steps  2,028,433 | SPS      79 | Reward  -0.56 | Clip 0.089 | KL 0.2912 | V_loss 0.0040 | LR 0.000220 | BC 4.5729
Episode  8103 | Steps  2,030,924 | SPS      79 | Reward  -0.54 | Clip 0.089 | KL 0.4066 | V_loss 0.0039 | LR 0.000220 | BC 4.4422
Episode  8111 | Steps  2,033,254 | SPS      79 | Reward  -0.50 | Clip 0.090 | KL 0.5146 | V_loss 0.0063 | LR 0.000220 | BC 5.0059
Episode  8120 | Steps  2,035,508 | SPS      79 | Reward  -0.52 | Clip 0.090 | KL 0.4087 | V_loss 0.0029 | LR 0.000220 | BC 4.7734
Episode  8128 | Steps  2,037,591 | SPS      79 | Reward  -0.48 | Clip 0.091 | KL 0.3011 | V_loss 0.0040 | LR 0.000221 | BC 5.1196
Episode  8135 | Steps  2,039,737 | SPS      79 | Reward  -0.48 | Clip 0.090 | KL 0.3789 | V_loss 0.0043 | LR 0.000221 | BC 4.7081
Episode  8146 | Steps  2,041,974 | SPS      79 | Reward  -0.50 | Clip 0.091 | KL 0.3072 | V_loss 0.0031 | LR 0.000221 | BC 5.0103
Episode  8153 | Steps  2,044,162 | SPS      79 | Reward  -0.46 | Clip 0.091 | KL 0.3900 | V_loss 0.0048 | LR 0.000221 | BC 4.9640
Episode  8160 | Steps  2,046,393 | SPS      79 | Reward  -0.42 | Clip 0.091 | KL 0.5298 | V_loss 0.0066 | LR 0.000222 | BC 5.1557
Episode  8167 | Steps  2,048,573 | SPS      79 | Reward  -0.40 | Clip 0.091 | KL 0.4604 | V_loss 0.0056 | LR 0.000222 | BC 4.5777
Episode  8174 | Steps  2,050,778 | SPS      79 | Reward  -0.40 | Clip 0.092 | KL 0.3614 | V_loss 0.0058 | LR 0.000222 | BC 4.8181
Episode  8181 | Steps  2,053,013 | SPS      79 | Reward  -0.34 | Clip 0.092 | KL 0.5071 | V_loss 0.0053 | LR 0.000222 | BC 5.0212
Episode  8189 | Steps  2,055,116 | SPS      79 | Reward  -0.38 | Clip 0.092 | KL 0.4488 | V_loss 0.0049 | LR 0.000222 | BC 4.4712
Episode  8197 | Steps  2,057,213 | SPS      79 | Reward  -0.34 | Clip 0.093 | KL 0.3091 | V_loss 0.0040 | LR 0.000223 | BC 4.8090
Episode  8207 | Steps  2,059,355 | SPS      79 | Reward  -0.40 | Clip 0.094 | KL 0.2336 | V_loss 0.0033 | LR 0.000223 | BC 5.0812
Episode  8215 | Steps  2,061,475 | SPS      79 | Reward  -0.40 | Clip 0.095 | KL 0.5989 | V_loss 0.0032 | LR 0.000223 | BC 4.6799
Episode  8223 | Steps  2,063,628 | SPS      79 | Reward  -0.42 | Clip 0.096 | KL 0.2219 | V_loss 0.0040 | LR 0.000223 | BC 5.4597
Episode  8233 | Steps  2,065,778 | SPS      79 | Reward  -0.46 | Clip 0.096 | KL 0.2307 | V_loss 0.0025 | LR 0.000224 | BC 4.7196
Episode  8241 | Steps  2,067,872 | SPS      80 | Reward  -0.44 | Clip 0.096 | KL 0.3784 | V_loss 0.0035 | LR 0.000224 | BC 4.7227
Episode  8247 | Steps  2,070,229 | SPS      80 | Reward  -0.40 | Clip 0.096 | KL 0.7538 | V_loss 0.0059 | LR 0.000224 | BC 4.6005
Episode  8255 | Steps  2,072,383 | SPS      80 | Reward  -0.42 | Clip 0.097 | KL 0.4114 | V_loss 0.0040 | LR 0.000224 | BC 4.9836
Episode  8262 | Steps  2,074,600 | SPS      80 | Reward  -0.44 | Clip 0.098 | KL 0.5654 | V_loss 0.0061 | LR 0.000225 | BC 4.4913
Episode  8271 | Steps  2,076,703 | SPS      80 | Reward  -0.48 | Clip 0.097 | KL 0.1799 | V_loss 0.0040 | LR 0.000225 | BC 4.8124
Episode  8277 | Steps  2,078,758 | SPS      80 | Reward  -0.48 | Clip 0.098 | KL 0.7062 | V_loss 0.0070 | LR 0.000225 | BC 4.5359
Episode  8282 | Steps  2,080,953 | SPS      80 | Reward  -0.42 | Clip 0.098 | KL 0.6823 | V_loss 0.0055 | LR 0.000225 | BC 5.0103
Episode  8291 | Steps  2,083,331 | SPS      80 | Reward  -0.44 | Clip 0.098 | KL 0.2930 | V_loss 0.0058 | LR 0.000226 | BC 4.5982
Episode  8299 | Steps  2,085,428 | SPS      80 | Reward  -0.42 | Clip 0.099 | KL 0.4337 | V_loss 0.0037 | LR 0.000226 | BC 4.6734
Episode  8307 | Steps  2,087,889 | SPS      80 | Reward  -0.38 | Clip 0.100 | KL 0.4121 | V_loss 0.0039 | LR 0.000226 | BC 4.6326
Episode  8317 | Steps  2,090,102 | SPS      80 | Reward  -0.42 | Clip 0.099 | KL 0.1796 | V_loss 0.0033 | LR 0.000226 | BC 4.7708
Episode  8328 | Steps  2,092,209 | SPS      80 | Reward  -0.46 | Clip 0.099 | KL 0.1275 | V_loss 0.0028 | LR 0.000227 | BC 4.4338
Episode  8337 | Steps  2,094,497 | SPS      80 | Reward  -0.44 | Clip 0.099 | KL 0.3656 | V_loss 0.0037 | LR 0.000227 | BC 4.7884
Episode  8345 | Steps  2,096,651 | SPS      80 | Reward  -0.48 | Clip 0.099 | KL 0.2730 | V_loss 0.0042 | LR 0.000227 | BC 4.9491
Episode  8352 | Steps  2,098,831 | SPS      80 | Reward  -0.48 | Clip 0.098 | KL 0.4364 | V_loss 0.0058 | LR 0.000227 | BC 5.0067
Episode  8360 | Steps  2,100,926 | SPS      80 | Reward  -0.48 | Clip 0.099 | KL 0.5941 | V_loss 0.0040 | LR 0.000228 | BC 4.4995
Episode  8368 | Steps  2,103,327 | SPS      80 | Reward  -0.46 | Clip 0.099 | KL 0.4150 | V_loss 0.0076 | LR 0.000228 | BC 5.0200
Episode  8376 | Steps  2,105,427 | SPS      80 | Reward  -0.46 | Clip 0.099 | KL 0.3151 | V_loss 0.0028 | LR 0.000228 | BC 4.6457
Episode  8384 | Steps  2,107,500 | SPS      80 | Reward  -0.52 | Clip 0.099 | KL 0.3039 | V_loss 0.0036 | LR 0.000228 | BC 5.1302
Episode  8392 | Steps  2,109,658 | SPS      80 | Reward  -0.52 | Clip 0.099 | KL 0.2873 | V_loss 0.0031 | LR 0.000228 | BC 4.8860
Episode  8401 | Steps  2,111,878 | SPS      80 | Reward  -0.54 | Clip 0.099 | KL 0.2790 | V_loss 0.0029 | LR 0.000229 | BC 4.9250
Episode  8409 | Steps  2,114,007 | SPS      80 | Reward  -0.54 | Clip 0.099 | KL 0.4146 | V_loss 0.0039 | LR 0.000229 | BC 4.8375
Episode  8417 | Steps  2,116,146 | SPS      80 | Reward  -0.52 | Clip 0.099 | KL 0.3223 | V_loss 0.0039 | LR 0.000229 | BC 4.7616
Episode  8425 | Steps  2,118,257 | SPS      80 | Reward  -0.48 | Clip 0.099 | KL 0.2332 | V_loss 0.0046 | LR 0.000229 | BC 5.0276
Episode  8430 | Steps  2,120,433 | SPS      80 | Reward  -0.40 | Clip 0.099 | KL 0.5313 | V_loss 0.0043 | LR 0.000230 | BC 5.2297
Episode  8438 | Steps  2,122,616 | SPS      80 | Reward  -0.40 | Clip 0.098 | KL 0.2499 | V_loss 0.0029 | LR 0.000230 | BC 4.6264
Episode  8445 | Steps  2,124,878 | SPS      80 | Reward  -0.38 | Clip 0.099 | KL 0.4615 | V_loss 0.0044 | LR 0.000230 | BC 4.6533
Episode  8453 | Steps  2,126,961 | SPS      80 | Reward  -0.42 | Clip 0.099 | KL 0.5833 | V_loss 0.0048 | LR 0.000230 | BC 4.6387
Episode  8461 | Steps  2,129,051 | SPS      80 | Reward  -0.40 | Clip 0.099 | KL 0.4108 | V_loss 0.0046 | LR 0.000231 | BC 4.7130
Episode  8470 | Steps  2,131,323 | SPS      80 | Reward  -0.42 | Clip 0.100 | KL 0.3132 | V_loss 0.0038 | LR 0.000231 | BC 5.1470
Episode  8476 | Steps  2,133,386 | SPS      80 | Reward  -0.40 | Clip 0.100 | KL 0.3802 | V_loss 0.0046 | LR 0.000231 | BC 4.8127
Episode  8482 | Steps  2,135,494 | SPS      80 | Reward  -0.36 | Clip 0.101 | KL 0.3868 | V_loss 0.0047 | LR 0.000231 | BC 4.3967
Episode  8488 | Steps  2,137,565 | SPS      80 | Reward  -0.34 | Clip 0.101 | KL 0.3873 | V_loss 0.0051 | LR 0.000232 | BC 4.6908
Episode  8497 | Steps  2,139,922 | SPS      80 | Reward  -0.32 | Clip 0.101 | KL 0.3429 | V_loss 0.0041 | LR 0.000232 | BC 4.5285
Episode  8505 | Steps  2,142,351 | SPS      80 | Reward  -0.32 | Clip 0.100 | KL 0.2552 | V_loss 0.0044 | LR 0.000232 | BC 5.1306
Episode  8515 | Steps  2,144,566 | SPS      80 | Reward  -0.36 | Clip 0.100 | KL 0.1362 | V_loss 0.0041 | LR 0.000232 | BC 4.3860
Episode  8524 | Steps  2,146,633 | SPS      80 | Reward  -0.38 | Clip 0.100 | KL 0.2285 | V_loss 0.0046 | LR 0.000233 | BC 4.7030
Episode  8532 | Steps  2,148,707 | SPS      81 | Reward  -0.44 | Clip 0.099 | KL 0.2160 | V_loss 0.0197 | LR 0.000233 | BC 4.8434
Episode  8538 | Steps  2,150,805 | SPS      81 | Reward  -0.42 | Clip 0.099 | KL 0.4941 | V_loss 0.0050 | LR 0.000233 | BC 4.5915
Episode  8544 | Steps  2,153,133 | SPS      81 | Reward  -0.38 | Clip 0.099 | KL 0.5084 | V_loss 0.0062 | LR 0.000233 | BC 5.0825
Episode  8551 | Steps  2,155,363 | SPS      81 | Reward  -0.38 | Clip 0.100 | KL 0.4857 | V_loss 0.0083 | LR 0.000234 | BC 4.6274
Episode  8561 | Steps  2,157,526 | SPS      81 | Reward  -0.40 | Clip 0.099 | KL 0.2321 | V_loss 0.0058 | LR 0.000234 | BC 5.1334
Episode  8569 | Steps  2,159,672 | SPS      81 | Reward  -0.38 | Clip 0.098 | KL 0.2386 | V_loss 0.0053 | LR 0.000234 | BC 4.4851
Episode  8577 | Steps  2,161,843 | SPS      81 | Reward  -0.44 | Clip 0.099 | KL 0.3642 | V_loss 0.0074 | LR 0.000234 | BC 4.9745
Episode  8585 | Steps  2,163,965 | SPS      81 | Reward  -0.48 | Clip 0.098 | KL 0.3580 | V_loss 0.0057 | LR 0.000234 | BC 4.5161
Episode  8594 | Steps  2,166,130 | SPS      81 | Reward  -0.50 | Clip 0.097 | KL 0.2846 | V_loss 0.0044 | LR 0.000235 | BC 4.3923
Episode  8602 | Steps  2,168,283 | SPS      81 | Reward  -0.50 | Clip 0.096 | KL 0.4246 | V_loss 0.0054 | LR 0.000235 | BC 4.6050
Episode  8608 | Steps  2,170,657 | SPS      81 | Reward  -0.46 | Clip 0.096 | KL 0.4441 | V_loss 0.0071 | LR 0.000235 | BC 4.8238
Episode  8617 | Steps  2,172,722 | SPS      81 | Reward  -0.46 | Clip 0.096 | KL 0.2009 | V_loss 0.0033 | LR 0.000235 | BC 4.6540
Episode  8625 | Steps  2,174,894 | SPS      81 | Reward  -0.46 | Clip 0.096 | KL 0.4166 | V_loss 0.0044 | LR 0.000236 | BC 4.5513
Episode  8631 | Steps  2,176,966 | SPS      81 | Reward  -0.40 | Clip 0.096 | KL 0.3884 | V_loss 0.0042 | LR 0.000236 | BC 4.6132
Episode  8640 | Steps  2,179,025 | SPS      81 | Reward  -0.48 | Clip 0.096 | KL 0.1054 | V_loss 0.0030 | LR 0.000236 | BC 4.5377
Episode  8647 | Steps  2,181,326 | SPS      81 | Reward  -0.48 | Clip 0.096 | KL 0.4556 | V_loss 0.0045 | LR 0.000236 | BC 4.3436
Episode  8654 | Steps  2,183,576 | SPS      81 | Reward  -0.48 | Clip 0.095 | KL 0.5031 | V_loss 0.0055 | LR 0.000237 | BC 4.5266
Episode  8661 | Steps  2,186,112 | SPS      81 | Reward  -0.40 | Clip 0.095 | KL 0.3902 | V_loss 0.0065 | LR 0.000237 | BC 4.9048
Episode  8667 | Steps  2,188,208 | SPS      81 | Reward  -0.38 | Clip 0.095 | KL 0.4183 | V_loss 0.0042 | LR 0.000237 | BC 4.4649
Episode  8676 | Steps  2,190,576 | SPS      81 | Reward  -0.36 | Clip 0.095 | KL 0.3339 | V_loss 0.0046 | LR 0.000237 | BC 4.7889
Episode  8683 | Steps  2,192,829 | SPS      81 | Reward  -0.34 | Clip 0.096 | KL 0.3755 | V_loss 0.0048 | LR 0.000238 | BC 5.0902
Episode  8693 | Steps  2,195,066 | SPS      81 | Reward  -0.36 | Clip 0.095 | KL 0.1885 | V_loss 0.0031 | LR 0.000238 | BC 5.0096
Episode  8701 | Steps  2,197,223 | SPS      81 | Reward  -0.36 | Clip 0.095 | KL 0.1975 | V_loss 0.0036 | LR 0.000238 | BC 4.5849
Episode  8709 | Steps  2,199,364 | SPS      81 | Reward  -0.40 | Clip 0.095 | KL 0.3509 | V_loss 0.0042 | LR 0.000238 | BC 4.6319
Episode  8715 | Steps  2,201,457 | SPS      81 | Reward  -0.36 | Clip 0.094 | KL 0.4320 | V_loss 0.0050 | LR 0.000239 | BC 4.7098
Episode  8723 | Steps  2,203,602 | SPS      81 | Reward  -0.34 | Clip 0.094 | KL 0.3409 | V_loss 0.0031 | LR 0.000239 | BC 4.6192
Episode  8734 | Steps  2,205,746 | SPS      81 | Reward  -0.42 | Clip 0.093 | KL 0.1180 | V_loss 0.0017 | LR 0.000239 | BC 4.3235
Episode  8740 | Steps  2,207,815 | SPS      81 | Reward  -0.38 | Clip 0.092 | KL 0.4732 | V_loss 0.0047 | LR 0.000239 | BC 4.8379
Episode  8746 | Steps  2,210,207 | SPS      81 | Reward  -0.34 | Clip 0.093 | KL 0.4659 | V_loss 0.0077 | LR 0.000240 | BC 4.4209
Episode  8755 | Steps  2,212,264 | SPS      81 | Reward  -0.42 | Clip 0.092 | KL 0.1917 | V_loss 0.0025 | LR 0.000240 | BC 4.6737
Episode  8761 | Steps  2,214,667 | SPS      81 | Reward  -0.40 | Clip 0.092 | KL 0.5248 | V_loss 0.0052 | LR 0.000240 | BC 4.5763
Episode  8768 | Steps  2,216,929 | SPS      81 | Reward  -0.40 | Clip 0.092 | KL 0.3318 | V_loss 0.0040 | LR 0.000240 | BC 4.5771
Episode  8774 | Steps  2,219,009 | SPS      81 | Reward  -0.36 | Clip 0.091 | KL 0.5139 | V_loss 0.0046 | LR 0.000240 | BC 4.6763
Episode  8782 | Steps  2,221,484 | SPS      81 | Reward  -0.36 | Clip 0.091 | KL 0.4512 | V_loss 0.0047 | LR 0.000241 | BC 4.7919
Episode  8788 | Steps  2,223,852 | SPS      81 | Reward  -0.30 | Clip 0.092 | KL 0.4959 | V_loss 0.0050 | LR 0.000241 | BC 4.7909
Episode  8796 | Steps  2,226,039 | SPS      81 | Reward  -0.30 | Clip 0.092 | KL 0.2087 | V_loss 0.0039 | LR 0.000241 | BC 4.5970
Episode  8804 | Steps  2,228,507 | SPS      81 | Reward  -0.28 | Clip 0.092 | KL 0.5222 | V_loss 0.0042 | LR 0.000241 | BC 4.8626
Episode  8812 | Steps  2,230,692 | SPS      82 | Reward  -0.30 | Clip 0.092 | KL 0.2475 | V_loss 0.0034 | LR 0.000242 | BC 4.4668
Episode  8822 | Steps  2,233,200 | SPS      82 | Reward  -0.32 | Clip 0.091 | KL 0.2983 | V_loss 0.0037 | LR 0.000242 | BC 4.4251
Episode  8828 | Steps  2,235,303 | SPS      82 | Reward  -0.26 | Clip 0.091 | KL 0.4583 | V_loss 0.0052 | LR 0.000242 | BC 4.7373
Episode  8837 | Steps  2,237,588 | SPS      82 | Reward  -0.24 | Clip 0.092 | KL 0.3910 | V_loss 0.0038 | LR 0.000242 | BC 4.5197
Episode  8845 | Steps  2,239,789 | SPS      82 | Reward  -0.30 | Clip 0.091 | KL 0.3458 | V_loss 0.0028 | LR 0.000243 | BC 4.5289
Episode  8851 | Steps  2,241,877 | SPS      82 | Reward  -0.28 | Clip 0.093 | KL 0.5414 | V_loss 0.0058 | LR 0.000243 | BC 4.9528
Episode  8856 | Steps  2,244,078 | SPS      82 | Reward  -0.22 | Clip 0.093 | KL 0.5602 | V_loss 0.0044 | LR 0.000243 | BC 4.4295
Episode  8862 | Steps  2,246,477 | SPS      82 | Reward  -0.22 | Clip 0.095 | KL 0.3692 | V_loss 0.0038 | LR 0.000243 | BC 4.4857
Episode  8870 | Steps  2,248,663 | SPS      82 | Reward  -0.24 | Clip 0.096 | KL 0.2976 | V_loss 0.0042 | LR 0.000244 | BC 4.4743
Episode  8876 | Steps  2,250,717 | SPS      82 | Reward  -0.24 | Clip 0.096 | KL 0.3844 | V_loss 0.0044 | LR 0.000244 | BC 4.3495
Episode  8884 | Steps  2,253,193 | SPS      82 | Reward  -0.26 | Clip 0.096 | KL 0.3377 | V_loss 0.0035 | LR 0.000244 | BC 4.3695
Episode  8890 | Steps  2,255,560 | SPS      82 | Reward  -0.26 | Clip 0.098 | KL 0.4408 | V_loss 0.0038 | LR 0.000244 | BC 4.2402
Episode  8898 | Steps  2,257,801 | SPS      82 | Reward  -0.22 | Clip 0.097 | KL 0.2707 | V_loss 0.0030 | LR 0.000245 | BC 4.6947
Episode  8907 | Steps  2,260,144 | SPS      82 | Reward  -0.26 | Clip 0.097 | KL 0.2102 | V_loss 0.0034 | LR 0.000245 | BC 4.9366
Episode  8915 | Steps  2,262,627 | SPS      82 | Reward  -0.22 | Clip 0.097 | KL 0.4431 | V_loss 0.0036 | LR 0.000245 | BC 4.5326
Episode  8921 | Steps  2,265,031 | SPS      82 | Reward  -0.16 | Clip 0.098 | KL 0.3202 | V_loss 0.0036 | LR 0.000245 | BC 5.0454
  ★ Best checkpoint updated: reward=-0.1600 @ 2,265,031 steps
Episode  8931 | Steps  2,267,243 | SPS      82 | Reward  -0.24 | Clip 0.098 | KL 0.2101 | V_loss 0.0039 | LR 0.000246 | BC 5.2725
Episode  8940 | Steps  2,269,316 | SPS      82 | Reward  -0.26 | Clip 0.098 | KL 0.1661 | V_loss 0.0028 | LR 0.000246 | BC 4.5059
Episode  8948 | Steps  2,271,787 | SPS      82 | Reward  -0.24 | Clip 0.097 | KL 0.4586 | V_loss 0.0043 | LR 0.000246 | BC 4.7247
Episode  8957 | Steps  2,273,897 | SPS      82 | Reward  -0.36 | Clip 0.097 | KL 0.2351 | V_loss 0.0025 | LR 0.000246 | BC 4.4370
Episode  8965 | Steps  2,276,351 | SPS      82 | Reward  -0.38 | Clip 0.097 | KL 0.3122 | V_loss 0.0042 | LR 0.000246 | BC 4.7467
Episode  8974 | Steps  2,278,431 | SPS      82 | Reward  -0.42 | Clip 0.096 | KL 0.2185 | V_loss 0.0030 | LR 0.000247 | BC 4.4489
Episode  8984 | Steps  2,280,597 | SPS      82 | Reward  -0.48 | Clip 0.095 | KL 0.3056 | V_loss 0.0021 | LR 0.000247 | BC 4.4902
Episode  8994 | Steps  2,282,808 | SPS      82 | Reward  -0.54 | Clip 0.095 | KL 0.2581 | V_loss 0.0025 | LR 0.000247 | BC 4.5997
Episode  9001 | Steps  2,284,863 | SPS      82 | Reward  -0.52 | Clip 0.095 | KL 0.4414 | V_loss 0.0078 | LR 0.000247 | BC 4.4560
Episode  9009 | Steps  2,287,345 | SPS      82 | Reward  -0.50 | Clip 0.095 | KL 0.4698 | V_loss 0.0062 | LR 0.000248 | BC 4.8802
Episode  9019 | Steps  2,289,578 | SPS      82 | Reward  -0.60 | Clip 0.095 | KL 0.1964 | V_loss 0.0026 | LR 0.000248 | BC 4.7399
Episode  9026 | Steps  2,291,833 | SPS      82 | Reward  -0.58 | Clip 0.095 | KL 0.3891 | V_loss 0.0045 | LR 0.000248 | BC 4.4764
Episode  9032 | Steps  2,294,240 | SPS      82 | Reward  -0.52 | Clip 0.095 | KL 0.3904 | V_loss 0.0041 | LR 0.000248 | BC 4.5421
Episode  9041 | Steps  2,296,598 | SPS      82 | Reward  -0.48 | Clip 0.094 | KL 0.2288 | V_loss 0.0039 | LR 0.000249 | BC 4.5195
Episode  9047 | Steps  2,298,663 | SPS      82 | Reward  -0.46 | Clip 0.096 | KL 0.3362 | V_loss 0.0043 | LR 0.000249 | BC 4.5229
Episode  9057 | Steps  2,301,207 | SPS      82 | Reward  -0.46 | Clip 0.095 | KL 0.2981 | V_loss 0.0034 | LR 0.000249 | BC 4.6521
Episode  9066 | Steps  2,303,564 | SPS      82 | Reward  -0.48 | Clip 0.095 | KL 0.2405 | V_loss 0.0031 | LR 0.000249 | BC 4.6061
Episode  9072 | Steps  2,305,959 | SPS      82 | Reward  -0.42 | Clip 0.095 | KL 0.5404 | V_loss 0.0058 | LR 0.000250 | BC 4.7731
Episode  9079 | Steps  2,308,008 | SPS      82 | Reward  -0.40 | Clip 0.095 | KL 0.2769 | V_loss 0.0035 | LR 0.000250 | BC 4.5220
Episode  9088 | Steps  2,310,083 | SPS      82 | Reward  -0.38 | Clip 0.094 | KL 0.1557 | V_loss 0.0025 | LR 0.000250 | BC 4.5046
Episode  9094 | Steps  2,312,138 | SPS      82 | Reward  -0.34 | Clip 0.095 | KL 0.3280 | V_loss 0.0042 | LR 0.000250 | BC 4.6339
Episode  9104 | Steps  2,314,371 | SPS      82 | Reward  -0.40 | Clip 0.095 | KL 0.1625 | V_loss 0.0016 | LR 0.000251 | BC 4.9340
Episode  9113 | Steps  2,316,713 | SPS      82 | Reward  -0.40 | Clip 0.096 | KL 0.1855 | V_loss 0.0032 | LR 0.000251 | BC 4.6095
Episode  9119 | Steps  2,318,771 | SPS      82 | Reward  -0.36 | Clip 0.096 | KL 0.4121 | V_loss 0.0039 | LR 0.000251 | BC 4.4429
Episode  9127 | Steps  2,320,935 | SPS      82 | Reward  -0.38 | Clip 0.097 | KL 0.2573 | V_loss 0.0026 | LR 0.000251 | BC 4.4584
Episode  9133 | Steps  2,323,022 | SPS      82 | Reward  -0.40 | Clip 0.096 | KL 0.2938 | V_loss 0.0038 | LR 0.000252 | BC 4.5809
Episode  9139 | Steps  2,325,090 | SPS      83 | Reward  -0.36 | Clip 0.097 | KL 0.3485 | V_loss 0.0058 | LR 0.000252 | BC 4.6367
Episode  9145 | Steps  2,327,164 | SPS      83 | Reward  -0.34 | Clip 0.097 | KL 0.2787 | V_loss 0.0049 | LR 0.000252 | BC 4.4841
Episode  9151 | Steps  2,329,220 | SPS      83 | Reward  -0.34 | Clip 0.097 | KL 0.4482 | V_loss 0.0037 | LR 0.000252 | BC 4.4711
Episode  9160 | Steps  2,331,503 | SPS      83 | Reward  -0.34 | Clip 0.096 | KL 0.2744 | V_loss 0.0051 | LR 0.000252 | BC 4.5248
Episode  9170 | Steps  2,333,993 | SPS      83 | Reward  -0.38 | Clip 0.096 | KL 0.2064 | V_loss 0.0029 | LR 0.000253 | BC 4.5642
Episode  9178 | Steps  2,336,099 | SPS      83 | Reward  -0.40 | Clip 0.096 | KL 0.1537 | V_loss 0.0030 | LR 0.000253 | BC 4.4014
Episode  9186 | Steps  2,338,257 | SPS      83 | Reward  -0.36 | Clip 0.096 | KL 0.2485 | V_loss 0.0031 | LR 0.000253 | BC 4.4595
Episode  9192 | Steps  2,340,631 | SPS      83 | Reward  -0.34 | Clip 0.097 | KL 0.4039 | V_loss 0.0042 | LR 0.000253 | BC 4.4461
Episode  9203 | Steps  2,342,768 | SPS      83 | Reward  -0.38 | Clip 0.097 | KL 0.0473 | V_loss 0.0025 | LR 0.000254 | BC 4.7739
Episode  9212 | Steps  2,344,860 | SPS      83 | Reward  -0.38 | Clip 0.098 | KL 0.1454 | V_loss 0.0029 | LR 0.000254 | BC 4.8542
Episode  9219 | Steps  2,347,087 | SPS      83 | Reward  -0.40 | Clip 0.097 | KL 0.4208 | V_loss 0.0038 | LR 0.000255 | BC 4.8108
Episode  9229 | Steps  2,349,336 | SPS      83 | Reward  -0.44 | Clip 0.097 | KL 0.1806 | V_loss 0.0026 | LR 0.000255 | BC 4.4155
Episode  9237 | Steps  2,351,796 | SPS      83 | Reward  -0.46 | Clip 0.097 | KL 0.2956 | V_loss 0.0043 | LR 0.000255 | BC 4.3335
Episode  9246 | Steps  2,353,856 | SPS      83 | Reward  -0.52 | Clip 0.097 | KL 0.2004 | V_loss 0.0028 | LR 0.000255 | BC 4.6798
Episode  9254 | Steps  2,355,987 | SPS      83 | Reward  -0.56 | Clip 0.097 | KL 0.1894 | V_loss 0.0031 | LR 0.000256 | BC 4.8261
Episode  9261 | Steps  2,358,226 | SPS      83 | Reward  -0.52 | Clip 0.097 | KL 0.3905 | V_loss 0.0055 | LR 0.000256 | BC 4.9150
Episode  9270 | Steps  2,360,531 | SPS      83 | Reward  -0.52 | Clip 0.097 | KL 0.2794 | V_loss 0.0040 | LR 0.000256 | BC 4.5458
Episode  9279 | Steps  2,362,850 | SPS      83 | Reward  -0.52 | Clip 0.098 | KL 0.1823 | V_loss 0.0039 | LR 0.000256 | BC 4.6607
Episode  9286 | Steps  2,365,164 | SPS      83 | Reward  -0.50 | Clip 0.099 | KL 0.3001 | V_loss 0.0043 | LR 0.000257 | BC 4.4425
Episode  9292 | Steps  2,367,246 | SPS      83 | Reward  -0.52 | Clip 0.100 | KL 0.3356 | V_loss 0.0047 | LR 0.000257 | BC 4.6787
Episode  9298 | Steps  2,369,321 | SPS      83 | Reward  -0.46 | Clip 0.100 | KL 0.4009 | V_loss 0.0046 | LR 0.000257 | BC 4.3970
Episode  9306 | Steps  2,371,470 | SPS      83 | Reward  -0.42 | Clip 0.100 | KL 0.2258 | V_loss 0.0032 | LR 0.000257 | BC 4.5898
Episode  9312 | Steps  2,373,562 | SPS      83 | Reward  -0.38 | Clip 0.101 | KL 0.3654 | V_loss 0.0052 | LR 0.000258 | BC 4.3802
Episode  9322 | Steps  2,375,770 | SPS      83 | Reward  -0.44 | Clip 0.101 | KL 0.0939 | V_loss 0.0025 | LR 0.000258 | BC 4.7321
Episode  9328 | Steps  2,378,130 | SPS      83 | Reward  -0.36 | Clip 0.101 | KL 0.4822 | V_loss 0.0053 | LR 0.000258 | BC 4.4926
Episode  9337 | Steps  2,380,193 | SPS      83 | Reward  -0.40 | Clip 0.101 | KL 0.1852 | V_loss 0.0026 | LR 0.000258 | BC 4.7746
Episode  9346 | Steps  2,382,273 | SPS      83 | Reward  -0.40 | Clip 0.101 | KL 0.1937 | V_loss 0.0029 | LR 0.000258 | BC 4.3616
Episode  9353 | Steps  2,384,556 | SPS      83 | Reward  -0.38 | Clip 0.102 | KL 0.3883 | V_loss 0.0031 | LR 0.000259 | BC 4.8301
Episode  9361 | Steps  2,386,733 | SPS      83 | Reward  -0.40 | Clip 0.102 | KL 0.1953 | V_loss 0.0034 | LR 0.000259 | BC 4.5241
Episode  9370 | Steps  2,389,143 | SPS      83 | Reward  -0.40 | Clip 0.102 | KL 0.1567 | V_loss 0.0029 | LR 0.000259 | BC 4.3852
Episode  9381 | Steps  2,391,302 | SPS      83 | Reward  -0.46 | Clip 0.102 | KL 0.0703 | V_loss 0.0024 | LR 0.000259 | BC 4.4924
Episode  9389 | Steps  2,393,482 | SPS      83 | Reward  -0.48 | Clip 0.103 | KL 0.2206 | V_loss 0.0036 | LR 0.000260 | BC 4.3706
Episode  9395 | Steps  2,395,536 | SPS      83 | Reward  -0.50 | Clip 0.103 | KL 0.3828 | V_loss 0.0049 | LR 0.000260 | BC 4.2091
Episode  9401 | Steps  2,397,937 | SPS      83 | Reward  -0.44 | Clip 0.104 | KL 0.4501 | V_loss 0.0052 | LR 0.000260 | BC 4.3441
Episode  9410 | Steps  2,400,333 | SPS      83 | Reward  -0.46 | Clip 0.104 | KL 0.1691 | V_loss 0.0041 | LR 0.000260 | BC 4.3188
Episode  9419 | Steps  2,402,732 | SPS      83 | Reward  -0.48 | Clip 0.104 | KL 0.2998 | V_loss 0.0030 | LR 0.000261 | BC 4.3629
Episode  9427 | Steps  2,405,228 | SPS      83 | Reward  -0.48 | Clip 0.103 | KL 0.2455 | V_loss 0.0038 | LR 0.000261 | BC 4.4971
Episode  9436 | Steps  2,407,280 | SPS      83 | Reward  -0.50 | Clip 0.104 | KL 0.2136 | V_loss 0.0032 | LR 0.000261 | BC 4.8803
Episode  9442 | Steps  2,409,372 | SPS      83 | Reward  -0.46 | Clip 0.104 | KL 0.3538 | V_loss 0.0032 | LR 0.000261 | BC 4.8738
Episode  9450 | Steps  2,411,534 | SPS      83 | Reward  -0.44 | Clip 0.104 | KL 0.1265 | V_loss 0.0036 | LR 0.000262 | BC 4.3048
Episode  9459 | Steps  2,413,633 | SPS      83 | Reward  -0.50 | Clip 0.103 | KL 0.1906 | V_loss 0.0026 | LR 0.000262 | BC 4.3625
Episode  9467 | Steps  2,415,839 | SPS      83 | Reward  -0.48 | Clip 0.103 | KL 0.2253 | V_loss 0.0033 | LR 0.000262 | BC 4.3867
Episode  9475 | Steps  2,418,053 | SPS      83 | Reward  -0.46 | Clip 0.103 | KL 0.2497 | V_loss 0.0033 | LR 0.000262 | BC 4.2592
Episode  9484 | Steps  2,420,153 | SPS      83 | Reward  -0.46 | Clip 0.103 | KL 0.1664 | V_loss 0.0027 | LR 0.000263 | BC 4.6017
Episode  9491 | Steps  2,422,433 | SPS      83 | Reward  -0.46 | Clip 0.103 | KL 0.3205 | V_loss 0.0038 | LR 0.000263 | BC 4.2739
Episode  9499 | Steps  2,424,641 | SPS      83 | Reward  -0.48 | Clip 0.103 | KL 0.1379 | V_loss 0.0039 | LR 0.000263 | BC 4.4908
Episode  9507 | Steps  2,426,825 | SPS      83 | Reward  -0.50 | Clip 0.102 | KL 0.2377 | V_loss 0.0037 | LR 0.000263 | BC 4.7943
Episode  9513 | Steps  2,428,922 | SPS      84 | Reward  -0.46 | Clip 0.102 | KL 0.2625 | V_loss 0.0042 | LR 0.000264 | BC 4.3268
Episode  9520 | Steps  2,431,165 | SPS      84 | Reward  -0.44 | Clip 0.102 | KL 0.3276 | V_loss 0.0045 | LR 0.000264 | BC 4.8461
Episode  9527 | Steps  2,433,382 | SPS      84 | Reward  -0.44 | Clip 0.102 | KL 0.3061 | V_loss 0.0044 | LR 0.000264 | BC 4.9786
Episode  9533 | Steps  2,435,470 | SPS      84 | Reward  -0.40 | Clip 0.102 | KL 0.2882 | V_loss 0.0049 | LR 0.000264 | BC 4.3570
Episode  9540 | Steps  2,437,756 | SPS      84 | Reward  -0.38 | Clip 0.102 | KL 0.3370 | V_loss 0.0032 | LR 0.000264 | BC 4.1410
Episode  9550 | Steps  2,439,908 | SPS      84 | Reward  -0.42 | Clip 0.102 | KL 0.1159 | V_loss 0.0041 | LR 0.000265 | BC 4.4442
Episode  9560 | Steps  2,442,098 | SPS      84 | Reward  -0.42 | Clip 0.102 | KL 0.1028 | V_loss 0.0033 | LR 0.000265 | BC 4.5561
Episode  9568 | Steps  2,444,534 | SPS      84 | Reward  -0.40 | Clip 0.101 | KL 0.1979 | V_loss 0.0026 | LR 0.000265 | BC 4.2713
Episode  9574 | Steps  2,446,600 | SPS      84 | Reward  -0.36 | Clip 0.101 | KL 0.2424 | V_loss 0.0031 | LR 0.000265 | BC 4.6542
Episode  9580 | Steps  2,448,648 | SPS      84 | Reward  -0.34 | Clip 0.100 | KL 0.3145 | V_loss 0.0031 | LR 0.000266 | BC 4.9649
Episode  9588 | Steps  2,451,064 | SPS      84 | Reward  -0.30 | Clip 0.101 | KL 0.3548 | V_loss 0.0050 | LR 0.000266 | BC 4.5916
Episode  9596 | Steps  2,453,113 | SPS      84 | Reward  -0.34 | Clip 0.101 | KL 0.2004 | V_loss 0.0079 | LR 0.000266 | BC 4.2332
Episode  9604 | Steps  2,455,549 | SPS      84 | Reward  -0.32 | Clip 0.102 | KL 0.2181 | V_loss 0.0031 | LR 0.000266 | BC 4.3631
Episode  9611 | Steps  2,457,846 | SPS      84 | Reward  -0.30 | Clip 0.101 | KL 0.2976 | V_loss 0.0046 | LR 0.000267 | BC 4.4618
Episode  9620 | Steps  2,459,934 | SPS      84 | Reward  -0.36 | Clip 0.101 | KL 0.1159 | V_loss 0.0032 | LR 0.000267 | BC 4.4834
Episode  9628 | Steps  2,462,083 | SPS      84 | Reward  -0.40 | Clip 0.101 | KL 0.2786 | V_loss 0.0026 | LR 0.000267 | BC 4.4077
Episode  9637 | Steps  2,464,176 | SPS      84 | Reward  -0.46 | Clip 0.099 | KL 0.1311 | V_loss 0.0023 | LR 0.000267 | BC 5.0413
Episode  9642 | Steps  2,466,375 | SPS      84 | Reward  -0.40 | Clip 0.098 | KL 0.2991 | V_loss 0.0046 | LR 0.000268 | BC 4.6572
Episode  9650 | Steps  2,468,525 | SPS      84 | Reward  -0.38 | Clip 0.096 | KL 0.1593 | V_loss 0.0055 | LR 0.000268 | BC 4.5216
Episode  9656 | Steps  2,470,597 | SPS      84 | Reward  -0.34 | Clip 0.096 | KL 0.3437 | V_loss 0.0057 | LR 0.000268 | BC 4.4307
Episode  9662 | Steps  2,472,658 | SPS      84 | Reward  -0.30 | Clip 0.095 | KL 0.3339 | V_loss 0.0037 | LR 0.000268 | BC 4.5533
Episode  9667 | Steps  2,474,845 | SPS      84 | Reward  -0.24 | Clip 0.095 | KL 0.3701 | V_loss 0.0045 | LR 0.000269 | BC 4.2531
Episode  9676 | Steps  2,476,929 | SPS      84 | Reward  -0.34 | Clip 0.093 | KL 0.2566 | V_loss 0.0034 | LR 0.000269 | BC 4.2855
Episode  9684 | Steps  2,479,108 | SPS      84 | Reward  -0.34 | Clip 0.094 | KL 0.1879 | V_loss 0.0041 | LR 0.000269 | BC 4.2701
Episode  9692 | Steps  2,481,300 | SPS      84 | Reward  -0.38 | Clip 0.093 | KL 0.1938 | V_loss 0.0042 | LR 0.000269 | BC 4.3143
Episode  9700 | Steps  2,483,759 | SPS      84 | Reward  -0.36 | Clip 0.093 | KL 0.2877 | V_loss 0.0045 | LR 0.000270 | BC 4.4228
Episode  9706 | Steps  2,485,851 | SPS      84 | Reward  -0.36 | Clip 0.092 | KL 0.2862 | V_loss 0.0033 | LR 0.000270 | BC 4.4867
Episode  9714 | Steps  2,488,022 | SPS      84 | Reward  -0.36 | Clip 0.092 | KL 0.1967 | V_loss 0.0040 | LR 0.000270 | BC 4.2597
Episode  9723 | Steps  2,490,107 | SPS      84 | Reward  -0.34 | Clip 0.092 | KL 0.1735 | V_loss 0.0032 | LR 0.000270 | BC 4.6218
Episode  9732 | Steps  2,492,246 | SPS      84 | Reward  -0.36 | Clip 0.092 | KL 0.2151 | V_loss 0.0024 | LR 0.000270 | BC 4.6833
Episode  9740 | Steps  2,494,402 | SPS      84 | Reward  -0.38 | Clip 0.092 | KL 0.2094 | V_loss 0.0035 | LR 0.000271 | BC 4.5932
Episode  9747 | Steps  2,496,705 | SPS      84 | Reward  -0.38 | Clip 0.091 | KL 0.2583 | V_loss 0.0049 | LR 0.000271 | BC 4.1576
Episode  9753 | Steps  2,498,790 | SPS      84 | Reward  -0.38 | Clip 0.092 | KL 0.3437 | V_loss 0.0054 | LR 0.000271 | BC 4.3348
Episode  9761 | Steps  2,501,260 | SPS      84 | Reward  -0.40 | Clip 0.092 | KL 0.3194 | V_loss 0.0035 | LR 0.000271 | BC 4.2358
Checkpoint saved at checkpoints/step_2501260
Episode  9769 | Steps  2,503,379 | SPS      84 | Reward  -0.44 | Clip 0.092 | KL 0.3178 | V_loss 0.0033 | LR 0.000272 | BC 4.3842
Episode  9777 | Steps  2,505,579 | SPS      84 | Reward  -0.42 | Clip 0.091 | KL 0.1538 | V_loss 0.0047 | LR 0.000272 | BC 4.5884
Episode  9786 | Steps  2,507,672 | SPS      84 | Reward  -0.44 | Clip 0.092 | KL 0.1131 | V_loss 0.0031 | LR 0.000272 | BC 4.4247
Episode  9793 | Steps  2,509,958 | SPS      84 | Reward  -0.42 | Clip 0.092 | KL 0.2537 | V_loss 0.0050 | LR 0.000272 | BC 4.5113
Episode  9802 | Steps  2,512,029 | SPS      84 | Reward  -0.48 | Clip 0.092 | KL 0.1275 | V_loss 0.0030 | LR 0.000273 | BC 4.3563
Episode  9812 | Steps  2,514,280 | SPS      84 | Reward  -0.52 | Clip 0.091 | KL 0.1556 | V_loss 0.0032 | LR 0.000273 | BC 4.3326
Episode  9820 | Steps  2,516,428 | SPS      84 | Reward  -0.52 | Clip 0.091 | KL 0.3501 | V_loss 0.0043 | LR 0.000273 | BC 4.8905
Episode  9829 | Steps  2,518,779 | SPS      84 | Reward  -0.50 | Clip 0.090 | KL 0.1897 | V_loss 0.0023 | LR 0.000273 | BC 4.3509
Episode  9839 | Steps  2,520,967 | SPS      84 | Reward  -0.52 | Clip 0.090 | KL 0.1566 | V_loss 0.0022 | LR 0.000274 | BC 4.5956
Episode  9847 | Steps  2,523,121 | SPS      84 | Reward  -0.54 | Clip 0.090 | KL 0.1834 | V_loss 0.0025 | LR 0.000274 | BC 4.3312
Episode  9857 | Steps  2,525,171 | SPS      84 | Reward  -0.62 | Clip 0.089 | KL 0.0578 | V_loss 0.0008 | LR 0.000274 | BC 4.3991
Episode  9865 | Steps  2,527,284 | SPS      84 | Reward  -0.64 | Clip 0.090 | KL 0.3113 | V_loss 0.0030 | LR 0.000274 | BC 4.5945
Episode  9872 | Steps  2,529,531 | SPS      84 | Reward  -0.64 | Clip 0.090 | KL 0.3351 | V_loss 0.0035 | LR 0.000275 | BC 4.7604
Episode  9882 | Steps  2,532,040 | SPS      84 | Reward  -0.62 | Clip 0.089 | KL 0.2485 | V_loss 0.0030 | LR 0.000275 | BC 4.4793
Episode  9889 | Steps  2,534,310 | SPS      84 | Reward  -0.58 | Clip 0.090 | KL 0.4270 | V_loss 0.0044 | LR 0.000275 | BC 4.3121
Episode  9896 | Steps  2,536,563 | SPS      84 | Reward  -0.58 | Clip 0.089 | KL 0.2874 | V_loss 0.0040 | LR 0.000275 | BC 4.2123
Episode  9902 | Steps  2,538,668 | SPS      85 | Reward  -0.52 | Clip 0.089 | KL 0.2931 | V_loss 0.0053 | LR 0.000276 | BC 4.4812
Episode  9909 | Steps  2,540,966 | SPS      85 | Reward  -0.48 | Clip 0.089 | KL 0.2901 | V_loss 0.0037 | LR 0.000276 | BC 4.5941
Episode  9915 | Steps  2,543,061 | SPS      85 | Reward  -0.46 | Clip 0.089 | KL 0.3366 | V_loss 0.0040 | LR 0.000276 | BC 4.5590
Episode  9922 | Steps  2,545,296 | SPS      85 | Reward  -0.42 | Clip 0.089 | KL 0.3157 | V_loss 0.0035 | LR 0.000276 | BC 4.4275
Episode  9927 | Steps  2,547,495 | SPS      85 | Reward  -0.34 | Clip 0.090 | KL 0.3898 | V_loss 0.0048 | LR 0.000276 | BC 4.3390
Episode  9935 | Steps  2,549,717 | SPS      85 | Reward  -0.34 | Clip 0.090 | KL 0.2929 | V_loss 0.0038 | LR 0.000277 | BC 4.1966
Episode  9942 | Steps  2,552,027 | SPS      85 | Reward  -0.30 | Clip 0.090 | KL 0.3314 | V_loss 0.0050 | LR 0.000277 | BC 4.1833
Episode  9951 | Steps  2,554,079 | SPS      85 | Reward  -0.30 | Clip 0.090 | KL 0.1707 | V_loss 0.0032 | LR 0.000277 | BC 4.8687
Episode  9960 | Steps  2,556,173 | SPS      85 | Reward  -0.28 | Clip 0.090 | KL 0.1180 | V_loss 0.0028 | LR 0.000277 | BC 4.8547
Episode  9968 | Steps  2,558,331 | SPS      85 | Reward  -0.30 | Clip 0.090 | KL 0.2385 | V_loss 0.0037 | LR 0.000278 | BC 4.5505
Episode  9976 | Steps  2,560,510 | SPS      85 | Reward  -0.30 | Clip 0.089 | KL 0.2205 | V_loss 0.0038 | LR 0.000278 | BC 4.3256
Episode  9984 | Steps  2,562,693 | SPS      85 | Reward  -0.30 | Clip 0.089 | KL 0.2437 | V_loss 0.0036 | LR 0.000278 | BC 4.2341
Episode  9990 | Steps  2,564,796 | SPS      85 | Reward  -0.32 | Clip 0.090 | KL 0.3388 | V_loss 0.0049 | LR 0.000278 | BC 4.2695
Episode  9997 | Steps  2,567,067 | SPS      85 | Reward  -0.32 | Clip 0.090 | KL 0.2196 | V_loss 0.0038 | LR 0.000279 | BC 4.5537
Episode 10005 | Steps  2,569,520 | SPS      85 | Reward  -0.34 | Clip 0.091 | KL 0.3368 | V_loss 0.0036 | LR 0.000279 | BC 4.6433
Episode 10015 | Steps  2,572,033 | SPS      85 | Reward  -0.38 | Clip 0.091 | KL 0.2672 | V_loss 0.0036 | LR 0.000279 | BC 4.6088
Episode 10023 | Steps  2,574,154 | SPS      85 | Reward  -0.42 | Clip 0.091 | KL 0.2355 | V_loss 0.0038 | LR 0.000279 | BC 4.3472
Episode 10033 | Steps  2,576,687 | SPS      85 | Reward  -0.48 | Clip 0.090 | KL 0.2027 | V_loss 0.0029 | LR 0.000280 | BC 4.6204
Episode 10040 | Steps  2,578,913 | SPS      85 | Reward  -0.44 | Clip 0.089 | KL 0.2971 | V_loss 0.0039 | LR 0.000280 | BC 4.5500
Episode 10050 | Steps  2,581,158 | SPS      85 | Reward  -0.48 | Clip 0.089 | KL 0.2376 | V_loss 0.0032 | LR 0.000280 | BC 4.7812
Episode 10058 | Steps  2,583,273 | SPS      85 | Reward  -0.46 | Clip 0.089 | KL 0.2197 | V_loss 0.0046 | LR 0.000280 | BC 4.8333
Episode 10066 | Steps  2,585,439 | SPS      85 | Reward  -0.46 | Clip 0.087 | KL 0.1890 | V_loss 0.0034 | LR 0.000281 | BC 4.8701
Episode 10076 | Steps  2,587,652 | SPS      85 | Reward  -0.48 | Clip 0.087 | KL 0.2020 | V_loss 0.0024 | LR 0.000281 | BC 4.3254
Episode 10084 | Steps  2,590,074 | SPS      85 | Reward  -0.46 | Clip 0.087 | KL 0.2092 | V_loss 0.0030 | LR 0.000281 | BC 4.2336
Episode 10093 | Steps  2,592,439 | SPS      85 | Reward  -0.52 | Clip 0.087 | KL 0.3486 | V_loss 0.0028 | LR 0.000281 | BC 4.1267
Episode 10099 | Steps  2,594,826 | SPS      85 | Reward  -0.48 | Clip 0.087 | KL 0.3781 | V_loss 0.0055 | LR 0.000282 | BC 4.1747
Episode 10106 | Steps  2,597,131 | SPS      85 | Reward  -0.46 | Clip 0.087 | KL 0.3884 | V_loss 0.0036 | LR 0.000282 | BC 4.3203
Episode 10112 | Steps  2,599,200 | SPS      85 | Reward  -0.42 | Clip 0.088 | KL 0.2604 | V_loss 0.0040 | LR 0.000282 | BC 4.5561
Episode 10121 | Steps  2,601,260 | SPS      85 | Reward  -0.44 | Clip 0.088 | KL 0.1405 | V_loss 0.0027 | LR 0.000282 | BC 4.3116
Episode 10129 | Steps  2,603,707 | SPS      85 | Reward  -0.42 | Clip 0.089 | KL 0.2993 | V_loss 0.0034 | LR 0.000282 | BC 4.7677
Episode 10137 | Steps  2,606,191 | SPS      85 | Reward  -0.42 | Clip 0.089 | KL 0.3120 | V_loss 0.0051 | LR 0.000283 | BC 4.4678
Episode 10145 | Steps  2,608,662 | SPS      85 | Reward  -0.40 | Clip 0.089 | KL 0.3780 | V_loss 0.0044 | LR 0.000283 | BC 4.8153
Episode 10155 | Steps  2,610,860 | SPS      85 | Reward  -0.42 | Clip 0.090 | KL 0.2027 | V_loss 0.0036 | LR 0.000283 | BC 4.3753
Episode 10163 | Steps  2,613,350 | SPS      85 | Reward  -0.40 | Clip 0.091 | KL 0.4018 | V_loss 0.0027 | LR 0.000283 | BC 4.3564
Episode 10171 | Steps  2,615,474 | SPS      85 | Reward  -0.38 | Clip 0.090 | KL 0.2597 | V_loss 0.0031 | LR 0.000284 | BC 4.9268
Episode 10177 | Steps  2,617,527 | SPS      85 | Reward  -0.34 | Clip 0.090 | KL 0.2627 | V_loss 0.0044 | LR 0.000284 | BC 4.8483
Episode 10183 | Steps  2,619,615 | SPS      85 | Reward  -0.30 | Clip 0.090 | KL 0.3303 | V_loss 0.0037 | LR 0.000284 | BC 4.3421
Episode 10190 | Steps  2,621,880 | SPS      85 | Reward  -0.28 | Clip 0.090 | KL 0.2994 | V_loss 0.0030 | LR 0.000284 | BC 4.2587
Episode 10198 | Steps  2,624,103 | SPS      85 | Reward  -0.32 | Clip 0.090 | KL 0.1782 | V_loss 0.0030 | LR 0.000285 | BC 4.3553
Episode 10207 | Steps  2,626,158 | SPS      85 | Reward  -0.40 | Clip 0.090 | KL 0.2070 | V_loss 0.0029 | LR 0.000285 | BC 4.1396
Episode 10215 | Steps  2,628,300 | SPS      85 | Reward  -0.40 | Clip 0.090 | KL 0.2182 | V_loss 0.0034 | LR 0.000285 | BC 4.4849
Episode 10221 | Steps  2,630,411 | SPS      85 | Reward  -0.36 | Clip 0.090 | KL 0.2582 | V_loss 0.0057 | LR 0.000285 | BC 4.3106
Episode 10229 | Steps  2,632,603 | SPS      85 | Reward  -0.38 | Clip 0.090 | KL 0.2141 | V_loss 0.0033 | LR 0.000286 | BC 4.4575
Episode 10238 | Steps  2,634,679 | SPS      85 | Reward  -0.42 | Clip 0.090 | KL 0.2165 | V_loss 0.0032 | LR 0.000286 | BC 4.1494
Episode 10244 | Steps  2,636,751 | SPS      85 | Reward  -0.40 | Clip 0.091 | KL 0.2492 | V_loss 0.0052 | LR 0.000286 | BC 4.8906
Episode 10250 | Steps  2,638,817 | SPS      85 | Reward  -0.36 | Clip 0.091 | KL 0.3913 | V_loss 0.0040 | LR 0.000286 | BC 4.6617
Episode 10259 | Steps  2,641,217 | SPS      85 | Reward  -0.36 | Clip 0.091 | KL 0.2662 | V_loss 0.0025 | LR 0.000287 | BC 4.3944
Episode 10267 | Steps  2,643,430 | SPS      85 | Reward  -0.38 | Clip 0.091 | KL 0.1188 | V_loss 0.0022 | LR 0.000287 | BC 4.7022
Episode 10276 | Steps  2,645,827 | SPS      85 | Reward  -0.40 | Clip 0.092 | KL 0.2617 | V_loss 0.0029 | LR 0.000287 | BC 4.5934
Episode 10282 | Steps  2,647,912 | SPS      85 | Reward  -0.40 | Clip 0.093 | KL 0.3824 | V_loss 0.0037 | LR 0.000287 | BC 4.8086
Episode 10290 | Steps  2,650,102 | SPS      85 | Reward  -0.44 | Clip 0.093 | KL 0.2512 | V_loss 0.0031 | LR 0.000288 | BC 4.6031
Episode 10296 | Steps  2,652,172 | SPS      85 | Reward  -0.42 | Clip 0.094 | KL 0.4758 | V_loss 0.0052 | LR 0.000288 | BC 4.5045
Episode 10304 | Steps  2,654,380 | SPS      85 | Reward  -0.40 | Clip 0.094 | KL 0.3178 | V_loss 0.0046 | LR 0.000288 | BC 4.4921
Episode 10310 | Steps  2,656,507 | SPS      86 | Reward  -0.34 | Clip 0.094 | KL 0.3667 | V_loss 0.0041 | LR 0.000288 | BC 4.8011
Episode 10316 | Steps  2,658,885 | SPS      86 | Reward  -0.32 | Clip 0.095 | KL 0.4101 | V_loss 0.0045 | LR 0.000288 | BC 4.8756
Episode 10322 | Steps  2,660,981 | SPS      86 | Reward  -0.32 | Clip 0.096 | KL 0.2684 | V_loss 0.0038 | LR 0.000289 | BC 4.7514
Episode 10328 | Steps  2,663,063 | SPS      86 | Reward  -0.28 | Clip 0.096 | KL 0.2965 | V_loss 0.0048 | LR 0.000289 | BC 4.3662
Episode 10336 | Steps  2,665,252 | SPS      86 | Reward  -0.24 | Clip 0.097 | KL 0.4645 | V_loss 0.0048 | LR 0.000289 | BC 4.5909
Episode 10344 | Steps  2,667,431 | SPS      86 | Reward  -0.28 | Clip 0.096 | KL 0.1950 | V_loss 0.0062 | LR 0.000289 | BC 4.4202
Episode 10353 | Steps  2,669,530 | SPS      86 | Reward  -0.32 | Clip 0.096 | KL 0.2015 | V_loss 0.0058 | LR 0.000290 | BC 4.2952
Episode 10359 | Steps  2,671,618 | SPS      86 | Reward  -0.30 | Clip 0.096 | KL 0.3708 | V_loss 0.0048 | LR 0.000290 | BC 4.7512
Episode 10369 | Steps  2,673,924 | SPS      86 | Reward  -0.32 | Clip 0.096 | KL 0.1704 | V_loss 0.0037 | LR 0.000290 | BC 4.6495
Episode 10377 | Steps  2,676,081 | SPS      86 | Reward  -0.34 | Clip 0.096 | KL 0.2775 | V_loss 0.0036 | LR 0.000290 | BC 4.1679
Episode 10385 | Steps  2,678,292 | SPS      86 | Reward  -0.34 | Clip 0.096 | KL 0.3781 | V_loss 0.0039 | LR 0.000291 | BC 4.5515
Episode 10394 | Steps  2,680,358 | SPS      86 | Reward  -0.40 | Clip 0.096 | KL 0.0918 | V_loss 0.0021 | LR 0.000291 | BC 4.4004
Episode 10400 | Steps  2,682,433 | SPS      86 | Reward  -0.40 | Clip 0.096 | KL 0.3843 | V_loss 0.0049 | LR 0.000291 | BC 4.1614
Episode 10408 | Steps  2,684,581 | SPS      86 | Reward  -0.40 | Clip 0.097 | KL 0.2665 | V_loss 0.0035 | LR 0.000291 | BC 4.3045
Episode 10414 | Steps  2,686,672 | SPS      86 | Reward  -0.40 | Clip 0.097 | KL 0.4257 | V_loss 0.0044 | LR 0.000292 | BC 4.3360
Episode 10424 | Steps  2,688,827 | SPS      86 | Reward  -0.50 | Clip 0.097 | KL 0.2158 | V_loss 0.0032 | LR 0.000292 | BC 4.8181
Episode 10434 | Steps  2,690,986 | SPS      86 | Reward  -0.56 | Clip 0.098 | KL 0.1938 | V_loss 0.0026 | LR 0.000292 | BC 4.7283
Episode 10439 | Steps  2,693,152 | SPS      86 | Reward  -0.50 | Clip 0.098 | KL 0.3656 | V_loss 0.0060 | LR 0.000292 | BC 4.4089
Episode 10450 | Steps  2,695,321 | SPS      86 | Reward  -0.52 | Clip 0.098 | KL 0.1063 | V_loss 0.0018 | LR 0.000293 | BC 4.1947
Episode 10458 | Steps  2,697,458 | SPS      86 | Reward  -0.54 | Clip 0.099 | KL 0.3468 | V_loss 0.0027 | LR 0.000293 | BC 4.2898
Episode 10467 | Steps  2,699,805 | SPS      86 | Reward  -0.52 | Clip 0.099 | KL 0.2464 | V_loss 0.0031 | LR 0.000293 | BC 4.2157
Episode 10473 | Steps  2,701,887 | SPS      86 | Reward  -0.50 | Clip 0.100 | KL 0.3928 | V_loss 0.0036 | LR 0.000293 | BC 4.2655
Episode 10481 | Steps  2,704,043 | SPS      86 | Reward  -0.50 | Clip 0.100 | KL 0.4373 | V_loss 0.0043 | LR 0.000294 | BC 4.1227
Episode 10488 | Steps  2,706,300 | SPS      86 | Reward  -0.46 | Clip 0.101 | KL 0.2528 | V_loss 0.0044 | LR 0.000294 | BC 4.7640
Episode 10496 | Steps  2,708,491 | SPS      86 | Reward  -0.46 | Clip 0.101 | KL 0.2697 | V_loss 0.0035 | LR 0.000294 | BC 4.2946
Episode 10502 | Steps  2,710,841 | SPS      86 | Reward  -0.42 | Clip 0.101 | KL 0.5407 | V_loss 0.0058 | LR 0.000294 | BC 4.7833
Episode 10511 | Steps  2,712,914 | SPS      86 | Reward  -0.46 | Clip 0.102 | KL 0.1078 | V_loss 0.0037 | LR 0.000294 | BC 4.6630
Episode 10519 | Steps  2,715,094 | SPS      86 | Reward  -0.46 | Clip 0.102 | KL 0.1767 | V_loss 0.0049 | LR 0.000295 | BC 4.2735
Episode 10527 | Steps  2,717,291 | SPS      86 | Reward  -0.44 | Clip 0.103 | KL 0.1964 | V_loss 0.0034 | LR 0.000295 | BC 4.6090
Episode 10537 | Steps  2,719,795 | SPS      86 | Reward  -0.46 | Clip 0.102 | KL 0.3603 | V_loss 0.0047 | LR 0.000295 | BC 4.3027
Episode 10545 | Steps  2,721,975 | SPS      86 | Reward  -0.46 | Clip 0.102 | KL 0.1931 | V_loss 0.0035 | LR 0.000295 | BC 4.1043
Episode 10553 | Steps  2,724,166 | SPS      86 | Reward  -0.44 | Clip 0.102 | KL 0.3228 | V_loss 0.0036 | LR 0.000296 | BC 4.0456
Episode 10561 | Steps  2,726,374 | SPS      86 | Reward  -0.42 | Clip 0.103 | KL 0.3503 | V_loss 0.0035 | LR 0.000296 | BC 4.1588
Episode 10569 | Steps  2,728,582 | SPS      86 | Reward  -0.42 | Clip 0.103 | KL 0.2243 | V_loss 0.0030 | LR 0.000296 | BC 4.3143
Episode 10576 | Steps  2,730,866 | SPS      86 | Reward  -0.42 | Clip 0.104 | KL 0.4190 | V_loss 0.0037 | LR 0.000296 | BC 4.3306
Episode 10584 | Steps  2,733,049 | SPS      86 | Reward  -0.44 | Clip 0.104 | KL 0.3225 | V_loss 0.0028 | LR 0.000297 | BC 4.3492
Episode 10592 | Steps  2,735,520 | SPS      86 | Reward  -0.46 | Clip 0.104 | KL 0.3624 | V_loss 0.0029 | LR 0.000297 | BC 4.3751
Episode 10601 | Steps  2,737,911 | SPS      86 | Reward  -0.48 | Clip 0.104 | KL 0.2602 | V_loss 0.0029 | LR 0.000297 | BC 4.5342
Episode 10610 | Steps  2,740,006 | SPS      86 | Reward  -0.50 | Clip 0.104 | KL 0.1969 | V_loss 0.0028 | LR 0.000297 | BC 4.6859
Episode 10619 | Steps  2,742,091 | SPS      86 | Reward  -0.52 | Clip 0.104 | KL 0.1679 | V_loss 0.0029 | LR 0.000298 | BC 4.3864
Episode 10628 | Steps  2,744,224 | SPS      86 | Reward  -0.54 | Clip 0.104 | KL 0.2114 | V_loss 0.0025 | LR 0.000298 | BC 4.3182
Episode 10637 | Steps  2,746,314 | SPS      86 | Reward  -0.56 | Clip 0.104 | KL 0.1249 | V_loss 0.0020 | LR 0.000298 | BC 4.4352
Episode 10645 | Steps  2,748,518 | SPS      86 | Reward  -0.56 | Clip 0.103 | KL 0.2898 | V_loss 0.0032 | LR 0.000298 | BC 4.8216
Episode 10653 | Steps  2,750,744 | SPS      86 | Reward  -0.56 | Clip 0.103 | KL 0.3152 | V_loss 0.0030 | LR 0.000299 | BC 4.4180
Episode 10660 | Steps  2,753,026 | SPS      86 | Reward  -0.54 | Clip 0.104 | KL 0.3708 | V_loss 0.0031 | LR 0.000299 | BC 4.4767
Episode 10667 | Steps  2,755,345 | SPS      86 | Reward  -0.52 | Clip 0.103 | KL 0.3681 | V_loss 0.0042 | LR 0.000299 | BC 4.2922
Episode 10673 | Steps  2,757,445 | SPS      86 | Reward  -0.46 | Clip 0.104 | KL 0.4203 | V_loss 0.0045 | LR 0.000299 | BC 4.5480
Episode 10681 | Steps  2,759,967 | SPS      86 | Reward  -0.50 | Clip 0.104 | KL 0.4479 | V_loss 0.0038 | LR 0.000300 | BC 4.1914
Episode 10690 | Steps  2,762,405 | SPS      86 | Reward  -0.50 | Clip 0.104 | KL 0.2761 | V_loss 0.0028 | LR 0.000300 | BC 4.2581
Episode 10699 | Steps  2,764,489 | SPS      86 | Reward  -0.52 | Clip 0.104 | KL 0.1546 | V_loss 0.0021 | LR 0.000300 | BC 4.1726
Episode 10707 | Steps  2,766,718 | SPS      86 | Reward  -0.52 | Clip 0.104 | KL 0.3135 | V_loss 0.0034 | LR 0.000300 | BC 4.3612
Episode 10715 | Steps  2,768,964 | SPS      86 | Reward  -0.50 | Clip 0.103 | KL 0.2098 | V_loss 0.0035 | LR 0.000300 | BC 4.3043
Episode 10721 | Steps  2,771,056 | SPS      86 | Reward  -0.46 | Clip 0.104 | KL 0.5062 | V_loss 0.0084 | LR 0.000300 | BC 4.4468
Episode 10729 | Steps  2,773,267 | SPS      86 | Reward  -0.42 | Clip 0.104 | KL 0.1609 | V_loss 0.0036 | LR 0.000300 | BC 4.1623
Episode 10738 | Steps  2,775,722 | SPS      86 | Reward  -0.40 | Clip 0.104 | KL 0.1720 | V_loss 0.0035 | LR 0.000300 | BC 4.2807
Episode 10746 | Steps  2,778,245 | SPS      86 | Reward  -0.38 | Clip 0.104 | KL 0.2725 | V_loss 0.0050 | LR 0.000300 | BC 4.2673
Episode 10752 | Steps  2,780,348 | SPS      86 | Reward  -0.36 | Clip 0.104 | KL 0.4104 | V_loss 0.0049 | LR 0.000300 | BC 4.3363
Episode 10760 | Steps  2,782,858 | SPS      86 | Reward  -0.36 | Clip 0.104 | KL 0.4406 | V_loss 0.0042 | LR 0.000300 | BC 4.4664
Episode 10766 | Steps  2,784,976 | SPS      86 | Reward  -0.34 | Clip 0.104 | KL 0.3420 | V_loss 0.0046 | LR 0.000300 | BC 4.3501
Episode 10773 | Steps  2,787,315 | SPS      86 | Reward  -0.36 | Clip 0.104 | KL 0.3120 | V_loss 0.0051 | LR 0.000300 | BC 4.5583
Episode 10779 | Steps  2,789,412 | SPS      86 | Reward  -0.34 | Clip 0.103 | KL 0.2624 | V_loss 0.0056 | LR 0.000300 | BC 4.1751
Episode 10784 | Steps  2,791,907 | SPS      86 | Reward  -0.26 | Clip 0.103 | KL 0.3668 | V_loss 0.0062 | LR 0.000300 | BC 4.1612
Episode 10792 | Steps  2,794,145 | SPS      86 | Reward  -0.28 | Clip 0.103 | KL 0.2197 | V_loss 0.0061 | LR 0.000300 | BC 4.1764
Episode 10798 | Steps  2,796,235 | SPS      86 | Reward  -0.22 | Clip 0.103 | KL 0.2659 | V_loss 0.0070 | LR 0.000300 | BC 4.3632
Episode 10806 | Steps  2,798,750 | SPS      86 | Reward  -0.20 | Clip 0.103 | KL 0.4444 | V_loss 0.0054 | LR 0.000300 | BC 4.4297
Episode 10812 | Steps  2,800,842 | SPS      86 | Reward  -0.14 | Clip 0.104 | KL 0.2650 | V_loss 0.0039 | LR 0.000300 | BC 4.9651
Episode 10820 | Steps  2,803,023 | SPS      86 | Reward  -0.20 | Clip 0.104 | KL 0.1775 | V_loss 0.0052 | LR 0.000300 | BC 4.4451
Episode 10827 | Steps  2,805,074 | SPS      87 | Reward  -0.20 | Clip 0.104 | KL 0.2736 | V_loss 0.0031 | LR 0.000300 | BC 4.5163
Episode 10833 | Steps  2,807,137 | SPS      87 | Reward  -0.14 | Clip 0.104 | KL 0.2647 | V_loss 0.0042 | LR 0.000300 | BC 4.3916
Episode 10841 | Steps  2,809,355 | SPS      87 | Reward  -0.16 | Clip 0.104 | KL 0.2086 | V_loss 0.0031 | LR 0.000300 | BC 4.3660
Episode 10847 | Steps  2,811,464 | SPS      87 | Reward  -0.16 | Clip 0.104 | KL 0.2181 | V_loss 0.0034 | LR 0.000300 | BC 4.9404
Episode 10856 | Steps  2,813,606 | SPS      87 | Reward  -0.22 | Clip 0.104 | KL 0.1919 | V_loss 0.0020 | LR 0.000300 | BC 4.5640
Episode 10864 | Steps  2,815,864 | SPS      87 | Reward  -0.24 | Clip 0.103 | KL 0.2625 | V_loss 0.0031 | LR 0.000300 | BC 4.2988
Episode 10872 | Steps  2,818,388 | SPS      87 | Reward  -0.24 | Clip 0.103 | KL 0.2623 | V_loss 0.0030 | LR 0.000300 | BC 4.8345
Episode 10878 | Steps  2,820,495 | SPS      87 | Reward  -0.24 | Clip 0.102 | KL 0.2771 | V_loss 0.0030 | LR 0.000300 | BC 4.2153
Episode 10885 | Steps  2,822,794 | SPS      87 | Reward  -0.32 | Clip 0.102 | KL 0.3826 | V_loss 0.0043 | LR 0.000300 | BC 4.4012
Episode 10891 | Steps  2,824,905 | SPS      87 | Reward  -0.28 | Clip 0.101 | KL 0.4153 | V_loss 0.0037 | LR 0.000300 | BC 4.8694
Episode 10897 | Steps  2,827,320 | SPS      87 | Reward  -0.24 | Clip 0.102 | KL 0.3409 | V_loss 0.0058 | LR 0.000300 | BC 4.2011
Episode 10903 | Steps  2,829,425 | SPS      87 | Reward  -0.22 | Clip 0.102 | KL 0.3940 | V_loss 0.0045 | LR 0.000300 | BC 4.5700
Episode 10912 | Steps  2,831,889 | SPS      87 | Reward  -0.28 | Clip 0.101 | KL 0.2772 | V_loss 0.0032 | LR 0.000300 | BC 4.7032
Episode 10920 | Steps  2,834,407 | SPS      87 | Reward  -0.26 | Clip 0.101 | KL 0.2745 | V_loss 0.0036 | LR 0.000300 | BC 4.6037
Episode 10929 | Steps  2,836,489 | SPS      87 | Reward  -0.32 | Clip 0.101 | KL 0.2249 | V_loss 0.0033 | LR 0.000300 | BC 4.4185
Episode 10935 | Steps  2,838,584 | SPS      87 | Reward  -0.28 | Clip 0.101 | KL 0.4142 | V_loss 0.0043 | LR 0.000300 | BC 4.3379
Episode 10942 | Steps  2,840,911 | SPS      87 | Reward  -0.26 | Clip 0.100 | KL 0.3464 | V_loss 0.0042 | LR 0.000300 | BC 4.2398
Episode 10950 | Steps  2,843,141 | SPS      87 | Reward  -0.28 | Clip 0.100 | KL 0.1656 | V_loss 0.0033 | LR 0.000300 | BC 4.8660
Episode 10958 | Steps  2,845,355 | SPS      87 | Reward  -0.28 | Clip 0.099 | KL 0.2459 | V_loss 0.0041 | LR 0.000300 | BC 4.2555
Episode 10966 | Steps  2,847,563 | SPS      87 | Reward  -0.26 | Clip 0.100 | KL 0.2557 | V_loss 0.0033 | LR 0.000300 | BC 4.2412
Episode 10974 | Steps  2,849,807 | SPS      87 | Reward  -0.28 | Clip 0.100 | KL 0.2737 | V_loss 0.0046 | LR 0.000300 | BC 4.4440
Episode 10980 | Steps  2,851,876 | SPS      87 | Reward  -0.30 | Clip 0.100 | KL 0.2735 | V_loss 0.0047 | LR 0.000300 | BC 4.8807
Episode 10988 | Steps  2,854,104 | SPS      87 | Reward  -0.32 | Clip 0.100 | KL 0.1982 | V_loss 0.0034 | LR 0.000300 | BC 4.1770
Episode 10994 | Steps  2,856,209 | SPS      87 | Reward  -0.34 | Clip 0.099 | KL 0.3362 | V_loss 0.0053 | LR 0.000300 | BC 4.5181
Episode 11003 | Steps  2,858,343 | SPS      87 | Reward  -0.42 | Clip 0.099 | KL 0.1578 | V_loss 0.0029 | LR 0.000300 | BC 4.3047
Episode 11011 | Steps  2,860,523 | SPS      87 | Reward  -0.40 | Clip 0.099 | KL 0.2447 | V_loss 0.0037 | LR 0.000300 | BC 4.1973
Episode 11019 | Steps  2,862,711 | SPS      87 | Reward  -0.42 | Clip 0.100 | KL 0.3393 | V_loss 0.0032 | LR 0.000300 | BC 4.8855
Episode 11026 | Steps  2,864,772 | SPS      87 | Reward  -0.42 | Clip 0.099 | KL 0.3597 | V_loss 0.0033 | LR 0.000300 | BC 4.0853
Episode 11035 | Steps  2,866,867 | SPS      87 | Reward  -0.46 | Clip 0.099 | KL 0.1986 | V_loss 0.0021 | LR 0.000300 | BC 4.2381
Episode 11044 | Steps  2,869,260 | SPS      87 | Reward  -0.52 | Clip 0.098 | KL 0.3250 | V_loss 0.0033 | LR 0.000300 | BC 4.5599
Episode 11050 | Steps  2,871,670 | SPS      87 | Reward  -0.44 | Clip 0.099 | KL 0.3386 | V_loss 0.0042 | LR 0.000300 | BC 4.1695
Episode 11061 | Steps  2,873,905 | SPS      87 | Reward  -0.48 | Clip 0.098 | KL 0.0667 | V_loss 0.0023 | LR 0.000300 | BC 4.7286
Episode 11070 | Steps  2,876,345 | SPS      87 | Reward  -0.50 | Clip 0.098 | KL 0.2259 | V_loss 0.0033 | LR 0.000300 | BC 4.2146
Episode 11079 | Steps  2,878,458 | SPS      87 | Reward  -0.54 | Clip 0.098 | KL 0.1632 | V_loss 0.0031 | LR 0.000300 | BC 4.7562
Episode 11087 | Steps  2,880,655 | SPS      87 | Reward  -0.54 | Clip 0.097 | KL 0.2764 | V_loss 0.0033 | LR 0.000300 | BC 4.2322
Episode 11095 | Steps  2,882,875 | SPS      87 | Reward  -0.58 | Clip 0.097 | KL 0.2161 | V_loss 0.0030 | LR 0.000300 | BC 4.1161
Episode 11103 | Steps  2,885,107 | SPS      87 | Reward  -0.56 | Clip 0.096 | KL 0.2101 | V_loss 0.0039 | LR 0.000300 | BC 4.3154
Episode 11109 | Steps  2,887,219 | SPS      87 | Reward  -0.54 | Clip 0.096 | KL 0.3630 | V_loss 0.0037 | LR 0.000300 | BC 4.1949
Episode 11118 | Steps  2,889,298 | SPS      87 | Reward  -0.56 | Clip 0.096 | KL 0.1500 | V_loss 0.0022 | LR 0.000300 | BC 4.5608
Episode 11126 | Steps  2,891,512 | SPS      87 | Reward  -0.56 | Clip 0.096 | KL 0.2710 | V_loss 0.0030 | LR 0.000300 | BC 4.3735
Episode 11134 | Steps  2,893,705 | SPS      87 | Reward  -0.54 | Clip 0.096 | KL 0.2290 | V_loss 0.0038 | LR 0.000300 | BC 4.6185
Episode 11140 | Steps  2,896,125 | SPS      87 | Reward  -0.46 | Clip 0.096 | KL 0.4302 | V_loss 0.0044 | LR 0.000300 | BC 4.4278
Episode 11148 | Steps  2,898,307 | SPS      87 | Reward  -0.50 | Clip 0.096 | KL 0.3943 | V_loss 0.0039 | LR 0.000300 | BC 4.1881
Episode 11157 | Steps  2,900,448 | SPS      87 | Reward  -0.52 | Clip 0.095 | KL 0.1585 | V_loss 0.0031 | LR 0.000300 | BC 4.3635
Episode 11163 | Steps  2,902,541 | SPS      87 | Reward  -0.46 | Clip 0.096 | KL 0.3504 | V_loss 0.0034 | LR 0.000300 | BC 4.1221
Episode 11172 | Steps  2,905,001 | SPS      87 | Reward  -0.46 | Clip 0.095 | KL 0.2375 | V_loss 0.0025 | LR 0.000300 | BC 4.5836
Episode 11181 | Steps  2,907,093 | SPS      87 | Reward  -0.46 | Clip 0.095 | KL 0.1911 | V_loss 0.0024 | LR 0.000300 | BC 4.3193
Episode 11189 | Steps  2,909,310 | SPS      87 | Reward  -0.46 | Clip 0.095 | KL 0.2664 | V_loss 0.0038 | LR 0.000300 | BC 4.0233
Episode 11196 | Steps  2,911,622 | SPS      87 | Reward  -0.44 | Clip 0.094 | KL 0.3284 | V_loss 0.0049 | LR 0.000300 | BC 4.3229
Episode 11205 | Steps  2,913,727 | SPS      87 | Reward  -0.48 | Clip 0.094 | KL 0.2238 | V_loss 0.0020 | LR 0.000300 | BC 4.1526
Episode 11213 | Steps  2,915,917 | SPS      87 | Reward  -0.48 | Clip 0.093 | KL 0.2771 | V_loss 0.0031 | LR 0.000300 | BC 4.1412
Episode 11221 | Steps  2,918,108 | SPS      87 | Reward  -0.48 | Clip 0.093 | KL 0.2583 | V_loss 0.0026 | LR 0.000300 | BC 4.2539
Episode 11230 | Steps  2,920,457 | SPS      87 | Reward  -0.48 | Clip 0.093 | KL 0.2059 | V_loss 0.0028 | LR 0.000300 | BC 4.0339
Episode 11238 | Steps  2,922,640 | SPS      87 | Reward  -0.52 | Clip 0.093 | KL 0.1709 | V_loss 0.0053 | LR 0.000300 | BC 4.7451
Episode 11247 | Steps  2,924,725 | SPS      87 | Reward  -0.56 | Clip 0.093 | KL 0.1653 | V_loss 0.0022 | LR 0.000300 | BC 4.4322
Episode 11254 | Steps  2,927,008 | SPS      87 | Reward  -0.50 | Clip 0.092 | KL 0.3227 | V_loss 0.0039 | LR 0.000300 | BC 4.0327
Episode 11263 | Steps  2,929,435 | SPS      87 | Reward  -0.54 | Clip 0.091 | KL 0.2221 | V_loss 0.0054 | LR 0.000300 | BC 4.3821
Episode 11271 | Steps  2,931,891 | SPS      87 | Reward  -0.50 | Clip 0.091 | KL 0.2487 | V_loss 0.0040 | LR 0.000300 | BC 3.8550
Episode 11279 | Steps  2,934,072 | SPS      87 | Reward  -0.50 | Clip 0.091 | KL 0.3701 | V_loss 0.0044 | LR 0.000300 | BC 4.5403
Episode 11285 | Steps  2,936,161 | SPS      87 | Reward  -0.48 | Clip 0.091 | KL 0.5520 | V_loss 0.0036 | LR 0.000300 | BC 4.5677
Episode 11293 | Steps  2,938,324 | SPS      87 | Reward  -0.46 | Clip 0.091 | KL 0.2215 | V_loss 0.0029 | LR 0.000300 | BC 4.1856
Episode 11302 | Steps  2,940,667 | SPS      87 | Reward  -0.46 | Clip 0.091 | KL 0.2900 | V_loss 0.0022 | LR 0.000300 | BC 4.1275
Episode 11310 | Steps  2,942,815 | SPS      87 | Reward  -0.48 | Clip 0.092 | KL 0.2845 | V_loss 0.0029 | LR 0.000300 | BC 4.5701
Episode 11321 | Steps  2,945,301 | SPS      87 | Reward  -0.50 | Clip 0.092 | KL 0.1988 | V_loss 0.0020 | LR 0.000300 | BC 4.7349
Episode 11329 | Steps  2,947,465 | SPS      87 | Reward  -0.48 | Clip 0.092 | KL 0.3163 | V_loss 0.0033 | LR 0.000300 | BC 4.1112
Episode 11335 | Steps  2,949,578 | SPS      87 | Reward  -0.48 | Clip 0.091 | KL 0.3877 | V_loss 0.0037 | LR 0.000300 | BC 4.1502
Episode 11343 | Steps  2,951,756 | SPS      87 | Reward  -0.44 | Clip 0.091 | KL 0.2567 | V_loss 0.0032 | LR 0.000300 | BC 4.1641
Episode 11351 | Steps  2,953,879 | SPS      87 | Reward  -0.44 | Clip 0.091 | KL 0.4577 | V_loss 0.0030 | LR 0.000300 | BC 4.7153
Episode 11357 | Steps  2,955,966 | SPS      87 | Reward  -0.42 | Clip 0.091 | KL 0.4361 | V_loss 0.0036 | LR 0.000300 | BC 4.2682
Episode 11364 | Steps  2,958,231 | SPS      87 | Reward  -0.40 | Clip 0.090 | KL 0.1722 | V_loss 0.0037 | LR 0.000300 | BC 4.4612
Episode 11372 | Steps  2,960,698 | SPS      87 | Reward  -0.40 | Clip 0.091 | KL 0.2630 | V_loss 0.0029 | LR 0.000300 | BC 4.2899
Episode 11379 | Steps  2,962,979 | SPS      87 | Reward  -0.38 | Clip 0.091 | KL 0.4026 | V_loss 0.0029 | LR 0.000300 | BC 4.7289
Episode 11387 | Steps  2,965,444 | SPS      87 | Reward  -0.38 | Clip 0.091 | KL 0.3895 | V_loss 0.0029 | LR 0.000300 | BC 4.1633
Episode 11395 | Steps  2,967,570 | SPS      87 | Reward  -0.40 | Clip 0.091 | KL 0.3857 | V_loss 0.0026 | LR 0.000300 | BC 4.6685
Episode 11403 | Steps  2,969,732 | SPS      87 | Reward  -0.38 | Clip 0.091 | KL 0.3448 | V_loss 0.0030 | LR 0.000300 | BC 4.2531
Episode 11411 | Steps  2,971,894 | SPS      87 | Reward  -0.38 | Clip 0.091 | KL 0.2892 | V_loss 0.0028 | LR 0.000300 | BC 4.1636
Episode 11421 | Steps  2,974,090 | SPS      87 | Reward  -0.38 | Clip 0.092 | KL 0.3360 | V_loss 0.0023 | LR 0.000300 | BC 4.5637
Episode 11432 | Steps  2,976,538 | SPS      87 | Reward  -0.42 | Clip 0.091 | KL 0.1357 | V_loss 0.0033 | LR 0.000300 | BC 4.6077
Episode 11443 | Steps  2,978,976 | SPS      87 | Reward  -0.48 | Clip 0.091 | KL 0.2010 | V_loss 0.0023 | LR 0.000300 | BC 4.0401
Episode 11449 | Steps  2,981,037 | SPS      87 | Reward  -0.46 | Clip 0.090 | KL 0.4269 | V_loss 0.0033 | LR 0.000300 | BC 4.7541
Episode 11455 | Steps  2,983,101 | SPS      87 | Reward  -0.44 | Clip 0.090 | KL 0.2724 | V_loss 0.0037 | LR 0.000300 | BC 4.5969
Episode 11462 | Steps  2,985,340 | SPS      87 | Reward  -0.44 | Clip 0.089 | KL 0.3417 | V_loss 0.0034 | LR 0.000300 | BC 4.2330
Episode 11471 | Steps  2,987,675 | SPS      87 | Reward  -0.46 | Clip 0.089 | KL 0.1996 | V_loss 0.0039 | LR 0.000300 | BC 4.3326
Episode 11482 | Steps  2,990,100 | SPS      87 | Reward  -0.52 | Clip 0.089 | KL 0.2048 | V_loss 0.0027 | LR 0.000300 | BC 4.7327
Episode 11491 | Steps  2,992,170 | SPS      88 | Reward  -0.58 | Clip 0.090 | KL 0.1733 | V_loss 0.0021 | LR 0.000300 | BC 4.6749
Episode 11499 | Steps  2,994,315 | SPS      88 | Reward  -0.56 | Clip 0.090 | KL 0.2875 | V_loss 0.0027 | LR 0.000300 | BC 3.9318
Episode 11509 | Steps  2,996,842 | SPS      88 | Reward  -0.60 | Clip 0.090 | KL 0.2701 | V_loss 0.0034 | LR 0.000300 | BC 4.7964
Episode 11518 | Steps  2,998,913 | SPS      88 | Reward  -0.60 | Clip 0.091 | KL 0.1409 | V_loss 0.0020 | LR 0.000300 | BC 4.2413
Episode 11528 | Steps  3,001,453 | SPS      88 | Reward  -0.56 | Clip 0.091 | KL 0.3558 | V_loss 0.0037 | LR 0.000300 | BC 4.7933
Checkpoint saved at checkpoints/step_3001453

Training complete! Total steps: 3,001,453
